record_id,record_uuid,dog_id,source_dataset,ingestion_cohort,sample_date,date_receipt,date_result,source_relative_path,original_filename,batch_folder,page_number,clinic,raw_location_text,city,province,latitude,longitude,location_source,location_confidence,breed,gender,age_years,metadata_version
db5030742bc044ef3dcc2b70b038b719,db5030742bc044ef3dcc2b70b038b719,30c8201b098ee5c7ef91,IDEXX,baseline_historico,2025-12-03,12/3/25,12/3/25,Sin Limpieza/batch_1.pdf,batch_1.pdf,.,1.0,BOCA SERVICIOS VETERINARIOS,BOCA SERVICIOS VETERINARIOS,,,18.45,-69.6,manual_override,0.6,"Canine, Other",Male,,1.0.0
f29b62b2db8cc615d08c6d5b86743849,f29b62b2db8cc615d08c6d5b86743849,ac7f74a4a55a4c123719,IDEXX,baseline_historico,2025-12-03,12/3/25,12/3/25,Sin Limpieza/batch_1.pdf,batch_1.pdf,.,3.0,BOCA SERVICIOS VETERINARIOS,BOCA SERVICIOS VETERINARIOS,,,18.45,-69.6,manual_override,0.6,German Shepherd,Male,1.0,1.0.0
ea3ae8f4babbb2b8385898325a0b2448,ea3ae8f4babbb2b8385898325a0b2448,f958bc0eb53b64eecbac,IDEXX,baseline_historico,2025-12-03,12/3/25,12/3/25,Sin Limpieza/batch_1.pdf,batch_1.pdf,.,5.0,BOCA SERVICIOS VETERINARIOS,BOCA SERVICIOS VETERINARIOS,,,18.45,-69.6,manual_override,0.6,Siberian Husky,Male,,1.0.0
2755f6e24e27155bf1f8f9a664745c0b,2755f6e24e27155bf1f8f9a664745c0b,f958bc0eb53b64eecbac,IDEXX,baseline_historico,2025-12-02,12/2/25,12/2/25,Sin Limpieza/batch_1.pdf,batch_1.pdf,.,7.0,BOCA SERVICIOS VETERINARIOS,BOCA SERVICIOS VETERINARIOS,,,18.45,-69.6,manual_override,0.6,Siberian Husky,Male,,1.0.0
24130a6b4facd1e80fca2244f21d8fdc,24130a6b4facd1e80fca2244f21d8fdc,845ad11d8fa46d1ec0f1,IDEXX,baseline_historico,2025-12-02,12/2/25,12/2/25,Sin Limpieza/batch_1.pdf,batch_1.pdf,.,9.0,BOCA SERVICIOS VETERINARIOS,BOCA SERVICIOS VETERINARIOS,,,18.45,-69.6,manual_override,0.6,American Staffordshire Terrier,Male,,1.0.0
bc676b14f98e3095c31a46508f093f67,bc676b14f98e3095c31a46508f093f67,47ab60aeb4fd1e0ea1d8,IDEXX,baseline_historico,2025-12-01,12/1/25,12/1/25,Sin Limpieza/batch_1.pdf,batch_1.pdf,.,13.0,BOCA SERVICIOS VETERINARIOS,BOCA SERVICIOS VETERINARIOS,,,18.45,-69.6,manual_override,0.6,"Cocker Spaniel, American",Female,,1.0.0
2ada3791fafb75e1eb0057182b29660f,2ada3791fafb75e1eb0057182b29660f,ac7f74a4a55a4c123719,IDEXX,baseline_historico,2025-12-01,12/1/25,12/1/25,Sin Limpieza/batch_1.pdf,batch_1.pdf,.,15.0,BOCA SERVICIOS VETERINARIOS,BOCA SERVICIOS VETERINARIOS,,,18.45,-69.6,manual_override,0.6,German Shepherd,Male,1.0,1.0.0
1849bd68b3f1e6a6d697f3d96f8720b3,1849bd68b3f1e6a6d697f3d96f8720b3,95286fe18838e419e9e1,IDEXX,baseline_historico,2025-12-01,12/1/25,12/1/25,Sin Limpieza/batch_1.pdf,batch_1.pdf,.,17.0,BOCA SERVICIOS VETERINARIOS,BOCA SERVICIOS VETERINARIOS,,,18.45,-69.6,manual_override,0.6,"Canine, Mixed Breed",Male,6.0,1.0.0
8ee1292535bdb1b637337dc88e345ef2,8ee1292535bdb1b637337dc88e345ef2,d02d5c7f5e1eb9402c9e,IDEXX,baseline_historico,2025-12-01,12/1/25,12/1/25,Sin Limpieza/batch_1.pdf,batch_1.pdf,.,19.0,BOCA SERVICIOS VETERINARIOS,BOCA SERVICIOS VETERINARIOS,,,18.45,-69.6,manual_override,0.6,Golden Retriever,Male,,1.0.0
b66d4e6d1e9aeb7a5a47b525466bb0cb,b66d4e6d1e9aeb7a5a47b525466bb0cb,c38a5289d50195ca3abf,IDEXX,baseline_historico,2025-11-21,11/21/25,11/21/25,Sin Limpieza/batch_10.pdf,batch_10.pdf,.,1.0,BOCA SERVICIOS VETERINARIOS,BOCA SERVICIOS VETERINARIOS,,,18.45,-69.6,manual_override,0.6,Belgian Sheepdog,Male,0.5,1.0.0
a8b584d4dcd78d44b190637e14d9ffb9,a8b584d4dcd78d44b190637e14d9ffb9,6f428d84347c076acd3b,IDEXX,baseline_historico,2025-11-20,11/20/25,11/20/25,Sin Limpieza/batch_10.pdf,batch_10.pdf,.,3.0,BOCA SERVICIOS VETERINARIOS,BOCA SERVICIOS VETERINARIOS,,,18.45,-69.6,manual_override,0.6,Pug,Male,9.0,1.0.0
77237b80b1db7e8ddde1d9d34391ef11,77237b80b1db7e8ddde1d9d34391ef11,2468b45ec3349c13ae77,IDEXX,baseline_historico,2025-11-20,11/20/25,11/20/25,Sin Limpieza/batch_10.pdf,batch_10.pdf,.,5.0,BOCA SERVICIOS VETERINARIOS,BOCA SERVICIOS VETERINARIOS,,,18.45,-69.6,manual_override,0.6,"Canine, Mixed Breed",Male,,1.0.0
f8e59b1c0e4eb5c08e46c9739075009d,f8e59b1c0e4eb5c08e46c9739075009d,e7f996e720e055f2e59e,IDEXX,baseline_historico,2025-11-20,11/20/25,11/20/25,Sin Limpieza/batch_10.pdf,batch_10.pdf,.,7.0,BOCA SERVICIOS VETERINARIOS,BOCA SERVICIOS VETERINARIOS,,,18.45,-69.6,manual_override,0.6,Chihuahua,Female,,1.0.0
45d61c5a5045bbc929c7edd2e7bcc645,45d61c5a5045bbc929c7edd2e7bcc645,148b1d948e8af5b0a43e,IDEXX,baseline_historico,2025-11-19,11/19/25,11/19/25,Sin Limpieza/batch_10.pdf,batch_10.pdf,.,9.0,BOCA SERVICIOS VETERINARIOS,BOCA SERVICIOS VETERINARIOS,,,18.45,-69.6,manual_override,0.6,"Canine, Other",Male,,1.0.0
e97370c77f00b69bf990360ff34ea03d,e97370c77f00b69bf990360ff34ea03d,65c910e1e1d04fc2de0a,IDEXX,baseline_historico,2025-11-19,11/19/25,11/19/25,Sin Limpieza/batch_10.pdf,batch_10.pdf,.,11.0,BOCA SERVICIOS VETERINARIOS,BOCA SERVICIOS VETERINARIOS,,,18.45,-69.6,manual_override,0.6,Siberian Husky,Male,0.5,1.0.0
fd42503dd960e6f6c9579dbe34df0db2,fd42503dd960e6f6c9579dbe34df0db2,4b73e74c9087ef7375de,IDEXX,baseline_historico,2025-11-19,11/19/25,11/19/25,Sin Limpieza/batch_10.pdf,batch_10.pdf,.,13.0,BOCA SERVICIOS VETERINARIOS,BOCA SERVICIOS VETERINARIOS,,,18.45,-69.6,manual_override,0.6,"Canine, Other",Male,8.0,1.0.0
8bb5194e53cec4823390d2b4894e48e3,8bb5194e53cec4823390d2b4894e48e3,f9da0cb97e58d334b39d,IDEXX,baseline_historico,2025-11-19,11/19/25,11/19/25,Sin Limpieza/batch_10.pdf,batch_10.pdf,.,15.0,BOCA SERVICIOS VETERINARIOS,BOCA SERVICIOS VETERINARIOS,,,18.45,-69.6,manual_override,0.6,Bull Terrier,Female,,1.0.0
f1a19a0062c499404c332f3c04d19dc9,f1a19a0062c499404c332f3c04d19dc9,4e56607042ced007e368,IDEXX,baseline_historico,2025-11-19,11/19/25,11/19/25,Sin Limpieza/batch_10.pdf,batch_10.pdf,.,17.0,BOCA SERVICIOS VETERINARIOS,BOCA SERVICIOS VETERINARIOS,,,18.45,-69.6,manual_override,0.6,Pointer,Male,1.0,1.0.0
50a394acf4e5e17460a80b7736516eb2,50a394acf4e5e17460a80b7736516eb2,e8db2ced150968a2a783,IDEXX,baseline_historico,2025-11-19,11/19/25,11/19/25,Sin Limpieza/batch_10.pdf,batch_10.pdf,.,19.0,BOCA SERVICIOS VETERINARIOS,BOCA SERVICIOS VETERINARIOS,,,18.45,-69.6,manual_override,0.6,"Canine, Other",Male,0.58,1.0.0
b4997d60f60c0b5ca3f8f1ccc6460931,b4997d60f60c0b5ca3f8f1ccc6460931,d598db3adb6b524b6fbb,IDEXX,baseline_historico,2025-06-04,6/4/25,6/4/25,Sin Limpieza/batch_100.pdf,batch_100.pdf,.,1.0,BOCA SERVICIOS VETERINARIOS,BOCA SERVICIOS VETERINARIOS,,,18.45,-69.6,manual_override,0.6,Bulldog,Male,,1.0.0
ef42c59c5cdb1e14c08b30147dd630b6,ef42c59c5cdb1e14c08b30147dd630b6,5d37c0aa7b1f0d6a3126,IDEXX,baseline_historico,2025-06-03,6/3/25,6/3/25,Sin Limpieza/batch_100.pdf,batch_100.pdf,.,3.0,BOCA SERVICIOS VETERINARIOS,BOCA SERVICIOS VETERINARIOS,,,18.45,-69.6,manual_override,0.6,Chihuahua,Female,10.0,1.0.0
138a11fea11c33c36602f832bd83ccb9,138a11fea11c33c36602f832bd83ccb9,09c6b41ac352ffc4f691,IDEXX,baseline_historico,2025-06-03,6/3/25,6/3/25,Sin Limpieza/batch_100.pdf,batch_100.pdf,.,5.0,BOCA SERVICIOS VETERINARIOS,BOCA SERVICIOS VETERINARIOS,,,18.45,-69.6,manual_override,0.6,Poodle,Female,,1.0.0
a3fc7e25d3981a940ac64d40c7d559e2,a3fc7e25d3981a940ac64d40c7d559e2,2cfc1a1efed5b31be2ae,IDEXX,baseline_historico,2025-06-03,6/3/25,6/3/25,Sin Limpieza/batch_100.pdf,batch_100.pdf,.,7.0,BOCA SERVICIOS VETERINARIOS,BOCA SERVICIOS VETERINARIOS,,,18.45,-69.6,manual_override,0.6,"Cocker Spaniel, American",Male,4.0,1.0.0
10aed643132432ed3357b079e332c29d,10aed643132432ed3357b079e332c29d,e09e75c745a3c8dd7cf0,IDEXX,baseline_historico,2025-06-03,6/3/25,6/3/25,Sin Limpieza/batch_100.pdf,batch_100.pdf,.,9.0,BOCA SERVICIOS VETERINARIOS,BOCA SERVICIOS VETERINARIOS,,,18.45,-69.6,manual_override,0.6,Shih Tzu,Female,,1.0.0
5340f11b6af346480504226f5b31577d,5340f11b6af346480504226f5b31577d,b49a77da118c683b1268,IDEXX,baseline_historico,2025-06-03,6/3/25,6/3/25,Sin Limpieza/batch_100.pdf,batch_100.pdf,.,11.0,BOCA SERVICIOS VETERINARIOS,BOCA SERVICIOS VETERINARIOS,,,18.45,-69.6,manual_override,0.6,"Cocker Spaniel, American",Male,2.0,1.0.0
0fd8e4b7b6cb6b4d3a7691527843dad8,0fd8e4b7b6cb6b4d3a7691527843dad8,32c45ed19a0fdf45dc07,IDEXX,baseline_historico,2025-06-03,6/3/25,6/3/25,Sin Limpieza/batch_100.pdf,batch_100.pdf,.,17.0,BOCA SERVICIOS VETERINARIOS,BOCA SERVICIOS VETERINARIOS,,,18.45,-69.6,manual_override,0.6,"santo domingo, do 0000 DATE OF RECEIPT: 6/3/25",Female,1.0,1.0.0
752a0de909b2ccc96b1d26c2183433cf,752a0de909b2ccc96b1d26c2183433cf,7cfd667816bfaf23b83e,IDEXX,baseline_historico,2025-06-03,6/3/25,6/3/25,Sin Limpieza/batch_100.pdf,batch_100.pdf,.,19.0,BOCA SERVICIOS VETERINARIOS,BOCA SERVICIOS VETERINARIOS,,,18.45,-69.6,manual_override,0.6,"Canine, Other",Male,8.0,1.0.0
1946167a726b1d7e37e3476b89cbc09c,1946167a726b1d7e37e3476b89cbc09c,e64a4602d3dfd988b57e,IDEXX,baseline_historico,2025-06-10,6/10/25,6/10/25,Sin Limpieza/batch_101.pdf,batch_101.pdf,.,1.0,BOCA SERVICIOS VETERINARIOS,BOCA SERVICIOS VETERINARIOS,,,18.45,-69.6,manual_override,0.6,French Bulldog,Male,,1.0.0
cba15dd285b4de3da27d7e45d120bce0,cba15dd285b4de3da27d7e45d120bce0,c92d3fac5963028989f6,IDEXX,baseline_historico,2025-06-10,6/10/25,6/10/25,Sin Limpieza/batch_101.pdf,batch_101.pdf,.,3.0,BOCA SERVICIOS VETERINARIOS,BOCA SERVICIOS VETERINARIOS,,,18.45,-69.6,manual_override,0.6,"Canine, Mixed Breed",Female,,1.0.0
f1ef25222d8c4050f1711422e69809a9,f1ef25222d8c4050f1711422e69809a9,9aa5c478a105656c2270,IDEXX,baseline_historico,2025-06-10,6/10/25,6/10/25,Sin Limpieza/batch_101.pdf,batch_101.pdf,.,5.0,BOCA SERVICIOS VETERINARIOS,BOCA SERVICIOS VETERINARIOS,,,18.45,-69.6,manual_override,0.6,"Canine, Mixed Breed",Female,,1.0.0
54c25cc022b6f29ffc79610c384a8bc1,54c25cc022b6f29ffc79610c384a8bc1,d3096e8c316339c635d2,IDEXX,baseline_historico,2025-06-10,6/10/25,6/10/25,Sin Limpieza/batch_101.pdf,batch_101.pdf,.,7.0,BOCA SERVICIOS VETERINARIOS,BOCA SERVICIOS VETERINARIOS,,,18.45,-69.6,manual_override,0.6,"Canine, Mixed Breed",Female,,1.0.0
2e10159010f9a85765a1c99638eb6c16,2e10159010f9a85765a1c99638eb6c16,45fdafb648f4fb3a13d0,IDEXX,baseline_historico,2025-06-09,6/9/25,6/9/25,Sin Limpieza/batch_101.pdf,batch_101.pdf,.,9.0,BOCA SERVICIOS VETERINARIOS,BOCA SERVICIOS VETERINARIOS,,,18.45,-69.6,manual_override,0.6,Poodle,Male,6.0,1.0.0
bef55d983ebe34fd025fc4d06ff40b1d,bef55d983ebe34fd025fc4d06ff40b1d,9937d0ddc0e6646f4953,IDEXX,baseline_historico,2025-06-09,6/9/25,6/9/25,Sin Limpieza/batch_101.pdf,batch_101.pdf,.,11.0,BOCA SERVICIOS VETERINARIOS,BOCA SERVICIOS VETERINARIOS,,,18.45,-69.6,manual_override,0.6,"Canine, Mixed Breed",,1.0,1.0.0
4ceef227734923998da2d632620fdf42,4ceef227734923998da2d632620fdf42,018a79bfd2a1e04d5c1e,IDEXX,baseline_historico,2025-06-09,6/9/25,6/9/25,Sin Limpieza/batch_101.pdf,batch_101.pdf,.,13.0,BOCA SERVICIOS VETERINARIOS,BOCA SERVICIOS VETERINARIOS,,,18.45,-69.6,manual_override,0.6,"Canine, Other",Female,,1.0.0
753172a0333b6becf31944cef7fb234f,753172a0333b6becf31944cef7fb234f,1bccc89262a2b9e96d4a,IDEXX,baseline_historico,2025-06-08,6/8/25,6/8/25,Sin Limpieza/batch_101.pdf,batch_101.pdf,.,15.0,BOCA SERVICIOS VETERINARIOS,BOCA SERVICIOS VETERINARIOS,,,18.45,-69.6,manual_override,0.6,Belgian Sheepdog,Male,11.0,1.0.0
f26770ae797cc033a08780614fad87e5,f26770ae797cc033a08780614fad87e5,96a2df316cf7a8636192,IDEXX,baseline_historico,2025-06-08,6/8/25,6/8/25,Sin Limpieza/batch_101.pdf,batch_101.pdf,.,17.0,BOCA SERVICIOS VETERINARIOS,BOCA SERVICIOS VETERINARIOS,,,18.45,-69.6,manual_override,0.6,Labrador Retriever,Male,,1.0.0
8b2e5c4de4ea8e6442dafaa8cfa8e915,8b2e5c4de4ea8e6442dafaa8cfa8e915,84fff557e6c4e9f99ee8,IDEXX,baseline_historico,2025-06-07,6/7/25,6/7/25,Sin Limpieza/batch_101.pdf,batch_101.pdf,.,19.0,BOCA SERVICIOS VETERINARIOS,BOCA SERVICIOS VETERINARIOS,,,18.45,-69.6,manual_override,0.6,"Canine, Mixed Breed",Male,,1.0.0
ac1bf3623db53b3b4946af0d7dfade5a,ac1bf3623db53b3b4946af0d7dfade5a,c77c732fce2a96c1c812,IDEXX,baseline_historico,2025-05-15,5/15/25,5/15/25,Sin Limpieza/batch_102.pdf,batch_102.pdf,.,1.0,BOCA SERVICIOS VETERINARIOS,BOCA SERVICIOS VETERINARIOS,,,18.45,-69.6,manual_override,0.6,Yorkshire Terrier,Male,7.0,1.0.0
9bde729193952cc54535bf254de4033f,9bde729193952cc54535bf254de4033f,d573f78e75a5b9c0ebed,IDEXX,baseline_historico,2025-04-14,4/14/25,4/14/25,Sin Limpieza/batch_102.pdf,batch_102.pdf,.,3.0,BOCA SERVICIOS VETERINARIOS,BOCA SERVICIOS VETERINARIOS,,,18.45,-69.6,manual_override,0.6,Siberian Husky,Female,2.0,1.0.0
ffc2f1c1604f30db9e7b7a2d9dd01144,ffc2f1c1604f30db9e7b7a2d9dd01144,eb7e811ece3ee28279a0,IDEXX,baseline_historico,2025-04-14,4/14/25,4/14/25,Sin Limpieza/batch_102.pdf,batch_102.pdf,.,5.0,BOCA SERVICIOS VETERINARIOS,BOCA SERVICIOS VETERINARIOS,,,18.45,-69.6,manual_override,0.6,German Shepherd,Female,7.0,1.0.0
c5d6a5ac441e36a06521d87092e28b28,c5d6a5ac441e36a06521d87092e28b28,2823a23447367804d434,IDEXX,baseline_historico,2025-04-13,4/13/25,4/13/25,Sin Limpieza/batch_102.pdf,batch_102.pdf,.,7.0,BOCA SERVICIOS VETERINARIOS,BOCA SERVICIOS VETERINARIOS,,,18.45,-69.6,manual_override,0.6,Dachshund,Female,10.0,1.0.0
06d991f2d4d9179540d3698315fbc451,06d991f2d4d9179540d3698315fbc451,e020975091c44c76b44b,IDEXX,baseline_historico,2025-04-12,4/12/25,4/12/25,Sin Limpieza/batch_102.pdf,batch_102.pdf,.,9.0,BOCA SERVICIOS VETERINARIOS,BOCA SERVICIOS VETERINARIOS,,,18.45,-69.6,manual_override,0.6,Bulldog,Male,1.0,1.0.0
aeb5536716b133245e1e711255190897,aeb5536716b133245e1e711255190897,5ab09b380214a38a2273,IDEXX,baseline_historico,2025-04-12,4/12/25,4/12/25,Sin Limpieza/batch_102.pdf,batch_102.pdf,.,11.0,BOCA SERVICIOS VETERINARIOS,BOCA SERVICIOS VETERINARIOS,,,18.45,-69.6,manual_override,0.6,"Canine, Mixed Breed",Female,3.0,1.0.0
79a4248c0c942094aff7df36b241b2d0,79a4248c0c942094aff7df36b241b2d0,e4f6849e8fbcf2ef6cf0,IDEXX,baseline_historico,2025-04-11,4/11/25,4/11/25,Sin Limpieza/batch_102.pdf,batch_102.pdf,.,13.0,BOCA SERVICIOS VETERINARIOS,BOCA SERVICIOS VETERINARIOS,,,18.45,-69.6,manual_override,0.6,Golden Retriever,Male,5.0,1.0.0
bb990c35761c0f5bb17e1c65aa3d2e12,bb990c35761c0f5bb17e1c65aa3d2e12,2fce19b85704a9ce2ae0,IDEXX,baseline_historico,2025-04-10,4/10/25,4/10/25,Sin Limpieza/batch_102.pdf,batch_102.pdf,.,15.0,BOCA SERVICIOS VETERINARIOS,BOCA SERVICIOS VETERINARIOS,,,18.45,-69.6,manual_override,0.6,Bulldog,Female,,1.0.0
58a1ac7e1fc7a97494a1ae6bc53eb138,58a1ac7e1fc7a97494a1ae6bc53eb138,e3f2103d3527ff1e3337,IDEXX,baseline_historico,2025-04-10,4/10/25,4/10/25,Sin Limpieza/batch_102.pdf,batch_102.pdf,.,17.0,BOCA SERVICIOS VETERINARIOS,BOCA SERVICIOS VETERINARIOS,,,18.45,-69.6,manual_override,0.6,French Bulldog,Male,,1.0.0
0e48907e8bb1c2b18f9fc2e5263f1b9f,0e48907e8bb1c2b18f9fc2e5263f1b9f,2823a23447367804d434,IDEXX,baseline_historico,2025-04-10,4/10/25,4/10/25,Sin Limpieza/batch_102.pdf,batch_102.pdf,.,19.0,BOCA SERVICIOS VETERINARIOS,BOCA SERVICIOS VETERINARIOS,,,18.45,-69.6,manual_override,0.6,Dachshund,Female,10.0,1.0.0
fa58f553eb6dd4fd97f7a3755c2b9687,fa58f553eb6dd4fd97f7a3755c2b9687,eba22502df60194ffe95,IDEXX,baseline_historico,2025-04-15,4/15/25,4/15/25,Sin Limpieza/batch_103.pdf,batch_103.pdf,.,1.0,BOCA SERVICIOS VETERINARIOS,BOCA SERVICIOS VETERINARIOS,,,18.45,-69.6,manual_override,0.6,"Canine, Mixed Breed",,2.0,1.0.0
61c607f9170a199983b9913cf1e1e77e,61c607f9170a199983b9913cf1e1e77e,51ee6fad6738992a4ff3,IDEXX,baseline_historico,2025-04-15,4/15/25,4/15/25,Sin Limpieza/batch_103.pdf,batch_103.pdf,.,3.0,BOCA SERVICIOS VETERINARIOS,BOCA SERVICIOS VETERINARIOS,,,18.45,-69.6,manual_override,0.6,Yorkshire Terrier,Female,,1.0.0
095b2b3747ce65e275cb0a56d14df7bb,095b2b3747ce65e275cb0a56d14df7bb,8dfc03997767495f9bc7,IDEXX,baseline_historico,2025-04-15,4/15/25,4/15/25,Sin Limpieza/batch_103.pdf,batch_103.pdf,.,5.0,BOCA SERVICIOS VETERINARIOS,BOCA SERVICIOS VETERINARIOS,,,18.45,-69.6,manual_override,0.6,"Canine, Mixed Breed",Female,1.0,1.0.0
4743c7fe67c90ee7ce64e4452b79f22b,4743c7fe67c90ee7ce64e4452b79f22b,e24efe791c38cf4d720b,IDEXX,baseline_historico,2025-04-15,4/15/25,4/15/25,Sin Limpieza/batch_103.pdf,batch_103.pdf,.,9.0,BOCA SERVICIOS VETERINARIOS,BOCA SERVICIOS VETERINARIOS,,,18.45,-69.6,manual_override,0.6,Shih Tzu,Female,1.0,1.0.0
1461c34251172831e2dba101f0bd1543,1461c34251172831e2dba101f0bd1543,e9be0158c3079f79612c,IDEXX,baseline_historico,2025-04-15,4/15/25,4/15/25,Sin Limpieza/batch_103.pdf,batch_103.pdf,.,11.0,BOCA SERVICIOS VETERINARIOS,BOCA SERVICIOS VETERINARIOS,,,18.45,-69.6,manual_override,0.6,Miniature Schnauzer,Male,7.0,1.0.0
4c832723bd29b1b6c4c22b5f5117c964,4c832723bd29b1b6c4c22b5f5117c964,f6ba2949a976460b7723,IDEXX,baseline_historico,2025-04-14,4/14/25,4/14/25,Sin Limpieza/batch_103.pdf,batch_103.pdf,.,15.0,BOCA SERVICIOS VETERINARIOS,BOCA SERVICIOS VETERINARIOS,,,18.45,-69.6,manual_override,0.6,Chihuahua,Male,4.0,1.0.0
22dd62a78bd7ef3046df59e2feb2b253,22dd62a78bd7ef3046df59e2feb2b253,2ec6fec8b04e41876e9e,IDEXX,baseline_historico,2025-04-14,4/14/25,4/14/25,Sin Limpieza/batch_103.pdf,batch_103.pdf,.,17.0,BOCA SERVICIOS VETERINARIOS,BOCA SERVICIOS VETERINARIOS,,,18.45,-69.6,manual_override,0.6,"santo domingo, do 0000 DATE OF RECEIPT: 4/14/25",Male,4.0,1.0.0
07d8f470f8cce9aded186b5f19485b61,07d8f470f8cce9aded186b5f19485b61,64e2d33a1d25f58f1c8e,IDEXX,baseline_historico,2025-04-14,4/14/25,4/14/25,Sin Limpieza/batch_103.pdf,batch_103.pdf,.,19.0,BOCA SERVICIOS VETERINARIOS,BOCA SERVICIOS VETERINARIOS,,,18.45,-69.6,manual_override,0.6,"Canine, Mixed Breed",Female,9.0,1.0.0
dfd80e62435032bce51f4514d891f717,dfd80e62435032bce51f4514d891f717,0662ca17d7c27a0e7f87,IDEXX,baseline_historico,2025-04-22,4/22/25,4/22/25,Sin Limpieza/batch_104.pdf,batch_104.pdf,.,1.0,BOCA SERVICIOS VETERINARIOS,BOCA SERVICIOS VETERINARIOS,,,18.45,-69.6,manual_override,0.6,Bulldog,Male,2.0,1.0.0
34cca981aa7c2ab20ea472f33f180e8c,34cca981aa7c2ab20ea472f33f180e8c,69f4fe1044a28ceab556,IDEXX,baseline_historico,2025-04-21,4/21/25,4/21/25,Sin Limpieza/batch_104.pdf,batch_104.pdf,.,3.0,BOCA SERVICIOS VETERINARIOS,BOCA SERVICIOS VETERINARIOS,,,18.45,-69.6,manual_override,0.6,"Canine, Mixed Breed",Female,6.0,1.0.0
ca6acb4c6c7a7c282dee9457bb2ca170,ca6acb4c6c7a7c282dee9457bb2ca170,5d37c0aa7b1f0d6a3126,IDEXX,baseline_historico,2025-04-21,4/21/25,4/21/25,Sin Limpieza/batch_104.pdf,batch_104.pdf,.,5.0,BOCA SERVICIOS VETERINARIOS,BOCA SERVICIOS VETERINARIOS,,,18.45,-69.6,manual_override,0.6,Chihuahua,Female,10.0,1.0.0
49397176254c6872a8c63ae142a9f063,49397176254c6872a8c63ae142a9f063,4cdd192d69e8564b02ee,IDEXX,baseline_historico,2025-04-21,4/21/25,4/21/25,Sin Limpieza/batch_104.pdf,batch_104.pdf,.,7.0,BOCA SERVICIOS VETERINARIOS,BOCA SERVICIOS VETERINARIOS,,,18.45,-69.6,manual_override,0.6,"Canine, Mixed Breed",Male,5.0,1.0.0
472f40d8e5fac0490bdfa18106ed785e,472f40d8e5fac0490bdfa18106ed785e,c69e9cd737c145813fa8,IDEXX,baseline_historico,2025-04-21,4/21/25,4/21/25,Sin Limpieza/batch_104.pdf,batch_104.pdf,.,9.0,BOCA SERVICIOS VETERINARIOS,BOCA SERVICIOS VETERINARIOS,,,18.45,-69.6,manual_override,0.6,Golden Retriever,Male,9.0,1.0.0
71ab7f62e11ed8bdf687c70e6799e339,71ab7f62e11ed8bdf687c70e6799e339,96a2df316cf7a8636192,IDEXX,baseline_historico,2025-04-21,4/21/25,4/21/25,Sin Limpieza/batch_104.pdf,batch_104.pdf,.,11.0,BOCA SERVICIOS VETERINARIOS,BOCA SERVICIOS VETERINARIOS,,,18.45,-69.6,manual_override,0.6,Labrador Retriever,Male,,1.0.0
a0f5f7561ac8a4dcaf76ad140380645c,a0f5f7561ac8a4dcaf76ad140380645c,eb7e811ece3ee28279a0,IDEXX,baseline_historico,2025-04-21,4/21/25,4/21/25,Sin Limpieza/batch_104.pdf,batch_104.pdf,.,13.0,BOCA SERVICIOS VETERINARIOS,BOCA SERVICIOS VETERINARIOS,,,18.45,-69.6,manual_override,0.6,German Shepherd,Female,7.0,1.0.0
5d54e6da2a895af2d82ff322d93d5614,5d54e6da2a895af2d82ff322d93d5614,f497142dccab7e65736e,IDEXX,baseline_historico,2025-04-18,4/18/25,4/18/25,Sin Limpieza/batch_104.pdf,batch_104.pdf,.,15.0,BOCA SERVICIOS VETERINARIOS,BOCA SERVICIOS VETERINARIOS,,,18.45,-69.6,manual_override,0.6,"Canine, Mixed Breed",Female,7.0,1.0.0
659fdebceea5ad06387e33be0b386f4a,659fdebceea5ad06387e33be0b386f4a,c69e9cd737c145813fa8,IDEXX,baseline_historico,2025-04-17,4/17/25,4/17/25,Sin Limpieza/batch_104.pdf,batch_104.pdf,.,17.0,BOCA SERVICIOS VETERINARIOS,BOCA SERVICIOS VETERINARIOS,,,18.45,-69.6,manual_override,0.6,Golden Retriever,Male,9.0,1.0.0
08729d3e712c1441970b660cfd0fe2a9,08729d3e712c1441970b660cfd0fe2a9,88522a4808e7d4aa145b,IDEXX,baseline_historico,2025-04-17,4/17/25,4/17/25,Sin Limpieza/batch_104.pdf,batch_104.pdf,.,19.0,BOCA SERVICIOS VETERINARIOS,BOCA SERVICIOS VETERINARIOS,,,18.45,-69.6,manual_override,0.6,Yorkshire Terrier,Female,3.0,1.0.0
da811b7fe8bd89e5f9c808b1d66fef4b,da811b7fe8bd89e5f9c808b1d66fef4b,13d2cc406fb5c7fa07e7,IDEXX,baseline_historico,2025-03-26,3/26/25,3/26/25,Sin Limpieza/batch_105.pdf,batch_105.pdf,.,1.0,BOCA SERVICIOS VETERINARIOS,BOCA SERVICIOS VETERINARIOS,,,18.45,-69.6,manual_override,0.6,Miniature Bull Terrier,Female,3.0,1.0.0
4fbf754ac174e9b741693784b430f0fa,4fbf754ac174e9b741693784b430f0fa,c91085bfff4015e87ec2,IDEXX,baseline_historico,2025-03-25,3/25/25,3/25/25,Sin Limpieza/batch_105.pdf,batch_105.pdf,.,3.0,BOCA SERVICIOS VETERINARIOS,BOCA SERVICIOS VETERINARIOS,,,18.45,-69.6,manual_override,0.6,Pomeranian,Male,,1.0.0
0dddcb8c332f7b6294dcb8147acdb037,0dddcb8c332f7b6294dcb8147acdb037,2501ebc8380caf7e858d,IDEXX,baseline_historico,2025-03-25,3/25/25,3/25/25,Sin Limpieza/batch_105.pdf,batch_105.pdf,.,5.0,BOCA SERVICIOS VETERINARIOS,BOCA SERVICIOS VETERINARIOS,,,18.45,-69.6,manual_override,0.6,"Canine, Mixed Breed",Female,11.0,1.0.0
3a128ed704b2bb861365a2393f381554,3a128ed704b2bb861365a2393f381554,cbf85701306814a8580b,IDEXX,baseline_historico,2025-03-25,3/25/25,3/25/25,Sin Limpieza/batch_105.pdf,batch_105.pdf,.,7.0,BOCA SERVICIOS VETERINARIOS,BOCA SERVICIOS VETERINARIOS,,,18.45,-69.6,manual_override,0.6,Yorkshire Terrier,Female,1.0,1.0.0
59345c218d16108beb0f520e9f8ce14b,59345c218d16108beb0f520e9f8ce14b,7de2c254266f20b2ff2b,IDEXX,baseline_historico,2025-03-25,3/25/25,3/25/25,Sin Limpieza/batch_105.pdf,batch_105.pdf,.,9.0,BOCA SERVICIOS VETERINARIOS,BOCA SERVICIOS VETERINARIOS,,,18.45,-69.6,manual_override,0.6,"Canine, Mixed Breed",,,1.0.0
85a1c50280510d740d051e2c3ed4b51c,85a1c50280510d740d051e2c3ed4b51c,f3afd6dad5ee3b3c08ea,IDEXX,baseline_historico,2025-03-25,3/25/25,3/25/25,Sin Limpieza/batch_105.pdf,batch_105.pdf,.,11.0,BOCA SERVICIOS VETERINARIOS,BOCA SERVICIOS VETERINARIOS,,,18.45,-69.6,manual_override,0.6,Pomeranian,Male,1.0,1.0.0
6c794277dd1322ffd6a27a94ea662b7c,6c794277dd1322ffd6a27a94ea662b7c,09aa4197f4c857d9c208,IDEXX,baseline_historico,2025-03-24,3/24/25,3/24/25,Sin Limpieza/batch_105.pdf,batch_105.pdf,.,13.0,BOCA SERVICIOS VETERINARIOS,BOCA SERVICIOS VETERINARIOS,,,18.45,-69.6,manual_override,0.6,Boxer,Female,2.0,1.0.0
24ac75ebbc58ef786f769899928bf005,24ac75ebbc58ef786f769899928bf005,2456908bad2e3b795c90,IDEXX,baseline_historico,2025-03-24,3/24/25,3/24/25,Sin Limpieza/batch_105.pdf,batch_105.pdf,.,15.0,BOCA SERVICIOS VETERINARIOS,BOCA SERVICIOS VETERINARIOS,,,18.45,-69.6,manual_override,0.6,"Canine, Mixed Breed",Female,9.0,1.0.0
5c3aa3a52fcde034b9c587b178071508,5c3aa3a52fcde034b9c587b178071508,20b8619e90cca6d7730f,IDEXX,baseline_historico,2025-03-21,3/21/25,3/21/25,Sin Limpieza/batch_105.pdf,batch_105.pdf,.,17.0,BOCA SERVICIOS VETERINARIOS,BOCA SERVICIOS VETERINARIOS,,,18.45,-69.6,manual_override,0.6,Belgian Sheepdog,Male,,1.0.0
0b1205e1d35acf0ebe4286dabc5d3939,0b1205e1d35acf0ebe4286dabc5d3939,3d9706917d2ca69cd530,IDEXX,baseline_historico,2025-03-21,3/21/25,3/21/25,Sin Limpieza/batch_105.pdf,batch_105.pdf,.,19.0,BOCA SERVICIOS VETERINARIOS,BOCA SERVICIOS VETERINARIOS,,,18.45,-69.6,manual_override,0.6,Pug,Female,9.0,1.0.0
d9596923697d3835471307d030fbec71,d9596923697d3835471307d030fbec71,c827237fd6efb381bdfc,IDEXX,baseline_historico,2025-06-02,6/2/25,6/2/25,Sin Limpieza/batch_106.pdf,batch_106.pdf,.,1.0,BOCA SERVICIOS VETERINARIOS,BOCA SERVICIOS VETERINARIOS,,,18.45,-69.6,manual_override,0.6,"Canine, Other",Female,8.0,1.0.0
3636a833d3bfb2b75876aa5c512fc4d9,3636a833d3bfb2b75876aa5c512fc4d9,a413253c197a99ac010f,IDEXX,baseline_historico,2025-06-02,6/2/25,6/2/25,Sin Limpieza/batch_106.pdf,batch_106.pdf,.,3.0,BOCA SERVICIOS VETERINARIOS,BOCA SERVICIOS VETERINARIOS,,,18.45,-69.6,manual_override,0.6,"Canine, Mixed Breed",Male,,1.0.0
2728a95c9173b0742c5bbab336d84002,2728a95c9173b0742c5bbab336d84002,f85395e06695557788b8,IDEXX,baseline_historico,2025-06-02,6/2/25,6/2/25,Sin Limpieza/batch_106.pdf,batch_106.pdf,.,5.0,BOCA SERVICIOS VETERINARIOS,BOCA SERVICIOS VETERINARIOS,,,18.45,-69.6,manual_override,0.6,Golden Retriever,Male,4.0,1.0.0
60c4406b80f4c678d22a8595efdb3a1b,60c4406b80f4c678d22a8595efdb3a1b,2ec2505835728c990135,IDEXX,baseline_historico,2025-06-02,6/2/25,6/2/25,Sin Limpieza/batch_106.pdf,batch_106.pdf,.,7.0,BOCA SERVICIOS VETERINARIOS,BOCA SERVICIOS VETERINARIOS,,,18.45,-69.6,manual_override,0.6,Bull Terrier,Male,1.0,1.0.0
3e5640dfa4bf648d242c8c01134336b8,3e5640dfa4bf648d242c8c01134336b8,8d3c11fa90c744be859d,IDEXX,baseline_historico,2025-06-02,6/2/25,6/2/25,Sin Limpieza/batch_106.pdf,batch_106.pdf,.,9.0,BOCA SERVICIOS VETERINARIOS,BOCA SERVICIOS VETERINARIOS,,,18.45,-69.6,manual_override,0.6,Yorkshire Terrier,Male,4.0,1.0.0
4511b10c8f775889ee2c44f2c7cf6641,4511b10c8f775889ee2c44f2c7cf6641,1686ee3660710c195a5d,IDEXX,baseline_historico,2025-06-01,6/1/25,6/1/25,Sin Limpieza/batch_106.pdf,batch_106.pdf,.,11.0,BOCA SERVICIOS VETERINARIOS,BOCA SERVICIOS VETERINARIOS,,,18.45,-69.6,manual_override,0.6,Yorkshire Terrier,Female,,1.0.0
9727dd7a10c53cef4cac5b76352b9d42,9727dd7a10c53cef4cac5b76352b9d42,70f423a43b29ee5a6849,IDEXX,baseline_historico,2025-05-31,5/31/25,5/31/25,Sin Limpieza/batch_106.pdf,batch_106.pdf,.,13.0,BOCA SERVICIOS VETERINARIOS,BOCA SERVICIOS VETERINARIOS,,,18.45,-69.6,manual_override,0.6,Chihuahua,Female,4.0,1.0.0
84d17aa0e170e7abd1c5b1dc0c26b8da,84d17aa0e170e7abd1c5b1dc0c26b8da,658600c26f25b55085ee,IDEXX,baseline_historico,2025-05-30,5/30/25,5/30/25,Sin Limpieza/batch_106.pdf,batch_106.pdf,.,15.0,BOCA SERVICIOS VETERINARIOS,BOCA SERVICIOS VETERINARIOS,,,18.45,-69.6,manual_override,0.6,Dachshund,Female,1.0,1.0.0
816a1ffbd8c803f61f3a3c01198e4771,816a1ffbd8c803f61f3a3c01198e4771,2b93ac6d5d5fa96235b8,IDEXX,baseline_historico,2025-05-30,5/30/25,5/30/25,Sin Limpieza/batch_106.pdf,batch_106.pdf,.,17.0,BOCA SERVICIOS VETERINARIOS,BOCA SERVICIOS VETERINARIOS,,,18.45,-69.6,manual_override,0.6,"Canine, Mixed Breed",Male,,1.0.0
5128c4640f19e84a9e9edeca84198a23,5128c4640f19e84a9e9edeca84198a23,2d238fa6744148c139b4,IDEXX,baseline_historico,2025-05-29,5/29/25,5/29/25,Sin Limpieza/batch_106.pdf,batch_106.pdf,.,19.0,BOCA SERVICIOS VETERINARIOS,BOCA SERVICIOS VETERINARIOS,,,18.45,-69.6,manual_override,0.6,"Cocker Spaniel, American",Male,3.0,1.0.0
750ca6a3984be9be6781a8ac88657bbe,750ca6a3984be9be6781a8ac88657bbe,f54faa55570f7dc1bf0e,IDEXX,baseline_historico,2025-05-13,5/13/25,5/13/25,Sin Limpieza/batch_107.pdf,batch_107.pdf,.,1.0,BOCA SERVICIOS VETERINARIOS,BOCA SERVICIOS VETERINARIOS,,,18.45,-69.6,manual_override,0.6,"Canine, Mixed Breed",Female,7.0,1.0.0
a7f08e0e2b9983316d649f12387b4626,a7f08e0e2b9983316d649f12387b4626,543340bb082a1995dd0a,IDEXX,baseline_historico,2025-05-12,5/12/25,5/12/25,Sin Limpieza/batch_107.pdf,batch_107.pdf,.,3.0,BOCA SERVICIOS VETERINARIOS,BOCA SERVICIOS VETERINARIOS,,,18.45,-69.6,manual_override,0.6,Chihuahua,Female,14.0,1.0.0
af6537320e47e9e48c0a8a5d931d63ce,af6537320e47e9e48c0a8a5d931d63ce,52072ce3fe180368f9a5,IDEXX,baseline_historico,2025-05-12,5/12/25,5/12/25,Sin Limpieza/batch_107.pdf,batch_107.pdf,.,5.0,BOCA SERVICIOS VETERINARIOS,BOCA SERVICIOS VETERINARIOS,,,18.45,-69.6,manual_override,0.6,"santo domingo, do 0000 DATE OF RECEIPT: 5/12/25",Female,7.0,1.0.0
d2edb926278b881fe1df07b1a63e17d9,d2edb926278b881fe1df07b1a63e17d9,5d37c0aa7b1f0d6a3126,IDEXX,baseline_historico,2025-05-10,5/10/25,5/10/25,Sin Limpieza/batch_107.pdf,batch_107.pdf,.,9.0,BOCA SERVICIOS VETERINARIOS,BOCA SERVICIOS VETERINARIOS,,,18.45,-69.6,manual_override,0.6,Chihuahua,Female,10.0,1.0.0
d2c819417b46fac064b81464c5aced61,d2c819417b46fac064b81464c5aced61,c89069617abdf60ac490,IDEXX,baseline_historico,2025-05-08,5/8/25,5/8/25,Sin Limpieza/batch_107.pdf,batch_107.pdf,.,11.0,BOCA SERVICIOS VETERINARIOS,BOCA SERVICIOS VETERINARIOS,,,18.45,-69.6,manual_override,0.6,Pomeranian,Female,1.0,1.0.0
b91891789bc78d2b9318c8c9f7b6db92,b91891789bc78d2b9318c8c9f7b6db92,03033ab633a56e8ac2d1,IDEXX,baseline_historico,2025-05-08,5/8/25,5/8/25,Sin Limpieza/batch_107.pdf,batch_107.pdf,.,13.0,BOCA SERVICIOS VETERINARIOS,BOCA SERVICIOS VETERINARIOS,,,18.45,-69.6,manual_override,0.6,Pomeranian,Female,1.0,1.0.0
6c7bf09f6449dd6afde135cd3e5cd6cf,6c7bf09f6449dd6afde135cd3e5cd6cf,38f4e7832864ee580308,IDEXX,baseline_historico,2025-05-08,5/8/25,5/8/25,Sin Limpieza/batch_107.pdf,batch_107.pdf,.,15.0,BOCA SERVICIOS VETERINARIOS,BOCA SERVICIOS VETERINARIOS,,,18.45,-69.6,manual_override,0.6,Shih Tzu,Female,3.0,1.0.0
9bd9becf3f89f5c799b2cbfe5f229b78,9bd9becf3f89f5c799b2cbfe5f229b78,44265d56029b95f6e8f0,IDEXX,baseline_historico,2025-05-07,5/7/25,5/7/25,Sin Limpieza/batch_107.pdf,batch_107.pdf,.,17.0,BOCA SERVICIOS VETERINARIOS,BOCA SERVICIOS VETERINARIOS,,,18.45,-69.6,manual_override,0.6,"Canine, Mixed Breed",Male,2.0,1.0.0
c03bb35cbea4203243cc0efb41db62cf,c03bb35cbea4203243cc0efb41db62cf,387aaefc74aec6771c33,IDEXX,baseline_historico,2025-05-07,5/7/25,5/7/25,Sin Limpieza/batch_107.pdf,batch_107.pdf,.,19.0,BOCA SERVICIOS VETERINARIOS,BOCA SERVICIOS VETERINARIOS,,,18.45,-69.6,manual_override,0.6,Shih Tzu,Female,1.0,1.0.0
3e46b54881f34cd5c6d24841e44ec618,3e46b54881f34cd5c6d24841e44ec618,16c23dbb596612ff5cdb,IDEXX,baseline_historico,2025-05-16,5/16/25,5/16/25,Sin Limpieza/batch_108.pdf,batch_108.pdf,.,1.0,BOCA SERVICIOS VETERINARIOS,BOCA SERVICIOS VETERINARIOS,,,18.45,-69.6,manual_override,0.6,Bull Terrier,Male,8.0,1.0.0
145190ded01863fe6101d15217d1f920,145190ded01863fe6101d15217d1f920,a264c7de0a3b8351f7eb,IDEXX,baseline_historico,2025-05-14,5/14/25,5/14/25,Sin Limpieza/batch_108.pdf,batch_108.pdf,.,3.0,BOCA SERVICIOS VETERINARIOS,BOCA SERVICIOS VETERINARIOS,,,18.45,-69.6,manual_override,0.6,"Canine, Mixed Breed",,2.0,1.0.0
7facf8446385dd25b4f1cfb7cc0c4555,7facf8446385dd25b4f1cfb7cc0c4555,4c5484994c7c41215173,IDEXX,baseline_historico,2025-05-13,5/13/25,5/13/25,Sin Limpieza/batch_108.pdf,batch_108.pdf,.,9.0,BOCA SERVICIOS VETERINARIOS,BOCA SERVICIOS VETERINARIOS,,,18.45,-69.6,manual_override,0.6,"Canine, Mixed Breed",Male,,1.0.0
3d09953b3dd5c31d18cb6c78e0abba20,3d09953b3dd5c31d18cb6c78e0abba20,da22dd21c1c05d53ce2e,IDEXX,baseline_historico,2025-05-13,5/13/25,5/13/25,Sin Limpieza/batch_108.pdf,batch_108.pdf,.,11.0,BOCA SERVICIOS VETERINARIOS,BOCA SERVICIOS VETERINARIOS,,,18.45,-69.6,manual_override,0.6,"santo domingo, do 0000 DATE OF RECEIPT: 5/13/25",Male,,1.0.0
50ecbe6e01c0693a4b2c5cc6058bdf9f,50ecbe6e01c0693a4b2c5cc6058bdf9f,3ef6e336087c333dc014,IDEXX,baseline_historico,2025-05-13,5/13/25,5/13/25,Sin Limpieza/batch_108.pdf,batch_108.pdf,.,13.0,BOCA SERVICIOS VETERINARIOS,BOCA SERVICIOS VETERINARIOS,,,18.45,-69.6,manual_override,0.6,Siberian Husky,Male,0.92,1.0.0
29c2b51968bca74517cdc2b9e9e5e553,29c2b51968bca74517cdc2b9e9e5e553,eb7e811ece3ee28279a0,IDEXX,baseline_historico,2025-05-13,5/13/25,5/13/25,Sin Limpieza/batch_108.pdf,batch_108.pdf,.,17.0,BOCA SERVICIOS VETERINARIOS,BOCA SERVICIOS VETERINARIOS,,,18.45,-69.6,manual_override,0.6,German Shepherd,Female,6.0,1.0.0
5c898fc4e544b1af2f6501f87de6cb0c,5c898fc4e544b1af2f6501f87de6cb0c,a356b656297e3645e2be,IDEXX,baseline_historico,2025-05-13,5/13/25,5/13/25,Sin Limpieza/batch_108.pdf,batch_108.pdf,.,19.0,BOCA SERVICIOS VETERINARIOS,BOCA SERVICIOS VETERINARIOS,,,18.45,-69.6,manual_override,0.6,"santo domingo, do 0000 DATE OF RECEIPT: 5/13/25",,10.0,1.0.0
a4d41468a41757dd4f998fdbef8a9dbb,a4d41468a41757dd4f998fdbef8a9dbb,eda72bc00a8d6ace6b70,IDEXX,baseline_historico,2025-04-24,4/24/25,4/24/25,Sin Limpieza/batch_109.pdf,batch_109.pdf,.,1.0,BOCA SERVICIOS VETERINARIOS,BOCA SERVICIOS VETERINARIOS,,,18.45,-69.6,manual_override,0.6,Yorkshire Terrier DATE OF RESULT: 4/24/25,Female,10.0,1.0.0
dcb7239cd0ef4db1b63ccd41ba9eb909,dcb7239cd0ef4db1b63ccd41ba9eb909,1eb6abc4b2a9ba8bd77d,IDEXX,baseline_historico,2025-04-23,4/23/25,4/23/25,Sin Limpieza/batch_109.pdf,batch_109.pdf,.,3.0,BOCA SERVICIOS VETERINARIOS,BOCA SERVICIOS VETERINARIOS,,,18.45,-69.6,manual_override,0.6,Rottweiler,Male,1.0,1.0.0
937bb2bd09ee868e29e71d0b77619a61,937bb2bd09ee868e29e71d0b77619a61,e9d3ccf9147086015a0f,IDEXX,baseline_historico,2025-04-23,4/23/25,4/23/25,Sin Limpieza/batch_109.pdf,batch_109.pdf,.,5.0,BOCA SERVICIOS VETERINARIOS,BOCA SERVICIOS VETERINARIOS,,,18.45,-69.6,manual_override,0.6,Yorkshire Terrier,Female,4.0,1.0.0
3c1f8bade1f6a59cc3d89fa4cf2ce870,3c1f8bade1f6a59cc3d89fa4cf2ce870,fed5c505016b10a26237,IDEXX,baseline_historico,2025-04-23,4/23/25,4/23/25,Sin Limpieza/batch_109.pdf,batch_109.pdf,.,7.0,BOCA SERVICIOS VETERINARIOS,BOCA SERVICIOS VETERINARIOS,,,18.45,-69.6,manual_override,0.6,Yorkshire Terrier,Female,,1.0.0
a3f8050b52661a43cf08c82f31d90af1,a3f8050b52661a43cf08c82f31d90af1,e12fa7ba4564b8d0175f,IDEXX,baseline_historico,2025-04-22,4/22/25,4/22/25,Sin Limpieza/batch_109.pdf,batch_109.pdf,.,9.0,BOCA SERVICIOS VETERINARIOS,BOCA SERVICIOS VETERINARIOS,,,18.45,-69.6,manual_override,0.6,French Bulldog,Female,2.0,1.0.0
6af9c107cbeade702112662e4c255fe0,6af9c107cbeade702112662e4c255fe0,5b4d71313047a3ad436f,IDEXX,baseline_historico,2025-04-22,4/22/25,4/22/25,Sin Limpieza/batch_109.pdf,batch_109.pdf,.,13.0,BOCA SERVICIOS VETERINARIOS,BOCA SERVICIOS VETERINARIOS,,,18.45,-69.6,manual_override,0.6,Pomeranian,Female,1.0,1.0.0
578da3b98c376c1c4e7473758c4aaf7d,578da3b98c376c1c4e7473758c4aaf7d,26b6c99cbfd0521fa25e,IDEXX,baseline_historico,2025-04-22,4/22/25,4/22/25,Sin Limpieza/batch_109.pdf,batch_109.pdf,.,15.0,BOCA SERVICIOS VETERINARIOS,BOCA SERVICIOS VETERINARIOS,,,18.45,-69.6,manual_override,0.6,Shih Tzu,Female,,1.0.0
47de92a8f4c0cca0331b50139e58a020,47de92a8f4c0cca0331b50139e58a020,a8f60ab7794dd59c976d,IDEXX,baseline_historico,2025-04-22,4/22/25,4/22/25,Sin Limpieza/batch_109.pdf,batch_109.pdf,.,17.0,BOCA SERVICIOS VETERINARIOS,BOCA SERVICIOS VETERINARIOS,,,18.45,-69.6,manual_override,0.6,"Canine, Mixed Breed",Female,5.0,1.0.0
d332d53a1b926511deb635aaf7cf2ea0,d332d53a1b926511deb635aaf7cf2ea0,69f4fe1044a28ceab556,IDEXX,baseline_historico,2025-04-22,4/22/25,4/22/25,Sin Limpieza/batch_109.pdf,batch_109.pdf,.,19.0,BOCA SERVICIOS VETERINARIOS,BOCA SERVICIOS VETERINARIOS,,,18.45,-69.6,manual_override,0.6,"Canine, Mixed Breed",Female,6.0,1.0.0
583c9a3808e7df506dd2a6677a26d0b2,583c9a3808e7df506dd2a6677a26d0b2,4a828704bf49ce7799b2,IDEXX,baseline_historico,2026-02-04,2/4/26,2/4/26,Sin Limpieza/batch_11.pdf,batch_11.pdf,.,1.0,BOCA SERVICIOS VETERINARIOS,BOCA SERVICIOS VETERINARIOS,,,18.45,-69.6,manual_override,0.6,"Canine, Mixed Breed",Male,,1.0.0
ec3b33f5ae1afa6d912c4ab3e7632caa,ec3b33f5ae1afa6d912c4ab3e7632caa,180a992b63fc838b93b5,IDEXX,baseline_historico,2026-02-04,2/4/26,2/4/26,Sin Limpieza/batch_11.pdf,batch_11.pdf,.,3.0,BOCA SERVICIOS VETERINARIOS,BOCA SERVICIOS VETERINARIOS,,,18.45,-69.6,manual_override,0.6,Golden Retriever,Female,,1.0.0
71196d7a1d6ad42a602b97e6a0c3519c,71196d7a1d6ad42a602b97e6a0c3519c,1cb81b05448f17379bf7,IDEXX,baseline_historico,2026-02-04,2/4/26,2/4/26,Sin Limpieza/batch_11.pdf,batch_11.pdf,.,5.0,BOCA SERVICIOS VETERINARIOS,BOCA SERVICIOS VETERINARIOS,,,18.45,-69.6,manual_override,0.6,"Schnauzer, Standard",Male,5.0,1.0.0
879f5fc03d929f823f70c43348a09dc6,879f5fc03d929f823f70c43348a09dc6,317fecd963868f0709a4,IDEXX,baseline_historico,2026-02-03,2/3/26,2/3/26,Sin Limpieza/batch_11.pdf,batch_11.pdf,.,7.0,BOCA SERVICIOS VETERINARIOS,BOCA SERVICIOS VETERINARIOS,,,18.45,-69.6,manual_override,0.6,"Canine, Mixed Breed",Female,16.0,1.0.0
26eeb930066010992e9bef1702aae3b4,26eeb930066010992e9bef1702aae3b4,8b8ffae7965d77f2c124,IDEXX,baseline_historico,2026-02-03,2/3/26,2/3/26,Sin Limpieza/batch_11.pdf,batch_11.pdf,.,9.0,BOCA SERVICIOS VETERINARIOS,BOCA SERVICIOS VETERINARIOS,,,18.45,-69.6,manual_override,0.6,"Canine, Other DATE OF RESULT: 2/3/26",Female,2.0,1.0.0
0f257d8cb7409afe0c677cacfdd96396,0f257d8cb7409afe0c677cacfdd96396,4a8666b7b5c80512b329,IDEXX,baseline_historico,2026-02-03,2/3/26,2/3/26,Sin Limpieza/batch_11.pdf,batch_11.pdf,.,11.0,BOCA SERVICIOS VETERINARIOS,BOCA SERVICIOS VETERINARIOS,,,18.45,-69.6,manual_override,0.6,Pug,Female,10.0,1.0.0
3719791740cea8ab4338dd40b3e500bc,3719791740cea8ab4338dd40b3e500bc,d8bb375541118eb1ee37,IDEXX,baseline_historico,2026-02-03,2/3/26,2/3/26,Sin Limpieza/batch_11.pdf,batch_11.pdf,.,13.0,BOCA SERVICIOS VETERINARIOS,BOCA SERVICIOS VETERINARIOS,,,18.45,-69.6,manual_override,0.6,French Bulldog,Female,0.58,1.0.0
60bf2da44e3052a683a940bd7efd3b55,60bf2da44e3052a683a940bd7efd3b55,7f84bf6fc1fe587a81a2,IDEXX,baseline_historico,2026-02-03,2/3/26,2/3/26,Sin Limpieza/batch_11.pdf,batch_11.pdf,.,15.0,BOCA SERVICIOS VETERINARIOS,BOCA SERVICIOS VETERINARIOS,,,18.45,-69.6,manual_override,0.6,"Canine, Mixed Breed",Male,3.0,1.0.0
23d72921b5965acdc4dff13d90f657f0,23d72921b5965acdc4dff13d90f657f0,146fdf5125fb835b6ce5,IDEXX,baseline_historico,2026-02-03,2/3/26,2/3/26,Sin Limpieza/batch_11.pdf,batch_11.pdf,.,17.0,BOCA SERVICIOS VETERINARIOS,BOCA SERVICIOS VETERINARIOS,,,18.45,-69.6,manual_override,0.6,French Bulldog,Female,1.0,1.0.0
619e22e66233feee2804fd2c6d21d5b0,619e22e66233feee2804fd2c6d21d5b0,918bc58b9c708132da17,IDEXX,baseline_historico,2026-02-03,2/3/26,2/3/26,Sin Limpieza/batch_11.pdf,batch_11.pdf,.,19.0,BOCA SERVICIOS VETERINARIOS,BOCA SERVICIOS VETERINARIOS,,,18.45,-69.6,manual_override,0.6,"Cocker Spaniel, American",Male,16.0,1.0.0
8aeb7bd1c7c86c2a7f6c43c1c4f00e29,8aeb7bd1c7c86c2a7f6c43c1c4f00e29,cf6dfd42ed15e5e2dfe1,IDEXX,baseline_historico,2025-09-01,9/1/25,9/1/25,Sin Limpieza/batch_110.pdf,batch_110.pdf,.,1.0,BOCA SERVICIOS VETERINARIOS,BOCA SERVICIOS VETERINARIOS,,,18.45,-69.6,manual_override,0.6,Other,Female,4.0,1.0.0
d18876782dfffdc183ffaa4bec31ec58,d18876782dfffdc183ffaa4bec31ec58,9937d0ddc0e6646f4953,IDEXX,baseline_historico,2025-06-06,6/6/25,6/6/25,Sin Limpieza/batch_110.pdf,batch_110.pdf,.,3.0,BOCA SERVICIOS VETERINARIOS,BOCA SERVICIOS VETERINARIOS,,,18.45,-69.6,manual_override,0.6,Mixed,,1.0,1.0.0
983e657e31304b8c981860bf1816b543,983e657e31304b8c981860bf1816b543,06f4189af90cb7435c0d,IDEXX,baseline_historico,2025-06-06,6/6/25,6/6/25,Sin Limpieza/batch_110.pdf,batch_110.pdf,.,5.0,BOCA SERVICIOS VETERINARIOS,BOCA SERVICIOS VETERINARIOS,,,18.45,-69.6,manual_override,0.6,"santo domingo, do 0000 DATE OF RECEIPT: 6/6/25",Female,13.0,1.0.0
3414b88f8b929e2be340585d46c0d4c7,3414b88f8b929e2be340585d46c0d4c7,ff02943fd97e44b5d234,IDEXX,baseline_historico,2025-06-06,6/6/25,6/6/25,Sin Limpieza/batch_110.pdf,batch_110.pdf,.,7.0,BOCA SERVICIOS VETERINARIOS,BOCA SERVICIOS VETERINARIOS,,,18.45,-69.6,manual_override,0.6,"santo domingo, do 0000 DATE OF RECEIPT: 6/6/25",Female,3.0,1.0.0
14e788b3325796f3154b6b3b40bf331b,14e788b3325796f3154b6b3b40bf331b,018a79bfd2a1e04d5c1e,IDEXX,baseline_historico,2025-06-06,6/6/25,6/6/25,Sin Limpieza/batch_110.pdf,batch_110.pdf,.,9.0,BOCA SERVICIOS VETERINARIOS,BOCA SERVICIOS VETERINARIOS,,,18.45,-69.6,manual_override,0.6,"Canine, Other",Female,,1.0.0
66effe06503fe4919d4e5454e4295821,66effe06503fe4919d4e5454e4295821,f61b7a82eccdbeb38e3b,IDEXX,baseline_historico,2025-06-05,6/5/25,6/5/25,Sin Limpieza/batch_110.pdf,batch_110.pdf,.,11.0,BOCA SERVICIOS VETERINARIOS,BOCA SERVICIOS VETERINARIOS,,,18.45,-69.6,manual_override,0.6,Bulldog,Female,6.0,1.0.0
f2dbc0123b85de52a0660089766a992a,f2dbc0123b85de52a0660089766a992a,b633076c5faee5de0c26,IDEXX,baseline_historico,2025-06-05,6/5/25,6/5/25,Sin Limpieza/batch_110.pdf,batch_110.pdf,.,13.0,BOCA SERVICIOS VETERINARIOS,BOCA SERVICIOS VETERINARIOS,,,18.45,-69.6,manual_override,0.6,Pomeranian,Female,,1.0.0
81d05a6544f288d0742cc088ca2f35dc,81d05a6544f288d0742cc088ca2f35dc,018a79bfd2a1e04d5c1e,IDEXX,baseline_historico,2025-06-05,6/5/25,6/5/25,Sin Limpieza/batch_110.pdf,batch_110.pdf,.,15.0,BOCA SERVICIOS VETERINARIOS,BOCA SERVICIOS VETERINARIOS,,,18.45,-69.6,manual_override,0.6,Other,Female,,1.0.0
3a011b48e5cde5b3f550eb32c8b57e0f,3a011b48e5cde5b3f550eb32c8b57e0f,f05b927ebf5ef97ab315,IDEXX,baseline_historico,2025-06-04,6/4/25,6/4/25,Sin Limpieza/batch_110.pdf,batch_110.pdf,.,17.0,BOCA SERVICIOS VETERINARIOS,BOCA SERVICIOS VETERINARIOS,,,18.45,-69.6,manual_override,0.6,Boxer,Male,,1.0.0
04d68b788e9a8a39aaba86dcf70b8642,04d68b788e9a8a39aaba86dcf70b8642,2529de0c679d3497d56c,IDEXX,baseline_historico,2025-06-04,6/4/25,6/4/25,Sin Limpieza/batch_110.pdf,batch_110.pdf,.,19.0,BOCA SERVICIOS VETERINARIOS,BOCA SERVICIOS VETERINARIOS,,,18.45,-69.6,manual_override,0.6,Dachshund,Male,6.0,1.0.0
56dfa33d6bf833498c17964d819de32a,56dfa33d6bf833498c17964d819de32a,fce220911ca9d466e9c7,IDEXX,baseline_historico,2025-03-20,3/20/25,3/20/25,Sin Limpieza/batch_111.pdf,batch_111.pdf,.,1.0,BOCA SERVICIOS VETERINARIOS,BOCA SERVICIOS VETERINARIOS,,,18.45,-69.6,manual_override,0.6,"santo domingo, do 0000 DATE OF RECEIPT: 3/20/25",,1.0,1.0.0
4662619dc82799bd52c3b63729997aef,4662619dc82799bd52c3b63729997aef,a1d6dfdadf9fef35a23a,IDEXX,baseline_historico,2025-03-19,3/19/25,3/19/25,Sin Limpieza/batch_111.pdf,batch_111.pdf,.,3.0,BOCA SERVICIOS VETERINARIOS,BOCA SERVICIOS VETERINARIOS,,,18.45,-69.6,manual_override,0.6,Bulldog,Female,3.0,1.0.0
4821d4aa609dc0c2497e5f76766a5f3b,4821d4aa609dc0c2497e5f76766a5f3b,1f0104cce6c1af864a9d,IDEXX,baseline_historico,2025-03-19,3/19/25,3/19/25,Sin Limpieza/batch_111.pdf,batch_111.pdf,.,5.0,BOCA SERVICIOS VETERINARIOS,BOCA SERVICIOS VETERINARIOS,,,18.45,-69.6,manual_override,0.6,French Bulldog DATE OF RESULT: 3/19/25,Female,3.0,1.0.0
a8d42db032a89bd12167effad7c02121,a8d42db032a89bd12167effad7c02121,0d68744e468c6e440d5e,IDEXX,baseline_historico,2025-03-18,3/18/25,3/18/25,Sin Limpieza/batch_111.pdf,batch_111.pdf,.,7.0,BOCA SERVICIOS VETERINARIOS,BOCA SERVICIOS VETERINARIOS,,,18.45,-69.6,manual_override,0.6,German Shepherd,Female,2.0,1.0.0
6b62d1da841294fca115d0a701b81312,6b62d1da841294fca115d0a701b81312,02b9c8ebe369374fa897,IDEXX,baseline_historico,2025-03-18,3/18/25,3/18/25,Sin Limpieza/batch_111.pdf,batch_111.pdf,.,9.0,BOCA SERVICIOS VETERINARIOS,BOCA SERVICIOS VETERINARIOS,,,18.45,-69.6,manual_override,0.6,Siberian Husky,Female,1.0,1.0.0
48ba056708e26e5c0536dd765d87e103,48ba056708e26e5c0536dd765d87e103,36a3c30bf47b36020f8e,IDEXX,baseline_historico,2025-03-18,3/18/25,3/18/25,Sin Limpieza/batch_111.pdf,batch_111.pdf,.,11.0,BOCA SERVICIOS VETERINARIOS,BOCA SERVICIOS VETERINARIOS,,,18.45,-69.6,manual_override,0.6,German Shepherd,Male,9.0,1.0.0
80494e02fa67ff68762174dc65bf56d0,80494e02fa67ff68762174dc65bf56d0,37abd0a1b2e412548a01,IDEXX,baseline_historico,2025-03-17,3/17/25,3/17/25,Sin Limpieza/batch_111.pdf,batch_111.pdf,.,13.0,BOCA SERVICIOS VETERINARIOS,BOCA SERVICIOS VETERINARIOS,,,18.45,-69.6,manual_override,0.6,Pug,Female,3.0,1.0.0
4655b706c7b983ae6452270dea436044,4655b706c7b983ae6452270dea436044,fce220911ca9d466e9c7,IDEXX,baseline_historico,2025-03-17,3/17/25,3/17/25,Sin Limpieza/batch_111.pdf,batch_111.pdf,.,17.0,BOCA SERVICIOS VETERINARIOS,BOCA SERVICIOS VETERINARIOS,,,18.45,-69.6,manual_override,0.6,"santo domingo, do 0000 DATE OF RECEIPT: 3/17/25",,1.0,1.0.0
b7b67fbaa410eb9c1c1c9ed1b1121fb3,b7b67fbaa410eb9c1c1c9ed1b1121fb3,889d49030f4e2f8a5fc8,IDEXX,baseline_historico,2025-03-17,3/17/25,3/17/25,Sin Limpieza/batch_111.pdf,batch_111.pdf,.,19.0,BOCA SERVICIOS VETERINARIOS,BOCA SERVICIOS VETERINARIOS,,,18.45,-69.6,manual_override,0.6,"santo domingo, do 0000 DATE OF RECEIPT: 3/17/25",,10.0,1.0.0
3cf093a57835d02ae0912452970d3547,3cf093a57835d02ae0912452970d3547,110d24f7711ef09496b9,IDEXX,baseline_historico,2025-05-17,5/17/25,5/17/25,Sin Limpieza/batch_112.pdf,batch_112.pdf,.,1.0,BOCA SERVICIOS VETERINARIOS,BOCA SERVICIOS VETERINARIOS,,,18.45,-69.6,manual_override,0.6,Shih Tzu,Female,1.0,1.0.0
d05d73004bb2cfacd593d9cac388171e,d05d73004bb2cfacd593d9cac388171e,af494637908d49c1aea9,IDEXX,baseline_historico,2025-05-17,5/17/25,5/17/25,Sin Limpieza/batch_112.pdf,batch_112.pdf,.,3.0,BOCA SERVICIOS VETERINARIOS,BOCA SERVICIOS VETERINARIOS,,,18.45,-69.6,manual_override,0.6,French Bulldog,Female,8.0,1.0.0
993c7441382eea26224554b217b6046b,993c7441382eea26224554b217b6046b,a777b4aba93d15403eaf,IDEXX,baseline_historico,2025-04-07,4/7/25,4/7/25,Sin Limpieza/batch_113.pdf,batch_113.pdf,.,1.0,BOCA SERVICIOS VETERINARIOS,BOCA SERVICIOS VETERINARIOS,,,18.45,-69.6,manual_override,0.6,Pomeranian,Female,6.0,1.0.0
06c2dd63956a1774c50bfbd0b01dc36b,06c2dd63956a1774c50bfbd0b01dc36b,1a4891690c4c92c0f702,IDEXX,baseline_historico,2025-04-07,4/7/25,4/7/25,Sin Limpieza/batch_113.pdf,batch_113.pdf,.,5.0,BOCA SERVICIOS VETERINARIOS,BOCA SERVICIOS VETERINARIOS,,,18.45,-69.6,manual_override,0.6,French Bulldog DATE OF RESULT: 4/7/25,Male,2.0,1.0.0
3df7ca98a477a3baf82d96ffa7a50475,3df7ca98a477a3baf82d96ffa7a50475,8aa9557286504a8a5fb3,IDEXX,baseline_historico,2025-04-06,4/6/25,4/6/25,Sin Limpieza/batch_113.pdf,batch_113.pdf,.,9.0,BOCA SERVICIOS VETERINARIOS,BOCA SERVICIOS VETERINARIOS,,,18.45,-69.6,manual_override,0.6,Belgian Malinois,Male,,1.0.0
d9b2f3902b7a2b6ee253bea1e8e86875,d9b2f3902b7a2b6ee253bea1e8e86875,05afb0b1a7249d5cf840,IDEXX,baseline_historico,2025-04-06,4/6/25,4/6/25,Sin Limpieza/batch_113.pdf,batch_113.pdf,.,11.0,BOCA SERVICIOS VETERINARIOS,BOCA SERVICIOS VETERINARIOS,,,18.45,-69.6,manual_override,0.6,Chow Chow,,4.0,1.0.0
c174d25fd855837e3819ffafe6a6e9ed,c174d25fd855837e3819ffafe6a6e9ed,bc7e5e071c36d2f7f5b6,IDEXX,baseline_historico,2025-04-06,4/6/25,4/6/25,Sin Limpieza/batch_113.pdf,batch_113.pdf,.,13.0,BOCA SERVICIOS VETERINARIOS,BOCA SERVICIOS VETERINARIOS,,,18.45,-69.6,manual_override,0.6,Siberian Husky,Male,4.0,1.0.0
f0e911b9872952bd3cd0c6eec963e88e,f0e911b9872952bd3cd0c6eec963e88e,affa42b7d343f4cbd2b0,IDEXX,baseline_historico,2025-04-05,4/5/25,4/5/25,Sin Limpieza/batch_113.pdf,batch_113.pdf,.,17.0,BOCA SERVICIOS VETERINARIOS,BOCA SERVICIOS VETERINARIOS,,,18.45,-69.6,manual_override,0.6,Pomeranian,,3.0,1.0.0
7023eaf54f38f76e96d07c49ee415211,7023eaf54f38f76e96d07c49ee415211,8ff5d4d3a79081fb39a8,IDEXX,baseline_historico,2025-05-27,5/27/25,5/27/25,Sin Limpieza/batch_114.pdf,batch_114.pdf,.,1.0,BOCA SERVICIOS VETERINARIOS,BOCA SERVICIOS VETERINARIOS,,,18.45,-69.6,manual_override,0.6,French Bulldog,Male,,1.0.0
95b07c27831aef0e49ad8ebc2cd1878c,95b07c27831aef0e49ad8ebc2cd1878c,52d8a91b84464281c882,IDEXX,baseline_historico,2025-05-26,5/26/25,5/26/25,Sin Limpieza/batch_114.pdf,batch_114.pdf,.,3.0,BOCA SERVICIOS VETERINARIOS,BOCA SERVICIOS VETERINARIOS,,,18.45,-69.6,manual_override,0.6,"santo domingo, do 0000 DATE OF RECEIPT: 5/26/25",Female,,1.0.0
d062010483b397b3ed458ea2fcc5b83e,d062010483b397b3ed458ea2fcc5b83e,fcf99cf1b3e55bd1dfa7,IDEXX,baseline_historico,2025-05-26,5/26/25,5/26/25,Sin Limpieza/batch_114.pdf,batch_114.pdf,.,5.0,BOCA SERVICIOS VETERINARIOS,BOCA SERVICIOS VETERINARIOS,,,18.45,-69.6,manual_override,0.6,"santo domingo, do 0000 DATE OF RECEIPT: 5/26/25",Male,,1.0.0
ac89ef2412dd5b1cc9f2ba1f558c0888,ac89ef2412dd5b1cc9f2ba1f558c0888,77bfa7bf084ed4ee6139,IDEXX,baseline_historico,2025-05-26,5/26/25,5/26/25,Sin Limpieza/batch_114.pdf,batch_114.pdf,.,7.0,BOCA SERVICIOS VETERINARIOS,BOCA SERVICIOS VETERINARIOS,,,18.45,-69.6,manual_override,0.6,Yorkshire Terrier,Female,6.0,1.0.0
060b774f171deb3c2f076d43af5c870d,060b774f171deb3c2f076d43af5c870d,f1fcd341c671d5844d99,IDEXX,baseline_historico,2025-05-24,5/24/25,5/24/25,Sin Limpieza/batch_114.pdf,batch_114.pdf,.,13.0,BOCA SERVICIOS VETERINARIOS,BOCA SERVICIOS VETERINARIOS,,,18.45,-69.6,manual_override,0.6,Maltese,Male,6.0,1.0.0
da28e4f48b27ed554ed79c3c28bef3e4,da28e4f48b27ed554ed79c3c28bef3e4,8c37b08bda5da5c83ed5,IDEXX,baseline_historico,2025-05-24,5/24/25,5/24/25,Sin Limpieza/batch_114.pdf,batch_114.pdf,.,17.0,BOCA SERVICIOS VETERINARIOS,BOCA SERVICIOS VETERINARIOS,,,18.45,-69.6,manual_override,0.6,"Canine, Other",Male,,1.0.0
d5b4f7327925862f4a66c10f2afc3737,d5b4f7327925862f4a66c10f2afc3737,c69e9cd737c145813fa8,IDEXX,baseline_historico,2025-05-24,5/24/25,5/24/25,Sin Limpieza/batch_114.pdf,batch_114.pdf,.,19.0,BOCA SERVICIOS VETERINARIOS,BOCA SERVICIOS VETERINARIOS,,,18.45,-69.6,manual_override,0.6,Golden Retriever,Male,9.0,1.0.0
70912258da59045c954eea37e2bfd474,70912258da59045c954eea37e2bfd474,f4d73885363369336da0,IDEXX,baseline_historico,2025-03-31,3/31/25,3/31/25,Sin Limpieza/batch_115.pdf,batch_115.pdf,.,1.0,BOCA SERVICIOS VETERINARIOS,BOCA SERVICIOS VETERINARIOS,,,18.45,-69.6,manual_override,0.6,"santo domingo, do 0000 DATE OF RECEIPT: 3/31/25",Female,1.0,1.0.0
06fc98c45a5e0cfae45b3397b9830f8d,06fc98c45a5e0cfae45b3397b9830f8d,478285a8a380c5d41dc5,IDEXX,baseline_historico,2025-03-30,3/30/25,3/30/25,Sin Limpieza/batch_115.pdf,batch_115.pdf,.,5.0,BOCA SERVICIOS VETERINARIOS,BOCA SERVICIOS VETERINARIOS,,,18.45,-69.6,manual_override,0.6,French Bulldog,Female,,1.0.0
a65a85e754c8fb396d012d89ec92c068,a65a85e754c8fb396d012d89ec92c068,a1f06f20bae5a0155ddc,IDEXX,baseline_historico,2025-03-30,3/30/25,3/30/25,Sin Limpieza/batch_115.pdf,batch_115.pdf,.,7.0,BOCA SERVICIOS VETERINARIOS,BOCA SERVICIOS VETERINARIOS,,,18.45,-69.6,manual_override,0.6,"Canine, Other",Male,,1.0.0
f0a63164321f5dbaf29040fb6899e16b,f0a63164321f5dbaf29040fb6899e16b,4cdd192d69e8564b02ee,IDEXX,baseline_historico,2025-03-29,3/29/25,3/29/25,Sin Limpieza/batch_115.pdf,batch_115.pdf,.,11.0,BOCA SERVICIOS VETERINARIOS,BOCA SERVICIOS VETERINARIOS,,,18.45,-69.6,manual_override,0.6,"Canine, Mixed Breed",Male,5.0,1.0.0
96c1070f1d4b32b6fa418dab90b14bad,96c1070f1d4b32b6fa418dab90b14bad,a5bed398d7e86d165d3e,IDEXX,baseline_historico,2025-03-29,3/29/25,3/29/25,Sin Limpieza/batch_115.pdf,batch_115.pdf,.,13.0,BOCA SERVICIOS VETERINARIOS,BOCA SERVICIOS VETERINARIOS,,,18.45,-69.6,manual_override,0.6,Pug,Female,2.0,1.0.0
9ce60abd251a38baedbd401ebfc76214,9ce60abd251a38baedbd401ebfc76214,20b8619e90cca6d7730f,IDEXX,baseline_historico,2025-03-28,3/28/25,3/28/25,Sin Limpieza/batch_115.pdf,batch_115.pdf,.,15.0,BOCA SERVICIOS VETERINARIOS,BOCA SERVICIOS VETERINARIOS,,,18.45,-69.6,manual_override,0.6,Belgian Sheepdog,Male,,1.0.0
4ca1c81f492cc06ca9fcc40369444d10,4ca1c81f492cc06ca9fcc40369444d10,6325b097b866b3604c4d,IDEXX,baseline_historico,2025-03-28,3/28/25,3/28/25,Sin Limpieza/batch_115.pdf,batch_115.pdf,.,17.0,BOCA SERVICIOS VETERINARIOS,BOCA SERVICIOS VETERINARIOS,,,18.45,-69.6,manual_override,0.6,"Canine, Mixed Breed",Male,7.0,1.0.0
383b330d7c21ba461f678bfb7c3ef4d1,383b330d7c21ba461f678bfb7c3ef4d1,182605ec3c39ecf82fc0,IDEXX,baseline_historico,2025-03-28,3/28/25,3/28/25,Sin Limpieza/batch_115.pdf,batch_115.pdf,.,19.0,BOCA SERVICIOS VETERINARIOS,BOCA SERVICIOS VETERINARIOS,,,18.45,-69.6,manual_override,0.6,Boxer,Female,,1.0.0
dbef8b7decfea785fedcea73fa760c8a,dbef8b7decfea785fedcea73fa760c8a,1b6ab64f0cb4c4eac4e0,IDEXX,baseline_historico,2025-06-16,6/16/25,6/16/25,Sin Limpieza/batch_116.pdf,batch_116.pdf,.,1.0,BOCA SERVICIOS VETERINARIOS,BOCA SERVICIOS VETERINARIOS,,,18.45,-69.6,manual_override,0.6,German Shepherd,Male,10.0,1.0.0
61ec3ea0c6873fa23bacdd0133093acf,61ec3ea0c6873fa23bacdd0133093acf,358710f88a39d8a17cf6,IDEXX,baseline_historico,2025-06-16,6/16/25,6/16/25,Sin Limpieza/batch_116.pdf,batch_116.pdf,.,3.0,BOCA SERVICIOS VETERINARIOS,BOCA SERVICIOS VETERINARIOS,,,18.45,-69.6,manual_override,0.6,"Canine, Mixed Breed",Male,,1.0.0
c8a37114dc52269d596757dd9006f05e,c8a37114dc52269d596757dd9006f05e,d5fc645545bc4e41be6b,IDEXX,baseline_historico,2025-06-15,6/15/25,6/15/25,Sin Limpieza/batch_116.pdf,batch_116.pdf,.,5.0,BOCA SERVICIOS VETERINARIOS,BOCA SERVICIOS VETERINARIOS,,,18.45,-69.6,manual_override,0.6,Chihuahua,Male,3.0,1.0.0
b4c2f513f14b00ca58234c7a089acfdd,b4c2f513f14b00ca58234c7a089acfdd,4e11e94be2e599004b17,IDEXX,baseline_historico,2025-06-15,6/15/25,6/15/25,Sin Limpieza/batch_116.pdf,batch_116.pdf,.,7.0,BOCA SERVICIOS VETERINARIOS,BOCA SERVICIOS VETERINARIOS,,,18.45,-69.6,manual_override,0.6,"Canine, Other",Female,,1.0.0
a2a97b3c17d0b8ad4ca2c9db994a9d7e,a2a97b3c17d0b8ad4ca2c9db994a9d7e,19a45de51cda3514328b,IDEXX,baseline_historico,2025-06-14,6/14/25,6/14/25,Sin Limpieza/batch_116.pdf,batch_116.pdf,.,9.0,BOCA SERVICIOS VETERINARIOS,BOCA SERVICIOS VETERINARIOS,,,18.45,-69.6,manual_override,0.6,"Canine, Other",Female,1.0,1.0.0
94a2591c8d74bc02126b0f41de15aefb,94a2591c8d74bc02126b0f41de15aefb,4a8666b7b5c80512b329,IDEXX,baseline_historico,2025-06-14,6/14/25,6/14/25,Sin Limpieza/batch_116.pdf,batch_116.pdf,.,11.0,BOCA SERVICIOS VETERINARIOS,BOCA SERVICIOS VETERINARIOS,,,18.45,-69.6,manual_override,0.6,Pug,Female,10.0,1.0.0
d0be04f5eeccc26b357e6301b05153aa,d0be04f5eeccc26b357e6301b05153aa,4ab5202dcba51db83f2f,IDEXX,baseline_historico,2025-06-14,6/14/25,6/14/25,Sin Limpieza/batch_116.pdf,batch_116.pdf,.,13.0,BOCA SERVICIOS VETERINARIOS,BOCA SERVICIOS VETERINARIOS,,,18.45,-69.6,manual_override,0.6,Doberman Pinscher,Female,,1.0.0
1ab3838816f60e06766e6541f7bf95f9,1ab3838816f60e06766e6541f7bf95f9,84ef360c11b90bc24189,IDEXX,baseline_historico,2025-06-14,6/14/25,6/14/25,Sin Limpieza/batch_116.pdf,batch_116.pdf,.,15.0,BOCA SERVICIOS VETERINARIOS,BOCA SERVICIOS VETERINARIOS,,,18.45,-69.6,manual_override,0.6,Golden Retriever,Male,4.0,1.0.0
530645434844ab01dc594af2b24b50c8,530645434844ab01dc594af2b24b50c8,750f7b163f887a1b56ea,IDEXX,baseline_historico,2025-06-14,6/14/25,6/14/25,Sin Limpieza/batch_116.pdf,batch_116.pdf,.,17.0,BOCA SERVICIOS VETERINARIOS,BOCA SERVICIOS VETERINARIOS,,,18.45,-69.6,manual_override,0.6,"Canine, Mixed Breed",Female,8.0,1.0.0
d4d438be12785efe5fb6a3d007789a0a,d4d438be12785efe5fb6a3d007789a0a,29fbd2b70bb0d4d115e2,IDEXX,baseline_historico,2025-06-14,6/14/25,6/14/25,Sin Limpieza/batch_116.pdf,batch_116.pdf,.,19.0,BOCA SERVICIOS VETERINARIOS,BOCA SERVICIOS VETERINARIOS,,,18.45,-69.6,manual_override,0.6,Belgian Sheepdog,Female,4.0,1.0.0
a5eda99aedf2ce739bc32495dd5dd69d,a5eda99aedf2ce739bc32495dd5dd69d,7f84bf6fc1fe587a81a2,IDEXX,baseline_historico,2025-05-07,5/7/25,5/7/25,Sin Limpieza/batch_117.pdf,batch_117.pdf,.,1.0,BOCA SERVICIOS VETERINARIOS,BOCA SERVICIOS VETERINARIOS,,,18.45,-69.6,manual_override,0.6,"Canine, Mixed Breed",Male,3.0,1.0.0
e0b101e69dd22fa230b2df4ec80a3ec3,e0b101e69dd22fa230b2df4ec80a3ec3,eb7e811ece3ee28279a0,IDEXX,baseline_historico,2025-05-06,5/6/25,5/6/25,Sin Limpieza/batch_117.pdf,batch_117.pdf,.,3.0,BOCA SERVICIOS VETERINARIOS,BOCA SERVICIOS VETERINARIOS,,,18.45,-69.6,manual_override,0.6,German Shepherd,Female,6.0,1.0.0
f943cceb0621e7e4e4fed61c66346866,f943cceb0621e7e4e4fed61c66346866,9cb7152f6505c99a4957,IDEXX,baseline_historico,2025-05-05,5/5/25,5/5/25,Sin Limpieza/batch_117.pdf,batch_117.pdf,.,5.0,BOCA SERVICIOS VETERINARIOS,BOCA SERVICIOS VETERINARIOS,,,18.45,-69.6,manual_override,0.6,Siberian Husky,Male,,1.0.0
66f8b5b91af634b7a1d57d53620ea1e4,66f8b5b91af634b7a1d57d53620ea1e4,fd28fe485f1e3f25bba6,IDEXX,baseline_historico,2025-05-05,5/5/25,5/5/25,Sin Limpieza/batch_117.pdf,batch_117.pdf,.,7.0,BOCA SERVICIOS VETERINARIOS,BOCA SERVICIOS VETERINARIOS,,,18.45,-69.6,manual_override,0.6,Chihuahua,Female,7.0,1.0.0
b60ae9b56d61420b6e80912a36d53b7c,b60ae9b56d61420b6e80912a36d53b7c,387aaefc74aec6771c33,IDEXX,baseline_historico,2025-05-05,5/5/25,5/5/25,Sin Limpieza/batch_117.pdf,batch_117.pdf,.,9.0,BOCA SERVICIOS VETERINARIOS,BOCA SERVICIOS VETERINARIOS,,,18.45,-69.6,manual_override,0.6,Shih Tzu,Female,1.0,1.0.0
47b229d788321099e86bf0ff3a7c5b86,47b229d788321099e86bf0ff3a7c5b86,8c37b08bda5da5c83ed5,IDEXX,baseline_historico,2025-05-03,5/3/25,5/3/25,Sin Limpieza/batch_117.pdf,batch_117.pdf,.,11.0,BOCA SERVICIOS VETERINARIOS,BOCA SERVICIOS VETERINARIOS,,,18.45,-69.6,manual_override,0.6,"Canine, Other",Male,,1.0.0
7eb1627a53ad3b236ccb7193e0674e08,7eb1627a53ad3b236ccb7193e0674e08,0f5c4424a64461d60628,IDEXX,baseline_historico,2025-05-02,5/2/25,5/2/25,Sin Limpieza/batch_117.pdf,batch_117.pdf,.,13.0,BOCA SERVICIOS VETERINARIOS,BOCA SERVICIOS VETERINARIOS,,,18.45,-69.6,manual_override,0.6,Chihuahua,Male,14.0,1.0.0
fcc60ad1b19b52b31d78a176abc2c559,fcc60ad1b19b52b31d78a176abc2c559,728680ab22ae7eec78b5,IDEXX,baseline_historico,2025-05-02,5/2/25,5/2/25,Sin Limpieza/batch_117.pdf,batch_117.pdf,.,15.0,BOCA SERVICIOS VETERINARIOS,BOCA SERVICIOS VETERINARIOS,,,18.45,-69.6,manual_override,0.6,Pug,Female,2.0,1.0.0
f351e0e139d4fa31c6651e9644650fc0,f351e0e139d4fa31c6651e9644650fc0,e069166d2d6e0329715b,IDEXX,baseline_historico,2025-05-02,5/2/25,5/2/25,Sin Limpieza/batch_117.pdf,batch_117.pdf,.,17.0,BOCA SERVICIOS VETERINARIOS,BOCA SERVICIOS VETERINARIOS,,,18.45,-69.6,manual_override,0.6,Yorkshire Terrier,Female,1.0,1.0.0
4de63a3021b9f8e63124d79046f64cc3,4de63a3021b9f8e63124d79046f64cc3,42d97baae87c0f91f7f2,IDEXX,baseline_historico,2025-05-02,5/2/25,5/2/25,Sin Limpieza/batch_117.pdf,batch_117.pdf,.,19.0,BOCA SERVICIOS VETERINARIOS,BOCA SERVICIOS VETERINARIOS,,,18.45,-69.6,manual_override,0.6,"Canine, Mixed Breed",Male,,1.0.0
4f09beb7bfe98ea4cb783f727520097d,4f09beb7bfe98ea4cb783f727520097d,61c15b04ccb4cbee6f82,IDEXX,baseline_historico,2025-05-20,5/20/25,5/20/25,Sin Limpieza/batch_118.pdf,batch_118.pdf,.,1.0,BOCA SERVICIOS VETERINARIOS,BOCA SERVICIOS VETERINARIOS,,,18.45,-69.6,manual_override,0.6,Doberman Pinscher,Female,2.0,1.0.0
4f2ec241985358637c8be0e0b149bdc1,4f2ec241985358637c8be0e0b149bdc1,731367d37ed2e228f88c,IDEXX,baseline_historico,2025-05-20,5/20/25,5/20/25,Sin Limpieza/batch_118.pdf,batch_118.pdf,.,3.0,BOCA SERVICIOS VETERINARIOS,BOCA SERVICIOS VETERINARIOS,,,18.45,-69.6,manual_override,0.6,Doberman Pinscher,Male,2.0,1.0.0
78de67086882701e2dfbf63a819f0804,78de67086882701e2dfbf63a819f0804,1e900c8c89ed5097061c,IDEXX,baseline_historico,2025-05-20,5/20/25,5/20/25,Sin Limpieza/batch_118.pdf,batch_118.pdf,.,5.0,BOCA SERVICIOS VETERINARIOS,BOCA SERVICIOS VETERINARIOS,,,18.45,-69.6,manual_override,0.6,Great Dane,Female,3.0,1.0.0
ea527af2609bac576b273c83ebb087cc,ea527af2609bac576b273c83ebb087cc,c83fc699a3ae805f12cf,IDEXX,baseline_historico,2025-05-20,5/20/25,5/20/25,Sin Limpieza/batch_118.pdf,batch_118.pdf,.,7.0,BOCA SERVICIOS VETERINARIOS,BOCA SERVICIOS VETERINARIOS,,,18.45,-69.6,manual_override,0.6,Rottweiler,Female,9.0,1.0.0
8eac2fe9226a04e7693d05360af961b9,8eac2fe9226a04e7693d05360af961b9,80b6ffd9f644d0d6589d,IDEXX,baseline_historico,2025-05-20,5/20/25,5/20/25,Sin Limpieza/batch_118.pdf,batch_118.pdf,.,9.0,BOCA SERVICIOS VETERINARIOS,BOCA SERVICIOS VETERINARIOS,,,18.45,-69.6,manual_override,0.6,Yorkshire Terrier DATE OF RESULT: 5/20/25,Male,8.0,1.0.0
11bff0dd30a1c9fc22d086816e4262f2,11bff0dd30a1c9fc22d086816e4262f2,a17b980dc9470e3bc53d,IDEXX,baseline_historico,2025-05-20,5/20/25,5/20/25,Sin Limpieza/batch_118.pdf,batch_118.pdf,.,11.0,BOCA SERVICIOS VETERINARIOS,BOCA SERVICIOS VETERINARIOS,,,18.45,-69.6,manual_override,0.6,Yorkshire Terrier,Male,9.0,1.0.0
e13db5639a198667b1588950bf84421b,e13db5639a198667b1588950bf84421b,e020975091c44c76b44b,IDEXX,baseline_historico,2025-05-20,5/20/25,5/20/25,Sin Limpieza/batch_118.pdf,batch_118.pdf,.,13.0,BOCA SERVICIOS VETERINARIOS,BOCA SERVICIOS VETERINARIOS,,,18.45,-69.6,manual_override,0.6,Bulldog,Male,1.0,1.0.0
517ac42af57c0a22eb4c059c3b788c51,517ac42af57c0a22eb4c059c3b788c51,00a036bd244f2275822b,IDEXX,baseline_historico,2025-05-20,5/20/25,5/20/25,Sin Limpieza/batch_118.pdf,batch_118.pdf,.,15.0,BOCA SERVICIOS VETERINARIOS,BOCA SERVICIOS VETERINARIOS,,,18.45,-69.6,manual_override,0.6,Bouvier des Flandres,Male,1.0,1.0.0
f212604eff8bc10316ae4c89d8084a74,f212604eff8bc10316ae4c89d8084a74,1102c0f0b59d2d224c73,IDEXX,baseline_historico,2025-05-19,5/19/25,5/19/25,Sin Limpieza/batch_118.pdf,batch_118.pdf,.,19.0,BOCA SERVICIOS VETERINARIOS,BOCA SERVICIOS VETERINARIOS,,,18.45,-69.6,manual_override,0.6,Toy Fox Terrier,Male,,1.0.0
bbb343edcb7f94e54c4bebdebda8ad81,bbb343edcb7f94e54c4bebdebda8ad81,b9f69c56153a0e5be783,IDEXX,baseline_historico,2025-02-12,2/12/25,2/12/25,Sin Limpieza/batch_119.pdf,batch_119.pdf,.,1.0,BOCA SERVICIOS VETERINARIOS,BOCA SERVICIOS VETERINARIOS,,,18.45,-69.6,manual_override,0.6,"Canine, Mixed Breed",,4.0,1.0.0
313cfd6709cf164925f6186968ce1044,313cfd6709cf164925f6186968ce1044,efbcd54da1bfa0bb3ac6,IDEXX,baseline_historico,2025-02-11,2/11/25,2/11/25,Sin Limpieza/batch_119.pdf,batch_119.pdf,.,3.0,BOCA SERVICIOS VETERINARIOS,BOCA SERVICIOS VETERINARIOS,,,18.45,-69.6,manual_override,0.6,"Canine, Mixed Breed",Male,8.0,1.0.0
8883706ff3e56eec113918c4666166c0,8883706ff3e56eec113918c4666166c0,0b0bd9e6d186ad0eb265,IDEXX,baseline_historico,2025-02-11,2/11/25,2/11/25,Sin Limpieza/batch_119.pdf,batch_119.pdf,.,5.0,BOCA SERVICIOS VETERINARIOS,BOCA SERVICIOS VETERINARIOS,,,18.45,-69.6,manual_override,0.6,"Canine, Mixed Breed DATE OF RESULT: 2/11/25",Male,,1.0.0
0af7cafba64749b8ecc6f5f407632543,0af7cafba64749b8ecc6f5f407632543,e31d1b7e13e025da9620,IDEXX,baseline_historico,2025-02-11,2/11/25,2/11/25,Sin Limpieza/batch_119.pdf,batch_119.pdf,.,7.0,BOCA SERVICIOS VETERINARIOS,BOCA SERVICIOS VETERINARIOS,,,18.45,-69.6,manual_override,0.6,Siberian Husky,Male,1.0,1.0.0
c6012acade06394a81f32da49742fe5e,c6012acade06394a81f32da49742fe5e,2ef75bb687ef66cce797,IDEXX,baseline_historico,2025-02-10,2/10/25,2/10/25,Sin Limpieza/batch_119.pdf,batch_119.pdf,.,9.0,BOCA SERVICIOS VETERINARIOS,BOCA SERVICIOS VETERINARIOS,,,18.45,-69.6,manual_override,0.6,Shih Tzu,Male,10.0,1.0.0
32b6fe8992129a9cb38142bd294c0923,32b6fe8992129a9cb38142bd294c0923,5dd68880bfbac8026d22,IDEXX,baseline_historico,2025-02-10,2/10/25,2/10/25,Sin Limpieza/batch_119.pdf,batch_119.pdf,.,11.0,BOCA SERVICIOS VETERINARIOS,BOCA SERVICIOS VETERINARIOS,,,18.45,-69.6,manual_override,0.6,German Shepherd,Female,10.0,1.0.0
7a54326128c47d8f27712b946228cd9e,7a54326128c47d8f27712b946228cd9e,3f0af903806c65b43e37,IDEXX,baseline_historico,2025-02-08,2/8/25,2/8/25,Sin Limpieza/batch_119.pdf,batch_119.pdf,.,15.0,BOCA SERVICIOS VETERINARIOS,BOCA SERVICIOS VETERINARIOS,,,18.45,-69.6,manual_override,0.6,"Canine, Mixed Breed",Male,6.0,1.0.0
a687430ad019355596b3752c5102d098,a687430ad019355596b3752c5102d098,f4bfeb4db37a6e087805,IDEXX,baseline_historico,2025-02-08,2/8/25,2/8/25,Sin Limpieza/batch_119.pdf,batch_119.pdf,.,17.0,BOCA SERVICIOS VETERINARIOS,BOCA SERVICIOS VETERINARIOS,,,18.45,-69.6,manual_override,0.6,Shih Tzu,Male,,1.0.0
e95f13d05c541abafdccc86627efbac8,e95f13d05c541abafdccc86627efbac8,14bad7cf92a9ce92d318,IDEXX,baseline_historico,2025-02-07,2/7/25,2/7/25,Sin Limpieza/batch_119.pdf,batch_119.pdf,.,19.0,BOCA SERVICIOS VETERINARIOS,BOCA SERVICIOS VETERINARIOS,,,18.45,-69.6,manual_override,0.6,"Canine, Other",Male,,1.0.0
93241e2d3cf5f9a72947a54a65f7addb,93241e2d3cf5f9a72947a54a65f7addb,6ab2137917f3e1dfe495,IDEXX,baseline_historico,2026-01-03,1/3/26,1/3/26,Sin Limpieza/batch_12.pdf,batch_12.pdf,.,1.0,BOCA SERVICIOS VETERINARIOS,BOCA SERVICIOS VETERINARIOS,,,18.45,-69.6,manual_override,0.6,"Cocker Spaniel, American",Male,3.0,1.0.0
daf25f7d7a622d0979f9847d1febaa79,daf25f7d7a622d0979f9847d1febaa79,2468b45ec3349c13ae77,IDEXX,baseline_historico,2026-01-02,1/2/26,1/2/26,Sin Limpieza/batch_12.pdf,batch_12.pdf,.,3.0,BOCA SERVICIOS VETERINARIOS,BOCA SERVICIOS VETERINARIOS,,,18.45,-69.6,manual_override,0.6,"Canine, Mixed Breed",Male,,1.0.0
b4a81b2eebb195599a52daec24ca8b1d,b4a81b2eebb195599a52daec24ca8b1d,af2e365ae8b8aaa5d11f,IDEXX,baseline_historico,2026-01-02,1/2/26,1/2/26,Sin Limpieza/batch_12.pdf,batch_12.pdf,.,5.0,BOCA SERVICIOS VETERINARIOS,BOCA SERVICIOS VETERINARIOS,,,18.45,-69.6,manual_override,0.6,German Shepherd,Male,4.0,1.0.0
b75f424e896fc2e141a112171adb7a0d,b75f424e896fc2e141a112171adb7a0d,2f4f00c8c270fa49385f,IDEXX,baseline_historico,2026-01-02,1/2/26,1/2/26,Sin Limpieza/batch_12.pdf,batch_12.pdf,.,7.0,BOCA SERVICIOS VETERINARIOS,BOCA SERVICIOS VETERINARIOS,,,18.45,-69.6,manual_override,0.6,Pomeranian,Female,11.0,1.0.0
80fe4dafbcd08da50a28205afe509024,80fe4dafbcd08da50a28205afe509024,9cf7fb0f7c0423701230,IDEXX,baseline_historico,2026-01-02,1/2/26,1/2/26,Sin Limpieza/batch_12.pdf,batch_12.pdf,.,9.0,BOCA SERVICIOS VETERINARIOS,BOCA SERVICIOS VETERINARIOS,,,18.45,-69.6,manual_override,0.6,"Canine, Mixed Breed",Male,,1.0.0
85f11e9ce2c279f67c2a75b3f373902e,85f11e9ce2c279f67c2a75b3f373902e,bc023ae3ccc3eb588777,IDEXX,baseline_historico,2026-01-01,1/1/26,1/1/26,Sin Limpieza/batch_12.pdf,batch_12.pdf,.,11.0,BOCA SERVICIOS VETERINARIOS,BOCA SERVICIOS VETERINARIOS,,,18.45,-69.6,manual_override,0.6,"Cocker Spaniel, American",Female,1.0,1.0.0
e198c9e41c6eb167abe4ebc109661aff,e198c9e41c6eb167abe4ebc109661aff,d18b9eb82ea3a2f61f36,IDEXX,baseline_historico,2025-12-30,12/30/25,12/30/25,Sin Limpieza/batch_12.pdf,batch_12.pdf,.,13.0,BOCA SERVICIOS VETERINARIOS,BOCA SERVICIOS VETERINARIOS,,,18.45,-69.6,manual_override,0.6,"Canine, Mixed Breed",Male,1.0,1.0.0
57aa75d444da1c58daff3c6d6daad953,57aa75d444da1c58daff3c6d6daad953,0b20dce99747e255a7f9,IDEXX,baseline_historico,2025-12-29,12/29/25,12/29/25,Sin Limpieza/batch_12.pdf,batch_12.pdf,.,15.0,BOCA SERVICIOS VETERINARIOS,BOCA SERVICIOS VETERINARIOS,,,18.45,-69.6,manual_override,0.6,"Canine, Other",Female,3.0,1.0.0
848175fcc46f7eec0af54707c7ef5513,848175fcc46f7eec0af54707c7ef5513,c2a94c5740bed7a2d9f1,IDEXX,baseline_historico,2025-12-29,12/29/25,12/29/25,Sin Limpieza/batch_12.pdf,batch_12.pdf,.,17.0,BOCA SERVICIOS VETERINARIOS,BOCA SERVICIOS VETERINARIOS,,,18.45,-69.6,manual_override,0.6,Pomeranian,Female,12.0,1.0.0
3efb3dbee9ba69f6bdfe8c72f73558a4,3efb3dbee9ba69f6bdfe8c72f73558a4,4e56607042ced007e368,IDEXX,baseline_historico,2025-12-29,12/29/25,12/29/25,Sin Limpieza/batch_12.pdf,batch_12.pdf,.,19.0,BOCA SERVICIOS VETERINARIOS,BOCA SERVICIOS VETERINARIOS,,,18.45,-69.6,manual_override,0.6,Pointer,Male,1.0,1.0.0
471868f2680a8c852d8963906ebeb806,471868f2680a8c852d8963906ebeb806,bc023ae3ccc3eb588777,IDEXX,baseline_historico,2025-01-25,1/25/25,1/25/25,Sin Limpieza/batch_120.pdf,batch_120.pdf,.,1.0,BOCA SERVICIOS VETERINARIOS,BOCA SERVICIOS VETERINARIOS,,,18.45,-69.6,manual_override,0.6,"Cocker Spaniel, American",Female,1.0,1.0.0
038152dae7b3eb7a5ecdacf98e99b77f,038152dae7b3eb7a5ecdacf98e99b77f,c3a159dec33eeb4d39ff,IDEXX,baseline_historico,2025-01-23,1/23/25,1/23/25,Sin Limpieza/batch_120.pdf,batch_120.pdf,.,3.0,BOCA SERVICIOS VETERINARIOS,BOCA SERVICIOS VETERINARIOS,,,18.45,-69.6,manual_override,0.6,Pomeranian,Male,3.0,1.0.0
1c9a6d4195d613ae03dbbe65181871b1,1c9a6d4195d613ae03dbbe65181871b1,4a2b0143eddfbb5751e6,IDEXX,baseline_historico,2025-01-23,1/23/25,1/23/25,Sin Limpieza/batch_120.pdf,batch_120.pdf,.,5.0,BOCA SERVICIOS VETERINARIOS,BOCA SERVICIOS VETERINARIOS,,,18.45,-69.6,manual_override,0.6,Chihuahua,Female,8.0,1.0.0
ec7cff3b5dad94d7e7887a0eb3181ccf,ec7cff3b5dad94d7e7887a0eb3181ccf,3e62df1e654b9f9851bc,IDEXX,baseline_historico,2025-01-23,1/23/25,1/23/25,Sin Limpieza/batch_120.pdf,batch_120.pdf,.,7.0,BOCA SERVICIOS VETERINARIOS,BOCA SERVICIOS VETERINARIOS,,,18.45,-69.6,manual_override,0.6,Bulldog,Female,7.0,1.0.0
c8a95ad336a6536d3c9d54bcdf0129ab,c8a95ad336a6536d3c9d54bcdf0129ab,35546635161f624fc7e8,IDEXX,baseline_historico,2025-01-23,1/23/25,1/23/25,Sin Limpieza/batch_120.pdf,batch_120.pdf,.,9.0,BOCA SERVICIOS VETERINARIOS,BOCA SERVICIOS VETERINARIOS,,,18.45,-69.6,manual_override,0.6,Bullmastiff,Male,1.0,1.0.0
b642b6120ef5c6a24b0b17884a217eaf,b642b6120ef5c6a24b0b17884a217eaf,3e62df1e654b9f9851bc,IDEXX,baseline_historico,2025-01-22,1/22/25,1/22/25,Sin Limpieza/batch_120.pdf,batch_120.pdf,.,13.0,BOCA SERVICIOS VETERINARIOS,BOCA SERVICIOS VETERINARIOS,,,18.45,-69.6,manual_override,0.6,Bulldog,Female,7.0,1.0.0
9a15296fb81d2ab13d01cfcdfb312599,9a15296fb81d2ab13d01cfcdfb312599,4a2b0143eddfbb5751e6,IDEXX,baseline_historico,2025-01-22,1/22/25,1/22/25,Sin Limpieza/batch_120.pdf,batch_120.pdf,.,15.0,BOCA SERVICIOS VETERINARIOS,BOCA SERVICIOS VETERINARIOS,,,18.45,-69.6,manual_override,0.6,Chihuahua,Female,8.0,1.0.0
c6e42baecb25418aa8b30fec8e1acbcb,c6e42baecb25418aa8b30fec8e1acbcb,d658bd9330dba72fae12,IDEXX,baseline_historico,2025-01-22,1/22/25,1/22/25,Sin Limpieza/batch_120.pdf,batch_120.pdf,.,17.0,BOCA SERVICIOS VETERINARIOS,BOCA SERVICIOS VETERINARIOS,,,18.45,-69.6,manual_override,0.6,Australian Shepherd,Male,2.0,1.0.0
c3cdd8f1b7574c2ad1559f5a8d06f719,c3cdd8f1b7574c2ad1559f5a8d06f719,bcb669ba8a14fa3de525,IDEXX,baseline_historico,2025-01-22,1/22/25,1/22/25,Sin Limpieza/batch_120.pdf,batch_120.pdf,.,19.0,BOCA SERVICIOS VETERINARIOS,BOCA SERVICIOS VETERINARIOS,,,18.45,-69.6,manual_override,0.6,"Canine, Mixed Breed",Male,4.0,1.0.0
cb8a2c72066ce84a4ea93cc150b854c5,cb8a2c72066ce84a4ea93cc150b854c5,3fead74c90d02ba52734,IDEXX,baseline_historico,2025-09-08,9/8/25,9/8/25,Sin Limpieza/batch_121.pdf,batch_121.pdf,.,1.0,BOCA SERVICIOS VETERINARIOS,BOCA SERVICIOS VETERINARIOS,,,18.45,-69.6,manual_override,0.6,Mixed,Male,,1.0.0
6bd506832d30d0d7452c7174aafc48cb,6bd506832d30d0d7452c7174aafc48cb,5713667b2d9b1290d4c1,IDEXX,baseline_historico,2025-02-20,2/20/25,2/20/25,Sin Limpieza/batch_121.pdf,batch_121.pdf,.,3.0,BOCA SERVICIOS VETERINARIOS,BOCA SERVICIOS VETERINARIOS,,,18.45,-69.6,manual_override,0.6,Yorkshire Terrier,Male,,1.0.0
d84dbe5870b4e50cfbdfc2302da9f47b,d84dbe5870b4e50cfbdfc2302da9f47b,38224f62379fbff8d9f4,IDEXX,baseline_historico,2025-02-19,2/19/25,2/19/25,Sin Limpieza/batch_121.pdf,batch_121.pdf,.,5.0,BOCA SERVICIOS VETERINARIOS,BOCA SERVICIOS VETERINARIOS,,,18.45,-69.6,manual_override,0.6,Pug,Female,4.0,1.0.0
94d39d144f6a5b1493f1411be49ab2e9,94d39d144f6a5b1493f1411be49ab2e9,33074a1a5602c697d7db,IDEXX,baseline_historico,2025-02-19,2/19/25,2/19/25,Sin Limpieza/batch_121.pdf,batch_121.pdf,.,7.0,BOCA SERVICIOS VETERINARIOS,BOCA SERVICIOS VETERINARIOS,,,18.45,-69.6,manual_override,0.6,Chihuahua,Male,9.0,1.0.0
09275369f6c9edbae491fb2eec800ef1,09275369f6c9edbae491fb2eec800ef1,efd5edb1345935f3ab09,IDEXX,baseline_historico,2025-02-19,2/19/25,2/19/25,Sin Limpieza/batch_121.pdf,batch_121.pdf,.,9.0,BOCA SERVICIOS VETERINARIOS,BOCA SERVICIOS VETERINARIOS,,,18.45,-69.6,manual_override,0.6,Miniature Schnauzer,Female,8.0,1.0.0
5c475475820737c7e4d590b64c51f000,5c475475820737c7e4d590b64c51f000,615d5e4a5033840fe4bb,IDEXX,baseline_historico,2025-02-19,2/19/25,2/19/25,Sin Limpieza/batch_121.pdf,batch_121.pdf,.,11.0,BOCA SERVICIOS VETERINARIOS,BOCA SERVICIOS VETERINARIOS,,,18.45,-69.6,manual_override,0.6,Chihuahua,Female,15.0,1.0.0
4d57ed2adb520606d89e07a75b44fb58,4d57ed2adb520606d89e07a75b44fb58,615d5e4a5033840fe4bb,IDEXX,baseline_historico,2025-02-18,2/18/25,2/18/25,Sin Limpieza/batch_121.pdf,batch_121.pdf,.,15.0,BOCA SERVICIOS VETERINARIOS,BOCA SERVICIOS VETERINARIOS,,,18.45,-69.6,manual_override,0.6,Chihuahua,Female,15.0,1.0.0
b39aee156ed81e0210add921539095f4,b39aee156ed81e0210add921539095f4,7f84bf6fc1fe587a81a2,IDEXX,baseline_historico,2025-02-18,2/18/25,2/18/25,Sin Limpieza/batch_121.pdf,batch_121.pdf,.,17.0,BOCA SERVICIOS VETERINARIOS,BOCA SERVICIOS VETERINARIOS,,,18.45,-69.6,manual_override,0.6,"Canine, Mixed Breed",Male,3.0,1.0.0
4458e369bdeeaf2c4623590119d7b4fe,4458e369bdeeaf2c4623590119d7b4fe,a2832d9adb299d6b6c68,IDEXX,baseline_historico,2025-02-17,2/17/25,2/17/25,Sin Limpieza/batch_121.pdf,batch_121.pdf,.,19.0,BOCA SERVICIOS VETERINARIOS,BOCA SERVICIOS VETERINARIOS,,,18.45,-69.6,manual_override,0.6,"santo domingo, do 0000 DATE OF RECEIPT: 2/17/25",Female,16.0,1.0.0
63b97ca94721002d9b8c72dc7fa71c65,63b97ca94721002d9b8c72dc7fa71c65,e2433144172381bcd199,IDEXX,baseline_historico,2025-01-29,1/29/25,1/29/25,Sin Limpieza/batch_122.pdf,batch_122.pdf,.,3.0,BOCA SERVICIOS VETERINARIOS,BOCA SERVICIOS VETERINARIOS,,,18.45,-69.6,manual_override,0.6,Chihuahua,Female,2.0,1.0.0
7927757739bc3c3fb20c339e415644dd,7927757739bc3c3fb20c339e415644dd,691e775c75b5b8fba8f4,IDEXX,baseline_historico,2025-01-29,1/29/25,1/29/25,Sin Limpieza/batch_122.pdf,batch_122.pdf,.,5.0,BOCA SERVICIOS VETERINARIOS,BOCA SERVICIOS VETERINARIOS,,,18.45,-69.6,manual_override,0.6,Australian Shepherd,,14.0,1.0.0
16f38a2a9f36d5d04f3c6aea91f8409d,16f38a2a9f36d5d04f3c6aea91f8409d,741525288ed438fae635,IDEXX,baseline_historico,2025-01-28,1/28/25,1/28/25,Sin Limpieza/batch_122.pdf,batch_122.pdf,.,9.0,BOCA SERVICIOS VETERINARIOS,BOCA SERVICIOS VETERINARIOS,,,18.45,-69.6,manual_override,0.6,Shih Tzu,Female,1.0,1.0.0
a2abcf7d5f7d107f444537ab8f56b24a,a2abcf7d5f7d107f444537ab8f56b24a,eb7e811ece3ee28279a0,IDEXX,baseline_historico,2025-01-28,1/28/25,1/28/25,Sin Limpieza/batch_122.pdf,batch_122.pdf,.,11.0,BOCA SERVICIOS VETERINARIOS,BOCA SERVICIOS VETERINARIOS,,,18.45,-69.6,manual_override,0.6,German Shepherd,Female,7.0,1.0.0
b5df2e3fb749fa066c55923bd1ebcc09,b5df2e3fb749fa066c55923bd1ebcc09,5b2580dae088a6468714,IDEXX,baseline_historico,2025-01-27,1/27/25,1/27/25,Sin Limpieza/batch_122.pdf,batch_122.pdf,.,13.0,BOCA SERVICIOS VETERINARIOS,BOCA SERVICIOS VETERINARIOS,,,18.45,-69.6,manual_override,0.6,Dalmatian,Male,11.0,1.0.0
1fce9bce825035c3193303124c8b77b3,1fce9bce825035c3193303124c8b77b3,ef71f9273c460ed1632b,IDEXX,baseline_historico,2025-01-26,1/26/25,1/26/25,Sin Limpieza/batch_122.pdf,batch_122.pdf,.,15.0,BOCA SERVICIOS VETERINARIOS,BOCA SERVICIOS VETERINARIOS,,,18.45,-69.6,manual_override,0.6,"Schnauzer, Standard",,3.0,1.0.0
4bc19e9e137d6020c967025926c3cb0e,4bc19e9e137d6020c967025926c3cb0e,5b2580dae088a6468714,IDEXX,baseline_historico,2025-01-26,1/26/25,1/26/25,Sin Limpieza/batch_122.pdf,batch_122.pdf,.,17.0,BOCA SERVICIOS VETERINARIOS,BOCA SERVICIOS VETERINARIOS,,,18.45,-69.6,manual_override,0.6,Dalmatian,Male,11.0,1.0.0
e97591bfaf8f7ed803bc50997aaa64ed,e97591bfaf8f7ed803bc50997aaa64ed,985462264f79d09029c1,IDEXX,baseline_historico,2025-01-26,1/26/25,1/26/25,Sin Limpieza/batch_122.pdf,batch_122.pdf,.,19.0,BOCA SERVICIOS VETERINARIOS,BOCA SERVICIOS VETERINARIOS,,,18.45,-69.6,manual_override,0.6,Pomeranian,Male,6.0,1.0.0
9d0115ec7de4b82e12363e87f6316be5,9d0115ec7de4b82e12363e87f6316be5,8dd639d5a82f100d256f,IDEXX,baseline_historico,2025-02-06,2/6/25,2/6/25,Sin Limpieza/batch_123.pdf,batch_123.pdf,.,1.0,BOCA SERVICIOS VETERINARIOS,BOCA SERVICIOS VETERINARIOS,,,18.45,-69.6,manual_override,0.6,German Shepherd,Male,,1.0.0
24589a6fb843583d52a845f8c9da68b5,24589a6fb843583d52a845f8c9da68b5,691e775c75b5b8fba8f4,IDEXX,baseline_historico,2025-02-05,2/5/25,2/5/25,Sin Limpieza/batch_123.pdf,batch_123.pdf,.,3.0,BOCA SERVICIOS VETERINARIOS,BOCA SERVICIOS VETERINARIOS,,,18.45,-69.6,manual_override,0.6,Australian Shepherd,,14.0,1.0.0
a7aafe6ec2c7be511f9ca8ce4b3335bf,a7aafe6ec2c7be511f9ca8ce4b3335bf,6ceb81a652ebd9ed1e5b,IDEXX,baseline_historico,2025-02-05,2/5/25,2/5/25,Sin Limpieza/batch_123.pdf,batch_123.pdf,.,5.0,BOCA SERVICIOS VETERINARIOS,BOCA SERVICIOS VETERINARIOS,,,18.45,-69.6,manual_override,0.6,"Canine, Mixed Breed",Male,5.0,1.0.0
d4fe93ade0c38a7e0b57e0023fc0482c,d4fe93ade0c38a7e0b57e0023fc0482c,217c9b7f8e1d6702ff65,IDEXX,baseline_historico,2025-02-05,2/5/25,2/5/25,Sin Limpieza/batch_123.pdf,batch_123.pdf,.,7.0,BOCA SERVICIOS VETERINARIOS,BOCA SERVICIOS VETERINARIOS,,,18.45,-69.6,manual_override,0.6,"Canine, Mixed Breed",Male,2.0,1.0.0
189f4f81deba5ca172aef96054438c9a,189f4f81deba5ca172aef96054438c9a,9ff34efcc267258eea0e,IDEXX,baseline_historico,2025-02-04,2/4/25,2/4/25,Sin Limpieza/batch_123.pdf,batch_123.pdf,.,11.0,BOCA SERVICIOS VETERINARIOS,BOCA SERVICIOS VETERINARIOS,,,18.45,-69.6,manual_override,0.6,"Canine, Mixed Breed",Female,9.0,1.0.0
ea5448a4ebca7655637e2e06f2dfb9d7,ea5448a4ebca7655637e2e06f2dfb9d7,09c6b41ac352ffc4f691,IDEXX,baseline_historico,2025-02-03,2/3/25,2/3/25,Sin Limpieza/batch_123.pdf,batch_123.pdf,.,13.0,BOCA SERVICIOS VETERINARIOS,BOCA SERVICIOS VETERINARIOS,,,18.45,-69.6,manual_override,0.6,Poodle,Female,11.0,1.0.0
b62bfbc2ee25840c8a1001df74958fb8,b62bfbc2ee25840c8a1001df74958fb8,51faf7ee8ece5218fd4f,IDEXX,baseline_historico,2025-02-03,2/3/25,2/3/25,Sin Limpieza/batch_123.pdf,batch_123.pdf,.,15.0,BOCA SERVICIOS VETERINARIOS,BOCA SERVICIOS VETERINARIOS,,,18.45,-69.6,manual_override,0.6,Yorkshire Terrier,Female,15.0,1.0.0
bb275a6dd22d3268f29756acbd066005,bb275a6dd22d3268f29756acbd066005,1c4cfc187a8dfe988398,IDEXX,baseline_historico,2025-01-30,1/30/25,1/30/25,Sin Limpieza/batch_123.pdf,batch_123.pdf,.,19.0,BOCA SERVICIOS VETERINARIOS,BOCA SERVICIOS VETERINARIOS,,,18.45,-69.6,manual_override,0.6,"santo domingo, do 0000 DATE OF RECEIPT: 1/30/25",,2.0,1.0.0
b7a3a8976dd5b5fc72ab4a1b7841a694,b7a3a8976dd5b5fc72ab4a1b7841a694,e9d3ccf9147086015a0f,IDEXX,baseline_historico,2025-02-25,2/25/25,2/25/25,Sin Limpieza/batch_124.pdf,batch_124.pdf,.,1.0,BOCA SERVICIOS VETERINARIOS,BOCA SERVICIOS VETERINARIOS,,,18.45,-69.6,manual_override,0.6,Yorkshire Terrier,Female,4.0,1.0.0
79a834cc728602ad74cfe1e976672038,79a834cc728602ad74cfe1e976672038,49df0c09234604b6b65b,IDEXX,baseline_historico,2025-02-24,2/24/25,2/24/25,Sin Limpieza/batch_124.pdf,batch_124.pdf,.,7.0,BOCA SERVICIOS VETERINARIOS,BOCA SERVICIOS VETERINARIOS,,,18.45,-69.6,manual_override,0.6,Shih Tzu,Male,,1.0.0
c0f1e9299c346a063db2e626ce77e670,c0f1e9299c346a063db2e626ce77e670,c1c1991989422424d5fd,IDEXX,baseline_historico,2025-02-22,2/22/25,2/22/25,Sin Limpieza/batch_124.pdf,batch_124.pdf,.,9.0,BOCA SERVICIOS VETERINARIOS,BOCA SERVICIOS VETERINARIOS,,,18.45,-69.6,manual_override,0.6,Bulldog,Male,,1.0.0
5ee47023b660eb85f0d39d277ab4631b,5ee47023b660eb85f0d39d277ab4631b,741525288ed438fae635,IDEXX,baseline_historico,2025-02-21,2/21/25,2/21/25,Sin Limpieza/batch_124.pdf,batch_124.pdf,.,11.0,BOCA SERVICIOS VETERINARIOS,BOCA SERVICIOS VETERINARIOS,,,18.45,-69.6,manual_override,0.6,Shih Tzu,Female,1.0,1.0.0
eeb4932ae3846764eebaa8f5c4fd8232,eeb4932ae3846764eebaa8f5c4fd8232,abe6324d187eadeb4dcc,IDEXX,baseline_historico,2025-02-21,2/21/25,2/21/25,Sin Limpieza/batch_124.pdf,batch_124.pdf,.,13.0,BOCA SERVICIOS VETERINARIOS,BOCA SERVICIOS VETERINARIOS,,,18.45,-69.6,manual_override,0.6,Bulldog,Male,4.0,1.0.0
6c58a49868c837384927bafbc6b5c5b5,6c58a49868c837384927bafbc6b5c5b5,d71a20253ae4cdc86c1c,IDEXX,baseline_historico,2025-02-20,2/20/25,2/20/25,Sin Limpieza/batch_124.pdf,batch_124.pdf,.,17.0,BOCA SERVICIOS VETERINARIOS,BOCA SERVICIOS VETERINARIOS,,,18.45,-69.6,manual_override,0.6,Shih Tzu,Female,2.0,1.0.0
993688158af103ed6ad7d8f18afa5a9c,993688158af103ed6ad7d8f18afa5a9c,f36f1014555a4f8ec2ea,IDEXX,baseline_historico,2025-02-19,2/19/25,2/19/25,Sin Limpieza/batch_124.pdf,batch_124.pdf,.,19.0,BOCA SERVICIOS VETERINARIOS,BOCA SERVICIOS VETERINARIOS,,,18.45,-69.6,manual_override,0.6,"Canine, Mixed Breed",Female,6.0,1.0.0
263aa06a45b85ddf17be723ec9eb8a54,263aa06a45b85ddf17be723ec9eb8a54,5c34a934c9768ead6e07,IDEXX,baseline_historico,2025-01-22,1/22/25,1/22/25,Sin Limpieza/batch_125.pdf,batch_125.pdf,.,1.0,BOCA SERVICIOS VETERINARIOS,BOCA SERVICIOS VETERINARIOS,,,18.45,-69.6,manual_override,0.6,Chihuahua,Female,5.0,1.0.0
103be4c8cd8dc32c2287c81aacbf0e82,103be4c8cd8dc32c2287c81aacbf0e82,b3dc098f7dca5a4de98e,IDEXX,baseline_historico,2025-01-22,1/22/25,1/22/25,Sin Limpieza/batch_125.pdf,batch_125.pdf,.,3.0,BOCA SERVICIOS VETERINARIOS,BOCA SERVICIOS VETERINARIOS,,,18.45,-69.6,manual_override,0.6,Siberian Husky,Female,9.0,1.0.0
87df480786d175d905c21a0dd2fc4e74,87df480786d175d905c21a0dd2fc4e74,92c372667006c6dc7f13,IDEXX,baseline_historico,2025-01-22,1/22/25,1/22/25,Sin Limpieza/batch_125.pdf,batch_125.pdf,.,5.0,BOCA SERVICIOS VETERINARIOS,BOCA SERVICIOS VETERINARIOS,,,18.45,-69.6,manual_override,0.6,"Canine, Mixed Breed",,5.0,1.0.0
855b7ad11896a170c0bfb8136f3efcd4,855b7ad11896a170c0bfb8136f3efcd4,070f97bbc0a2227e4d9e,IDEXX,baseline_historico,2025-01-22,1/22/25,1/22/25,Sin Limpieza/batch_125.pdf,batch_125.pdf,.,7.0,BOCA SERVICIOS VETERINARIOS,BOCA SERVICIOS VETERINARIOS,,,18.45,-69.6,manual_override,0.6,Siberian Husky,Male,1.0,1.0.0
1a4b9f5854cefb969b7e13fc340c3984,1a4b9f5854cefb969b7e13fc340c3984,b8a2987d7a3983e6d937,IDEXX,baseline_historico,2025-01-20,1/20/25,1/20/25,Sin Limpieza/batch_125.pdf,batch_125.pdf,.,9.0,BOCA SERVICIOS VETERINARIOS,BOCA SERVICIOS VETERINARIOS,,,18.45,-69.6,manual_override,0.6,French Bulldog,Female,,1.0.0
a7bdf9487c48cabbe3392cd3724097e7,a7bdf9487c48cabbe3392cd3724097e7,8933ac6cdec1161da87b,IDEXX,baseline_historico,2025-01-20,1/20/25,1/20/25,Sin Limpieza/batch_125.pdf,batch_125.pdf,.,11.0,BOCA SERVICIOS VETERINARIOS,BOCA SERVICIOS VETERINARIOS,,,18.45,-69.6,manual_override,0.6,Bulldog,,2.0,1.0.0
92bf84ef4833d945323dcef9971dab4a,92bf84ef4833d945323dcef9971dab4a,0ada30ec600b5bb9e6ba,IDEXX,baseline_historico,2025-01-20,1/20/25,1/20/25,Sin Limpieza/batch_125.pdf,batch_125.pdf,.,15.0,BOCA SERVICIOS VETERINARIOS,BOCA SERVICIOS VETERINARIOS,,,18.45,-69.6,manual_override,0.6,"Canine, Other",Male,5.0,1.0.0
6ce30a92284b7af2eb3438064edf85bc,6ce30a92284b7af2eb3438064edf85bc,6e5d3043b0f42ba541dc,IDEXX,baseline_historico,2025-01-20,1/20/25,1/20/25,Sin Limpieza/batch_125.pdf,batch_125.pdf,.,19.0,BOCA SERVICIOS VETERINARIOS,BOCA SERVICIOS VETERINARIOS,,,18.45,-69.6,manual_override,0.6,French Bulldog,Male,5.0,1.0.0
f8c98e589cbb7ab61810ece5a240c149,f8c98e589cbb7ab61810ece5a240c149,c1c1991989422424d5fd,IDEXX,baseline_historico,2025-01-08,1/8/25,1/8/25,Sin Limpieza/batch_126.pdf,batch_126.pdf,.,1.0,BOCA SERVICIOS VETERINARIOS,BOCA SERVICIOS VETERINARIOS,,,18.45,-69.6,manual_override,0.6,Bulldog,Male,,1.0.0
654d8f6013ba0e19b943dd4614abd2a6,654d8f6013ba0e19b943dd4614abd2a6,a75e1eff9ce691d821dd,IDEXX,baseline_historico,2025-01-07,1/7/25,1/7/25,Sin Limpieza/batch_126.pdf,batch_126.pdf,.,3.0,BOCA SERVICIOS VETERINARIOS,BOCA SERVICIOS VETERINARIOS,,,18.45,-69.6,manual_override,0.6,Golden Retriever,Male,5.0,1.0.0
30c164cbc9d103feeaca9e6b92ef0bbf,30c164cbc9d103feeaca9e6b92ef0bbf,b3a32323177efc6f4025,IDEXX,baseline_historico,2025-01-07,1/7/25,1/7/25,Sin Limpieza/batch_126.pdf,batch_126.pdf,.,7.0,BOCA SERVICIOS VETERINARIOS,BOCA SERVICIOS VETERINARIOS,,,18.45,-69.6,manual_override,0.6,Poodle,Male,,1.0.0
dcbded45ca3a5a772694b30089520d1a,dcbded45ca3a5a772694b30089520d1a,fa575e90c3f46bc13f06,IDEXX,baseline_historico,2025-01-07,1/7/25,1/7/25,Sin Limpieza/batch_126.pdf,batch_126.pdf,.,9.0,BOCA SERVICIOS VETERINARIOS,BOCA SERVICIOS VETERINARIOS,,,18.45,-69.6,manual_override,0.6,"Canine, Other",Male,,1.0.0
8caa360f7914d92d7ab2101add50a0ff,8caa360f7914d92d7ab2101add50a0ff,bb90cbd7798fde136240,IDEXX,baseline_historico,2025-03-10,3/10/25,3/10/25,Sin Limpieza/batch_127.pdf,batch_127.pdf,.,1.0,BOCA SERVICIOS VETERINARIOS,BOCA SERVICIOS VETERINARIOS,,,18.45,-69.6,manual_override,0.6,Pug,Male,4.0,1.0.0
e5632d85e847ae94210e3441800394ef,e5632d85e847ae94210e3441800394ef,bbb5a872db00fdcb8b8f,IDEXX,baseline_historico,2025-03-10,3/10/25,3/10/25,Sin Limpieza/batch_127.pdf,batch_127.pdf,.,3.0,BOCA SERVICIOS VETERINARIOS,BOCA SERVICIOS VETERINARIOS,,,18.45,-69.6,manual_override,0.6,"Canine, Other",Male,,1.0.0
17ceffd987476bbb66efd18e44c067e7,17ceffd987476bbb66efd18e44c067e7,fa0d2204875b3b5d8c90,IDEXX,baseline_historico,2025-03-10,3/10/25,3/10/25,Sin Limpieza/batch_127.pdf,batch_127.pdf,.,5.0,BOCA SERVICIOS VETERINARIOS,BOCA SERVICIOS VETERINARIOS,,,18.45,-69.6,manual_override,0.6,Boxer,Female,10.0,1.0.0
f9e65c15b095ee750eabe0523c30af7d,f9e65c15b095ee750eabe0523c30af7d,0837d7a7c5d9e8b6fcd1,IDEXX,baseline_historico,2025-03-06,3/6/25,3/6/25,Sin Limpieza/batch_127.pdf,batch_127.pdf,.,7.0,BOCA SERVICIOS VETERINARIOS,BOCA SERVICIOS VETERINARIOS,,,18.45,-69.6,manual_override,0.6,"Canine, Other",Female,,1.0.0
5f1317c60285e5101469ec952414f879,5f1317c60285e5101469ec952414f879,8ae7f2c509eeec54d8e9,IDEXX,baseline_historico,2025-03-06,3/6/25,3/6/25,Sin Limpieza/batch_127.pdf,batch_127.pdf,.,9.0,BOCA SERVICIOS VETERINARIOS,BOCA SERVICIOS VETERINARIOS,,,18.45,-69.6,manual_override,0.6,Chihuahua,Female,12.0,1.0.0
428d9f320d3d0d2768f7d097c8150923,428d9f320d3d0d2768f7d097c8150923,a3f2536c5f7bbabb0bfa,IDEXX,baseline_historico,2025-03-06,3/6/25,3/6/25,Sin Limpieza/batch_127.pdf,batch_127.pdf,.,11.0,BOCA SERVICIOS VETERINARIOS,BOCA SERVICIOS VETERINARIOS,,,18.45,-69.6,manual_override,0.6,DATE OF RESULT: 3/6/25,Female,,1.0.0
a81c83afcc9221e144830588bb9c6a67,a81c83afcc9221e144830588bb9c6a67,e0321d55733a448e64af,IDEXX,baseline_historico,2025-03-05,3/5/25,3/5/25,Sin Limpieza/batch_127.pdf,batch_127.pdf,.,13.0,BOCA SERVICIOS VETERINARIOS,BOCA SERVICIOS VETERINARIOS,,,18.45,-69.6,manual_override,0.6,"Cocker Spaniel, American",Male,10.0,1.0.0
58367a0a6756751fe115d3d179bc7e02,58367a0a6756751fe115d3d179bc7e02,e929b9bdfa922d8bcadc,IDEXX,baseline_historico,2025-03-05,3/5/25,3/5/25,Sin Limpieza/batch_127.pdf,batch_127.pdf,.,17.0,BOCA SERVICIOS VETERINARIOS,BOCA SERVICIOS VETERINARIOS,,,18.45,-69.6,manual_override,0.6,French Bulldog,Female,9.0,1.0.0
44b80b7afd7095884ffe1e1617d04f0e,44b80b7afd7095884ffe1e1617d04f0e,9b75a62e09102524ddcf,IDEXX,baseline_historico,2025-03-04,3/4/25,3/4/25,Sin Limpieza/batch_127.pdf,batch_127.pdf,.,19.0,BOCA SERVICIOS VETERINARIOS,BOCA SERVICIOS VETERINARIOS,,,18.45,-69.6,manual_override,0.6,"santo domingo, do 0000 DATE OF RECEIPT: 3/4/25",Female,15.0,1.0.0
65adf148484e2b9f1f5438d151460f42,65adf148484e2b9f1f5438d151460f42,612fc9369983f8dea4f5,IDEXX,baseline_historico,2024-12-27,12/27/24,12/27/24,Sin Limpieza/batch_128.pdf,batch_128.pdf,.,1.0,BOCA SERVICIOS VETERINARIOS,BOCA SERVICIOS VETERINARIOS,,,18.45,-69.6,manual_override,0.6,Bulldog,Female,2.0,1.0.0
67f3feb4c8a1c1afeb2444e399a991bb,67f3feb4c8a1c1afeb2444e399a991bb,38b84723faf6114bd71a,IDEXX,baseline_historico,2024-12-26,12/26/24,12/26/24,Sin Limpieza/batch_128.pdf,batch_128.pdf,.,3.0,BOCA SERVICIOS VETERINARIOS,BOCA SERVICIOS VETERINARIOS,,,18.45,-69.6,manual_override,0.6,Golden Retriever,Female,1.0,1.0.0
ec3c063ea0bfbec4ddadd30b1d57a45e,ec3c063ea0bfbec4ddadd30b1d57a45e,88522a4808e7d4aa145b,IDEXX,baseline_historico,2024-12-26,12/26/24,12/26/24,Sin Limpieza/batch_128.pdf,batch_128.pdf,.,5.0,BOCA SERVICIOS VETERINARIOS,BOCA SERVICIOS VETERINARIOS,,,18.45,-69.6,manual_override,0.6,Yorkshire Terrier,Female,3.0,1.0.0
971056013a66c31c377248eda9a9a97b,971056013a66c31c377248eda9a9a97b,9278d96ca14dfdee9ede,IDEXX,baseline_historico,2024-12-26,12/26/24,12/26/24,Sin Limpieza/batch_128.pdf,batch_128.pdf,.,7.0,BOCA SERVICIOS VETERINARIOS,BOCA SERVICIOS VETERINARIOS,,,18.45,-69.6,manual_override,0.6,Maltese,Female,9.0,1.0.0
e3d6bbffc52ccce8276b7c055f5a6ed0,e3d6bbffc52ccce8276b7c055f5a6ed0,d3563c1f12db0d5dadd7,IDEXX,baseline_historico,2024-12-26,12/26/24,12/26/24,Sin Limpieza/batch_128.pdf,batch_128.pdf,.,9.0,BOCA SERVICIOS VETERINARIOS,BOCA SERVICIOS VETERINARIOS,,,18.45,-69.6,manual_override,0.6,German Shepherd,Male,2.0,1.0.0
85121958a2ca9bdcbf32a06664cd4c6a,85121958a2ca9bdcbf32a06664cd4c6a,2d8019eb9f0a358c4e06,IDEXX,baseline_historico,2024-12-25,12/25/24,12/25/24,Sin Limpieza/batch_128.pdf,batch_128.pdf,.,11.0,BOCA SERVICIOS VETERINARIOS,BOCA SERVICIOS VETERINARIOS,,,18.45,-69.6,manual_override,0.6,Poodle,Female,4.0,1.0.0
867b80a48375e26aabe19cc77446fc91,867b80a48375e26aabe19cc77446fc91,3a691608c1456f98e4a4,IDEXX,baseline_historico,2024-12-23,12/23/24,12/23/24,Sin Limpieza/batch_128.pdf,batch_128.pdf,.,13.0,BOCA SERVICIOS VETERINARIOS,BOCA SERVICIOS VETERINARIOS,,,18.45,-69.6,manual_override,0.6,"Canine, Mixed Breed",Male,2.0,1.0.0
ce4857223175da971a009279705a1baa,ce4857223175da971a009279705a1baa,f36f1014555a4f8ec2ea,IDEXX,baseline_historico,2024-12-23,12/23/24,12/23/24,Sin Limpieza/batch_128.pdf,batch_128.pdf,.,17.0,BOCA SERVICIOS VETERINARIOS,BOCA SERVICIOS VETERINARIOS,,,18.45,-69.6,manual_override,0.6,"Canine, Mixed Breed",Female,6.0,1.0.0
49065a2774adb8e3409592f50e711f02,49065a2774adb8e3409592f50e711f02,fa0d2204875b3b5d8c90,IDEXX,baseline_historico,2025-03-12,3/12/25,3/12/25,Sin Limpieza/batch_129.pdf,batch_129.pdf,.,1.0,BOCA SERVICIOS VETERINARIOS,BOCA SERVICIOS VETERINARIOS,,,18.45,-69.6,manual_override,0.6,Boxer,Female,10.0,1.0.0
f1a56e22d880531a8155b73668c6a6cf,f1a56e22d880531a8155b73668c6a6cf,e0321d55733a448e64af,IDEXX,baseline_historico,2025-03-11,3/11/25,3/11/25,Sin Limpieza/batch_129.pdf,batch_129.pdf,.,3.0,BOCA SERVICIOS VETERINARIOS,BOCA SERVICIOS VETERINARIOS,,,18.45,-69.6,manual_override,0.6,"Cocker Spaniel, American",Male,10.0,1.0.0
6c42d088ace03c4e4035880710105ea2,6c42d088ace03c4e4035880710105ea2,40e9c7f5d5dcd036d2c7,IDEXX,baseline_historico,2025-03-11,3/11/25,3/11/25,Sin Limpieza/batch_129.pdf,batch_129.pdf,.,7.0,BOCA SERVICIOS VETERINARIOS,BOCA SERVICIOS VETERINARIOS,,,18.45,-69.6,manual_override,0.6,Yorkshire Terrier,Female,,1.0.0
d9ff011d34a02f175f18760e9fdda06d,d9ff011d34a02f175f18760e9fdda06d,92f992da0e396150ee89,IDEXX,baseline_historico,2025-03-11,3/11/25,3/11/25,Sin Limpieza/batch_129.pdf,batch_129.pdf,.,9.0,BOCA SERVICIOS VETERINARIOS,BOCA SERVICIOS VETERINARIOS,,,18.45,-69.6,manual_override,0.6,"Canine, Mixed Breed",Female,7.0,1.0.0
a342bf11d199d3b62e873173bcdb9e33,a342bf11d199d3b62e873173bcdb9e33,05327c50e33649ba5bd4,IDEXX,baseline_historico,2025-03-11,3/11/25,3/11/25,Sin Limpieza/batch_129.pdf,batch_129.pdf,.,11.0,BOCA SERVICIOS VETERINARIOS,BOCA SERVICIOS VETERINARIOS,,,18.45,-69.6,manual_override,0.6,Shih Tzu,Female,13.0,1.0.0
d9ce2c95a9246a5f63050f624690122d,d9ce2c95a9246a5f63050f624690122d,13d2cc406fb5c7fa07e7,IDEXX,baseline_historico,2025-03-11,3/11/25,3/11/25,Sin Limpieza/batch_129.pdf,batch_129.pdf,.,13.0,BOCA SERVICIOS VETERINARIOS,BOCA SERVICIOS VETERINARIOS,,,18.45,-69.6,manual_override,0.6,Miniature Bull Terrier,Female,3.0,1.0.0
4bcad240c59c09dad4cbd338bdc35764,4bcad240c59c09dad4cbd338bdc35764,f6245faecb1be9633f8a,IDEXX,baseline_historico,2025-03-10,3/10/25,3/10/25,Sin Limpieza/batch_129.pdf,batch_129.pdf,.,15.0,BOCA SERVICIOS VETERINARIOS,BOCA SERVICIOS VETERINARIOS,,,18.45,-69.6,manual_override,0.6,Chihuahua,Female,8.0,1.0.0
8815c77b4cc8f757fe274b56d70b5b7e,8815c77b4cc8f757fe274b56d70b5b7e,b8d52478f9737ae3b18a,IDEXX,baseline_historico,2025-03-10,3/10/25,3/10/25,Sin Limpieza/batch_129.pdf,batch_129.pdf,.,17.0,BOCA SERVICIOS VETERINARIOS,BOCA SERVICIOS VETERINARIOS,,,18.45,-69.6,manual_override,0.6,Shih Tzu,Male,,1.0.0
e5c1cc0bab6a528e9e2780cef23e86e3,e5c1cc0bab6a528e9e2780cef23e86e3,d95b7187cda19da02baa,IDEXX,baseline_historico,2025-03-10,3/10/25,3/10/25,Sin Limpieza/batch_129.pdf,batch_129.pdf,.,19.0,BOCA SERVICIOS VETERINARIOS,BOCA SERVICIOS VETERINARIOS,,,18.45,-69.6,manual_override,0.6,"Canine, Other",Male,3.0,1.0.0
d523b1585823b5979af4996545f964a1,d523b1585823b5979af4996545f964a1,7c8cee27dccac9afcc96,IDEXX,baseline_historico,2025-12-11,12/11/25,12/11/25,Sin Limpieza/batch_13.pdf,batch_13.pdf,.,1.0,BOCA SERVICIOS VETERINARIOS,BOCA SERVICIOS VETERINARIOS,,,18.45,-69.6,manual_override,0.6,"santo domingo, do 0000 DATE OF RECEIPT: 12/11/25",Male,4.0,1.0.0
96233888ea0d692edb671c75b07d9f90,96233888ea0d692edb671c75b07d9f90,079084a19790711db3d8,IDEXX,baseline_historico,2025-12-10,12/10/25,12/10/25,Sin Limpieza/batch_13.pdf,batch_13.pdf,.,3.0,BOCA SERVICIOS VETERINARIOS,BOCA SERVICIOS VETERINARIOS,,,18.45,-69.6,manual_override,0.6,Poodle,Male,5.0,1.0.0
1f755c0080593079d2614989cf57aa21,1f755c0080593079d2614989cf57aa21,45d48beba57c3397f26c,IDEXX,baseline_historico,2025-12-10,12/10/25,12/10/25,Sin Limpieza/batch_13.pdf,batch_13.pdf,.,5.0,BOCA SERVICIOS VETERINARIOS,BOCA SERVICIOS VETERINARIOS,,,18.45,-69.6,manual_override,0.6,Poodle,Female,8.0,1.0.0
5d07b7054d8055d705fa929f87bf8bd3,5d07b7054d8055d705fa929f87bf8bd3,51b9714db6a88a2d5c74,IDEXX,baseline_historico,2025-12-10,12/10/25,12/10/25,Sin Limpieza/batch_13.pdf,batch_13.pdf,.,7.0,BOCA SERVICIOS VETERINARIOS,BOCA SERVICIOS VETERINARIOS,,,18.45,-69.6,manual_override,0.6,Pomeranian,Male,8.0,1.0.0
f4bb6fb99341ae4623b786d23b86e346,f4bb6fb99341ae4623b786d23b86e346,512e7fd73baa482381ce,IDEXX,baseline_historico,2025-12-10,12/10/25,12/10/25,Sin Limpieza/batch_13.pdf,batch_13.pdf,.,9.0,BOCA SERVICIOS VETERINARIOS,BOCA SERVICIOS VETERINARIOS,,,18.45,-69.6,manual_override,0.6,"Canine, Mixed Breed",Female,6.0,1.0.0
6a2fede7fe17ee876adad6bdaa13938a,6a2fede7fe17ee876adad6bdaa13938a,d7e836416c5185bce005,IDEXX,baseline_historico,2025-12-10,12/10/25,12/10/25,Sin Limpieza/batch_13.pdf,batch_13.pdf,.,13.0,BOCA SERVICIOS VETERINARIOS,BOCA SERVICIOS VETERINARIOS,,,18.45,-69.6,manual_override,0.6,"Canine, Mixed Breed",Female,3.0,1.0.0
4e49e354369f3ae72b6a59f7bb475894,4e49e354369f3ae72b6a59f7bb475894,33ff6b6f470cc4e276d1,IDEXX,baseline_historico,2025-12-09,12/9/25,12/9/25,Sin Limpieza/batch_13.pdf,batch_13.pdf,.,15.0,BOCA SERVICIOS VETERINARIOS,BOCA SERVICIOS VETERINARIOS,,,18.45,-69.6,manual_override,0.6,Siberian Husky,Male,,1.0.0
22ab2b7497a9852850e4496e647164e4,22ab2b7497a9852850e4496e647164e4,cba1f13a28b7ad91d03c,IDEXX,baseline_historico,2025-12-09,12/9/25,12/9/25,Sin Limpieza/batch_13.pdf,batch_13.pdf,.,17.0,BOCA SERVICIOS VETERINARIOS,BOCA SERVICIOS VETERINARIOS,,,18.45,-69.6,manual_override,0.6,American Staffordshire Terrier,Female,4.0,1.0.0
af6cbcbb141d23f4c3cb55c2ec63b1c6,af6cbcbb141d23f4c3cb55c2ec63b1c6,e564bc8dbacaed16d50b,IDEXX,baseline_historico,2025-02-13,2/13/25,2/13/25,Sin Limpieza/batch_130.pdf,batch_130.pdf,.,1.0,BOCA SERVICIOS VETERINARIOS,BOCA SERVICIOS VETERINARIOS,,,18.45,-69.6,manual_override,0.6,Australian Shepherd,Female,,1.0.0
917b85ff8216d24f9b7f1820e18646ee,917b85ff8216d24f9b7f1820e18646ee,a3f2536c5f7bbabb0bfa,IDEXX,baseline_historico,2025-01-22,1/22/25,1/22/25,Sin Limpieza/batch_131.pdf,batch_131.pdf,.,1.0,BOCA SERVICIOS VETERINARIOS,BOCA SERVICIOS VETERINARIOS,,,18.45,-69.6,manual_override,0.6,DATE OF RESULT: 1/22/25,Female,,1.0.0
48d26e7ec847ae15d711746251fcef51,48d26e7ec847ae15d711746251fcef51,2396c079cba00e82406c,IDEXX,baseline_historico,2025-01-19,1/19/25,1/19/25,Sin Limpieza/batch_131.pdf,batch_131.pdf,.,3.0,BOCA SERVICIOS VETERINARIOS,BOCA SERVICIOS VETERINARIOS,,,18.45,-69.6,manual_override,0.6,Siberian Husky,Male,3.0,1.0.0
f57418091b9fb763a7dd311bb30571ed,f57418091b9fb763a7dd311bb30571ed,070f97bbc0a2227e4d9e,IDEXX,baseline_historico,2025-01-19,1/19/25,1/19/25,Sin Limpieza/batch_131.pdf,batch_131.pdf,.,5.0,BOCA SERVICIOS VETERINARIOS,BOCA SERVICIOS VETERINARIOS,,,18.45,-69.6,manual_override,0.6,Siberian Husky,Male,1.0,1.0.0
313681b209dc2a310e3f5bfa1b743fc0,313681b209dc2a310e3f5bfa1b743fc0,9ad64ab29abb47fcb011,IDEXX,baseline_historico,2025-01-18,1/18/25,1/18/25,Sin Limpieza/batch_131.pdf,batch_131.pdf,.,7.0,BOCA SERVICIOS VETERINARIOS,BOCA SERVICIOS VETERINARIOS,,,18.45,-69.6,manual_override,0.6,Belgian Sheepdog,Female,5.0,1.0.0
b88afc27be434ec2593a0f2bdfa20953,b88afc27be434ec2593a0f2bdfa20953,78a07544a7512863535f,IDEXX,baseline_historico,2025-01-18,1/18/25,1/18/25,Sin Limpieza/batch_131.pdf,batch_131.pdf,.,11.0,BOCA SERVICIOS VETERINARIOS,BOCA SERVICIOS VETERINARIOS,,,18.45,-69.6,manual_override,0.6,"Canine, Mixed Breed",Male,4.0,1.0.0
ebd18dd31a705f75df69536a5fbd9981,ebd18dd31a705f75df69536a5fbd9981,bc023ae3ccc3eb588777,IDEXX,baseline_historico,2025-01-18,1/18/25,1/18/25,Sin Limpieza/batch_131.pdf,batch_131.pdf,.,13.0,BOCA SERVICIOS VETERINARIOS,BOCA SERVICIOS VETERINARIOS,,,18.45,-69.6,manual_override,0.6,"Cocker Spaniel, American",Female,1.0,1.0.0
745d0e0eecea6653cb3eb2c2ca439d44,745d0e0eecea6653cb3eb2c2ca439d44,91b19f54c9c106d6d313,IDEXX,baseline_historico,2025-01-18,1/18/25,1/18/25,Sin Limpieza/batch_131.pdf,batch_131.pdf,.,15.0,BOCA SERVICIOS VETERINARIOS,BOCA SERVICIOS VETERINARIOS,,,18.45,-69.6,manual_override,0.6,Pug,Female,7.0,1.0.0
ee768f89dd49b14b8ec6420d425bb67b,ee768f89dd49b14b8ec6420d425bb67b,ab4bc62579ef8a2c2d15,IDEXX,baseline_historico,2025-01-17,1/17/25,1/17/25,Sin Limpieza/batch_131.pdf,batch_131.pdf,.,17.0,BOCA SERVICIOS VETERINARIOS,BOCA SERVICIOS VETERINARIOS,,,18.45,-69.6,manual_override,0.6,Pug,Female,2.0,1.0.0
ddf82f680b12faecfd8f8e6fd8e1c8e6,ddf82f680b12faecfd8f8e6fd8e1c8e6,2ad74e9431bc5518e36c,IDEXX,baseline_historico,2025-01-16,1/16/25,1/16/25,Sin Limpieza/batch_131.pdf,batch_131.pdf,.,19.0,BOCA SERVICIOS VETERINARIOS,BOCA SERVICIOS VETERINARIOS,,,18.45,-69.6,manual_override,0.6,"Canine, Mixed Breed",Male,2.0,1.0.0
64219e96ebbb893bbc9f5214febb6453,64219e96ebbb893bbc9f5214febb6453,b6c6cf6e8456f7e27516,IDEXX,baseline_historico,2025-09-23,9/23/25,9/23/25,Sin Limpieza/batch_132.pdf,batch_132.pdf,.,1.0,BOCA SERVICIOS VETERINARIOS,BOCA SERVICIOS VETERINARIOS,,,18.45,-69.6,manual_override,0.6,Siberian Husky,Male,2.0,1.0.0
96f60723db550fd891f3b767a51bd88b,96f60723db550fd891f3b767a51bd88b,ce143cb2232b9dba2836,IDEXX,baseline_historico,2025-01-20,1/20/25,1/20/25,Sin Limpieza/batch_132.pdf,batch_132.pdf,.,3.0,BOCA SERVICIOS VETERINARIOS,BOCA SERVICIOS VETERINARIOS,,,18.45,-69.6,manual_override,0.6,Mixed,Male,1.0,1.0.0
8662c7b0430f7ce49a369739f94101d7,8662c7b0430f7ce49a369739f94101d7,259f6fdd12e6e4bb81b1,IDEXX,baseline_historico,2025-01-16,1/16/25,1/16/25,Sin Limpieza/batch_132.pdf,batch_132.pdf,.,5.0,BOCA SERVICIOS VETERINARIOS,BOCA SERVICIOS VETERINARIOS,,,18.45,-69.6,manual_override,0.6,French Bulldog,Female,8.0,1.0.0
75ea5514595e3df0ac96bbd0cb4ccd84,75ea5514595e3df0ac96bbd0cb4ccd84,7b48309f8fc8d5c0d0bd,IDEXX,baseline_historico,2025-01-15,1/15/25,1/15/25,Sin Limpieza/batch_132.pdf,batch_132.pdf,.,9.0,BOCA SERVICIOS VETERINARIOS,BOCA SERVICIOS VETERINARIOS,,,18.45,-69.6,manual_override,0.6,Chihuahua,Female,7.0,1.0.0
752f69576d14b6c809e85931e7abc55d,752f69576d14b6c809e85931e7abc55d,d35fc8de06760216a643,IDEXX,baseline_historico,2025-01-15,1/15/25,1/15/25,Sin Limpieza/batch_132.pdf,batch_132.pdf,.,11.0,BOCA SERVICIOS VETERINARIOS,BOCA SERVICIOS VETERINARIOS,,,18.45,-69.6,manual_override,0.6,German Shepherd,Female,,1.0.0
263c9e6a1e1e735e3747d49d197370b6,263c9e6a1e1e735e3747d49d197370b6,2da4f4035d36f6aa01c7,IDEXX,baseline_historico,2025-01-15,1/15/25,1/15/25,Sin Limpieza/batch_132.pdf,batch_132.pdf,.,13.0,BOCA SERVICIOS VETERINARIOS,BOCA SERVICIOS VETERINARIOS,,,18.45,-69.6,manual_override,0.6,French Bulldog,Male,,1.0.0
6a9848e31d721b72db1d0f637011e5b4,6a9848e31d721b72db1d0f637011e5b4,bc023ae3ccc3eb588777,IDEXX,baseline_historico,2025-01-14,1/14/25,1/14/25,Sin Limpieza/batch_132.pdf,batch_132.pdf,.,15.0,BOCA SERVICIOS VETERINARIOS,BOCA SERVICIOS VETERINARIOS,,,18.45,-69.6,manual_override,0.6,"Cocker Spaniel, American",Female,1.0,1.0.0
69bffb907265d19ad601a28318e65015,69bffb907265d19ad601a28318e65015,9e6ec8d8125ac1b17c21,IDEXX,baseline_historico,2025-01-14,1/14/25,1/14/25,Sin Limpieza/batch_132.pdf,batch_132.pdf,.,17.0,BOCA SERVICIOS VETERINARIOS,BOCA SERVICIOS VETERINARIOS,,,18.45,-69.6,manual_override,0.6,"Canine, Mixed Breed",Male,16.0,1.0.0
4f8f2f1a46bf69a8d839ab0293ae4c6a,4f8f2f1a46bf69a8d839ab0293ae4c6a,336f1318f7b8d430cc97,IDEXX,baseline_historico,2025-01-14,1/14/25,1/14/25,Sin Limpieza/batch_132.pdf,batch_132.pdf,.,19.0,BOCA SERVICIOS VETERINARIOS,BOCA SERVICIOS VETERINARIOS,,,18.45,-69.6,manual_override,0.6,German Shepherd,Male,11.0,1.0.0
ae00731643e8c3ec948afe930f42b61f,ae00731643e8c3ec948afe930f42b61f,c1c1991989422424d5fd,IDEXX,baseline_historico,2025-03-15,3/15/25,3/15/25,Sin Limpieza/batch_133.pdf,batch_133.pdf,.,3.0,BOCA SERVICIOS VETERINARIOS,BOCA SERVICIOS VETERINARIOS,,,18.45,-69.6,manual_override,0.6,Bulldog,Male,,1.0.0
732cff5cd593be49f30bd6e7310cd0a1,732cff5cd593be49f30bd6e7310cd0a1,80b6ffd9f644d0d6589d,IDEXX,baseline_historico,2025-03-13,3/13/25,3/13/25,Sin Limpieza/batch_133.pdf,batch_133.pdf,.,5.0,BOCA SERVICIOS VETERINARIOS,BOCA SERVICIOS VETERINARIOS,,,18.45,-69.6,manual_override,0.6,Yorkshire Terrier DATE OF RESULT: 3/13/25,Male,8.0,1.0.0
9ed0ffa202da34064f10e6586d04dd9d,9ed0ffa202da34064f10e6586d04dd9d,74187ece23a7006ca211,IDEXX,baseline_historico,2025-03-12,3/12/25,3/12/25,Sin Limpieza/batch_133.pdf,batch_133.pdf,.,7.0,BOCA SERVICIOS VETERINARIOS,BOCA SERVICIOS VETERINARIOS,,,18.45,-69.6,manual_override,0.6,"Cocker Spaniel, American",Male,5.0,1.0.0
e3e73587fcf12dc903e5fcd160ee3ab5,e3e73587fcf12dc903e5fcd160ee3ab5,1e4b3e73fa0106501b5f,IDEXX,baseline_historico,2025-03-12,3/12/25,3/12/25,Sin Limpieza/batch_133.pdf,batch_133.pdf,.,9.0,BOCA SERVICIOS VETERINARIOS,BOCA SERVICIOS VETERINARIOS,,,18.45,-69.6,manual_override,0.6,Yorkshire Terrier,Male,15.0,1.0.0
9750810ddcbc8e8a29655f7d3bffe60f,9750810ddcbc8e8a29655f7d3bffe60f,27c9750932e039f9b843,IDEXX,baseline_historico,2025-03-12,3/12/25,3/12/25,Sin Limpieza/batch_133.pdf,batch_133.pdf,.,11.0,BOCA SERVICIOS VETERINARIOS,BOCA SERVICIOS VETERINARIOS,,,18.45,-69.6,manual_override,0.6,Yorkshire Terrier,Female,7.0,1.0.0
c3bb780147518178059732831aed72a4,c3bb780147518178059732831aed72a4,7af7ccf54e8e46c413c2,IDEXX,baseline_historico,2025-03-12,3/12/25,3/12/25,Sin Limpieza/batch_133.pdf,batch_133.pdf,.,13.0,BOCA SERVICIOS VETERINARIOS,BOCA SERVICIOS VETERINARIOS,,,18.45,-69.6,manual_override,0.6,Bulldog,Female,,1.0.0
647f6e5f299e018b15c609399cfb7dae,647f6e5f299e018b15c609399cfb7dae,4b73e74c9087ef7375de,IDEXX,baseline_historico,2025-03-12,3/12/25,3/12/25,Sin Limpieza/batch_133.pdf,batch_133.pdf,.,15.0,BOCA SERVICIOS VETERINARIOS,BOCA SERVICIOS VETERINARIOS,,,18.45,-69.6,manual_override,0.6,"Canine, Other",Male,8.0,1.0.0
eb8f75d8f6588e1b21d5b3c2a568b0a2,eb8f75d8f6588e1b21d5b3c2a568b0a2,9e6ec8d8125ac1b17c21,IDEXX,baseline_historico,2025-03-12,3/12/25,3/12/25,Sin Limpieza/batch_133.pdf,batch_133.pdf,.,17.0,BOCA SERVICIOS VETERINARIOS,BOCA SERVICIOS VETERINARIOS,,,18.45,-69.6,manual_override,0.6,"Canine, Mixed Breed",Male,16.0,1.0.0
c34c972a67b72159d3b753445ddd6b8b,c34c972a67b72159d3b753445ddd6b8b,0ff801a3145f307c138a,IDEXX,baseline_historico,2025-03-11,3/11/25,3/11/25,Sin Limpieza/batch_133.pdf,batch_133.pdf,.,19.0,BOCA SERVICIOS VETERINARIOS,BOCA SERVICIOS VETERINARIOS,,,18.45,-69.6,manual_override,0.6,Australian Shepherd,Male,2.0,1.0.0
062a57afc77fc05f98a50b3799f2344b,062a57afc77fc05f98a50b3799f2344b,5b2580dae088a6468714,IDEXX,baseline_historico,2025-01-18,1/18/25,1/18/25,Sin Limpieza/batch_134.pdf,batch_134.pdf,.,1.0,BOCA SERVICIOS VETERINARIOS,BOCA SERVICIOS VETERINARIOS,,,18.45,-69.6,manual_override,0.6,Dalmatian,Male,11.0,1.0.0
d410b9010dd76437d62876dc6d1edf53,d410b9010dd76437d62876dc6d1edf53,fdc4702065b2b2690d35,IDEXX,baseline_historico,2025-01-14,1/14/25,1/14/25,Sin Limpieza/batch_134.pdf,batch_134.pdf,.,3.0,BOCA SERVICIOS VETERINARIOS,BOCA SERVICIOS VETERINARIOS,,,18.45,-69.6,manual_override,0.6,"Canine, Other",Male,5.0,1.0.0
53965004060e4bb068d14ea6a7487b0e,53965004060e4bb068d14ea6a7487b0e,2b8da1e64548dca8ea93,IDEXX,baseline_historico,2025-01-13,1/13/25,1/13/25,Sin Limpieza/batch_134.pdf,batch_134.pdf,.,5.0,BOCA SERVICIOS VETERINARIOS,BOCA SERVICIOS VETERINARIOS,,,18.45,-69.6,manual_override,0.6,Chihuahua,Female,15.0,1.0.0
affa289777626f53f3f3a1e723ec5793,affa289777626f53f3f3a1e723ec5793,4a59a3ab6676030ebd85,IDEXX,baseline_historico,2025-01-13,1/13/25,1/13/25,Sin Limpieza/batch_134.pdf,batch_134.pdf,.,7.0,BOCA SERVICIOS VETERINARIOS,BOCA SERVICIOS VETERINARIOS,,,18.45,-69.6,manual_override,0.6,Shih Tzu,Male,10.0,1.0.0
82ae502801e6c2f0f67eed8e485dc92f,82ae502801e6c2f0f67eed8e485dc92f,d267c1ec92d979938cd0,IDEXX,baseline_historico,2025-03-07,3/7/25,3/7/25,Sin Limpieza/batch_135.pdf,batch_135.pdf,.,1.0,BOCA SERVICIOS VETERINARIOS,BOCA SERVICIOS VETERINARIOS,,,18.45,-69.6,manual_override,0.6,"Cocker Spaniel, American",,1.0,1.0.0
29b6e658c48d0e58527b8b47b7fc666b,29b6e658c48d0e58527b8b47b7fc666b,e0321d55733a448e64af,IDEXX,baseline_historico,2025-03-01,3/1/25,3/1/25,Sin Limpieza/batch_135.pdf,batch_135.pdf,.,3.0,BOCA SERVICIOS VETERINARIOS,BOCA SERVICIOS VETERINARIOS,,,18.45,-69.6,manual_override,0.6,"Cocker Spaniel, American",Male,10.0,1.0.0
819c6ce50ff3b5e5e69fdd7d18a14754,819c6ce50ff3b5e5e69fdd7d18a14754,04e329c66e075fae43b7,IDEXX,baseline_historico,2025-02-27,2/27/25,2/27/25,Sin Limpieza/batch_135.pdf,batch_135.pdf,.,5.0,BOCA SERVICIOS VETERINARIOS,BOCA SERVICIOS VETERINARIOS,,,18.45,-69.6,manual_override,0.6,Siberian Husky,Female,,1.0.0
95b5221329eb3049fc4918d2bd1781ce,95b5221329eb3049fc4918d2bd1781ce,1c60d6bbb5bb8f1696a3,IDEXX,baseline_historico,2025-02-26,2/26/25,2/26/25,Sin Limpieza/batch_135.pdf,batch_135.pdf,.,7.0,BOCA SERVICIOS VETERINARIOS,BOCA SERVICIOS VETERINARIOS,,,18.45,-69.6,manual_override,0.6,Siberian Husky,Male,,1.0.0
40031854ed707d5c4450f391c5682bc6,40031854ed707d5c4450f391c5682bc6,20cc95180fd028a1dc6a,IDEXX,baseline_historico,2025-02-26,2/26/25,2/26/25,Sin Limpieza/batch_135.pdf,batch_135.pdf,.,9.0,BOCA SERVICIOS VETERINARIOS,BOCA SERVICIOS VETERINARIOS,,,18.45,-69.6,manual_override,0.6,Bulldog,Female,,1.0.0
d1f0ae427aaf5916da33bbe4ce7b4384,d1f0ae427aaf5916da33bbe4ce7b4384,4389a66d638ce4240199,IDEXX,baseline_historico,2025-02-26,2/26/25,2/26/25,Sin Limpieza/batch_135.pdf,batch_135.pdf,.,11.0,BOCA SERVICIOS VETERINARIOS,BOCA SERVICIOS VETERINARIOS,,,18.45,-69.6,manual_override,0.6,Pomeranian,Male,,1.0.0
d22b31be8caf849127c004652d80336f,d22b31be8caf849127c004652d80336f,381b83384ca58afeaa65,IDEXX,baseline_historico,2025-02-26,2/26/25,2/26/25,Sin Limpieza/batch_135.pdf,batch_135.pdf,.,13.0,BOCA SERVICIOS VETERINARIOS,BOCA SERVICIOS VETERINARIOS,,,18.45,-69.6,manual_override,0.6,"Canine, Other",Male,2.0,1.0.0
a2d693fd58c1c907e6ff7f0dd66840b8,a2d693fd58c1c907e6ff7f0dd66840b8,9d5205f58375a912b967,IDEXX,baseline_historico,2025-02-26,2/26/25,2/26/25,Sin Limpieza/batch_135.pdf,batch_135.pdf,.,15.0,BOCA SERVICIOS VETERINARIOS,BOCA SERVICIOS VETERINARIOS,,,18.45,-69.6,manual_override,0.6,Siberian Husky,Female,,1.0.0
36943929da28e4472439d1cb293c4c3b,36943929da28e4472439d1cb293c4c3b,e0321d55733a448e64af,IDEXX,baseline_historico,2025-02-25,2/25/25,2/25/25,Sin Limpieza/batch_135.pdf,batch_135.pdf,.,17.0,BOCA SERVICIOS VETERINARIOS,BOCA SERVICIOS VETERINARIOS,,,18.45,-69.6,manual_override,0.6,"Cocker Spaniel, American",Male,10.0,1.0.0
fc29410043d85e1d4e9cf3d3b45bf7f4,fc29410043d85e1d4e9cf3d3b45bf7f4,bc3f400e28bf23bdd976,IDEXX,baseline_historico,2025-02-25,2/25/25,2/25/25,Sin Limpieza/batch_135.pdf,batch_135.pdf,.,19.0,BOCA SERVICIOS VETERINARIOS,BOCA SERVICIOS VETERINARIOS,,,18.45,-69.6,manual_override,0.6,"Canine, Mixed Breed",Female,,1.0.0
0d1a1e721334e8f8ab9b988adebc07bf,0d1a1e721334e8f8ab9b988adebc07bf,78c1a6e6a66cfff6acc9,IDEXX,baseline_historico,2025-01-17,1/17/25,1/17/25,Sin Limpieza/batch_136.pdf,batch_136.pdf,.,1.0,BOCA SERVICIOS VETERINARIOS,BOCA SERVICIOS VETERINARIOS,,,18.45,-69.6,manual_override,0.6,Other,Male,,1.0.0
bf8eb25f40fa7db85cfe1fd0d92c110f,bf8eb25f40fa7db85cfe1fd0d92c110f,df133e46d595a7cc40bb,IDEXX,baseline_historico,2025-01-11,1/11/25,1/11/25,Sin Limpieza/batch_136.pdf,batch_136.pdf,.,3.0,BOCA SERVICIOS VETERINARIOS,BOCA SERVICIOS VETERINARIOS,,,18.45,-69.6,manual_override,0.6,"Canine, Mixed Breed",Male,2.0,1.0.0
f2dc3b80572b646a2bc117b8f2e9804b,f2dc3b80572b646a2bc117b8f2e9804b,7a1964aeb3773b1d31d4,IDEXX,baseline_historico,2025-01-10,1/10/25,1/10/25,Sin Limpieza/batch_136.pdf,batch_136.pdf,.,9.0,BOCA SERVICIOS VETERINARIOS,BOCA SERVICIOS VETERINARIOS,,,18.45,-69.6,manual_override,0.6,Golden Retriever,Female,14.0,1.0.0
5b29e9473da5de87f53061ad6bff92a1,5b29e9473da5de87f53061ad6bff92a1,2e38ec9d832b4975d7fc,IDEXX,baseline_historico,2025-01-09,1/9/25,1/9/25,Sin Limpieza/batch_136.pdf,batch_136.pdf,.,11.0,BOCA SERVICIOS VETERINARIOS,BOCA SERVICIOS VETERINARIOS,,,18.45,-69.6,manual_override,0.6,"Canine, Other",Male,,1.0.0
70bdd5f13b6d473166c0cf7bbf8ddff4,70bdd5f13b6d473166c0cf7bbf8ddff4,7cdd81514c30ac41c911,IDEXX,baseline_historico,2025-01-09,1/9/25,1/9/25,Sin Limpieza/batch_136.pdf,batch_136.pdf,.,13.0,BOCA SERVICIOS VETERINARIOS,BOCA SERVICIOS VETERINARIOS,,,18.45,-69.6,manual_override,0.6,Beagle,Male,3.0,1.0.0
f8eab1608c3f75dc370124c6db9766dc,f8eab1608c3f75dc370124c6db9766dc,f7747f07816682075186,IDEXX,baseline_historico,2025-01-09,1/9/25,1/9/25,Sin Limpieza/batch_136.pdf,batch_136.pdf,.,15.0,BOCA SERVICIOS VETERINARIOS,BOCA SERVICIOS VETERINARIOS,,,18.45,-69.6,manual_override,0.6,"Canine, Mixed Breed",Male,,1.0.0
9b12428d7214e2c03339840165c28fb8,9b12428d7214e2c03339840165c28fb8,d68b8620bc2dc4cabf59,IDEXX,baseline_historico,2025-01-09,1/9/25,1/9/25,Sin Limpieza/batch_136.pdf,batch_136.pdf,.,17.0,BOCA SERVICIOS VETERINARIOS,BOCA SERVICIOS VETERINARIOS,,,18.45,-69.6,manual_override,0.6,Maltese,Female,,1.0.0
17fa0db1e15bac8acc02b93c58325ee5,17fa0db1e15bac8acc02b93c58325ee5,7a1964aeb3773b1d31d4,IDEXX,baseline_historico,2025-01-09,1/9/25,1/9/25,Sin Limpieza/batch_136.pdf,batch_136.pdf,.,19.0,BOCA SERVICIOS VETERINARIOS,BOCA SERVICIOS VETERINARIOS,,,18.45,-69.6,manual_override,0.6,Golden Retriever,Female,,1.0.0
dba854fd9e4a0ac57d6c009ffd6e0071,dba854fd9e4a0ac57d6c009ffd6e0071,c1c1991989422424d5fd,IDEXX,baseline_historico,2025-03-01,3/1/25,3/1/25,Sin Limpieza/batch_137.pdf,batch_137.pdf,.,1.0,BOCA SERVICIOS VETERINARIOS,BOCA SERVICIOS VETERINARIOS,,,18.45,-69.6,manual_override,0.6,Bulldog,Male,,1.0.0
36c31879517b8c8424c62fc94ea5acc9,36c31879517b8c8424c62fc94ea5acc9,5674b8acb1e85ffdbf7b,IDEXX,baseline_historico,2025-02-28,2/28/25,2/28/25,Sin Limpieza/batch_137.pdf,batch_137.pdf,.,3.0,BOCA SERVICIOS VETERINARIOS,BOCA SERVICIOS VETERINARIOS,,,18.45,-69.6,manual_override,0.6,Belgian Malinois,Male,,1.0.0
cca7ade9f8964527fa01bd96c25dc241,cca7ade9f8964527fa01bd96c25dc241,0daae5ec6c00d5aff800,IDEXX,baseline_historico,2025-02-28,2/28/25,2/28/25,Sin Limpieza/batch_137.pdf,batch_137.pdf,.,5.0,BOCA SERVICIOS VETERINARIOS,BOCA SERVICIOS VETERINARIOS,,,18.45,-69.6,manual_override,0.6,Yorkshire Terrier,Male,,1.0.0
0ab9371b8fe61df88c59a29a351bcb06,0ab9371b8fe61df88c59a29a351bcb06,e66050367ea0748fad88,IDEXX,baseline_historico,2025-02-28,2/28/25,2/28/25,Sin Limpieza/batch_137.pdf,batch_137.pdf,.,7.0,BOCA SERVICIOS VETERINARIOS,BOCA SERVICIOS VETERINARIOS,,,18.45,-69.6,manual_override,0.6,Yorkshire Terrier,Male,,1.0.0
be6209abdd6727b8ddfcc90dfba03080,be6209abdd6727b8ddfcc90dfba03080,b8d52478f9737ae3b18a,IDEXX,baseline_historico,2025-02-28,2/28/25,2/28/25,Sin Limpieza/batch_137.pdf,batch_137.pdf,.,9.0,BOCA SERVICIOS VETERINARIOS,BOCA SERVICIOS VETERINARIOS,,,18.45,-69.6,manual_override,0.6,Shih Tzu,Male,,1.0.0
7f62264a29a32ccffd7fd515c7a0ab7b,7f62264a29a32ccffd7fd515c7a0ab7b,b5061d1aca1108fa8cd6,IDEXX,baseline_historico,2025-02-28,2/28/25,2/28/25,Sin Limpieza/batch_137.pdf,batch_137.pdf,.,11.0,BOCA SERVICIOS VETERINARIOS,BOCA SERVICIOS VETERINARIOS,,,18.45,-69.6,manual_override,0.6,"santo domingo, do 0000 DATE OF RECEIPT: 2/28/25",Female,3.0,1.0.0
d0a1040e3407777f058923e0eb87c8a9,d0a1040e3407777f058923e0eb87c8a9,a66d323034f2ebb9590f,IDEXX,baseline_historico,2025-02-28,2/28/25,2/28/25,Sin Limpieza/batch_137.pdf,batch_137.pdf,.,13.0,BOCA SERVICIOS VETERINARIOS,BOCA SERVICIOS VETERINARIOS,,,18.45,-69.6,manual_override,0.6,"Canine, Mixed Breed",Male,3.0,1.0.0
614948a7811244b17c939c27f35aa081,614948a7811244b17c939c27f35aa081,5a6b51bc686fc83e19f9,IDEXX,baseline_historico,2025-02-28,2/28/25,2/28/25,Sin Limpieza/batch_137.pdf,batch_137.pdf,.,15.0,BOCA SERVICIOS VETERINARIOS,BOCA SERVICIOS VETERINARIOS,,,18.45,-69.6,manual_override,0.6,"Canine, Other",Female,,1.0.0
4407ee474957297bafa04dd2581a1fae,4407ee474957297bafa04dd2581a1fae,8ccd73777a8c53d061df,IDEXX,baseline_historico,2025-02-28,2/28/25,2/28/25,Sin Limpieza/batch_137.pdf,batch_137.pdf,.,17.0,BOCA SERVICIOS VETERINARIOS,BOCA SERVICIOS VETERINARIOS,,,18.45,-69.6,manual_override,0.6,Miniature Schnauzer,Male,3.0,1.0.0
7c80dd93160848117f31700df66c532b,7c80dd93160848117f31700df66c532b,b724c2ce58588a7cc271,IDEXX,baseline_historico,2025-02-28,2/28/25,2/28/25,Sin Limpieza/batch_137.pdf,batch_137.pdf,.,19.0,BOCA SERVICIOS VETERINARIOS,BOCA SERVICIOS VETERINARIOS,,,18.45,-69.6,manual_override,0.6,"santo domingo, do 0000 DATE OF RECEIPT: 2/28/25",Female,,1.0.0
e01f3f5152dea343e685ccd46b1efdba,e01f3f5152dea343e685ccd46b1efdba,39125f104fd27c58bbf5,IDEXX,baseline_historico,2025-03-04,3/4/25,3/4/25,Sin Limpieza/batch_138.pdf,batch_138.pdf,.,3.0,BOCA SERVICIOS VETERINARIOS,BOCA SERVICIOS VETERINARIOS,,,18.45,-69.6,manual_override,0.6,"Canine, Other",Female,,1.0.0
b6ef84cb5bfad24b3cb4650f461ae803,b6ef84cb5bfad24b3cb4650f461ae803,02a738d67f4f22d3f611,IDEXX,baseline_historico,2025-03-04,3/4/25,3/4/25,Sin Limpieza/batch_138.pdf,batch_138.pdf,.,5.0,BOCA SERVICIOS VETERINARIOS,BOCA SERVICIOS VETERINARIOS,,,18.45,-69.6,manual_override,0.6,"Canine, Mixed Breed",Male,2.0,1.0.0
9d0351454459c5f716754411f2d98131,9d0351454459c5f716754411f2d98131,8ae7f2c509eeec54d8e9,IDEXX,baseline_historico,2025-03-03,3/3/25,3/3/25,Sin Limpieza/batch_138.pdf,batch_138.pdf,.,9.0,BOCA SERVICIOS VETERINARIOS,BOCA SERVICIOS VETERINARIOS,,,18.45,-69.6,manual_override,0.6,Chihuahua,Female,12.0,1.0.0
9ead4e749d4939d6e37d903d7294eb4f,9ead4e749d4939d6e37d903d7294eb4f,e093e29a77bf06a3f0ef,IDEXX,baseline_historico,2025-03-03,3/3/25,3/3/25,Sin Limpieza/batch_138.pdf,batch_138.pdf,.,11.0,BOCA SERVICIOS VETERINARIOS,BOCA SERVICIOS VETERINARIOS,,,18.45,-69.6,manual_override,0.6,"santo domingo, do 0000 DATE OF RECEIPT: 3/3/25",Female,12.0,1.0.0
03ad32655a9ae98e9503ba7fc3cb2d24,03ad32655a9ae98e9503ba7fc3cb2d24,246d172c52b48a2b00be,IDEXX,baseline_historico,2025-03-03,3/3/25,3/3/25,Sin Limpieza/batch_138.pdf,batch_138.pdf,.,13.0,BOCA SERVICIOS VETERINARIOS,BOCA SERVICIOS VETERINARIOS,,,18.45,-69.6,manual_override,0.6,Yorkshire Terrier,Male,13.0,1.0.0
f698972469865f2e54118b8e1305ffac,f698972469865f2e54118b8e1305ffac,56f5a91fe3b0246e7e15,IDEXX,baseline_historico,2025-03-03,3/3/25,3/3/25,Sin Limpieza/batch_138.pdf,batch_138.pdf,.,15.0,BOCA SERVICIOS VETERINARIOS,BOCA SERVICIOS VETERINARIOS,,,18.45,-69.6,manual_override,0.6,Golden Retriever,Male,5.0,1.0.0
d7e5f493bc54a34b3d67afb3c3100742,d7e5f493bc54a34b3d67afb3c3100742,b23b15c3f3a93a35fa33,IDEXX,baseline_historico,2025-03-03,3/3/25,3/3/25,Sin Limpieza/batch_138.pdf,batch_138.pdf,.,17.0,BOCA SERVICIOS VETERINARIOS,BOCA SERVICIOS VETERINARIOS,,,18.45,-69.6,manual_override,0.6,Pug,Male,1.0,1.0.0
7c1a7eca4e51254bb1b672c33648c27a,7c1a7eca4e51254bb1b672c33648c27a,18f42a2875b9f6d5f7a8,IDEXX,baseline_historico,2025-03-01,3/1/25,3/1/25,Sin Limpieza/batch_138.pdf,batch_138.pdf,.,19.0,BOCA SERVICIOS VETERINARIOS,BOCA SERVICIOS VETERINARIOS,,,18.45,-69.6,manual_override,0.6,Dachshund,Female,3.0,1.0.0
045a446245a5b50efc424ef1dcd0caeb,045a446245a5b50efc424ef1dcd0caeb,c2ac2509c1b719795f12,IDEXX,baseline_historico,2025-02-16,2/16/25,2/16/25,Sin Limpieza/batch_139.pdf,batch_139.pdf,.,1.0,BOCA SERVICIOS VETERINARIOS,BOCA SERVICIOS VETERINARIOS,,,18.45,-69.6,manual_override,0.6,German Shepherd,Male,5.0,1.0.0
4d7e1fc5647cc2dba584ba92c81a0e27,4d7e1fc5647cc2dba584ba92c81a0e27,bc3f400e28bf23bdd976,IDEXX,baseline_historico,2025-02-16,2/16/25,2/16/25,Sin Limpieza/batch_139.pdf,batch_139.pdf,.,3.0,BOCA SERVICIOS VETERINARIOS,BOCA SERVICIOS VETERINARIOS,,,18.45,-69.6,manual_override,0.6,"Canine, Mixed Breed",Female,,1.0.0
95922f06380a7a125d41963bc8e5147a,95922f06380a7a125d41963bc8e5147a,bc023ae3ccc3eb588777,IDEXX,baseline_historico,2025-02-16,2/16/25,2/16/25,Sin Limpieza/batch_139.pdf,batch_139.pdf,.,5.0,BOCA SERVICIOS VETERINARIOS,BOCA SERVICIOS VETERINARIOS,,,18.45,-69.6,manual_override,0.6,"Cocker Spaniel, American",Female,1.0,1.0.0
4c2bf97dab45a9004a2b1d1c1905004a,4c2bf97dab45a9004a2b1d1c1905004a,7fa727ac59739183dc90,IDEXX,baseline_historico,2025-02-15,2/15/25,2/15/25,Sin Limpieza/batch_139.pdf,batch_139.pdf,.,7.0,BOCA SERVICIOS VETERINARIOS,BOCA SERVICIOS VETERINARIOS,,,18.45,-69.6,manual_override,0.6,Pomeranian,Female,2.0,1.0.0
7b0338653643e3c4b807041b9acb04f1,7b0338653643e3c4b807041b9acb04f1,f25deed1b06664dd73b1,IDEXX,baseline_historico,2025-02-15,2/15/25,2/15/25,Sin Limpieza/batch_139.pdf,batch_139.pdf,.,9.0,BOCA SERVICIOS VETERINARIOS,BOCA SERVICIOS VETERINARIOS,,,18.45,-69.6,manual_override,0.6,"Canine, Other",Male,,1.0.0
f0cd780933e4eed46bcfa3f310a53718,f0cd780933e4eed46bcfa3f310a53718,5713667b2d9b1290d4c1,IDEXX,baseline_historico,2025-02-14,2/14/25,2/14/25,Sin Limpieza/batch_139.pdf,batch_139.pdf,.,13.0,BOCA SERVICIOS VETERINARIOS,BOCA SERVICIOS VETERINARIOS,,,18.45,-69.6,manual_override,0.6,Yorkshire Terrier,Male,,1.0.0
b6ad401f2d827ad5aad09161c3103e1e,b6ad401f2d827ad5aad09161c3103e1e,ba919d5409e0d6fe05f2,IDEXX,baseline_historico,2025-02-14,2/14/25,2/14/25,Sin Limpieza/batch_139.pdf,batch_139.pdf,.,15.0,BOCA SERVICIOS VETERINARIOS,BOCA SERVICIOS VETERINARIOS,,,18.45,-69.6,manual_override,0.6,"Canine, Other",Female,,1.0.0
a68fe59f5ac69148a623cd07e002a686,a68fe59f5ac69148a623cd07e002a686,7532f0bbef582307d2a2,IDEXX,baseline_historico,2025-02-14,2/14/25,2/14/25,Sin Limpieza/batch_139.pdf,batch_139.pdf,.,17.0,BOCA SERVICIOS VETERINARIOS,BOCA SERVICIOS VETERINARIOS,,,18.45,-69.6,manual_override,0.6,Golden Retriever,Female,5.0,1.0.0
775c0a4dc449d73d3aa941a7cacf50f7,775c0a4dc449d73d3aa941a7cacf50f7,056e2e98a8d19885388b,IDEXX,baseline_historico,2025-02-13,2/13/25,2/13/25,Sin Limpieza/batch_139.pdf,batch_139.pdf,.,19.0,BOCA SERVICIOS VETERINARIOS,BOCA SERVICIOS VETERINARIOS,,,18.45,-69.6,manual_override,0.6,Siberian Husky,Male,3.0,1.0.0
34ca8931cb8215b649ea3184fcdcdf68,34ca8931cb8215b649ea3184fcdcdf68,a57eddd0a3a5685a70da,IDEXX,baseline_historico,2025-11-19,11/19/25,11/19/25,Sin Limpieza/batch_14.pdf,batch_14.pdf,.,1.0,BOCA SERVICIOS VETERINARIOS,BOCA SERVICIOS VETERINARIOS,,,18.45,-69.6,manual_override,0.6,Chihuahua,Male,8.0,1.0.0
e548c7faab6cdb326a38fae9502b7e22,e548c7faab6cdb326a38fae9502b7e22,c77c732fce2a96c1c812,IDEXX,baseline_historico,2024-12-21,12/21/24,12/21/24,Sin Limpieza/batch_140.pdf,batch_140.pdf,.,3.0,BOCA SERVICIOS VETERINARIOS,BOCA SERVICIOS VETERINARIOS,,,18.45,-69.6,manual_override,0.6,Yorkshire Terrier,Male,7.0,1.0.0
9ea20289d86c6ac07bf5ef726fb0e46a,9ea20289d86c6ac07bf5ef726fb0e46a,fcb38be3c08306d4d672,IDEXX,baseline_historico,2024-12-20,12/20/24,12/20/24,Sin Limpieza/batch_140.pdf,batch_140.pdf,.,7.0,BOCA SERVICIOS VETERINARIOS,BOCA SERVICIOS VETERINARIOS,,,18.45,-69.6,manual_override,0.6,Pomeranian,Male,2.0,1.0.0
acc524412226ff192b48e3fb35fbc15c,acc524412226ff192b48e3fb35fbc15c,b68a4d30caab1adeab76,IDEXX,baseline_historico,2024-12-20,12/20/24,12/20/24,Sin Limpieza/batch_140.pdf,batch_140.pdf,.,9.0,BOCA SERVICIOS VETERINARIOS,BOCA SERVICIOS VETERINARIOS,,,18.45,-69.6,manual_override,0.6,Chihuahua,Female,6.0,1.0.0
6500234a462f5443981127eea7022f52,6500234a462f5443981127eea7022f52,8dd639d5a82f100d256f,IDEXX,baseline_historico,2024-12-20,12/20/24,12/20/24,Sin Limpieza/batch_140.pdf,batch_140.pdf,.,11.0,BOCA SERVICIOS VETERINARIOS,BOCA SERVICIOS VETERINARIOS,,,18.45,-69.6,manual_override,0.6,German Shepherd,Male,,1.0.0
9ed0d2c77b79f71e28216a640ae1e707,9ed0d2c77b79f71e28216a640ae1e707,963a85e4810113e95236,IDEXX,baseline_historico,2024-12-17,12/17/24,12/17/24,Sin Limpieza/batch_140.pdf,batch_140.pdf,.,15.0,BOCA SERVICIOS VETERINARIOS,BOCA SERVICIOS VETERINARIOS,,,18.45,-69.6,manual_override,0.6,Rottweiler,Male,,1.0.0
ceab76086cbe02c5ad2cc0f7816b42b8,ceab76086cbe02c5ad2cc0f7816b42b8,d2815db0c07113da71b8,IDEXX,baseline_historico,2024-12-16,12/16/24,12/16/24,Sin Limpieza/batch_140.pdf,batch_140.pdf,.,17.0,BOCA SERVICIOS VETERINARIOS,BOCA SERVICIOS VETERINARIOS,,,18.45,-69.6,manual_override,0.6,"Canine, Mixed Breed",Male,2.0,1.0.0
54cd40d07fc5851ea435fcef5e4bf9be,54cd40d07fc5851ea435fcef5e4bf9be,793ad1f60a3ce11a5565,IDEXX,baseline_historico,2024-12-16,12/16/24,12/16/24,Sin Limpieza/batch_140.pdf,batch_140.pdf,.,19.0,BOCA SERVICIOS VETERINARIOS,BOCA SERVICIOS VETERINARIOS,,,18.45,-69.6,manual_override,0.6,"Canine, Mixed Breed",Female,5.0,1.0.0
eecda725799460a001e8fdf382e97347,eecda725799460a001e8fdf382e97347,213b30e4ffeec684a728,IDEXX,baseline_historico,2025-01-04,1/4/25,1/4/25,Sin Limpieza/batch_141.pdf,batch_141.pdf,.,1.0,BOCA SERVICIOS VETERINARIOS,BOCA SERVICIOS VETERINARIOS,,,18.45,-69.6,manual_override,0.6,Golden Retriever,Female,1.0,1.0.0
0d8fcda827a2fd2327b7f441036d702c,0d8fcda827a2fd2327b7f441036d702c,7e3970e4386d8c787be9,IDEXX,baseline_historico,2025-01-03,1/3/25,1/3/25,Sin Limpieza/batch_141.pdf,batch_141.pdf,.,5.0,BOCA SERVICIOS VETERINARIOS,BOCA SERVICIOS VETERINARIOS,,,18.45,-69.6,manual_override,0.6,Belgian Malinois,Male,2.0,1.0.0
060bc1e83f6565dc986358f64f01a4b4,060bc1e83f6565dc986358f64f01a4b4,563a2b5a5c14fe40175c,IDEXX,baseline_historico,2025-01-03,1/3/25,1/3/25,Sin Limpieza/batch_141.pdf,batch_141.pdf,.,7.0,BOCA SERVICIOS VETERINARIOS,BOCA SERVICIOS VETERINARIOS,,,18.45,-69.6,manual_override,0.6,Poodle,Female,7.0,1.0.0
42bf0eeb1abc48bf9e6efa48498b33df,42bf0eeb1abc48bf9e6efa48498b33df,05880f0d80def404b4c0,IDEXX,baseline_historico,2025-01-03,1/3/25,1/3/25,Sin Limpieza/batch_141.pdf,batch_141.pdf,.,9.0,BOCA SERVICIOS VETERINARIOS,BOCA SERVICIOS VETERINARIOS,,,18.45,-69.6,manual_override,0.6,Yorkshire Terrier,Male,11.0,1.0.0
eaf8454569d0c335da8fbe3c833eb78a,eaf8454569d0c335da8fbe3c833eb78a,f543e3a5c30227a8c9e2,IDEXX,baseline_historico,2025-01-02,1/2/25,1/2/25,Sin Limpieza/batch_141.pdf,batch_141.pdf,.,11.0,BOCA SERVICIOS VETERINARIOS,BOCA SERVICIOS VETERINARIOS,,,18.45,-69.6,manual_override,0.6,Chihuahua,Female,6.0,1.0.0
32bc098b277046bce1d94457060b5624,32bc098b277046bce1d94457060b5624,f40f6bde52baaef4e4f9,IDEXX,baseline_historico,2025-01-02,1/2/25,1/2/25,Sin Limpieza/batch_141.pdf,batch_141.pdf,.,13.0,BOCA SERVICIOS VETERINARIOS,BOCA SERVICIOS VETERINARIOS,,,18.45,-69.6,manual_override,0.6,Poodle,Male,5.0,1.0.0
8b8919c97daa516b9659cb437930aee1,8b8919c97daa516b9659cb437930aee1,2ad74e9431bc5518e36c,IDEXX,baseline_historico,2025-01-02,1/2/25,1/2/25,Sin Limpieza/batch_141.pdf,batch_141.pdf,.,17.0,BOCA SERVICIOS VETERINARIOS,BOCA SERVICIOS VETERINARIOS,,,18.45,-69.6,manual_override,0.6,"Canine, Mixed Breed",Male,2.0,1.0.0
164f711ac25fe5171b0ed33acc713acb,164f711ac25fe5171b0ed33acc713acb,420e78668959292c6ff0,IDEXX,baseline_historico,2024-12-31,12/31/24,12/31/24,Sin Limpieza/batch_142.pdf,batch_142.pdf,.,1.0,BOCA SERVICIOS VETERINARIOS,BOCA SERVICIOS VETERINARIOS,,,18.45,-69.6,manual_override,0.6,Poodle,Male,14.0,1.0.0
26fd437e6f0d1c3010d2b3d1bd11af87,26fd437e6f0d1c3010d2b3d1bd11af87,13b35aac845a73c6372a,IDEXX,baseline_historico,2024-12-30,12/30/24,12/30/24,Sin Limpieza/batch_142.pdf,batch_142.pdf,.,3.0,BOCA SERVICIOS VETERINARIOS,BOCA SERVICIOS VETERINARIOS,,,18.45,-69.6,manual_override,0.6,Pug,Female,2.0,1.0.0
6712f173de10a8941332c47d0a3b0e90,6712f173de10a8941332c47d0a3b0e90,56d2dc9056b419e18dc7,IDEXX,baseline_historico,2024-12-30,12/30/24,12/30/24,Sin Limpieza/batch_142.pdf,batch_142.pdf,.,5.0,BOCA SERVICIOS VETERINARIOS,BOCA SERVICIOS VETERINARIOS,,,18.45,-69.6,manual_override,0.6,"Canine, Mixed Breed",Male,,1.0.0
d9b5946fa3522ade1f20cc9260ef3145,d9b5946fa3522ade1f20cc9260ef3145,6f546be8e772f1721ce8,IDEXX,baseline_historico,2024-12-29,12/29/24,12/29/24,Sin Limpieza/batch_142.pdf,batch_142.pdf,.,7.0,BOCA SERVICIOS VETERINARIOS,BOCA SERVICIOS VETERINARIOS,,,18.45,-69.6,manual_override,0.6,"Canine, Other",Female,3.0,1.0.0
40b80387e4ce55ee866b0c47af126aeb,40b80387e4ce55ee866b0c47af126aeb,56d2dc9056b419e18dc7,IDEXX,baseline_historico,2024-12-27,12/27/24,12/27/24,Sin Limpieza/batch_142.pdf,batch_142.pdf,.,9.0,BOCA SERVICIOS VETERINARIOS,BOCA SERVICIOS VETERINARIOS,,,18.45,-69.6,manual_override,0.6,"Canine, Mixed Breed",Male,,1.0.0
b2a8216e55cc0aa40d1746fdf8e868b5,b2a8216e55cc0aa40d1746fdf8e868b5,b963468e943d37d42a53,IDEXX,baseline_historico,2024-12-27,12/27/24,12/27/24,Sin Limpieza/batch_142.pdf,batch_142.pdf,.,11.0,BOCA SERVICIOS VETERINARIOS,BOCA SERVICIOS VETERINARIOS,,,18.45,-69.6,manual_override,0.6,Pomeranian,Male,2.0,1.0.0
83f50e38cef79ef6cb8e85cf91de169e,83f50e38cef79ef6cb8e85cf91de169e,ce143cb2232b9dba2836,IDEXX,baseline_historico,2024-12-27,12/27/24,12/27/24,Sin Limpieza/batch_142.pdf,batch_142.pdf,.,13.0,BOCA SERVICIOS VETERINARIOS,BOCA SERVICIOS VETERINARIOS,,,18.45,-69.6,manual_override,0.6,Mixed,Male,1.0,1.0.0
ce0da00e79f7fb1048164ac7d8530ba1,ce0da00e79f7fb1048164ac7d8530ba1,c8cdd4505447e884b451,IDEXX,baseline_historico,2024-12-27,12/27/24,12/27/24,Sin Limpieza/batch_142.pdf,batch_142.pdf,.,15.0,BOCA SERVICIOS VETERINARIOS,BOCA SERVICIOS VETERINARIOS,,,18.45,-69.6,manual_override,0.6,"Canine, Mixed Breed",Female,7.0,1.0.0
98a788ee186208b65df54dc750151ecd,98a788ee186208b65df54dc750151ecd,f2f89b632a2ddeecfd78,IDEXX,baseline_historico,2024-12-27,12/27/24,12/27/24,Sin Limpieza/batch_142.pdf,batch_142.pdf,.,17.0,BOCA SERVICIOS VETERINARIOS,BOCA SERVICIOS VETERINARIOS,,,18.45,-69.6,manual_override,0.6,Golden Retriever,Male,,1.0.0
39fc776eb9b30ae8ee9c1f827dec9468,39fc776eb9b30ae8ee9c1f827dec9468,6265a9adfa536c086ef8,IDEXX,baseline_historico,2024-12-16,12/16/24,12/16/24,Sin Limpieza/batch_143.pdf,batch_143.pdf,.,1.0,BOCA SERVICIOS VETERINARIOS,BOCA SERVICIOS VETERINARIOS,,,18.45,-69.6,manual_override,0.6,"Canine, Mixed Breed",Female,,1.0.0
8cf49fe826fcc944e0818aa8d5ff6aa9,8cf49fe826fcc944e0818aa8d5ff6aa9,4b7fb98d93134da53ce0,IDEXX,baseline_historico,2024-12-15,12/15/24,12/15/24,Sin Limpieza/batch_143.pdf,batch_143.pdf,.,5.0,BOCA SERVICIOS VETERINARIOS,BOCA SERVICIOS VETERINARIOS,,,18.45,-69.6,manual_override,0.6,"Canine, Mixed Breed",,,1.0.0
b31730112476a70a943954bb21f4097d,b31730112476a70a943954bb21f4097d,d598db3adb6b524b6fbb,IDEXX,baseline_historico,2024-12-15,12/15/24,12/15/24,Sin Limpieza/batch_143.pdf,batch_143.pdf,.,7.0,BOCA SERVICIOS VETERINARIOS,BOCA SERVICIOS VETERINARIOS,,,18.45,-69.6,manual_override,0.6,Bulldog,Male,,1.0.0
25eaef2dd81fb1cc82baf47a4d7bd785,25eaef2dd81fb1cc82baf47a4d7bd785,40ce207773941cbf6b97,IDEXX,baseline_historico,2024-12-14,12/14/24,12/14/24,Sin Limpieza/batch_143.pdf,batch_143.pdf,.,9.0,BOCA SERVICIOS VETERINARIOS,BOCA SERVICIOS VETERINARIOS,,,18.45,-69.6,manual_override,0.6,Pomeranian,Female,4.0,1.0.0
10c970f2d2f50737320e1cf2a423b1a5,10c970f2d2f50737320e1cf2a423b1a5,a0a13f7e35c852715570,IDEXX,baseline_historico,2024-12-14,12/14/24,12/14/24,Sin Limpieza/batch_143.pdf,batch_143.pdf,.,11.0,BOCA SERVICIOS VETERINARIOS,BOCA SERVICIOS VETERINARIOS,,,18.45,-69.6,manual_override,0.6,Miniature Schnauzer,Female,8.0,1.0.0
513d2d56e340b250b910524dc5f1c826,513d2d56e340b250b910524dc5f1c826,04b857c84e2c3983f8a1,IDEXX,baseline_historico,2024-12-13,12/13/24,12/13/24,Sin Limpieza/batch_143.pdf,batch_143.pdf,.,15.0,BOCA SERVICIOS VETERINARIOS,BOCA SERVICIOS VETERINARIOS,,,18.45,-69.6,manual_override,0.6,"Canine, Other",Female,,1.0.0
a439d8de2c393bb43e13ce5c56b9dccd,a439d8de2c393bb43e13ce5c56b9dccd,3141bb946cb9d64ab8a7,IDEXX,baseline_historico,2024-12-13,12/13/24,12/13/24,Sin Limpieza/batch_143.pdf,batch_143.pdf,.,17.0,BOCA SERVICIOS VETERINARIOS,BOCA SERVICIOS VETERINARIOS,,,18.45,-69.6,manual_override,0.6,Chihuahua,Male,,1.0.0
7f04336eccb35b450131720f4b56de74,7f04336eccb35b450131720f4b56de74,c8cdd4505447e884b451,IDEXX,baseline_historico,2024-12-13,12/13/24,12/13/24,Sin Limpieza/batch_143.pdf,batch_143.pdf,.,19.0,BOCA SERVICIOS VETERINARIOS,BOCA SERVICIOS VETERINARIOS,,,18.45,-69.6,manual_override,0.6,"Canine, Mixed Breed",Female,7.0,1.0.0
3ab3d1176610a4040bec1ea51b20cefa,3ab3d1176610a4040bec1ea51b20cefa,60a83dfba0913429a96b,IDEXX,baseline_historico,2024-12-13,12/13/24,12/13/24,Sin Limpieza/batch_144.pdf,batch_144.pdf,.,5.0,BOCA SERVICIOS VETERINARIOS,BOCA SERVICIOS VETERINARIOS,,,18.45,-69.6,manual_override,0.6,"Canine, Mixed Breed",Female,1.0,1.0.0
677e7d2df650fe93738d4cbfb7844a02,677e7d2df650fe93738d4cbfb7844a02,c1c1991989422424d5fd,IDEXX,baseline_historico,2024-12-13,12/13/24,12/13/24,Sin Limpieza/batch_144.pdf,batch_144.pdf,.,7.0,BOCA SERVICIOS VETERINARIOS,BOCA SERVICIOS VETERINARIOS,,,18.45,-69.6,manual_override,0.6,Bulldog,Male,,1.0.0
40d7f0c3004278be867b14e593e0558b,40d7f0c3004278be867b14e593e0558b,b689cb8d359b7161bd1d,IDEXX,baseline_historico,2024-10-12,10/12/24,10/12/24,Sin Limpieza/batch_145.pdf,batch_145.pdf,.,1.0,BOCA SERVICIOS VETERINARIOS,BOCA SERVICIOS VETERINARIOS,,,18.45,-69.6,manual_override,0.6,Rottweiler,Male,4.0,1.0.0
edb41c33609f9e1c06d68da4143c688c,edb41c33609f9e1c06d68da4143c688c,f3b1a9f19d22abc83ae8,IDEXX,baseline_historico,2024-10-12,10/12/24,10/12/24,Sin Limpieza/batch_145.pdf,batch_145.pdf,.,3.0,BOCA SERVICIOS VETERINARIOS,BOCA SERVICIOS VETERINARIOS,,,18.45,-69.6,manual_override,0.6,Siberian Husky,Male,,1.0.0
7ac8f6e0f5d327fd7ab6a72533f0eea3,7ac8f6e0f5d327fd7ab6a72533f0eea3,3cec18df8bf5260675cc,IDEXX,baseline_historico,2024-09-24,9/24/24,9/24/24,Sin Limpieza/batch_146.pdf,batch_146.pdf,.,1.0,BOCA SERVICIOS VETERINARIOS,BOCA SERVICIOS VETERINARIOS,,,18.45,-69.6,manual_override,0.6,Shih Tzu,Female,4.0,1.0.0
45436b56980193e451e4b7fcbdbb3ac8,45436b56980193e451e4b7fcbdbb3ac8,3dcc2e8b845867fa1dff,IDEXX,baseline_historico,2024-09-23,9/23/24,9/23/24,Sin Limpieza/batch_146.pdf,batch_146.pdf,.,3.0,BOCA SERVICIOS VETERINARIOS,BOCA SERVICIOS VETERINARIOS,,,18.45,-69.6,manual_override,0.6,French Bulldog,Female,3.0,1.0.0
d1f3b478a9ce07a2f9508e229a7a8f33,d1f3b478a9ce07a2f9508e229a7a8f33,26d1143e830cf7531c9f,IDEXX,baseline_historico,2024-09-23,9/23/24,9/23/24,Sin Limpieza/batch_146.pdf,batch_146.pdf,.,5.0,BOCA SERVICIOS VETERINARIOS,BOCA SERVICIOS VETERINARIOS,,,18.45,-69.6,manual_override,0.6,Yorkshire Terrier,Female,5.0,1.0.0
f3bde9e4037a276c49e2dbbf7163f4a5,f3bde9e4037a276c49e2dbbf7163f4a5,78a07544a7512863535f,IDEXX,baseline_historico,2024-09-23,9/23/24,9/23/24,Sin Limpieza/batch_146.pdf,batch_146.pdf,.,7.0,BOCA SERVICIOS VETERINARIOS,BOCA SERVICIOS VETERINARIOS,,,18.45,-69.6,manual_override,0.6,"Canine, Mixed Breed",Male,4.0,1.0.0
ab190744a83a50064ea0dec71355d412,ab190744a83a50064ea0dec71355d412,d8e380a50026dd9bcd58,IDEXX,baseline_historico,2024-09-23,9/23/24,9/23/24,Sin Limpieza/batch_146.pdf,batch_146.pdf,.,9.0,BOCA SERVICIOS VETERINARIOS,BOCA SERVICIOS VETERINARIOS,,,18.45,-69.6,manual_override,0.6,"Canine, Mixed Breed",Female,1.0,1.0.0
833fa38bea19873e2ee96525e5e78855,833fa38bea19873e2ee96525e5e78855,aeec5138587a253b9a80,IDEXX,baseline_historico,2024-09-20,9/20/24,9/20/24,Sin Limpieza/batch_146.pdf,batch_146.pdf,.,11.0,BOCA SERVICIOS VETERINARIOS,BOCA SERVICIOS VETERINARIOS,,,18.45,-69.6,manual_override,0.6,Bulldog,Female,4.0,1.0.0
18339069771bb54275e35bb92dd36337,18339069771bb54275e35bb92dd36337,b689cb8d359b7161bd1d,IDEXX,baseline_historico,2024-09-20,9/20/24,9/20/24,Sin Limpieza/batch_146.pdf,batch_146.pdf,.,13.0,BOCA SERVICIOS VETERINARIOS,BOCA SERVICIOS VETERINARIOS,,,18.45,-69.6,manual_override,0.6,Rottweiler,Male,4.0,1.0.0
fbb7edade72b62fb2f7f877dc9c9016e,fbb7edade72b62fb2f7f877dc9c9016e,38b9868f96075df5101d,IDEXX,baseline_historico,2024-09-20,9/20/24,9/20/24,Sin Limpieza/batch_146.pdf,batch_146.pdf,.,15.0,BOCA SERVICIOS VETERINARIOS,BOCA SERVICIOS VETERINARIOS,,,18.45,-69.6,manual_override,0.6,Smooth Hair Fox Terrier,Female,2.0,1.0.0
10770d008907bf243c4ec3c91cd36e6c,10770d008907bf243c4ec3c91cd36e6c,f46439b981c4917f9898,IDEXX,baseline_historico,2024-09-19,9/19/24,9/19/24,Sin Limpieza/batch_146.pdf,batch_146.pdf,.,19.0,BOCA SERVICIOS VETERINARIOS,BOCA SERVICIOS VETERINARIOS,,,18.45,-69.6,manual_override,0.6,Yorkshire Terrier,Male,11.0,1.0.0
ef61476b306387c9afd6dcc899f71f8a,ef61476b306387c9afd6dcc899f71f8a,0b551f06ded42c27beeb,IDEXX,baseline_historico,2024-09-26,9/26/24,9/26/24,Sin Limpieza/batch_147.pdf,batch_147.pdf,.,1.0,BOCA SERVICIOS VETERINARIOS,BOCA SERVICIOS VETERINARIOS,,,18.45,-69.6,manual_override,0.6,French Bulldog,Female,,1.0.0
4a2452febc37ba9648186bc4cfa39f79,4a2452febc37ba9648186bc4cfa39f79,f3afd6dad5ee3b3c08ea,IDEXX,baseline_historico,2024-09-25,9/25/24,9/25/24,Sin Limpieza/batch_147.pdf,batch_147.pdf,.,5.0,BOCA SERVICIOS VETERINARIOS,BOCA SERVICIOS VETERINARIOS,,,18.45,-69.6,manual_override,0.6,Pomeranian,Male,1.0,1.0.0
3c33368fe5f74bcf0580133a0b476b98,3c33368fe5f74bcf0580133a0b476b98,4b73e74c9087ef7375de,IDEXX,baseline_historico,2024-09-25,9/25/24,9/25/24,Sin Limpieza/batch_147.pdf,batch_147.pdf,.,7.0,BOCA SERVICIOS VETERINARIOS,BOCA SERVICIOS VETERINARIOS,,,18.45,-69.6,manual_override,0.6,"Canine, Other",Male,8.0,1.0.0
a7a155ea66c419ad68d0e9c7b244e7f5,a7a155ea66c419ad68d0e9c7b244e7f5,7671c1926827446fb644,IDEXX,baseline_historico,2024-09-25,9/25/24,9/25/24,Sin Limpieza/batch_147.pdf,batch_147.pdf,.,9.0,BOCA SERVICIOS VETERINARIOS,BOCA SERVICIOS VETERINARIOS,,,18.45,-69.6,manual_override,0.6,"Canine, Mixed Breed",Female,3.0,1.0.0
99a3ac09183b8b731ed46c797a25f306,99a3ac09183b8b731ed46c797a25f306,38b9868f96075df5101d,IDEXX,baseline_historico,2024-09-25,9/25/24,9/25/24,Sin Limpieza/batch_147.pdf,batch_147.pdf,.,11.0,BOCA SERVICIOS VETERINARIOS,BOCA SERVICIOS VETERINARIOS,,,18.45,-69.6,manual_override,0.6,Smooth Hair Fox Terrier,Female,2.0,1.0.0
b3223d799f244aaf008636378e3400fa,b3223d799f244aaf008636378e3400fa,da89523ac75b410dca0b,IDEXX,baseline_historico,2024-09-25,9/25/24,9/25/24,Sin Limpieza/batch_147.pdf,batch_147.pdf,.,13.0,BOCA SERVICIOS VETERINARIOS,BOCA SERVICIOS VETERINARIOS,,,18.45,-69.6,manual_override,0.6,Chihuahua DATE OF RESULT: 9/25/24,Female,2.0,1.0.0
874987694b8ae300adb4d2c7312ed1f3,874987694b8ae300adb4d2c7312ed1f3,c53cd17ccde0716fb795,IDEXX,baseline_historico,2024-09-25,9/25/24,9/25/24,Sin Limpieza/batch_147.pdf,batch_147.pdf,.,15.0,BOCA SERVICIOS VETERINARIOS,BOCA SERVICIOS VETERINARIOS,,,18.45,-69.6,manual_override,0.6,"Canine, Mixed Breed",Female,13.0,1.0.0
7fc27a3f38dec7752b7f203b4d0badfb,7fc27a3f38dec7752b7f203b4d0badfb,a3ea243d60ffa2be7516,IDEXX,baseline_historico,2024-09-24,9/24/24,9/24/24,Sin Limpieza/batch_147.pdf,batch_147.pdf,.,17.0,BOCA SERVICIOS VETERINARIOS,BOCA SERVICIOS VETERINARIOS,,,18.45,-69.6,manual_override,0.6,Golden Retriever,Male,9.0,1.0.0
d774f9d755608aa4fe68acd1cbac6ea0,d774f9d755608aa4fe68acd1cbac6ea0,2bbcf2b649bfa0d008ae,IDEXX,baseline_historico,2024-09-24,9/24/24,9/24/24,Sin Limpieza/batch_147.pdf,batch_147.pdf,.,19.0,BOCA SERVICIOS VETERINARIOS,BOCA SERVICIOS VETERINARIOS,,,18.45,-69.6,manual_override,0.6,Doberman Pinscher,Male,,1.0.0
ebc7fee0505a71eadeb8480b1744a4fd,ebc7fee0505a71eadeb8480b1744a4fd,5d3b8c7a57c868acc68f,IDEXX,baseline_historico,2024-11-24,11/24/24,11/24/24,Sin Limpieza/batch_148.pdf,batch_148.pdf,.,1.0,BOCA SERVICIOS VETERINARIOS,BOCA SERVICIOS VETERINARIOS,,,18.45,-69.6,manual_override,0.6,"Canine, Other",Female,,1.0.0
bb669096b182ff4263a7eee21b4023a2,bb669096b182ff4263a7eee21b4023a2,c53cd17ccde0716fb795,IDEXX,baseline_historico,2024-11-23,11/23/24,11/23/24,Sin Limpieza/batch_148.pdf,batch_148.pdf,.,3.0,BOCA SERVICIOS VETERINARIOS,BOCA SERVICIOS VETERINARIOS,,,18.45,-69.6,manual_override,0.6,"Canine, Mixed Breed",Female,13.0,1.0.0
e7fd974903d454a105a6b5599901e43b,e7fd974903d454a105a6b5599901e43b,b4637b7761624b1e47f9,IDEXX,baseline_historico,2024-11-23,11/23/24,11/23/24,Sin Limpieza/batch_148.pdf,batch_148.pdf,.,5.0,BOCA SERVICIOS VETERINARIOS,BOCA SERVICIOS VETERINARIOS,,,18.45,-69.6,manual_override,0.6,Miniature Schnauzer,Female,10.0,1.0.0
9757092b9d2c672a16bd819aed251779,9757092b9d2c672a16bd819aed251779,b1e118cba62b8e4a8ea8,IDEXX,baseline_historico,2024-11-22,11/22/24,11/22/24,Sin Limpieza/batch_148.pdf,batch_148.pdf,.,7.0,BOCA SERVICIOS VETERINARIOS,BOCA SERVICIOS VETERINARIOS,,,18.45,-69.6,manual_override,0.6,"Canine, Mixed Breed",Female,5.0,1.0.0
36d2477f9fc8431e833fe02c5d2cc7f5,36d2477f9fc8431e833fe02c5d2cc7f5,d71a20253ae4cdc86c1c,IDEXX,baseline_historico,2024-11-22,11/22/24,11/22/24,Sin Limpieza/batch_148.pdf,batch_148.pdf,.,9.0,BOCA SERVICIOS VETERINARIOS,BOCA SERVICIOS VETERINARIOS,,,18.45,-69.6,manual_override,0.6,Shih Tzu,Female,2.0,1.0.0
f72f610540dc0303738c3c402ab11cd3,f72f610540dc0303738c3c402ab11cd3,ce143cb2232b9dba2836,IDEXX,baseline_historico,2024-11-22,11/22/24,11/22/24,Sin Limpieza/batch_148.pdf,batch_148.pdf,.,11.0,BOCA SERVICIOS VETERINARIOS,BOCA SERVICIOS VETERINARIOS,,,18.45,-69.6,manual_override,0.6,Mixed,Male,1.0,1.0.0
c9eeb3b4161990eda3489ae40f5ac351,c9eeb3b4161990eda3489ae40f5ac351,2dc8bf0e17efea722e94,IDEXX,baseline_historico,2024-11-21,11/21/24,11/21/24,Sin Limpieza/batch_148.pdf,batch_148.pdf,.,13.0,BOCA SERVICIOS VETERINARIOS,BOCA SERVICIOS VETERINARIOS,,,18.45,-69.6,manual_override,0.6,Yorkshire Terrier,Male,6.0,1.0.0
78510020fc339284814d9b30df326d20,78510020fc339284814d9b30df326d20,ddcfb166c8d81a2306d6,IDEXX,baseline_historico,2024-11-21,11/21/24,11/21/24,Sin Limpieza/batch_148.pdf,batch_148.pdf,.,15.0,BOCA SERVICIOS VETERINARIOS,BOCA SERVICIOS VETERINARIOS,,,18.45,-69.6,manual_override,0.6,Chihuahua,Male,12.0,1.0.0
ceb5edc3323c5eb572970987c1e129c9,ceb5edc3323c5eb572970987c1e129c9,11e9101b8f69763b9daa,IDEXX,baseline_historico,2024-11-20,11/20/24,11/20/24,Sin Limpieza/batch_148.pdf,batch_148.pdf,.,17.0,BOCA SERVICIOS VETERINARIOS,BOCA SERVICIOS VETERINARIOS,,,18.45,-69.6,manual_override,0.6,Chihuahua,Female,12.0,1.0.0
f43a9ac23fbe762faab99b51a43f4f35,f43a9ac23fbe762faab99b51a43f4f35,e9781cac27d4365b4039,IDEXX,baseline_historico,2024-11-19,11/19/24,11/19/24,Sin Limpieza/batch_148.pdf,batch_148.pdf,.,19.0,BOCA SERVICIOS VETERINARIOS,BOCA SERVICIOS VETERINARIOS,,,18.45,-69.6,manual_override,0.6,American Staffordshire Terrier,Male,3.0,1.0.0
bc4778c05bf79570629d300c511087c8,bc4778c05bf79570629d300c511087c8,68620d546ee33431463e,IDEXX,baseline_historico,2025-08-11,8/11/25,8/11/25,Sin Limpieza/batch_149.pdf,batch_149.pdf,.,1.0,BOCA SERVICIOS VETERINARIOS,BOCA SERVICIOS VETERINARIOS,,,18.45,-69.6,manual_override,0.6,Mixed,Female,10.0,1.0.0
7902e3835b09aa4ff84e43112b7f64c1,7902e3835b09aa4ff84e43112b7f64c1,5b8652421485bdb4f7f0,IDEXX,baseline_historico,2024-11-19,11/19/24,11/19/24,Sin Limpieza/batch_149.pdf,batch_149.pdf,.,3.0,BOCA SERVICIOS VETERINARIOS,BOCA SERVICIOS VETERINARIOS,,,18.45,-69.6,manual_override,0.6,"Canine, Mixed Breed",Female,5.0,1.0.0
138bc423cd88f8dd7c3bbf9d75cef05a,138bc423cd88f8dd7c3bbf9d75cef05a,ce143cb2232b9dba2836,IDEXX,baseline_historico,2024-11-18,11/18/24,11/18/24,Sin Limpieza/batch_149.pdf,batch_149.pdf,.,5.0,BOCA SERVICIOS VETERINARIOS,BOCA SERVICIOS VETERINARIOS,,,18.45,-69.6,manual_override,0.6,Mixed,Male,1.0,1.0.0
e8a364d2210279716e654946679fc7e0,e8a364d2210279716e654946679fc7e0,5cd9b372989bff34a8ce,IDEXX,baseline_historico,2024-11-18,11/18/24,11/18/24,Sin Limpieza/batch_149.pdf,batch_149.pdf,.,9.0,BOCA SERVICIOS VETERINARIOS,BOCA SERVICIOS VETERINARIOS,,,18.45,-69.6,manual_override,0.6,"Canine, Mixed Breed",Female,6.0,1.0.0
cac6e14615527d089c5649a8fbf844bc,cac6e14615527d089c5649a8fbf844bc,69d6f129b2a54984b9d2,IDEXX,baseline_historico,2024-11-18,11/18/24,11/18/24,Sin Limpieza/batch_149.pdf,batch_149.pdf,.,11.0,BOCA SERVICIOS VETERINARIOS,BOCA SERVICIOS VETERINARIOS,,,18.45,-69.6,manual_override,0.6,Miniature Pinscher,Female,,1.0.0
551d5170595a658f811165e5d64ce5f7,551d5170595a658f811165e5d64ce5f7,a1d6dfdadf9fef35a23a,IDEXX,baseline_historico,2024-11-17,11/17/24,11/17/24,Sin Limpieza/batch_149.pdf,batch_149.pdf,.,13.0,BOCA SERVICIOS VETERINARIOS,BOCA SERVICIOS VETERINARIOS,,,18.45,-69.6,manual_override,0.6,Bulldog,Female,3.0,1.0.0
81ed1cf998402dd9e0e627e38b353bce,81ed1cf998402dd9e0e627e38b353bce,36255de49a5f7dc24dbe,IDEXX,baseline_historico,2024-11-16,11/16/24,11/16/24,Sin Limpieza/batch_149.pdf,batch_149.pdf,.,15.0,BOCA SERVICIOS VETERINARIOS,BOCA SERVICIOS VETERINARIOS,,,18.45,-69.6,manual_override,0.6,German Shepherd,Female,2.0,1.0.0
0f13d8f99e31deb64927c38a51cab2b8,0f13d8f99e31deb64927c38a51cab2b8,f1976f2a6d9ada4585c8,IDEXX,baseline_historico,2024-11-16,11/16/24,11/16/24,Sin Limpieza/batch_149.pdf,batch_149.pdf,.,17.0,BOCA SERVICIOS VETERINARIOS,BOCA SERVICIOS VETERINARIOS,,,18.45,-69.6,manual_override,0.6,Pomeranian,Female,10.0,1.0.0
48bf2dd84a942f460e85a6aba87e4bd4,48bf2dd84a942f460e85a6aba87e4bd4,f58eb974fa42afb7be62,IDEXX,baseline_historico,2024-11-15,11/15/24,11/15/24,Sin Limpieza/batch_149.pdf,batch_149.pdf,.,19.0,BOCA SERVICIOS VETERINARIOS,BOCA SERVICIOS VETERINARIOS,,,18.45,-69.6,manual_override,0.6,French Bulldog,Male,10.0,1.0.0
7b8d7da019608f375f4059445783a540,7b8d7da019608f375f4059445783a540,70cf52130740b398f88f,IDEXX,baseline_historico,2026-01-22,1/22/26,1/22/26,Sin Limpieza/batch_15.pdf,batch_15.pdf,.,1.0,BOCA SERVICIOS VETERINARIOS,BOCA SERVICIOS VETERINARIOS,,,18.45,-69.6,manual_override,0.6,"Canine, Mixed Breed",Male,,1.0.0
827fefbebe7a345b574ef70e8110a3cd,827fefbebe7a345b574ef70e8110a3cd,fd9af50331a26ee31b75,IDEXX,baseline_historico,2026-01-22,1/22/26,1/22/26,Sin Limpieza/batch_15.pdf,batch_15.pdf,.,3.0,BOCA SERVICIOS VETERINARIOS,BOCA SERVICIOS VETERINARIOS,,,18.45,-69.6,manual_override,0.6,Chihuahua,Male,11.0,1.0.0
1ad153a628826c23085b394275a1514d,1ad153a628826c23085b394275a1514d,dadf9d04a881c35ba540,IDEXX,baseline_historico,2026-01-22,1/22/26,1/22/26,Sin Limpieza/batch_15.pdf,batch_15.pdf,.,5.0,BOCA SERVICIOS VETERINARIOS,BOCA SERVICIOS VETERINARIOS,,,18.45,-69.6,manual_override,0.6,Chihuahua,Female,7.0,1.0.0
562fa582539b204f3faafc973a7b2943,562fa582539b204f3faafc973a7b2943,f9530a9a0829520f44ec,IDEXX,baseline_historico,2026-01-21,1/21/26,1/21/26,Sin Limpieza/batch_15.pdf,batch_15.pdf,.,7.0,BOCA SERVICIOS VETERINARIOS,BOCA SERVICIOS VETERINARIOS,,,18.45,-69.6,manual_override,0.6,German Shepherd,Male,8.0,1.0.0
0fa0e2d24df85e24c5562120ab513a27,0fa0e2d24df85e24c5562120ab513a27,2479cc4d150db3c3cdc1,IDEXX,baseline_historico,2026-01-21,1/21/26,1/21/26,Sin Limpieza/batch_15.pdf,batch_15.pdf,.,9.0,BOCA SERVICIOS VETERINARIOS,BOCA SERVICIOS VETERINARIOS,,,18.45,-69.6,manual_override,0.6,Chihuahua DATE OF RESULT: 1/21/26,Male,,1.0.0
40e2d544acb4f3e5123708a3817098c2,40e2d544acb4f3e5123708a3817098c2,9fcb59bab126ff97547b,IDEXX,baseline_historico,2026-01-21,1/21/26,1/21/26,Sin Limpieza/batch_15.pdf,batch_15.pdf,.,11.0,BOCA SERVICIOS VETERINARIOS,BOCA SERVICIOS VETERINARIOS,,,18.45,-69.6,manual_override,0.6,Pug DATE OF RESULT: 1/21/26,Male,2.0,1.0.0
e04fb59721634395abaf6f2fed8ed6ca,e04fb59721634395abaf6f2fed8ed6ca,4e08ae77e86c0ee8c1a4,IDEXX,baseline_historico,2026-01-21,1/21/26,1/21/26,Sin Limpieza/batch_15.pdf,batch_15.pdf,.,13.0,BOCA SERVICIOS VETERINARIOS,BOCA SERVICIOS VETERINARIOS,,,18.45,-69.6,manual_override,0.6,"Canine, Mixed Breed",Male,4.0,1.0.0
97d0753f35f1ab0632d320a094fbb9cd,97d0753f35f1ab0632d320a094fbb9cd,fa1c913adf075751f6f1,IDEXX,baseline_historico,2026-01-20,1/20/26,1/20/26,Sin Limpieza/batch_15.pdf,batch_15.pdf,.,15.0,BOCA SERVICIOS VETERINARIOS,BOCA SERVICIOS VETERINARIOS,,,18.45,-69.6,manual_override,0.6,Rhodesian Ridgeback,Male,,1.0.0
2018b737683ea159502d1230925232ce,2018b737683ea159502d1230925232ce,e7a70c6d529369f83b3e,IDEXX,baseline_historico,2026-01-20,1/20/26,1/20/26,Sin Limpieza/batch_15.pdf,batch_15.pdf,.,17.0,BOCA SERVICIOS VETERINARIOS,BOCA SERVICIOS VETERINARIOS,,,18.45,-69.6,manual_override,0.6,Rottweiler,Female,8.0,1.0.0
f2b158d44a3be6a8cad39a7eeaaf5bdd,f2b158d44a3be6a8cad39a7eeaaf5bdd,30a060a4698ed1d0ea13,IDEXX,baseline_historico,2026-01-20,1/20/26,1/20/26,Sin Limpieza/batch_15.pdf,batch_15.pdf,.,19.0,BOCA SERVICIOS VETERINARIOS,BOCA SERVICIOS VETERINARIOS,,,18.45,-69.6,manual_override,0.6,Bull Terrier,Male,9.0,1.0.0
8e6d38910162d377de817adcd274d722,8e6d38910162d377de817adcd274d722,7bdc1d88958f5819fb14,IDEXX,baseline_historico,2024-11-28,11/28/24,11/28/24,Sin Limpieza/batch_150.pdf,batch_150.pdf,.,1.0,BOCA SERVICIOS VETERINARIOS,BOCA SERVICIOS VETERINARIOS,,,18.45,-69.6,manual_override,0.6,"Canine, Other",Male,1.0,1.0.0
37eed13c57dd5de0d29ddf89dc5b2018,37eed13c57dd5de0d29ddf89dc5b2018,422aed5105ffca7542ee,IDEXX,baseline_historico,2024-11-28,11/28/24,11/28/24,Sin Limpieza/batch_150.pdf,batch_150.pdf,.,3.0,BOCA SERVICIOS VETERINARIOS,BOCA SERVICIOS VETERINARIOS,,,18.45,-69.6,manual_override,0.6,Bulldog,Female,8.0,1.0.0
6b71e9d07c1f8515a059bc75c20b7830,6b71e9d07c1f8515a059bc75c20b7830,aa77da730991698b2ae2,IDEXX,baseline_historico,2024-11-28,11/28/24,11/28/24,Sin Limpieza/batch_150.pdf,batch_150.pdf,.,5.0,BOCA SERVICIOS VETERINARIOS,BOCA SERVICIOS VETERINARIOS,,,18.45,-69.6,manual_override,0.6,Bulldog,Male,8.0,1.0.0
1769667f9329cab824b70f94c5ae8fb3,1769667f9329cab824b70f94c5ae8fb3,8335cd6817dd42384340,IDEXX,baseline_historico,2024-11-28,11/28/24,11/28/24,Sin Limpieza/batch_150.pdf,batch_150.pdf,.,7.0,BOCA SERVICIOS VETERINARIOS,BOCA SERVICIOS VETERINARIOS,,,18.45,-69.6,manual_override,0.6,Chihuahua,Female,8.0,1.0.0
08e3c414568f091e79aa68ebca3c514b,08e3c414568f091e79aa68ebca3c514b,9984c1e0b1c68bc6af46,IDEXX,baseline_historico,2024-11-28,11/28/24,11/28/24,Sin Limpieza/batch_150.pdf,batch_150.pdf,.,9.0,BOCA SERVICIOS VETERINARIOS,BOCA SERVICIOS VETERINARIOS,,,18.45,-69.6,manual_override,0.6,Great Dane,Female,3.0,1.0.0
86eb1cf2007890348b49ac8293d15c34,86eb1cf2007890348b49ac8293d15c34,426d69d9652128c26850,IDEXX,baseline_historico,2024-11-28,11/28/24,11/28/24,Sin Limpieza/batch_150.pdf,batch_150.pdf,.,11.0,BOCA SERVICIOS VETERINARIOS,BOCA SERVICIOS VETERINARIOS,,,18.45,-69.6,manual_override,0.6,"Canine, Other",Female,,1.0.0
2bfb088911cc3084c921ab271f2d55f3,2bfb088911cc3084c921ab271f2d55f3,769a6286f240c7139436,IDEXX,baseline_historico,2024-11-28,11/28/24,11/28/24,Sin Limpieza/batch_150.pdf,batch_150.pdf,.,13.0,BOCA SERVICIOS VETERINARIOS,BOCA SERVICIOS VETERINARIOS,,,18.45,-69.6,manual_override,0.6,Dachshund,Female,7.0,1.0.0
98506b4d7bd5465ba6feaf2ee0b994dd,98506b4d7bd5465ba6feaf2ee0b994dd,5af446dbd9bfb3d3dc63,IDEXX,baseline_historico,2024-11-28,11/28/24,11/28/24,Sin Limpieza/batch_150.pdf,batch_150.pdf,.,15.0,BOCA SERVICIOS VETERINARIOS,BOCA SERVICIOS VETERINARIOS,,,18.45,-69.6,manual_override,0.6,Dachshund,Male,8.0,1.0.0
2807cf38477f82c67d0446ab8e62df92,2807cf38477f82c67d0446ab8e62df92,af1aa19436e9c182dce9,IDEXX,baseline_historico,2024-11-27,11/27/24,11/27/24,Sin Limpieza/batch_150.pdf,batch_150.pdf,.,17.0,BOCA SERVICIOS VETERINARIOS,BOCA SERVICIOS VETERINARIOS,,,18.45,-69.6,manual_override,0.6,Yorkshire Terrier,Male,4.0,1.0.0
e668881b1d98908415d1e61c1ceb7063,e668881b1d98908415d1e61c1ceb7063,da6c287a1d4e0db5338a,IDEXX,baseline_historico,2024-11-27,11/27/24,11/27/24,Sin Limpieza/batch_150.pdf,batch_150.pdf,.,19.0,BOCA SERVICIOS VETERINARIOS,BOCA SERVICIOS VETERINARIOS,,,18.45,-69.6,manual_override,0.6,"Canine, Mixed Breed",Female,9.0,1.0.0
dc4f21a23720fb30f2f9dcb97c26a557,dc4f21a23720fb30f2f9dcb97c26a557,c1c1991989422424d5fd,IDEXX,baseline_historico,2024-11-29,11/29/24,11/29/24,Sin Limpieza/batch_151.pdf,batch_151.pdf,.,1.0,BOCA SERVICIOS VETERINARIOS,BOCA SERVICIOS VETERINARIOS,,,18.45,-69.6,manual_override,0.6,Bulldog,Male,,1.0.0
a8c0b920c394ba80176794afa2700e46,a8c0b920c394ba80176794afa2700e46,70f8a288752d7ccc6ba3,IDEXX,baseline_historico,2024-11-14,11/14/24,11/14/24,Sin Limpieza/batch_151.pdf,batch_151.pdf,.,3.0,BOCA SERVICIOS VETERINARIOS,BOCA SERVICIOS VETERINARIOS,,,18.45,-69.6,manual_override,0.6,Yorkshire Terrier,Female,,1.0.0
5222d081136805c402c5122e6f9d077c,5222d081136805c402c5122e6f9d077c,899a95ca769cc8e12939,IDEXX,baseline_historico,2024-11-14,11/14/24,11/14/24,Sin Limpieza/batch_151.pdf,batch_151.pdf,.,5.0,BOCA SERVICIOS VETERINARIOS,BOCA SERVICIOS VETERINARIOS,,,18.45,-69.6,manual_override,0.6,"Canine, Mixed Breed",Female,7.0,1.0.0
9c036a5fa8cefa44d74122057f2339a3,9c036a5fa8cefa44d74122057f2339a3,a1d6dfdadf9fef35a23a,IDEXX,baseline_historico,2024-11-13,11/13/24,11/13/24,Sin Limpieza/batch_151.pdf,batch_151.pdf,.,7.0,BOCA SERVICIOS VETERINARIOS,BOCA SERVICIOS VETERINARIOS,,,18.45,-69.6,manual_override,0.6,Bulldog,Female,3.0,1.0.0
ee5f5a4aea729af507b521c74a28cbf1,ee5f5a4aea729af507b521c74a28cbf1,c69e9cd737c145813fa8,IDEXX,baseline_historico,2024-11-13,11/13/24,11/13/24,Sin Limpieza/batch_151.pdf,batch_151.pdf,.,9.0,BOCA SERVICIOS VETERINARIOS,BOCA SERVICIOS VETERINARIOS,,,18.45,-69.6,manual_override,0.6,Golden Retriever,Male,9.0,1.0.0
17978636c732e49f4a679c5188f51986,17978636c732e49f4a679c5188f51986,cc228b26a54cbffba05c,IDEXX,baseline_historico,2024-11-13,11/13/24,11/13/24,Sin Limpieza/batch_151.pdf,batch_151.pdf,.,11.0,BOCA SERVICIOS VETERINARIOS,BOCA SERVICIOS VETERINARIOS,,,18.45,-69.6,manual_override,0.6,"Canine, Other",Male,,1.0.0
332b2da6f0e611b0dbf417f98a975642,332b2da6f0e611b0dbf417f98a975642,f3b1a9f19d22abc83ae8,IDEXX,baseline_historico,2024-11-13,11/13/24,11/13/24,Sin Limpieza/batch_151.pdf,batch_151.pdf,.,13.0,BOCA SERVICIOS VETERINARIOS,BOCA SERVICIOS VETERINARIOS,,,18.45,-69.6,manual_override,0.6,Siberian Husky,Male,,1.0.0
193b466cd73c7cf9f7aa4fe66103c00a,193b466cd73c7cf9f7aa4fe66103c00a,db2626c030d1f3445c28,IDEXX,baseline_historico,2024-11-12,11/12/24,11/12/24,Sin Limpieza/batch_151.pdf,batch_151.pdf,.,15.0,BOCA SERVICIOS VETERINARIOS,BOCA SERVICIOS VETERINARIOS,,,18.45,-69.6,manual_override,0.6,Chihuahua,Female,,1.0.0
43180c07320d951bae712a58804d4db5,43180c07320d951bae712a58804d4db5,02e116c70cbc259c3fa6,IDEXX,baseline_historico,2024-11-12,11/12/24,11/12/24,Sin Limpieza/batch_151.pdf,batch_151.pdf,.,17.0,BOCA SERVICIOS VETERINARIOS,BOCA SERVICIOS VETERINARIOS,,,18.45,-69.6,manual_override,0.6,"Canine, Other",Female,,1.0.0
56c839ca533647b3ce786d601cdeef72,56c839ca533647b3ce786d601cdeef72,2f444866db56ef021224,IDEXX,baseline_historico,2024-11-12,11/12/24,11/12/24,Sin Limpieza/batch_151.pdf,batch_151.pdf,.,19.0,BOCA SERVICIOS VETERINARIOS,BOCA SERVICIOS VETERINARIOS,,,18.45,-69.6,manual_override,0.6,"Canine, Other",Female,,1.0.0
e738e2ba83faddcc5e02bfa869ffe5c6,e738e2ba83faddcc5e02bfa869ffe5c6,92c372667006c6dc7f13,IDEXX,baseline_historico,2024-10-23,10/23/24,10/23/24,Sin Limpieza/batch_152.pdf,batch_152.pdf,.,1.0,BOCA SERVICIOS VETERINARIOS,BOCA SERVICIOS VETERINARIOS,,,18.45,-69.6,manual_override,0.6,"Canine, Mixed Breed",,5.0,1.0.0
df98c022df3904cf335bdaba540a5d0a,df98c022df3904cf335bdaba540a5d0a,79a8cb8102057b5d6cb1,IDEXX,baseline_historico,2024-10-22,10/22/24,10/22/24,Sin Limpieza/batch_152.pdf,batch_152.pdf,.,3.0,BOCA SERVICIOS VETERINARIOS,BOCA SERVICIOS VETERINARIOS,,,18.45,-69.6,manual_override,0.6,Chihuahua,Female,13.0,1.0.0
fc22704a92f397da809ac65ec11e5c9f,fc22704a92f397da809ac65ec11e5c9f,dfc64ed217c03ca1ea9a,IDEXX,baseline_historico,2024-10-22,10/22/24,10/22/24,Sin Limpieza/batch_152.pdf,batch_152.pdf,.,5.0,BOCA SERVICIOS VETERINARIOS,BOCA SERVICIOS VETERINARIOS,,,18.45,-69.6,manual_override,0.6,Yorkshire Terrier,Female,12.0,1.0.0
afc6bed720f7da693e895a5d81951c5d,afc6bed720f7da693e895a5d81951c5d,bc023ae3ccc3eb588777,IDEXX,baseline_historico,2024-10-21,10/21/24,10/21/24,Sin Limpieza/batch_152.pdf,batch_152.pdf,.,9.0,BOCA SERVICIOS VETERINARIOS,BOCA SERVICIOS VETERINARIOS,,,18.45,-69.6,manual_override,0.6,"Cocker Spaniel, American",Female,1.0,1.0.0
0515f97312d71f7ba11e063a19bfc5f7,0515f97312d71f7ba11e063a19bfc5f7,3561f5fbc141202fda54,IDEXX,baseline_historico,2024-10-21,10/21/24,10/21/24,Sin Limpieza/batch_152.pdf,batch_152.pdf,.,11.0,BOCA SERVICIOS VETERINARIOS,BOCA SERVICIOS VETERINARIOS,,,18.45,-69.6,manual_override,0.6,Bulldog,Male,2.0,1.0.0
977339f051d05d18b9a60723662755b0,977339f051d05d18b9a60723662755b0,19f0e3466758cc44e94f,IDEXX,baseline_historico,2024-10-21,10/21/24,10/21/24,Sin Limpieza/batch_152.pdf,batch_152.pdf,.,13.0,BOCA SERVICIOS VETERINARIOS,BOCA SERVICIOS VETERINARIOS,,,18.45,-69.6,manual_override,0.6,Pug,Male,13.0,1.0.0
06eeeabf3d5fc828e959c8b273d0d912,06eeeabf3d5fc828e959c8b273d0d912,c1c1991989422424d5fd,IDEXX,baseline_historico,2024-10-21,10/21/24,10/21/24,Sin Limpieza/batch_152.pdf,batch_152.pdf,.,15.0,BOCA SERVICIOS VETERINARIOS,BOCA SERVICIOS VETERINARIOS,,,18.45,-69.6,manual_override,0.6,Bulldog,Male,,1.0.0
e279916c198db90d4f91f4b0c7043458,e279916c198db90d4f91f4b0c7043458,79a8cb8102057b5d6cb1,IDEXX,baseline_historico,2024-10-19,10/19/24,10/19/24,Sin Limpieza/batch_152.pdf,batch_152.pdf,.,17.0,BOCA SERVICIOS VETERINARIOS,BOCA SERVICIOS VETERINARIOS,,,18.45,-69.6,manual_override,0.6,Chihuahua,Female,13.0,1.0.0
0c3a2bfa23eb540e1e50afc8fa2fbf5c,0c3a2bfa23eb540e1e50afc8fa2fbf5c,f7f62331ef806d83d7ed,IDEXX,baseline_historico,2024-10-19,10/19/24,10/19/24,Sin Limpieza/batch_152.pdf,batch_152.pdf,.,19.0,BOCA SERVICIOS VETERINARIOS,BOCA SERVICIOS VETERINARIOS,,,18.45,-69.6,manual_override,0.6,Golden Retriever,Male,5.0,1.0.0
a9bada6204737da18d2120d09eda071d,a9bada6204737da18d2120d09eda071d,d71a20253ae4cdc86c1c,IDEXX,baseline_historico,2024-11-27,11/27/24,11/27/24,Sin Limpieza/batch_153.pdf,batch_153.pdf,.,1.0,BOCA SERVICIOS VETERINARIOS,BOCA SERVICIOS VETERINARIOS,,,18.45,-69.6,manual_override,0.6,Shih Tzu,Female,2.0,1.0.0
2aaf60c51b5340964d7707967bb6a5ed,2aaf60c51b5340964d7707967bb6a5ed,14c63360b0e1a4996d7f,IDEXX,baseline_historico,2024-11-27,11/27/24,11/27/24,Sin Limpieza/batch_153.pdf,batch_153.pdf,.,3.0,BOCA SERVICIOS VETERINARIOS,BOCA SERVICIOS VETERINARIOS,,,18.45,-69.6,manual_override,0.6,Bulldog,Male,8.0,1.0.0
44e3331dcd2c8cc12c87831085ae8896,44e3331dcd2c8cc12c87831085ae8896,bf7532ff81e69fff59a5,IDEXX,baseline_historico,2024-11-27,11/27/24,11/27/24,Sin Limpieza/batch_153.pdf,batch_153.pdf,.,5.0,BOCA SERVICIOS VETERINARIOS,BOCA SERVICIOS VETERINARIOS,,,18.45,-69.6,manual_override,0.6,Bull Terrier,Female,,1.0.0
640fc8bf0f5df1896bfc681b50c7a8a3,640fc8bf0f5df1896bfc681b50c7a8a3,6f4d8edd12c0cf454f2e,IDEXX,baseline_historico,2024-11-26,11/26/24,11/26/24,Sin Limpieza/batch_153.pdf,batch_153.pdf,.,7.0,BOCA SERVICIOS VETERINARIOS,BOCA SERVICIOS VETERINARIOS,,,18.45,-69.6,manual_override,0.6,Shih Tzu,Female,1.0,1.0.0
f2b0d97f81a6af484d48c44abd91c0bc,f2b0d97f81a6af484d48c44abd91c0bc,8594e8d4e39e4ebaf9a9,IDEXX,baseline_historico,2024-11-26,11/26/24,11/26/24,Sin Limpieza/batch_153.pdf,batch_153.pdf,.,13.0,BOCA SERVICIOS VETERINARIOS,BOCA SERVICIOS VETERINARIOS,,,18.45,-69.6,manual_override,0.6,Chihuahua,Female,2.0,1.0.0
af29428500cdb4c6e18ebe7b3fbe78ef,af29428500cdb4c6e18ebe7b3fbe78ef,d9b194263f071e3c89c9,IDEXX,baseline_historico,2024-11-26,11/26/24,11/26/24,Sin Limpieza/batch_153.pdf,batch_153.pdf,.,15.0,BOCA SERVICIOS VETERINARIOS,BOCA SERVICIOS VETERINARIOS,,,18.45,-69.6,manual_override,0.6,Golden Retriever,Male,1.0,1.0.0
feed5fb58b4f5d09756e5e4aa5a75ea6,feed5fb58b4f5d09756e5e4aa5a75ea6,69d6f129b2a54984b9d2,IDEXX,baseline_historico,2024-11-25,11/25/24,11/25/24,Sin Limpieza/batch_153.pdf,batch_153.pdf,.,17.0,BOCA SERVICIOS VETERINARIOS,BOCA SERVICIOS VETERINARIOS,,,18.45,-69.6,manual_override,0.6,Miniature Pinscher,Female,,1.0.0
242b484f8db09307a2930986cca1b998,242b484f8db09307a2930986cca1b998,ce143cb2232b9dba2836,IDEXX,baseline_historico,2024-11-25,11/25/24,11/25/24,Sin Limpieza/batch_153.pdf,batch_153.pdf,.,19.0,BOCA SERVICIOS VETERINARIOS,BOCA SERVICIOS VETERINARIOS,,,18.45,-69.6,manual_override,0.6,Mixed,Male,1.0,1.0.0
82773a986f0bd9263096961721bdb2d8,82773a986f0bd9263096961721bdb2d8,c2e12a885c6c59f67a5f,IDEXX,baseline_historico,2024-10-26,10/26/24,10/26/24,Sin Limpieza/batch_154.pdf,batch_154.pdf,.,1.0,BOCA SERVICIOS VETERINARIOS,BOCA SERVICIOS VETERINARIOS,,,18.45,-69.6,manual_override,0.6,Pug,Male,1.0,1.0.0
e337393baad735fd2371781dc017148f,e337393baad735fd2371781dc017148f,fbb451f4b63f38adc448,IDEXX,baseline_historico,2024-10-26,10/26/24,10/26/24,Sin Limpieza/batch_154.pdf,batch_154.pdf,.,3.0,BOCA SERVICIOS VETERINARIOS,BOCA SERVICIOS VETERINARIOS,,,18.45,-69.6,manual_override,0.6,Chihuahua,Male,3.0,1.0.0
fec419b9746464edb14c798289617948,fec419b9746464edb14c798289617948,4a2b0143eddfbb5751e6,IDEXX,baseline_historico,2024-10-26,10/26/24,10/26/24,Sin Limpieza/batch_154.pdf,batch_154.pdf,.,5.0,BOCA SERVICIOS VETERINARIOS,BOCA SERVICIOS VETERINARIOS,,,18.45,-69.6,manual_override,0.6,Chihuahua,Female,8.0,1.0.0
58d7370abdc7a30a88fc8f7f88bf46c5,58d7370abdc7a30a88fc8f7f88bf46c5,05327c50e33649ba5bd4,IDEXX,baseline_historico,2024-10-25,10/25/24,10/25/24,Sin Limpieza/batch_154.pdf,batch_154.pdf,.,7.0,BOCA SERVICIOS VETERINARIOS,BOCA SERVICIOS VETERINARIOS,,,18.45,-69.6,manual_override,0.6,Shih Tzu,Female,13.0,1.0.0
8ec9e7a0da8fd9311433e13a415dd0b0,8ec9e7a0da8fd9311433e13a415dd0b0,dc0e5c5ae63edd82025e,IDEXX,baseline_historico,2024-10-25,10/25/24,10/25/24,Sin Limpieza/batch_154.pdf,batch_154.pdf,.,9.0,BOCA SERVICIOS VETERINARIOS,BOCA SERVICIOS VETERINARIOS,,,18.45,-69.6,manual_override,0.6,Siberian Husky,Male,3.0,1.0.0
33a7b51e633647386bd11d810a33b2a8,33a7b51e633647386bd11d810a33b2a8,0e4105886fdfbdd2947d,IDEXX,baseline_historico,2024-10-25,10/25/24,10/25/24,Sin Limpieza/batch_154.pdf,batch_154.pdf,.,11.0,BOCA SERVICIOS VETERINARIOS,BOCA SERVICIOS VETERINARIOS,,,18.45,-69.6,manual_override,0.6,Shih Tzu,Female,2.0,1.0.0
73f74f80b379fb42021ecb8dd98c0bef,73f74f80b379fb42021ecb8dd98c0bef,16f43877cff9b6411bd2,IDEXX,baseline_historico,2024-10-23,10/23/24,10/23/24,Sin Limpieza/batch_154.pdf,batch_154.pdf,.,13.0,BOCA SERVICIOS VETERINARIOS,BOCA SERVICIOS VETERINARIOS,,,18.45,-69.6,manual_override,0.6,"santo domingo, do 0000 DATE OF RECEIPT: 10/23/24",Female,3.0,1.0.0
7426bd5c3ae69b161cc7398f2d23260d,7426bd5c3ae69b161cc7398f2d23260d,abe6324d187eadeb4dcc,IDEXX,baseline_historico,2024-10-23,10/23/24,10/23/24,Sin Limpieza/batch_154.pdf,batch_154.pdf,.,15.0,BOCA SERVICIOS VETERINARIOS,BOCA SERVICIOS VETERINARIOS,,,18.45,-69.6,manual_override,0.6,Bulldog,Male,4.0,1.0.0
8f11dc1cff16211f0b8314d04e5691ca,8f11dc1cff16211f0b8314d04e5691ca,4fa46f8b884a9124c4a9,IDEXX,baseline_historico,2024-10-23,10/23/24,10/23/24,Sin Limpieza/batch_154.pdf,batch_154.pdf,.,17.0,BOCA SERVICIOS VETERINARIOS,BOCA SERVICIOS VETERINARIOS,,,18.45,-69.6,manual_override,0.6,Doberman Pinscher,Male,1.0,1.0.0
8887d40c064d235e639e5ee7fc974995,8887d40c064d235e639e5ee7fc974995,d12dcd26a544dd687db1,IDEXX,baseline_historico,2024-10-23,10/23/24,10/23/24,Sin Limpieza/batch_154.pdf,batch_154.pdf,.,19.0,BOCA SERVICIOS VETERINARIOS,BOCA SERVICIOS VETERINARIOS,,,18.45,-69.6,manual_override,0.6,"Canine, Mixed Breed",Male,2.0,1.0.0
827ddcd840f1c926bd259d677fbf1dcb,827ddcd840f1c926bd259d677fbf1dcb,b8a2987d7a3983e6d937,IDEXX,baseline_historico,2024-09-30,9/30/24,9/30/24,Sin Limpieza/batch_155.pdf,batch_155.pdf,.,1.0,BOCA SERVICIOS VETERINARIOS,BOCA SERVICIOS VETERINARIOS,,,18.45,-69.6,manual_override,0.6,French Bulldog,Female,,1.0.0
8687131cd62247576297d0dcb7db9dc1,8687131cd62247576297d0dcb7db9dc1,3aee73ab17b68a8c1002,IDEXX,baseline_historico,2024-09-30,9/30/24,9/30/24,Sin Limpieza/batch_155.pdf,batch_155.pdf,.,3.0,BOCA SERVICIOS VETERINARIOS,BOCA SERVICIOS VETERINARIOS,,,18.45,-69.6,manual_override,0.6,"santo domingo, do 0000 DATE OF RECEIPT: 9/30/24",,,1.0.0
9a4bf2d66ec3ea0ba38ec8026ee91326,9a4bf2d66ec3ea0ba38ec8026ee91326,38b9868f96075df5101d,IDEXX,baseline_historico,2024-09-30,9/30/24,9/30/24,Sin Limpieza/batch_155.pdf,batch_155.pdf,.,5.0,BOCA SERVICIOS VETERINARIOS,BOCA SERVICIOS VETERINARIOS,,,18.45,-69.6,manual_override,0.6,Smooth Hair Fox Terrier,Female,2.0,1.0.0
3360b4f2141dd0b0db27cff96bea810b,3360b4f2141dd0b0db27cff96bea810b,252f5f56b505ee5a5c9f,IDEXX,baseline_historico,2024-09-30,9/30/24,9/30/24,Sin Limpieza/batch_155.pdf,batch_155.pdf,.,7.0,BOCA SERVICIOS VETERINARIOS,BOCA SERVICIOS VETERINARIOS,,,18.45,-69.6,manual_override,0.6,"Canine, Mixed Breed",Female,7.0,1.0.0
b839526429350b27dec814971d4132fe,b839526429350b27dec814971d4132fe,fd114e357e0a86f70f12,IDEXX,baseline_historico,2024-09-30,9/30/24,9/30/24,Sin Limpieza/batch_155.pdf,batch_155.pdf,.,9.0,BOCA SERVICIOS VETERINARIOS,BOCA SERVICIOS VETERINARIOS,,,18.45,-69.6,manual_override,0.6,"Canine, Mixed Breed",Female,2.0,1.0.0
d6a88ae84020ee20ba8333f631785348,d6a88ae84020ee20ba8333f631785348,fd114e357e0a86f70f12,IDEXX,baseline_historico,2024-09-28,9/28/24,9/28/24,Sin Limpieza/batch_155.pdf,batch_155.pdf,.,11.0,BOCA SERVICIOS VETERINARIOS,BOCA SERVICIOS VETERINARIOS,,,18.45,-69.6,manual_override,0.6,"Canine, Mixed Breed",Female,2.0,1.0.0
3df79721fdb7b8c6b1c43c09a68a813c,3df79721fdb7b8c6b1c43c09a68a813c,7a1964aeb3773b1d31d4,IDEXX,baseline_historico,2024-09-27,9/27/24,9/27/24,Sin Limpieza/batch_155.pdf,batch_155.pdf,.,17.0,BOCA SERVICIOS VETERINARIOS,BOCA SERVICIOS VETERINARIOS,,,18.45,-69.6,manual_override,0.6,Golden Retriever,Female,,1.0.0
4cd5c676065c45f76c651f17914e7bcf,4cd5c676065c45f76c651f17914e7bcf,732e1f8c01254630f343,IDEXX,baseline_historico,2024-09-26,9/26/24,9/26/24,Sin Limpieza/batch_155.pdf,batch_155.pdf,.,19.0,BOCA SERVICIOS VETERINARIOS,BOCA SERVICIOS VETERINARIOS,,,18.45,-69.6,manual_override,0.6,Shih Tzu,Male,2.0,1.0.0
91dfebca552111070a59c25448f7a8a7,91dfebca552111070a59c25448f7a8a7,60a40c36a53ec585cd71,IDEXX,baseline_historico,2024-09-16,9/16/24,9/16/24,Sin Limpieza/batch_156.pdf,batch_156.pdf,.,1.0,BOCA SERVICIOS VETERINARIOS,BOCA SERVICIOS VETERINARIOS,,,18.45,-69.6,manual_override,0.6,Smooth Hair Fox Terrier,Female,2.0,1.0.0
582b6fb196929167d9f784027cbca3be,582b6fb196929167d9f784027cbca3be,ea1162e505982214ade1,IDEXX,baseline_historico,2024-09-14,9/14/24,9/14/24,Sin Limpieza/batch_156.pdf,batch_156.pdf,.,3.0,BOCA SERVICIOS VETERINARIOS,BOCA SERVICIOS VETERINARIOS,,,18.45,-69.6,manual_override,0.6,Chihuahua,Female,2.0,1.0.0
1df0f063e350bb7a5a8848fea14f46af,1df0f063e350bb7a5a8848fea14f46af,5d37c0aa7b1f0d6a3126,IDEXX,baseline_historico,2024-09-14,9/14/24,9/14/24,Sin Limpieza/batch_156.pdf,batch_156.pdf,.,5.0,BOCA SERVICIOS VETERINARIOS,BOCA SERVICIOS VETERINARIOS,,,18.45,-69.6,manual_override,0.6,Chihuahua,Female,10.0,1.0.0
5c906f46eebfb7ef0aacea57188707a8,5c906f46eebfb7ef0aacea57188707a8,60a40c36a53ec585cd71,IDEXX,baseline_historico,2024-09-14,9/14/24,9/14/24,Sin Limpieza/batch_156.pdf,batch_156.pdf,.,7.0,BOCA SERVICIOS VETERINARIOS,BOCA SERVICIOS VETERINARIOS,,,18.45,-69.6,manual_override,0.6,Smooth Hair Fox Terrier,Female,2.0,1.0.0
8089e9044ea0744845d64beb98b003f4,8089e9044ea0744845d64beb98b003f4,5834bd4e4e83c046190e,IDEXX,baseline_historico,2024-09-13,9/13/24,9/13/24,Sin Limpieza/batch_156.pdf,batch_156.pdf,.,9.0,BOCA SERVICIOS VETERINARIOS,BOCA SERVICIOS VETERINARIOS,,,18.45,-69.6,manual_override,0.6,Chihuahua,Male,12.0,1.0.0
5bd76f1b0bcc1ec3406fe796b68e46cc,5bd76f1b0bcc1ec3406fe796b68e46cc,ef09ff8049c7a21ef632,IDEXX,baseline_historico,2024-09-13,9/13/24,9/13/24,Sin Limpieza/batch_156.pdf,batch_156.pdf,.,11.0,BOCA SERVICIOS VETERINARIOS,BOCA SERVICIOS VETERINARIOS,,,18.45,-69.6,manual_override,0.6,Chihuahua,Male,15.0,1.0.0
17de74f9501c3d05a0a54b5c91b44fb3,17de74f9501c3d05a0a54b5c91b44fb3,c25ce0cc8a5a3acd36cd,IDEXX,baseline_historico,2024-09-12,9/12/24,9/12/24,Sin Limpieza/batch_156.pdf,batch_156.pdf,.,13.0,BOCA SERVICIOS VETERINARIOS,BOCA SERVICIOS VETERINARIOS,,,18.45,-69.6,manual_override,0.6,Yorkshire Terrier,Female,12.0,1.0.0
b0f5b126951643a5094cb1068b0e96df,b0f5b126951643a5094cb1068b0e96df,60a40c36a53ec585cd71,IDEXX,baseline_historico,2024-09-12,9/12/24,9/12/24,Sin Limpieza/batch_156.pdf,batch_156.pdf,.,15.0,BOCA SERVICIOS VETERINARIOS,BOCA SERVICIOS VETERINARIOS,,,18.45,-69.6,manual_override,0.6,Smooth Hair Fox Terrier,Female,2.0,1.0.0
f8059cf0a357823d7ff30824c78b64d5,f8059cf0a357823d7ff30824c78b64d5,c1c1991989422424d5fd,IDEXX,baseline_historico,2024-10-08,10/8/24,10/8/24,Sin Limpieza/batch_157.pdf,batch_157.pdf,.,1.0,BOCA SERVICIOS VETERINARIOS,BOCA SERVICIOS VETERINARIOS,,,18.45,-69.6,manual_override,0.6,Bulldog,Male,,1.0.0
878d46afb6ef650e8303204ab424913f,878d46afb6ef650e8303204ab424913f,f57caac0b587fb7e25ea,IDEXX,baseline_historico,2024-10-07,10/7/24,10/7/24,Sin Limpieza/batch_157.pdf,batch_157.pdf,.,3.0,BOCA SERVICIOS VETERINARIOS,BOCA SERVICIOS VETERINARIOS,,,18.45,-69.6,manual_override,0.6,"Canine, Other",Female,,1.0.0
134d886e3cf8653b21629e7e996945df,134d886e3cf8653b21629e7e996945df,347b5d4ac5e9018d670d,IDEXX,baseline_historico,2024-10-07,10/7/24,10/7/24,Sin Limpieza/batch_157.pdf,batch_157.pdf,.,5.0,BOCA SERVICIOS VETERINARIOS,BOCA SERVICIOS VETERINARIOS,,,18.45,-69.6,manual_override,0.6,Chihuahua,Female,18.0,1.0.0
bc4687704ee44b5c36317c5643a3a860,bc4687704ee44b5c36317c5643a3a860,f01d2cb211b4949d723a,IDEXX,baseline_historico,2024-10-07,10/7/24,10/7/24,Sin Limpieza/batch_157.pdf,batch_157.pdf,.,7.0,BOCA SERVICIOS VETERINARIOS,BOCA SERVICIOS VETERINARIOS,,,18.45,-69.6,manual_override,0.6,Siberian Husky,Male,1.0,1.0.0
1e03a3a88a8ca4d356aef7dfc1f1db39,1e03a3a88a8ca4d356aef7dfc1f1db39,dbd30e040d0a1eab1e4f,IDEXX,baseline_historico,2024-10-07,10/7/24,10/7/24,Sin Limpieza/batch_157.pdf,batch_157.pdf,.,9.0,BOCA SERVICIOS VETERINARIOS,BOCA SERVICIOS VETERINARIOS,,,18.45,-69.6,manual_override,0.6,"Canine, Other",Male,3.0,1.0.0
f44f2e9004cf1eee378c9ab0dd7c227f,f44f2e9004cf1eee378c9ab0dd7c227f,d499b06506048828bf3f,IDEXX,baseline_historico,2024-10-07,10/7/24,10/7/24,Sin Limpieza/batch_157.pdf,batch_157.pdf,.,13.0,BOCA SERVICIOS VETERINARIOS,BOCA SERVICIOS VETERINARIOS,,,18.45,-69.6,manual_override,0.6,Siberian Husky,Male,9.0,1.0.0
5fcad7815b047ea133b0332eb3a347f5,5fcad7815b047ea133b0332eb3a347f5,fba17dcbc0d67614bff1,IDEXX,baseline_historico,2024-10-05,10/5/24,10/5/24,Sin Limpieza/batch_157.pdf,batch_157.pdf,.,15.0,BOCA SERVICIOS VETERINARIOS,BOCA SERVICIOS VETERINARIOS,,,18.45,-69.6,manual_override,0.6,Belgian Sheepdog,Male,8.0,1.0.0
61fc9c3408970f78f50a5e6f554fe5a5,61fc9c3408970f78f50a5e6f554fe5a5,21c0445d386dc0b420b3,IDEXX,baseline_historico,2024-10-04,10/4/24,10/4/24,Sin Limpieza/batch_157.pdf,batch_157.pdf,.,17.0,BOCA SERVICIOS VETERINARIOS,BOCA SERVICIOS VETERINARIOS,,,18.45,-69.6,manual_override,0.6,Bulldog,Female,2.0,1.0.0
8e4148e4913870d33cfa33eaa077ae1f,8e4148e4913870d33cfa33eaa077ae1f,2529de0c679d3497d56c,IDEXX,baseline_historico,2024-10-04,10/4/24,10/4/24,Sin Limpieza/batch_157.pdf,batch_157.pdf,.,19.0,BOCA SERVICIOS VETERINARIOS,BOCA SERVICIOS VETERINARIOS,,,18.45,-69.6,manual_override,0.6,Dachshund,Male,6.0,1.0.0
bb414ada4f32eba402f30d1353df444a,bb414ada4f32eba402f30d1353df444a,38b9868f96075df5101d,IDEXX,baseline_historico,2024-10-02,10/2/24,10/2/24,Sin Limpieza/batch_158.pdf,batch_158.pdf,.,1.0,BOCA SERVICIOS VETERINARIOS,BOCA SERVICIOS VETERINARIOS,,,18.45,-69.6,manual_override,0.6,Smooth Hair Fox Terrier,Female,2.0,1.0.0
dddf3ce9adb04308559a207f43e7031a,dddf3ce9adb04308559a207f43e7031a,7328c5d0e7d0ad4f2473,IDEXX,baseline_historico,2024-10-02,10/2/24,10/2/24,Sin Limpieza/batch_158.pdf,batch_158.pdf,.,3.0,BOCA SERVICIOS VETERINARIOS,BOCA SERVICIOS VETERINARIOS,,,18.45,-69.6,manual_override,0.6,"Canine, Mixed Breed",Female,,1.0.0
e32da1e014770c70e6b74a4151452709,e32da1e014770c70e6b74a4151452709,77557dd10e5b5fa7a0a5,IDEXX,baseline_historico,2024-10-02,10/2/24,10/2/24,Sin Limpieza/batch_158.pdf,batch_158.pdf,.,5.0,BOCA SERVICIOS VETERINARIOS,BOCA SERVICIOS VETERINARIOS,,,18.45,-69.6,manual_override,0.6,"Canine, Mixed Breed",Male,4.0,1.0.0
801f8a0f1c4ff35c1702fb4920d60500,801f8a0f1c4ff35c1702fb4920d60500,7a1964aeb3773b1d31d4,IDEXX,baseline_historico,2024-10-02,10/2/24,10/2/24,Sin Limpieza/batch_158.pdf,batch_158.pdf,.,7.0,BOCA SERVICIOS VETERINARIOS,BOCA SERVICIOS VETERINARIOS,,,18.45,-69.6,manual_override,0.6,Golden Retriever,Female,,1.0.0
46b0e8eccac04b27ff971170a12ee47c,46b0e8eccac04b27ff971170a12ee47c,92c372667006c6dc7f13,IDEXX,baseline_historico,2024-10-02,10/2/24,10/2/24,Sin Limpieza/batch_158.pdf,batch_158.pdf,.,9.0,BOCA SERVICIOS VETERINARIOS,BOCA SERVICIOS VETERINARIOS,,,18.45,-69.6,manual_override,0.6,"Canine, Mixed Breed",,5.0,1.0.0
91e5dcf59d7cc813c142b132a14a6c7e,91e5dcf59d7cc813c142b132a14a6c7e,4a59a3ab6676030ebd85,IDEXX,baseline_historico,2024-10-02,10/2/24,10/2/24,Sin Limpieza/batch_158.pdf,batch_158.pdf,.,11.0,BOCA SERVICIOS VETERINARIOS,BOCA SERVICIOS VETERINARIOS,,,18.45,-69.6,manual_override,0.6,Shih Tzu,Male,10.0,1.0.0
6d40dfc73f09ba6d68a67225b0fc2358,6d40dfc73f09ba6d68a67225b0fc2358,5999fd54fdcfc12f0a44,IDEXX,baseline_historico,2024-10-02,10/2/24,10/2/24,Sin Limpieza/batch_158.pdf,batch_158.pdf,.,13.0,BOCA SERVICIOS VETERINARIOS,BOCA SERVICIOS VETERINARIOS,,,18.45,-69.6,manual_override,0.6,Chihuahua,Male,3.0,1.0.0
60e7d29d996d9d0de38c2a2f38abbf0f,60e7d29d996d9d0de38c2a2f38abbf0f,3b7ec2d163116f33aa61,IDEXX,baseline_historico,2024-10-01,10/1/24,10/1/24,Sin Limpieza/batch_158.pdf,batch_158.pdf,.,15.0,BOCA SERVICIOS VETERINARIOS,BOCA SERVICIOS VETERINARIOS,,,18.45,-69.6,manual_override,0.6,Pug,Male,5.0,1.0.0
1e8c9d4959e9be324d09303a5b5024d5,1e8c9d4959e9be324d09303a5b5024d5,77557dd10e5b5fa7a0a5,IDEXX,baseline_historico,2024-10-01,10/1/24,10/1/24,Sin Limpieza/batch_158.pdf,batch_158.pdf,.,17.0,BOCA SERVICIOS VETERINARIOS,BOCA SERVICIOS VETERINARIOS,,,18.45,-69.6,manual_override,0.6,"Canine, Mixed Breed",Male,4.0,1.0.0
9de06c5062d0c3aa5699785ae51fdad3,9de06c5062d0c3aa5699785ae51fdad3,426d69d9652128c26850,IDEXX,baseline_historico,2024-10-01,10/1/24,10/1/24,Sin Limpieza/batch_158.pdf,batch_158.pdf,.,19.0,BOCA SERVICIOS VETERINARIOS,BOCA SERVICIOS VETERINARIOS,,,18.45,-69.6,manual_override,0.6,"Canine, Other",Female,,1.0.0
e562fbdab7130302eec64c8982a794b0,e562fbdab7130302eec64c8982a794b0,a674deaac2090420270b,IDEXX,baseline_historico,2024-10-10,10/10/24,10/10/24,Sin Limpieza/batch_159.pdf,batch_159.pdf,.,1.0,BOCA SERVICIOS VETERINARIOS,BOCA SERVICIOS VETERINARIOS,,,18.45,-69.6,manual_override,0.6,Miniature Schnauzer,Female,9.0,1.0.0
aa6d498551357b59d481a8ec203b8bdd,aa6d498551357b59d481a8ec203b8bdd,c8e82927324195230b94,IDEXX,baseline_historico,2024-10-10,10/10/24,10/10/24,Sin Limpieza/batch_159.pdf,batch_159.pdf,.,3.0,BOCA SERVICIOS VETERINARIOS,BOCA SERVICIOS VETERINARIOS,,,18.45,-69.6,manual_override,0.6,Golden Retriever,Female,,1.0.0
e7cda015275bc8413559905307f6c849,e7cda015275bc8413559905307f6c849,f3afd6dad5ee3b3c08ea,IDEXX,baseline_historico,2024-10-10,10/10/24,10/10/24,Sin Limpieza/batch_159.pdf,batch_159.pdf,.,5.0,BOCA SERVICIOS VETERINARIOS,BOCA SERVICIOS VETERINARIOS,,,18.45,-69.6,manual_override,0.6,Pomeranian,Male,1.0,1.0.0
b0a994acf68474658edd5ef4c4c55024,b0a994acf68474658edd5ef4c4c55024,3edcb940b7dfb132aa57,IDEXX,baseline_historico,2024-10-10,10/10/24,10/10/24,Sin Limpieza/batch_159.pdf,batch_159.pdf,.,7.0,BOCA SERVICIOS VETERINARIOS,BOCA SERVICIOS VETERINARIOS,,,18.45,-69.6,manual_override,0.6,Golden Retriever,Male,6.0,1.0.0
8a6255a162222514e21086e7ba6b0875,8a6255a162222514e21086e7ba6b0875,d13cf2db1e298ddeb648,IDEXX,baseline_historico,2024-10-09,10/9/24,10/9/24,Sin Limpieza/batch_159.pdf,batch_159.pdf,.,9.0,BOCA SERVICIOS VETERINARIOS,BOCA SERVICIOS VETERINARIOS,,,18.45,-69.6,manual_override,0.6,Chihuahua,Female,,1.0.0
04c1b4815d50a2f72e27b1443ed83498,04c1b4815d50a2f72e27b1443ed83498,b5e4380053958c2b4d7c,IDEXX,baseline_historico,2024-10-09,10/9/24,10/9/24,Sin Limpieza/batch_159.pdf,batch_159.pdf,.,11.0,BOCA SERVICIOS VETERINARIOS,BOCA SERVICIOS VETERINARIOS,,,18.45,-69.6,manual_override,0.6,"Canine, Mixed Breed",Male,10.0,1.0.0
66d543b0b8caa8a745f26e8047875527,66d543b0b8caa8a745f26e8047875527,a3ce5e4934e8bc48d78a,IDEXX,baseline_historico,2024-10-09,10/9/24,10/9/24,Sin Limpieza/batch_159.pdf,batch_159.pdf,.,13.0,BOCA SERVICIOS VETERINARIOS,BOCA SERVICIOS VETERINARIOS,,,18.45,-69.6,manual_override,0.6,"Canine, Mixed Breed",Male,6.0,1.0.0
2a6049c8ced00e73d9cf7045700985bb,2a6049c8ced00e73d9cf7045700985bb,92c372667006c6dc7f13,IDEXX,baseline_historico,2024-10-09,10/9/24,10/9/24,Sin Limpieza/batch_159.pdf,batch_159.pdf,.,15.0,BOCA SERVICIOS VETERINARIOS,BOCA SERVICIOS VETERINARIOS,,,18.45,-69.6,manual_override,0.6,"Canine, Mixed Breed",,5.0,1.0.0
802a82d9bd70151612d4548a5e1e208d,802a82d9bd70151612d4548a5e1e208d,a3b49b6246fbb25108c9,IDEXX,baseline_historico,2024-10-08,10/8/24,10/8/24,Sin Limpieza/batch_159.pdf,batch_159.pdf,.,17.0,BOCA SERVICIOS VETERINARIOS,BOCA SERVICIOS VETERINARIOS,,,18.45,-69.6,manual_override,0.6,"Canine, Mixed Breed",Male,1.0,1.0.0
7fbb32b77e469a11cd6ba626b12418b2,7fbb32b77e469a11cd6ba626b12418b2,d834568ba7596b1d77fd,IDEXX,baseline_historico,2024-10-08,10/8/24,10/8/24,Sin Limpieza/batch_159.pdf,batch_159.pdf,.,19.0,BOCA SERVICIOS VETERINARIOS,BOCA SERVICIOS VETERINARIOS,,,18.45,-69.6,manual_override,0.6,Dachshund,Male,14.0,1.0.0
95fc60c05bc81e0c767e886ddd6dbcd3,95fc60c05bc81e0c767e886ddd6dbcd3,047307af24a5046d4ae2,IDEXX,baseline_historico,2025-11-25,11/25/25,11/25/25,Sin Limpieza/batch_16.pdf,batch_16.pdf,.,1.0,BOCA SERVICIOS VETERINARIOS,BOCA SERVICIOS VETERINARIOS,,,18.45,-69.6,manual_override,0.6,Chihuahua,Female,1.0,1.0.0
242407b7695b98a0905f9c0d8478ac1b,242407b7695b98a0905f9c0d8478ac1b,1fa318d53619b0d37339,IDEXX,baseline_historico,2025-11-25,11/25/25,11/25/25,Sin Limpieza/batch_16.pdf,batch_16.pdf,.,3.0,BOCA SERVICIOS VETERINARIOS,BOCA SERVICIOS VETERINARIOS,,,18.45,-69.6,manual_override,0.6,"Canine, Other",Female,,1.0.0
4d08b0e5287efe13ecd30a39470b79d7,4d08b0e5287efe13ecd30a39470b79d7,95286fe18838e419e9e1,IDEXX,baseline_historico,2025-11-25,11/25/25,11/25/25,Sin Limpieza/batch_16.pdf,batch_16.pdf,.,5.0,BOCA SERVICIOS VETERINARIOS,BOCA SERVICIOS VETERINARIOS,,,18.45,-69.6,manual_override,0.6,"Canine, Mixed Breed",Male,6.0,1.0.0
2ac0745206eac7bd46e2f32e2048ed6a,2ac0745206eac7bd46e2f32e2048ed6a,8b551ae7402cd9da81c6,IDEXX,baseline_historico,2025-11-25,11/25/25,11/25/25,Sin Limpieza/batch_16.pdf,batch_16.pdf,.,7.0,BOCA SERVICIOS VETERINARIOS,BOCA SERVICIOS VETERINARIOS,,,18.45,-69.6,manual_override,0.6,"Canine, Mixed Breed",Male,3.0,1.0.0
e01d758ffa4825a4885d5f8149a1b89e,e01d758ffa4825a4885d5f8149a1b89e,67fde200104414f0835e,IDEXX,baseline_historico,2025-11-25,11/25/25,11/25/25,Sin Limpieza/batch_16.pdf,batch_16.pdf,.,9.0,BOCA SERVICIOS VETERINARIOS,BOCA SERVICIOS VETERINARIOS,,,18.45,-69.6,manual_override,0.6,"Canine, Mixed Breed",Female,1.0,1.0.0
ce858fc1b504a6d39a86d2618741a555,ce858fc1b504a6d39a86d2618741a555,a77493205db0089ba024,IDEXX,baseline_historico,2025-11-25,11/25/25,11/25/25,Sin Limpieza/batch_16.pdf,batch_16.pdf,.,11.0,BOCA SERVICIOS VETERINARIOS,BOCA SERVICIOS VETERINARIOS,,,18.45,-69.6,manual_override,0.6,American Staffordshire Terrier,Female,7.0,1.0.0
ffb4149b17beeb811d0262b3ad1ae7ad,ffb4149b17beeb811d0262b3ad1ae7ad,35a21253f4b45b70441f,IDEXX,baseline_historico,2025-11-25,11/25/25,11/25/25,Sin Limpieza/batch_16.pdf,batch_16.pdf,.,13.0,BOCA SERVICIOS VETERINARIOS,BOCA SERVICIOS VETERINARIOS,,,18.45,-69.6,manual_override,0.6,"Canine, Other",Male,8.0,1.0.0
e127c70829259c903f25712cfe904120,e127c70829259c903f25712cfe904120,5dd68880bfbac8026d22,IDEXX,baseline_historico,2025-11-25,11/25/25,11/25/25,Sin Limpieza/batch_16.pdf,batch_16.pdf,.,15.0,BOCA SERVICIOS VETERINARIOS,BOCA SERVICIOS VETERINARIOS,,,18.45,-69.6,manual_override,0.6,German Shepherd,Female,10.0,1.0.0
57baaba8f53c6bf4c473f2d320bebdc7,57baaba8f53c6bf4c473f2d320bebdc7,9629315baa3224c0eb59,IDEXX,baseline_historico,2025-11-24,11/24/25,11/24/25,Sin Limpieza/batch_16.pdf,batch_16.pdf,.,19.0,BOCA SERVICIOS VETERINARIOS,BOCA SERVICIOS VETERINARIOS,,,18.45,-69.6,manual_override,0.6,Yorkshire Terrier,Female,,1.0.0
cf32cd74ddcccfa4a657ba99d7a95b84,cf32cd74ddcccfa4a657ba99d7a95b84,44d5338c0aa96415b133,IDEXX,baseline_historico,2024-12-10,12/10/24,12/10/24,Sin Limpieza/batch_160.pdf,batch_160.pdf,.,1.0,BOCA SERVICIOS VETERINARIOS,BOCA SERVICIOS VETERINARIOS,,,18.45,-69.6,manual_override,0.6,Golden Retriever,Female,8.0,1.0.0
a8bb0c7938df5afd0bba646a677673dc,a8bb0c7938df5afd0bba646a677673dc,47b26cc394cc835c9759,IDEXX,baseline_historico,2024-12-10,12/10/24,12/10/24,Sin Limpieza/batch_160.pdf,batch_160.pdf,.,3.0,BOCA SERVICIOS VETERINARIOS,BOCA SERVICIOS VETERINARIOS,,,18.45,-69.6,manual_override,0.6,Chihuahua,Male,5.0,1.0.0
d4dcf39535435a9664042ef29344f088,d4dcf39535435a9664042ef29344f088,29fc1ba63897a69f5b19,IDEXX,baseline_historico,2024-12-10,12/10/24,12/10/24,Sin Limpieza/batch_160.pdf,batch_160.pdf,.,7.0,BOCA SERVICIOS VETERINARIOS,BOCA SERVICIOS VETERINARIOS,,,18.45,-69.6,manual_override,0.6,"Canine, Other",Female,3.0,1.0.0
4ef1c6867a0747cd84c6d724d5762bc2,4ef1c6867a0747cd84c6d724d5762bc2,0b88144f35606a41e615,IDEXX,baseline_historico,2024-12-09,12/9/24,12/9/24,Sin Limpieza/batch_160.pdf,batch_160.pdf,.,9.0,BOCA SERVICIOS VETERINARIOS,BOCA SERVICIOS VETERINARIOS,,,18.45,-69.6,manual_override,0.6,Dachshund,Female,8.0,1.0.0
47631c3e02843fc6c279f45e880824d5,47631c3e02843fc6c279f45e880824d5,a0ed35617d32c08d10d9,IDEXX,baseline_historico,2024-12-09,12/9/24,12/9/24,Sin Limpieza/batch_160.pdf,batch_160.pdf,.,11.0,BOCA SERVICIOS VETERINARIOS,BOCA SERVICIOS VETERINARIOS,,,18.45,-69.6,manual_override,0.6,"Canine, Other",Male,,1.0.0
e59df0e903687686c34cdc482b50f57b,e59df0e903687686c34cdc482b50f57b,313bdbb4f0c4b372458d,IDEXX,baseline_historico,2024-12-09,12/9/24,12/9/24,Sin Limpieza/batch_160.pdf,batch_160.pdf,.,15.0,BOCA SERVICIOS VETERINARIOS,BOCA SERVICIOS VETERINARIOS,,,18.45,-69.6,manual_override,0.6,Doberman Pinscher,Female,,1.0.0
941e3190af723a07405e84d18fccfed4,941e3190af723a07405e84d18fccfed4,a9553b794d1a1fd6d309,IDEXX,baseline_historico,2024-12-09,12/9/24,12/9/24,Sin Limpieza/batch_160.pdf,batch_160.pdf,.,17.0,BOCA SERVICIOS VETERINARIOS,BOCA SERVICIOS VETERINARIOS,,,18.45,-69.6,manual_override,0.6,Bulldog,Female,,1.0.0
678a8201e4846a89ef9eda35e4d524ef,678a8201e4846a89ef9eda35e4d524ef,7a6d82a2370923673831,IDEXX,baseline_historico,2024-12-09,12/9/24,12/9/24,Sin Limpieza/batch_160.pdf,batch_160.pdf,.,19.0,BOCA SERVICIOS VETERINARIOS,BOCA SERVICIOS VETERINARIOS,,,18.45,-69.6,manual_override,0.6,"Canine, Other",Male,,1.0.0
b52b5e0574b511d5bef213a571565da1,b52b5e0574b511d5bef213a571565da1,9880bd2f301f1ee4f3ce,IDEXX,baseline_historico,2024-10-29,10/29/24,10/29/24,Sin Limpieza/batch_161.pdf,batch_161.pdf,.,1.0,BOCA SERVICIOS VETERINARIOS,BOCA SERVICIOS VETERINARIOS,,,18.45,-69.6,manual_override,0.6,Chihuahua,Male,7.0,1.0.0
144454437bf40d53d21477c24273a3e8,144454437bf40d53d21477c24273a3e8,8e1036dffdf66640cd36,IDEXX,baseline_historico,2024-10-29,10/29/24,10/29/24,Sin Limpieza/batch_161.pdf,batch_161.pdf,.,3.0,BOCA SERVICIOS VETERINARIOS,BOCA SERVICIOS VETERINARIOS,,,18.45,-69.6,manual_override,0.6,"Canine, Mixed Breed",Female,2.0,1.0.0
5419880c5f69c68d0b26dedd0b3d0b5c,5419880c5f69c68d0b26dedd0b3d0b5c,79e53fd380a7d7a52b72,IDEXX,baseline_historico,2024-10-29,10/29/24,10/29/24,Sin Limpieza/batch_161.pdf,batch_161.pdf,.,5.0,BOCA SERVICIOS VETERINARIOS,BOCA SERVICIOS VETERINARIOS,,,18.45,-69.6,manual_override,0.6,French Bulldog,Male,,1.0.0
95e000b8b5d265fa0538d67a4662b0f8,95e000b8b5d265fa0538d67a4662b0f8,2a156db0346d0a4c3b0d,IDEXX,baseline_historico,2024-10-28,10/28/24,10/28/24,Sin Limpieza/batch_161.pdf,batch_161.pdf,.,7.0,BOCA SERVICIOS VETERINARIOS,BOCA SERVICIOS VETERINARIOS,,,18.45,-69.6,manual_override,0.6,"Canine, Mixed Breed",Female,1.0,1.0.0
634c00a7569f33df0923cca62f235b08,634c00a7569f33df0923cca62f235b08,2937d5dc2c1c02d64b52,IDEXX,baseline_historico,2024-10-28,10/28/24,10/28/24,Sin Limpieza/batch_161.pdf,batch_161.pdf,.,11.0,BOCA SERVICIOS VETERINARIOS,BOCA SERVICIOS VETERINARIOS,,,18.45,-69.6,manual_override,0.6,Chihuahua,Male,3.0,1.0.0
73023c5d735ccbbe875d7dead8f1682b,73023c5d735ccbbe875d7dead8f1682b,6ab2137917f3e1dfe495,IDEXX,baseline_historico,2024-10-28,10/28/24,10/28/24,Sin Limpieza/batch_161.pdf,batch_161.pdf,.,13.0,BOCA SERVICIOS VETERINARIOS,BOCA SERVICIOS VETERINARIOS,,,18.45,-69.6,manual_override,0.6,"Cocker Spaniel, American",Male,3.0,1.0.0
a58be12aaf3571ef1a5ee4c9599f58c8,a58be12aaf3571ef1a5ee4c9599f58c8,cd3809aff75a57b45cc2,IDEXX,baseline_historico,2024-10-28,10/28/24,10/28/24,Sin Limpieza/batch_161.pdf,batch_161.pdf,.,15.0,BOCA SERVICIOS VETERINARIOS,BOCA SERVICIOS VETERINARIOS,,,18.45,-69.6,manual_override,0.6,"Canine, Mixed Breed",Female,9.0,1.0.0
d7bb542c316c0664703e6509dff1e46b,d7bb542c316c0664703e6509dff1e46b,d7f3a2a666ef46a292fb,IDEXX,baseline_historico,2024-10-28,10/28/24,10/28/24,Sin Limpieza/batch_161.pdf,batch_161.pdf,.,17.0,BOCA SERVICIOS VETERINARIOS,BOCA SERVICIOS VETERINARIOS,,,18.45,-69.6,manual_override,0.6,Pomeranian,Female,2.0,1.0.0
60090451a14681203ea218189b61161e,60090451a14681203ea218189b61161e,c1c1991989422424d5fd,IDEXX,baseline_historico,2024-10-28,10/28/24,10/28/24,Sin Limpieza/batch_161.pdf,batch_161.pdf,.,19.0,BOCA SERVICIOS VETERINARIOS,BOCA SERVICIOS VETERINARIOS,,,18.45,-69.6,manual_override,0.6,Bulldog,Male,,1.0.0
75d8f9fa28c178fe7eedaa6154d6aa21,75d8f9fa28c178fe7eedaa6154d6aa21,1f0a0ba72c737bbf22ce,IDEXX,baseline_historico,2024-10-04,10/4/24,10/4/24,Sin Limpieza/batch_162.pdf,batch_162.pdf,.,1.0,BOCA SERVICIOS VETERINARIOS,BOCA SERVICIOS VETERINARIOS,,,18.45,-69.6,manual_override,0.6,"Canine, Mixed Breed",Female,7.0,1.0.0
2d751abbe04be16dd5ab3a05025fbdd5,2d751abbe04be16dd5ab3a05025fbdd5,a2139e576fa061cd591f,IDEXX,baseline_historico,2024-10-04,10/4/24,10/4/24,Sin Limpieza/batch_162.pdf,batch_162.pdf,.,3.0,BOCA SERVICIOS VETERINARIOS,BOCA SERVICIOS VETERINARIOS,,,18.45,-69.6,manual_override,0.6,Bulldog,Female,5.0,1.0.0
aa88afc63d7af8beeff961334ecc26e3,aa88afc63d7af8beeff961334ecc26e3,5f7679da823f19203e7d,IDEXX,baseline_historico,2024-10-04,10/4/24,10/4/24,Sin Limpieza/batch_162.pdf,batch_162.pdf,.,5.0,BOCA SERVICIOS VETERINARIOS,BOCA SERVICIOS VETERINARIOS,,,18.45,-69.6,manual_override,0.6,"Cocker Spaniel, American",Male,3.0,1.0.0
4ae390970c5a7056d51c620ba0814f5e,4ae390970c5a7056d51c620ba0814f5e,8933ac6cdec1161da87b,IDEXX,baseline_historico,2024-10-04,10/4/24,10/4/24,Sin Limpieza/batch_162.pdf,batch_162.pdf,.,7.0,BOCA SERVICIOS VETERINARIOS,BOCA SERVICIOS VETERINARIOS,,,18.45,-69.6,manual_override,0.6,Bulldog,,2.0,1.0.0
6e5983952e88fbd3cec007b7ee86f08d,6e5983952e88fbd3cec007b7ee86f08d,de95d57c8d4e8d81b507,IDEXX,baseline_historico,2024-10-04,10/4/24,10/4/24,Sin Limpieza/batch_162.pdf,batch_162.pdf,.,9.0,BOCA SERVICIOS VETERINARIOS,BOCA SERVICIOS VETERINARIOS,,,18.45,-69.6,manual_override,0.6,Bulldog,Male,,1.0.0
9a14d5a2c4cbb922a85b1875df85ef95,9a14d5a2c4cbb922a85b1875df85ef95,d0a229911b72b5ba6c3f,IDEXX,baseline_historico,2024-10-04,10/4/24,10/4/24,Sin Limpieza/batch_162.pdf,batch_162.pdf,.,11.0,BOCA SERVICIOS VETERINARIOS,BOCA SERVICIOS VETERINARIOS,,,18.45,-69.6,manual_override,0.6,"Canine, Other",Female,2.0,1.0.0
4ffbdf9f45fb0139a866371784835d73,4ffbdf9f45fb0139a866371784835d73,a669a8f1ff0c48bebd0f,IDEXX,baseline_historico,2024-10-03,10/3/24,10/3/24,Sin Limpieza/batch_162.pdf,batch_162.pdf,.,13.0,BOCA SERVICIOS VETERINARIOS,BOCA SERVICIOS VETERINARIOS,,,18.45,-69.6,manual_override,0.6,"Canine, Other",Female,4.0,1.0.0
5def1543b4bd6127bd7f7ce87f10d77d,5def1543b4bd6127bd7f7ce87f10d77d,ab3326a18222b4d43ef0,IDEXX,baseline_historico,2024-10-03,10/3/24,10/3/24,Sin Limpieza/batch_162.pdf,batch_162.pdf,.,15.0,BOCA SERVICIOS VETERINARIOS,BOCA SERVICIOS VETERINARIOS,,,18.45,-69.6,manual_override,0.6,"Canine, Mixed Breed",Female,8.0,1.0.0
9557583593c13858a74304b4703b6eb4,9557583593c13858a74304b4703b6eb4,5cc7366a659e0922d3b3,IDEXX,baseline_historico,2024-10-03,10/3/24,10/3/24,Sin Limpieza/batch_162.pdf,batch_162.pdf,.,17.0,BOCA SERVICIOS VETERINARIOS,BOCA SERVICIOS VETERINARIOS,,,18.45,-69.6,manual_override,0.6,"Canine, Mixed Breed",Female,10.0,1.0.0
8d4128c35dc20e4763e4bc83af00a077,8d4128c35dc20e4763e4bc83af00a077,77557dd10e5b5fa7a0a5,IDEXX,baseline_historico,2024-10-03,10/3/24,10/3/24,Sin Limpieza/batch_162.pdf,batch_162.pdf,.,19.0,BOCA SERVICIOS VETERINARIOS,BOCA SERVICIOS VETERINARIOS,,,18.45,-69.6,manual_override,0.6,"Canine, Mixed Breed",Male,4.0,1.0.0
fc34881aebf2f584148f11ecfca1505d,fc34881aebf2f584148f11ecfca1505d,7bdc1d88958f5819fb14,IDEXX,baseline_historico,2024-10-18,10/18/24,10/18/24,Sin Limpieza/batch_163.pdf,batch_163.pdf,.,1.0,BOCA SERVICIOS VETERINARIOS,BOCA SERVICIOS VETERINARIOS,,,18.45,-69.6,manual_override,0.6,"Canine, Other",Male,1.0,1.0.0
7ff9dd6b5f2c4efe3022dca9d38db8cd,7ff9dd6b5f2c4efe3022dca9d38db8cd,30b9e8a4ff1a9fb7cd33,IDEXX,baseline_historico,2024-10-18,10/18/24,10/18/24,Sin Limpieza/batch_163.pdf,batch_163.pdf,.,3.0,BOCA SERVICIOS VETERINARIOS,BOCA SERVICIOS VETERINARIOS,,,18.45,-69.6,manual_override,0.6,French Bulldog,Female,7.0,1.0.0
cdfc85b72a241a2f10f6d37e07e01712,cdfc85b72a241a2f10f6d37e07e01712,f3e2fc79ac4f1b20c623,IDEXX,baseline_historico,2024-10-18,10/18/24,10/18/24,Sin Limpieza/batch_163.pdf,batch_163.pdf,.,5.0,BOCA SERVICIOS VETERINARIOS,BOCA SERVICIOS VETERINARIOS,,,18.45,-69.6,manual_override,0.6,"Canine, Mixed Breed",Female,4.0,1.0.0
e5001971213bd22643e7d90bddbbacc2,e5001971213bd22643e7d90bddbbacc2,fbb451f4b63f38adc448,IDEXX,baseline_historico,2024-10-18,10/18/24,10/18/24,Sin Limpieza/batch_163.pdf,batch_163.pdf,.,7.0,BOCA SERVICIOS VETERINARIOS,BOCA SERVICIOS VETERINARIOS,,,18.45,-69.6,manual_override,0.6,Chihuahua,Male,3.0,1.0.0
7fae162468567226bcb786a9d244b8f5,7fae162468567226bcb786a9d244b8f5,c53cd17ccde0716fb795,IDEXX,baseline_historico,2024-10-18,10/18/24,10/18/24,Sin Limpieza/batch_163.pdf,batch_163.pdf,.,9.0,BOCA SERVICIOS VETERINARIOS,BOCA SERVICIOS VETERINARIOS,,,18.45,-69.6,manual_override,0.6,"Canine, Mixed Breed",Female,13.0,1.0.0
4ed45fc121bf4e14a772d6f43d9ceafa,4ed45fc121bf4e14a772d6f43d9ceafa,91033d826996068b3f15,IDEXX,baseline_historico,2024-10-18,10/18/24,10/18/24,Sin Limpieza/batch_163.pdf,batch_163.pdf,.,11.0,BOCA SERVICIOS VETERINARIOS,BOCA SERVICIOS VETERINARIOS,,,18.45,-69.6,manual_override,0.6,Poodle,Female,8.0,1.0.0
86def2db03ddda6c11d9f83c10319fdc,86def2db03ddda6c11d9f83c10319fdc,6381ec0423382d44dc0d,IDEXX,baseline_historico,2024-10-18,10/18/24,10/18/24,Sin Limpieza/batch_163.pdf,batch_163.pdf,.,13.0,BOCA SERVICIOS VETERINARIOS,BOCA SERVICIOS VETERINARIOS,,,18.45,-69.6,manual_override,0.6,Poodle,Female,2.0,1.0.0
0c5ea2036f3ddc3a228b8ec0d7005d05,0c5ea2036f3ddc3a228b8ec0d7005d05,cf5ed28b6121d1cd5972,IDEXX,baseline_historico,2024-10-17,10/17/24,10/17/24,Sin Limpieza/batch_163.pdf,batch_163.pdf,.,15.0,BOCA SERVICIOS VETERINARIOS,BOCA SERVICIOS VETERINARIOS,,,18.45,-69.6,manual_override,0.6,German Shepherd,Female,3.0,1.0.0
b47bc1725b4ed251ce799edbb4c1fd0d,b47bc1725b4ed251ce799edbb4c1fd0d,45007fc820298c8c43be,IDEXX,baseline_historico,2024-10-16,10/16/24,10/16/24,Sin Limpieza/batch_163.pdf,batch_163.pdf,.,17.0,BOCA SERVICIOS VETERINARIOS,BOCA SERVICIOS VETERINARIOS,,,18.45,-69.6,manual_override,0.6,"Canine, Mixed Breed",Female,13.0,1.0.0
c0a6060a31f8ae11abf93fe3ab5deb8d,c0a6060a31f8ae11abf93fe3ab5deb8d,f42fe80c900bbc4b46bf,IDEXX,baseline_historico,2024-10-16,10/16/24,10/16/24,Sin Limpieza/batch_163.pdf,batch_163.pdf,.,19.0,BOCA SERVICIOS VETERINARIOS,BOCA SERVICIOS VETERINARIOS,,,18.45,-69.6,manual_override,0.6,Poodle,Male,1.0,1.0.0
7f10ff76ad2e2f5be0a5c84837b55f96,7f10ff76ad2e2f5be0a5c84837b55f96,f36f1014555a4f8ec2ea,IDEXX,baseline_historico,2024-12-12,12/12/24,12/12/24,Sin Limpieza/batch_164.pdf,batch_164.pdf,.,3.0,BOCA SERVICIOS VETERINARIOS,BOCA SERVICIOS VETERINARIOS,,,18.45,-69.6,manual_override,0.6,"Canine, Mixed Breed",Female,6.0,1.0.0
88ed1a74e8081c6960b3d79d8c763e8b,88ed1a74e8081c6960b3d79d8c763e8b,e2433144172381bcd199,IDEXX,baseline_historico,2024-12-12,12/12/24,12/12/24,Sin Limpieza/batch_164.pdf,batch_164.pdf,.,5.0,BOCA SERVICIOS VETERINARIOS,BOCA SERVICIOS VETERINARIOS,,,18.45,-69.6,manual_override,0.6,Chihuahua,Female,2.0,1.0.0
45a5a103a67007867ba645a49cc80fed,45a5a103a67007867ba645a49cc80fed,fb8b5d5f7313a93bbd7c,IDEXX,baseline_historico,2024-12-12,12/12/24,12/12/24,Sin Limpieza/batch_164.pdf,batch_164.pdf,.,7.0,BOCA SERVICIOS VETERINARIOS,BOCA SERVICIOS VETERINARIOS,,,18.45,-69.6,manual_override,0.6,German Shepherd,Male,2.0,1.0.0
928b3ac9440ef13fe0d11158d7e5cdd2,928b3ac9440ef13fe0d11158d7e5cdd2,67d0a00d36daf46e6dbb,IDEXX,baseline_historico,2024-12-12,12/12/24,12/12/24,Sin Limpieza/batch_164.pdf,batch_164.pdf,.,9.0,BOCA SERVICIOS VETERINARIOS,BOCA SERVICIOS VETERINARIOS,,,18.45,-69.6,manual_override,0.6,Golden Retriever,Male,4.0,1.0.0
f7d09960bba20e855633250dae30b547,f7d09960bba20e855633250dae30b547,f3a0072bf15986f0f4d0,IDEXX,baseline_historico,2024-12-12,12/12/24,12/12/24,Sin Limpieza/batch_164.pdf,batch_164.pdf,.,11.0,BOCA SERVICIOS VETERINARIOS,BOCA SERVICIOS VETERINARIOS,,,18.45,-69.6,manual_override,0.6,"Canine, Other",Male,2.0,1.0.0
8c4e4b4ac7aceea510677213ae8bc430,8c4e4b4ac7aceea510677213ae8bc430,5d83ca2cc74691cf05a7,IDEXX,baseline_historico,2024-12-10,12/10/24,12/10/24,Sin Limpieza/batch_164.pdf,batch_164.pdf,.,13.0,BOCA SERVICIOS VETERINARIOS,BOCA SERVICIOS VETERINARIOS,,,18.45,-69.6,manual_override,0.6,"santo domingo, do 0000 DATE OF RECEIPT: 12/10/24",Male,1.0,1.0.0
3188f3b4ae1c088d45d165ad09f3a76e,3188f3b4ae1c088d45d165ad09f3a76e,60a83dfba0913429a96b,IDEXX,baseline_historico,2024-12-10,12/10/24,12/10/24,Sin Limpieza/batch_164.pdf,batch_164.pdf,.,15.0,BOCA SERVICIOS VETERINARIOS,BOCA SERVICIOS VETERINARIOS,,,18.45,-69.6,manual_override,0.6,"Canine, Mixed Breed",Female,1.0,1.0.0
4169156ffc8165ff2a8cc30cb18e9025,4169156ffc8165ff2a8cc30cb18e9025,40a956a653643e951ddb,IDEXX,baseline_historico,2024-12-10,12/10/24,12/10/24,Sin Limpieza/batch_164.pdf,batch_164.pdf,.,17.0,BOCA SERVICIOS VETERINARIOS,BOCA SERVICIOS VETERINARIOS,,,18.45,-69.6,manual_override,0.6,Siberian Husky,Male,,1.0.0
9bfeb08f91cbbedd5201786987d7f195,9bfeb08f91cbbedd5201786987d7f195,33074a1a5602c697d7db,IDEXX,baseline_historico,2024-09-19,9/19/24,9/19/24,Sin Limpieza/batch_165.pdf,batch_165.pdf,.,1.0,BOCA SERVICIOS VETERINARIOS,BOCA SERVICIOS VETERINARIOS,,,18.45,-69.6,manual_override,0.6,"Canine, Mixed Breed",Male,13.0,1.0.0
0b5d99ea430e1e0d9897edd8f291975a,0b5d99ea430e1e0d9897edd8f291975a,0858bcd98c4a64dcfc68,IDEXX,baseline_historico,2024-09-19,9/19/24,9/19/24,Sin Limpieza/batch_165.pdf,batch_165.pdf,.,3.0,BOCA SERVICIOS VETERINARIOS,BOCA SERVICIOS VETERINARIOS,,,18.45,-69.6,manual_override,0.6,Yorkshire Terrier,Female,,1.0.0
11efe0e4ef42c726bbe6dfb25f436a73,11efe0e4ef42c726bbe6dfb25f436a73,a7a6c4b0903c9d2fe0a7,IDEXX,baseline_historico,2024-09-18,9/18/24,9/18/24,Sin Limpieza/batch_165.pdf,batch_165.pdf,.,5.0,BOCA SERVICIOS VETERINARIOS,BOCA SERVICIOS VETERINARIOS,,,18.45,-69.6,manual_override,0.6,"Canine, Other",Female,,1.0.0
06bdebde36ac97cbb6463a7e873d8833,06bdebde36ac97cbb6463a7e873d8833,d2da29b1ad1f90600ede,IDEXX,baseline_historico,2024-09-18,9/18/24,9/18/24,Sin Limpieza/batch_165.pdf,batch_165.pdf,.,7.0,BOCA SERVICIOS VETERINARIOS,BOCA SERVICIOS VETERINARIOS,,,18.45,-69.6,manual_override,0.6,Poodle,Male,2.0,1.0.0
6991473a5cbd938e01e342a7432752b3,6991473a5cbd938e01e342a7432752b3,38b9868f96075df5101d,IDEXX,baseline_historico,2024-09-18,9/18/24,9/18/24,Sin Limpieza/batch_165.pdf,batch_165.pdf,.,11.0,BOCA SERVICIOS VETERINARIOS,BOCA SERVICIOS VETERINARIOS,,,18.45,-69.6,manual_override,0.6,Smooth Hair Fox Terrier,Female,2.0,1.0.0
27fec0597fe946c771dea4deed533cab,27fec0597fe946c771dea4deed533cab,c56663be82ad147fdae5,IDEXX,baseline_historico,2024-09-17,9/17/24,9/17/24,Sin Limpieza/batch_165.pdf,batch_165.pdf,.,13.0,BOCA SERVICIOS VETERINARIOS,BOCA SERVICIOS VETERINARIOS,,,18.45,-69.6,manual_override,0.6,Rottweiler,Male,3.0,1.0.0
b6521ac065f65425a24dea09c238de02,b6521ac065f65425a24dea09c238de02,6f957e71e4d9fadc059a,IDEXX,baseline_historico,2024-09-16,9/16/24,9/16/24,Sin Limpieza/batch_165.pdf,batch_165.pdf,.,17.0,BOCA SERVICIOS VETERINARIOS,BOCA SERVICIOS VETERINARIOS,,,18.45,-69.6,manual_override,0.6,Chihuahua,Female,,1.0.0
b441d00a9015e70e7d68efb6a08e416d,b441d00a9015e70e7d68efb6a08e416d,7a2e00d4d810d68a59e3,IDEXX,baseline_historico,2024-09-16,9/16/24,9/16/24,Sin Limpieza/batch_165.pdf,batch_165.pdf,.,19.0,BOCA SERVICIOS VETERINARIOS,BOCA SERVICIOS VETERINARIOS,,,18.45,-69.6,manual_override,0.6,German Shepherd,Male,,1.0.0
5472bad38b5854d70adaa2233f920a84,5472bad38b5854d70adaa2233f920a84,26d1143e830cf7531c9f,IDEXX,baseline_historico,2024-10-16,10/16/24,10/16/24,Sin Limpieza/batch_166.pdf,batch_166.pdf,.,1.0,BOCA SERVICIOS VETERINARIOS,BOCA SERVICIOS VETERINARIOS,,,18.45,-69.6,manual_override,0.6,Yorkshire Terrier,Female,5.0,1.0.0
cb9b578b2da1f8819602c6ca2b97608d,cb9b578b2da1f8819602c6ca2b97608d,92c372667006c6dc7f13,IDEXX,baseline_historico,2024-10-16,10/16/24,10/16/24,Sin Limpieza/batch_166.pdf,batch_166.pdf,.,5.0,BOCA SERVICIOS VETERINARIOS,BOCA SERVICIOS VETERINARIOS,,,18.45,-69.6,manual_override,0.6,"Canine, Mixed Breed",,5.0,1.0.0
591e6b2aa867fee1f77ed7cd6f12ff09,591e6b2aa867fee1f77ed7cd6f12ff09,317e8a791bdc055495e6,IDEXX,baseline_historico,2024-10-16,10/16/24,10/16/24,Sin Limpieza/batch_166.pdf,batch_166.pdf,.,7.0,BOCA SERVICIOS VETERINARIOS,BOCA SERVICIOS VETERINARIOS,,,18.45,-69.6,manual_override,0.6,Golden Retriever,Male,7.0,1.0.0
70b8b7c9fcb3ec57f5d46003eb4b8093,70b8b7c9fcb3ec57f5d46003eb4b8093,c4bbd76f0c85d24dc791,IDEXX,baseline_historico,2024-10-15,10/15/24,10/15/24,Sin Limpieza/batch_166.pdf,batch_166.pdf,.,9.0,BOCA SERVICIOS VETERINARIOS,BOCA SERVICIOS VETERINARIOS,,,18.45,-69.6,manual_override,0.6,"Canine, Other",Female,,1.0.0
3f789c44fb7ab42f1fc9253776989015,3f789c44fb7ab42f1fc9253776989015,f3b1a9f19d22abc83ae8,IDEXX,baseline_historico,2024-10-15,10/15/24,10/15/24,Sin Limpieza/batch_166.pdf,batch_166.pdf,.,11.0,BOCA SERVICIOS VETERINARIOS,BOCA SERVICIOS VETERINARIOS,,,18.45,-69.6,manual_override,0.6,Siberian Husky,Male,,1.0.0
f8134ca1146a5dd91d7a6353b503ce0c,f8134ca1146a5dd91d7a6353b503ce0c,f3b1a9f19d22abc83ae8,IDEXX,baseline_historico,2024-10-14,10/14/24,10/14/24,Sin Limpieza/batch_166.pdf,batch_166.pdf,.,13.0,BOCA SERVICIOS VETERINARIOS,BOCA SERVICIOS VETERINARIOS,,,18.45,-69.6,manual_override,0.6,Siberian Husky,Male,,1.0.0
25221e7e7696484812d0f0cd1c6d230c,25221e7e7696484812d0f0cd1c6d230c,3ad4fe1d98e91d832658,IDEXX,baseline_historico,2024-10-13,10/13/24,10/13/24,Sin Limpieza/batch_166.pdf,batch_166.pdf,.,15.0,BOCA SERVICIOS VETERINARIOS,BOCA SERVICIOS VETERINARIOS,,,18.45,-69.6,manual_override,0.6,Chihuahua,Male,11.0,1.0.0
b239b5a72f588ee2ac5edce96a05de0a,b239b5a72f588ee2ac5edce96a05de0a,f7f62331ef806d83d7ed,IDEXX,baseline_historico,2024-10-12,10/12/24,10/12/24,Sin Limpieza/batch_166.pdf,batch_166.pdf,.,19.0,BOCA SERVICIOS VETERINARIOS,BOCA SERVICIOS VETERINARIOS,,,18.45,-69.6,manual_override,0.6,Golden Retriever,Male,5.0,1.0.0
e0567c9cbe755a946cde0a97f09b4d17,e0567c9cbe755a946cde0a97f09b4d17,e351c4316d12bda452dc,IDEXX,baseline_historico,2024-11-12,11/12/24,11/12/24,Sin Limpieza/batch_167.pdf,batch_167.pdf,.,1.0,BOCA SERVICIOS VETERINARIOS,BOCA SERVICIOS VETERINARIOS,,,18.45,-69.6,manual_override,0.6,"Canine, Other",Male,,1.0.0
68ef2d9e280192cf3941b98c7e39fbf9,68ef2d9e280192cf3941b98c7e39fbf9,409f559fc1792407d78d,IDEXX,baseline_historico,2024-11-06,11/6/24,11/6/24,Sin Limpieza/batch_168.pdf,batch_168.pdf,.,1.0,BOCA SERVICIOS VETERINARIOS,BOCA SERVICIOS VETERINARIOS,,,18.45,-69.6,manual_override,0.6,"Canine, Mixed Breed",Male,,1.0.0
8fba78fa8409606bc3d043c707b631e5,8fba78fa8409606bc3d043c707b631e5,09bedf1afaf9f7fdc766,IDEXX,baseline_historico,2024-11-05,11/5/24,11/5/24,Sin Limpieza/batch_168.pdf,batch_168.pdf,.,5.0,BOCA SERVICIOS VETERINARIOS,BOCA SERVICIOS VETERINARIOS,,,18.45,-69.6,manual_override,0.6,"Canine, Other",Male,1.0,1.0.0
da5003b577eefc304965ed12ef497618,da5003b577eefc304965ed12ef497618,145514e88a13449d4b4f,IDEXX,baseline_historico,2024-11-02,11/2/24,11/2/24,Sin Limpieza/batch_168.pdf,batch_168.pdf,.,7.0,BOCA SERVICIOS VETERINARIOS,BOCA SERVICIOS VETERINARIOS,,,18.45,-69.6,manual_override,0.6,Chihuahua,Female,8.0,1.0.0
15c338e1b0296308dc64e1b44fff6cab,15c338e1b0296308dc64e1b44fff6cab,52b26ec05060382c6945,IDEXX,baseline_historico,2024-11-01,11/1/24,11/1/24,Sin Limpieza/batch_168.pdf,batch_168.pdf,.,9.0,BOCA SERVICIOS VETERINARIOS,BOCA SERVICIOS VETERINARIOS,,,18.45,-69.6,manual_override,0.6,"Cocker Spaniel, American",Male,10.0,1.0.0
c67ac6d4268edaf816b69c910575e853,c67ac6d4268edaf816b69c910575e853,9a119d2cc28532030bfe,IDEXX,baseline_historico,2024-11-01,11/1/24,11/1/24,Sin Limpieza/batch_168.pdf,batch_168.pdf,.,11.0,BOCA SERVICIOS VETERINARIOS,BOCA SERVICIOS VETERINARIOS,,,18.45,-69.6,manual_override,0.6,"Canine, Other",Male,5.0,1.0.0
d7ed1024c07f90e34916d51252aaffd1,d7ed1024c07f90e34916d51252aaffd1,1a2fd5f3ef3a3be6bffd,IDEXX,baseline_historico,2024-10-31,10/31/24,10/31/24,Sin Limpieza/batch_168.pdf,batch_168.pdf,.,13.0,BOCA SERVICIOS VETERINARIOS,BOCA SERVICIOS VETERINARIOS,,,18.45,-69.6,manual_override,0.6,"Canine, Mixed Breed",Female,5.0,1.0.0
4461304b524f4c683b8803e42d557648,4461304b524f4c683b8803e42d557648,86287784f81c53b6f783,IDEXX,baseline_historico,2024-10-31,10/31/24,10/31/24,Sin Limpieza/batch_168.pdf,batch_168.pdf,.,15.0,BOCA SERVICIOS VETERINARIOS,BOCA SERVICIOS VETERINARIOS,,,18.45,-69.6,manual_override,0.6,"Canine, Mixed Breed",Female,2.0,1.0.0
fbc555d9b2d0206f0187a93abe9329c3,fbc555d9b2d0206f0187a93abe9329c3,d80bf3d3bb3a3fbe3663,IDEXX,baseline_historico,2024-10-30,10/30/24,10/30/24,Sin Limpieza/batch_168.pdf,batch_168.pdf,.,17.0,BOCA SERVICIOS VETERINARIOS,BOCA SERVICIOS VETERINARIOS,,,18.45,-69.6,manual_override,0.6,Yorkshire Terrier,Female,3.0,1.0.0
b50dc6eaa6a3d47098ae49bc80e7c58f,b50dc6eaa6a3d47098ae49bc80e7c58f,54c12eb12313be1a5f8a,IDEXX,baseline_historico,2024-10-30,10/30/24,10/30/24,Sin Limpieza/batch_168.pdf,batch_168.pdf,.,19.0,BOCA SERVICIOS VETERINARIOS,BOCA SERVICIOS VETERINARIOS,,,18.45,-69.6,manual_override,0.6,French Bulldog,Male,,1.0.0
b51ac62f0033f20224ab2c0a64c6619d,b51ac62f0033f20224ab2c0a64c6619d,bd0ef58e7f014c1e0b92,IDEXX,baseline_historico,2024-11-01,11/1/24,11/1/24,Sin Limpieza/batch_169.pdf,batch_169.pdf,.,1.0,BOCA SERVICIOS VETERINARIOS,BOCA SERVICIOS VETERINARIOS,,,18.45,-69.6,manual_override,0.6,Mixed,Male,1.0,1.0.0
7f9765eabfce70e36a2d6ed44c01682a,7f9765eabfce70e36a2d6ed44c01682a,da77bfc228d3ee0059f5,IDEXX,baseline_historico,2024-10-30,10/30/24,10/30/24,Sin Limpieza/batch_169.pdf,batch_169.pdf,.,3.0,BOCA SERVICIOS VETERINARIOS,BOCA SERVICIOS VETERINARIOS,,,18.45,-69.6,manual_override,0.6,"Canine, Other",Male,4.0,1.0.0
fbb88bd0eecf3dddc747fc33103e6ebc,fbb88bd0eecf3dddc747fc33103e6ebc,6d11eaeef667242ec779,IDEXX,baseline_historico,2024-10-30,10/30/24,10/30/24,Sin Limpieza/batch_169.pdf,batch_169.pdf,.,9.0,BOCA SERVICIOS VETERINARIOS,BOCA SERVICIOS VETERINARIOS,,,18.45,-69.6,manual_override,0.6,Akita,Female,2.0,1.0.0
883f0de1352b34decb46ca82f3c7529e,883f0de1352b34decb46ca82f3c7529e,88d35102fe5a8c81e5c4,IDEXX,baseline_historico,2024-10-30,10/30/24,10/30/24,Sin Limpieza/batch_169.pdf,batch_169.pdf,.,11.0,BOCA SERVICIOS VETERINARIOS,BOCA SERVICIOS VETERINARIOS,,,18.45,-69.6,manual_override,0.6,Poodle,Male,11.0,1.0.0
4cc344a5403af6eb9f4251c31a68fb80,4cc344a5403af6eb9f4251c31a68fb80,92c372667006c6dc7f13,IDEXX,baseline_historico,2024-10-30,10/30/24,10/30/24,Sin Limpieza/batch_169.pdf,batch_169.pdf,.,13.0,BOCA SERVICIOS VETERINARIOS,BOCA SERVICIOS VETERINARIOS,,,18.45,-69.6,manual_override,0.6,"Canine, Mixed Breed",,5.0,1.0.0
21b3573a492dd21e2b8ded6d30ca60e7,21b3573a492dd21e2b8ded6d30ca60e7,19052293d1425444ff46,IDEXX,baseline_historico,2024-10-29,10/29/24,10/29/24,Sin Limpieza/batch_169.pdf,batch_169.pdf,.,15.0,BOCA SERVICIOS VETERINARIOS,BOCA SERVICIOS VETERINARIOS,,,18.45,-69.6,manual_override,0.6,Boston Terrier,Female,2.0,1.0.0
1e6071813679ab1868f2a4cea8258228,1e6071813679ab1868f2a4cea8258228,98836b7b88ddc8c8ae69,IDEXX,baseline_historico,2024-10-29,10/29/24,10/29/24,Sin Limpieza/batch_169.pdf,batch_169.pdf,.,17.0,BOCA SERVICIOS VETERINARIOS,BOCA SERVICIOS VETERINARIOS,,,18.45,-69.6,manual_override,0.6,Yorkshire Terrier,Female,5.0,1.0.0
8a35ff13542332b52ed0b636c104ab14,8a35ff13542332b52ed0b636c104ab14,f3b1a9f19d22abc83ae8,IDEXX,baseline_historico,2024-10-29,10/29/24,10/29/24,Sin Limpieza/batch_169.pdf,batch_169.pdf,.,19.0,BOCA SERVICIOS VETERINARIOS,BOCA SERVICIOS VETERINARIOS,,,18.45,-69.6,manual_override,0.6,Siberian Husky,Male,,1.0.0
a4947869e6dabe416e86c13d6bf80cea,a4947869e6dabe416e86c13d6bf80cea,bc5320c76ec53d1a1767,IDEXX,baseline_historico,2026-02-03,2/3/26,2/3/26,Sin Limpieza/batch_17.pdf,batch_17.pdf,.,1.0,BOCA SERVICIOS VETERINARIOS,BOCA SERVICIOS VETERINARIOS,,,18.45,-69.6,manual_override,0.6,"Canine, Mixed Breed",Female,1.0,1.0.0
685bf999f08c9b312545376c06f77c7c,685bf999f08c9b312545376c06f77c7c,69d6f129b2a54984b9d2,IDEXX,baseline_historico,2026-02-02,2/2/26,2/2/26,Sin Limpieza/batch_17.pdf,batch_17.pdf,.,3.0,BOCA SERVICIOS VETERINARIOS,BOCA SERVICIOS VETERINARIOS,,,18.45,-69.6,manual_override,0.6,Miniature Pinscher,Female,,1.0.0
2429abf0461f75408be62a181dad547c,2429abf0461f75408be62a181dad547c,e191175297d0db97e9e7,IDEXX,baseline_historico,2026-02-02,2/2/26,2/2/26,Sin Limpieza/batch_17.pdf,batch_17.pdf,.,5.0,BOCA SERVICIOS VETERINARIOS,BOCA SERVICIOS VETERINARIOS,,,18.45,-69.6,manual_override,0.6,Belgian Sheepdog,Male,4.0,1.0.0
3a4c754ed6fc7f44819402583684fd22,3a4c754ed6fc7f44819402583684fd22,b92f89b897fa0f485a25,IDEXX,baseline_historico,2026-02-01,2/1/26,2/1/26,Sin Limpieza/batch_17.pdf,batch_17.pdf,.,7.0,BOCA SERVICIOS VETERINARIOS,BOCA SERVICIOS VETERINARIOS,,,18.45,-69.6,manual_override,0.6,Chihuahua,Male,10.0,1.0.0
834e023a0f251de0b1cf82f180792ef7,834e023a0f251de0b1cf82f180792ef7,3965e4c10c10156f67a8,IDEXX,baseline_historico,2026-02-01,2/1/26,2/1/26,Sin Limpieza/batch_17.pdf,batch_17.pdf,.,9.0,BOCA SERVICIOS VETERINARIOS,BOCA SERVICIOS VETERINARIOS,,,18.45,-69.6,manual_override,0.6,"Canine, Mixed Breed",Female,7.0,1.0.0
e2aeb100be8bea188e33b4448d894494,e2aeb100be8bea188e33b4448d894494,de0e6a06ec904e0dc3c1,IDEXX,baseline_historico,2026-01-31,1/31/26,1/31/26,Sin Limpieza/batch_17.pdf,batch_17.pdf,.,13.0,BOCA SERVICIOS VETERINARIOS,BOCA SERVICIOS VETERINARIOS,,,18.45,-69.6,manual_override,0.6,Siberian Husky,Male,2.0,1.0.0
52bf8bae0c12e9fe874ebac129f24c0f,52bf8bae0c12e9fe874ebac129f24c0f,d152713e7a738401b16e,IDEXX,baseline_historico,2026-01-31,1/31/26,1/31/26,Sin Limpieza/batch_17.pdf,batch_17.pdf,.,15.0,BOCA SERVICIOS VETERINARIOS,BOCA SERVICIOS VETERINARIOS,,,18.45,-69.6,manual_override,0.6,French Bulldog,Male,,1.0.0
ee5fedd96628eace568a3a47de7f04ef,ee5fedd96628eace568a3a47de7f04ef,69d6f129b2a54984b9d2,IDEXX,baseline_historico,2026-01-31,1/31/26,1/31/26,Sin Limpieza/batch_17.pdf,batch_17.pdf,.,17.0,BOCA SERVICIOS VETERINARIOS,BOCA SERVICIOS VETERINARIOS,,,18.45,-69.6,manual_override,0.6,Miniature Pinscher,Female,,1.0.0
e7e24e8771129ab1992a125d6eb7252e,e7e24e8771129ab1992a125d6eb7252e,f4540c512a388b2669ff,IDEXX,baseline_historico,2024-12-04,12/4/24,12/4/24,Sin Limpieza/batch_170.pdf,batch_170.pdf,.,1.0,BOCA SERVICIOS VETERINARIOS,BOCA SERVICIOS VETERINARIOS,,,18.45,-69.6,manual_override,0.6,Chihuahua,Male,,1.0.0
a081030ab57fe12cc108d3aeacd3676a,a081030ab57fe12cc108d3aeacd3676a,d9b194263f071e3c89c9,IDEXX,baseline_historico,2024-12-04,12/4/24,12/4/24,Sin Limpieza/batch_170.pdf,batch_170.pdf,.,3.0,BOCA SERVICIOS VETERINARIOS,BOCA SERVICIOS VETERINARIOS,,,18.45,-69.6,manual_override,0.6,Golden Retriever,Male,1.0,1.0.0
23e61d4a2e0a20dafe42bd48a67259e6,23e61d4a2e0a20dafe42bd48a67259e6,3141bb946cb9d64ab8a7,IDEXX,baseline_historico,2024-12-03,12/3/24,12/3/24,Sin Limpieza/batch_170.pdf,batch_170.pdf,.,7.0,BOCA SERVICIOS VETERINARIOS,BOCA SERVICIOS VETERINARIOS,,,18.45,-69.6,manual_override,0.6,Chihuahua,Male,,1.0.0
5c09ca5386c828767b10ffdd0dbc68f2,5c09ca5386c828767b10ffdd0dbc68f2,0d68744e468c6e440d5e,IDEXX,baseline_historico,2024-12-02,12/2/24,12/2/24,Sin Limpieza/batch_170.pdf,batch_170.pdf,.,11.0,BOCA SERVICIOS VETERINARIOS,BOCA SERVICIOS VETERINARIOS,,,18.45,-69.6,manual_override,0.6,German Shepherd,Female,2.0,1.0.0
eb066f26559dd2fc110b6ed51902c35f,eb066f26559dd2fc110b6ed51902c35f,c53cd17ccde0716fb795,IDEXX,baseline_historico,2024-12-02,12/2/24,12/2/24,Sin Limpieza/batch_170.pdf,batch_170.pdf,.,13.0,BOCA SERVICIOS VETERINARIOS,BOCA SERVICIOS VETERINARIOS,,,18.45,-69.6,manual_override,0.6,"Canine, Mixed Breed",Female,13.0,1.0.0
997a7f48bf80aa7e7e0a7e30c1b90c0e,997a7f48bf80aa7e7e0a7e30c1b90c0e,373d52f775cbc092788d,IDEXX,baseline_historico,2024-12-02,12/2/24,12/2/24,Sin Limpieza/batch_170.pdf,batch_170.pdf,.,15.0,BOCA SERVICIOS VETERINARIOS,BOCA SERVICIOS VETERINARIOS,,,18.45,-69.6,manual_override,0.6,Bulldog,Male,1.0,1.0.0
788d938c49173bd14ec9b937df376767,788d938c49173bd14ec9b937df376767,79a8cb8102057b5d6cb1,IDEXX,baseline_historico,2024-11-29,11/29/24,11/29/24,Sin Limpieza/batch_170.pdf,batch_170.pdf,.,17.0,BOCA SERVICIOS VETERINARIOS,BOCA SERVICIOS VETERINARIOS,,,18.45,-69.6,manual_override,0.6,Chihuahua,Female,13.0,1.0.0
13e4ce83f015c4e3961a432bac7def78,13e4ce83f015c4e3961a432bac7def78,b869c81164d2f179e736,IDEXX,baseline_historico,2024-11-29,11/29/24,11/29/24,Sin Limpieza/batch_170.pdf,batch_170.pdf,.,19.0,BOCA SERVICIOS VETERINARIOS,BOCA SERVICIOS VETERINARIOS,,,18.45,-69.6,manual_override,0.6,"Canine, Mixed Breed",Female,4.0,1.0.0
7dd233aadb2d3fdb1aee38602b02af7d,7dd233aadb2d3fdb1aee38602b02af7d,6f4d8edd12c0cf454f2e,IDEXX,baseline_historico,2024-11-19,11/19/24,11/19/24,Sin Limpieza/batch_171.pdf,batch_171.pdf,.,1.0,BOCA SERVICIOS VETERINARIOS,BOCA SERVICIOS VETERINARIOS,,,18.45,-69.6,manual_override,0.6,Shih Tzu,Female,1.0,1.0.0
ee9dc749d6f62541f9eab8f323b256f9,ee9dc749d6f62541f9eab8f323b256f9,c1c1991989422424d5fd,IDEXX,baseline_historico,2024-11-18,11/18/24,11/18/24,Sin Limpieza/batch_171.pdf,batch_171.pdf,.,3.0,BOCA SERVICIOS VETERINARIOS,BOCA SERVICIOS VETERINARIOS,,,18.45,-69.6,manual_override,0.6,Bulldog,Male,,1.0.0
e94aa36a42a00ce4a476d1ca890ac0b1,e94aa36a42a00ce4a476d1ca890ac0b1,899a95ca769cc8e12939,IDEXX,baseline_historico,2024-11-11,11/11/24,11/11/24,Sin Limpieza/batch_171.pdf,batch_171.pdf,.,5.0,BOCA SERVICIOS VETERINARIOS,BOCA SERVICIOS VETERINARIOS,,,18.45,-69.6,manual_override,0.6,"Canine, Mixed Breed",Female,7.0,1.0.0
ee6c909f53ba6c19098d91ea9de7f75f,ee6c909f53ba6c19098d91ea9de7f75f,05327c50e33649ba5bd4,IDEXX,baseline_historico,2024-11-11,11/11/24,11/11/24,Sin Limpieza/batch_171.pdf,batch_171.pdf,.,7.0,BOCA SERVICIOS VETERINARIOS,BOCA SERVICIOS VETERINARIOS,,,18.45,-69.6,manual_override,0.6,Shih Tzu,Female,13.0,1.0.0
acab12660e9ed704aaa27cb2ac34d8a0,acab12660e9ed704aaa27cb2ac34d8a0,36b82e1c5a108c230a17,IDEXX,baseline_historico,2024-11-11,11/11/24,11/11/24,Sin Limpieza/batch_171.pdf,batch_171.pdf,.,9.0,BOCA SERVICIOS VETERINARIOS,BOCA SERVICIOS VETERINARIOS,,,18.45,-69.6,manual_override,0.6,"Cocker Spaniel, American",Female,3.0,1.0.0
9d4ce78c5439d0302d04aaf26106fbc5,9d4ce78c5439d0302d04aaf26106fbc5,89e137f400420da3b94b,IDEXX,baseline_historico,2024-11-09,11/9/24,11/9/24,Sin Limpieza/batch_171.pdf,batch_171.pdf,.,11.0,BOCA SERVICIOS VETERINARIOS,BOCA SERVICIOS VETERINARIOS,,,18.45,-69.6,manual_override,0.6,"Canine, Mixed Breed",Female,19.0,1.0.0
29f3d81d5c4f9eed184f66e6d9c4fd24,29f3d81d5c4f9eed184f66e6d9c4fd24,13b35aac845a73c6372a,IDEXX,baseline_historico,2024-11-08,11/8/24,11/8/24,Sin Limpieza/batch_171.pdf,batch_171.pdf,.,13.0,BOCA SERVICIOS VETERINARIOS,BOCA SERVICIOS VETERINARIOS,,,18.45,-69.6,manual_override,0.6,Pug,Female,2.0,1.0.0
977baef2e42d2b191ce7fb68d9912c93,977baef2e42d2b191ce7fb68d9912c93,2223bc55569d1655d496,IDEXX,baseline_historico,2024-11-07,11/7/24,11/7/24,Sin Limpieza/batch_171.pdf,batch_171.pdf,.,15.0,BOCA SERVICIOS VETERINARIOS,BOCA SERVICIOS VETERINARIOS,,,18.45,-69.6,manual_override,0.6,Bulldog,Female,2.0,1.0.0
fb056275368ea2480f6fdee662f79a70,fb056275368ea2480f6fdee662f79a70,323774bee5be035a3038,IDEXX,baseline_historico,2024-11-06,11/6/24,11/6/24,Sin Limpieza/batch_171.pdf,batch_171.pdf,.,17.0,BOCA SERVICIOS VETERINARIOS,BOCA SERVICIOS VETERINARIOS,,,18.45,-69.6,manual_override,0.6,Yorkshire Terrier,Female,3.0,1.0.0
e5d8cfe1b065f258fc4152c14b3b63ca,e5d8cfe1b065f258fc4152c14b3b63ca,79a8cb8102057b5d6cb1,IDEXX,baseline_historico,2024-11-06,11/6/24,11/6/24,Sin Limpieza/batch_171.pdf,batch_171.pdf,.,19.0,BOCA SERVICIOS VETERINARIOS,BOCA SERVICIOS VETERINARIOS,,,18.45,-69.6,manual_override,0.6,Chihuahua,Female,13.0,1.0.0
a8d170a21d5fd384bb6fb4d4b4be450e,a8d170a21d5fd384bb6fb4d4b4be450e,a9d69a0bb6667b5a7404,IDEXX,baseline_historico,2024-10-11,10/11/24,10/11/24,Sin Limpieza/batch_172.pdf,batch_172.pdf,.,1.0,BOCA SERVICIOS VETERINARIOS,BOCA SERVICIOS VETERINARIOS,,,18.45,-69.6,manual_override,0.6,"Canine, Other",Female,,1.0.0
ec76d82adbb73534399d3543d2d8553b,ec76d82adbb73534399d3543d2d8553b,f3b1a9f19d22abc83ae8,IDEXX,baseline_historico,2024-10-11,10/11/24,10/11/24,Sin Limpieza/batch_172.pdf,batch_172.pdf,.,3.0,BOCA SERVICIOS VETERINARIOS,BOCA SERVICIOS VETERINARIOS,,,18.45,-69.6,manual_override,0.6,Siberian Husky,Male,,1.0.0
f5489dbb5576166d955b87e292a27fd4,f5489dbb5576166d955b87e292a27fd4,07fcfaa7343b851488af,IDEXX,baseline_historico,2024-10-11,10/11/24,10/11/24,Sin Limpieza/batch_172.pdf,batch_172.pdf,.,5.0,BOCA SERVICIOS VETERINARIOS,BOCA SERVICIOS VETERINARIOS,,,18.45,-69.6,manual_override,0.6,Poodle,Male,7.0,1.0.0
1ec2d75edcacc6bb7f7b667220ceab07,1ec2d75edcacc6bb7f7b667220ceab07,335c7ee43ebabc10a33b,IDEXX,baseline_historico,2024-10-11,10/11/24,10/11/24,Sin Limpieza/batch_172.pdf,batch_172.pdf,.,9.0,BOCA SERVICIOS VETERINARIOS,BOCA SERVICIOS VETERINARIOS,,,18.45,-69.6,manual_override,0.6,"Canine, Mixed Breed",Male,3.0,1.0.0
9905d7ed77353df9b9203696cf3cc82d,9905d7ed77353df9b9203696cf3cc82d,1993d8c0208f4d520626,IDEXX,baseline_historico,2024-10-11,10/11/24,10/11/24,Sin Limpieza/batch_172.pdf,batch_172.pdf,.,11.0,BOCA SERVICIOS VETERINARIOS,BOCA SERVICIOS VETERINARIOS,,,18.45,-69.6,manual_override,0.6,"Canine, Mixed Breed",Female,2.0,1.0.0
a141b0b8d2474d58851aa281312ce7bb,a141b0b8d2474d58851aa281312ce7bb,c936aa1bc078e72dc181,IDEXX,baseline_historico,2024-10-11,10/11/24,10/11/24,Sin Limpieza/batch_172.pdf,batch_172.pdf,.,13.0,BOCA SERVICIOS VETERINARIOS,BOCA SERVICIOS VETERINARIOS,,,18.45,-69.6,manual_override,0.6,Chihuahua,Female,6.0,1.0.0
72b2d5852e882c7f8d8156b359b628ef,72b2d5852e882c7f8d8156b359b628ef,83afe383364fa22c09c1,IDEXX,baseline_historico,2024-10-11,10/11/24,10/11/24,Sin Limpieza/batch_172.pdf,batch_172.pdf,.,15.0,BOCA SERVICIOS VETERINARIOS,BOCA SERVICIOS VETERINARIOS,,,18.45,-69.6,manual_override,0.6,Chihuahua,Female,8.0,1.0.0
6806527f74d3fa88e318c26dd2ce1352,6806527f74d3fa88e318c26dd2ce1352,368107c76b68f6a00d10,IDEXX,baseline_historico,2024-10-11,10/11/24,10/11/24,Sin Limpieza/batch_172.pdf,batch_172.pdf,.,17.0,BOCA SERVICIOS VETERINARIOS,BOCA SERVICIOS VETERINARIOS,,,18.45,-69.6,manual_override,0.6,"Canine, Mixed Breed",Female,13.0,1.0.0
36c16a3fa638b0822587ffabb5cd5e1c,36c16a3fa638b0822587ffabb5cd5e1c,8e1ca850d9b36ec7854e,IDEXX,baseline_historico,2024-10-10,10/10/24,10/10/24,Sin Limpieza/batch_172.pdf,batch_172.pdf,.,19.0,BOCA SERVICIOS VETERINARIOS,BOCA SERVICIOS VETERINARIOS,,,18.45,-69.6,manual_override,0.6,Yorkshire Terrier,Female,2.0,1.0.0
f6a121b6118883e5271a5cdb4c6aecdd,f6a121b6118883e5271a5cdb4c6aecdd,cec7132fcf30da6d7673,IDEXX,baseline_historico,2024-12-09,12/9/24,12/9/24,Sin Limpieza/batch_173.pdf,batch_173.pdf,.,1.0,BOCA SERVICIOS VETERINARIOS,BOCA SERVICIOS VETERINARIOS,,,18.45,-69.6,manual_override,0.6,Chihuahua,Female,,1.0.0
d87f55194e1797c95750fcae0feb533e,d87f55194e1797c95750fcae0feb533e,3a41dab84be0f951f1bd,IDEXX,baseline_historico,2024-12-08,12/8/24,12/8/24,Sin Limpieza/batch_173.pdf,batch_173.pdf,.,5.0,BOCA SERVICIOS VETERINARIOS,BOCA SERVICIOS VETERINARIOS,,,18.45,-69.6,manual_override,0.6,"Canine, Mixed Breed DATE OF RESULT: 12/8/24",Female,4.0,1.0.0
359bd484415866e9b2dc5072b2b4d3f9,359bd484415866e9b2dc5072b2b4d3f9,d07564740cad194cf23e,IDEXX,baseline_historico,2024-12-08,12/8/24,12/8/24,Sin Limpieza/batch_173.pdf,batch_173.pdf,.,7.0,BOCA SERVICIOS VETERINARIOS,BOCA SERVICIOS VETERINARIOS,,,18.45,-69.6,manual_override,0.6,"Canine, Other",Female,,1.0.0
f84fc1fe4a7d0a167c4988a108335414,f84fc1fe4a7d0a167c4988a108335414,82f51a4552c645895453,IDEXX,baseline_historico,2024-12-07,12/7/24,12/7/24,Sin Limpieza/batch_173.pdf,batch_173.pdf,.,9.0,BOCA SERVICIOS VETERINARIOS,BOCA SERVICIOS VETERINARIOS,,,18.45,-69.6,manual_override,0.6,"Canine, Other",Male,7.0,1.0.0
e012327b347dbf27b3bd23de1edd0c7e,e012327b347dbf27b3bd23de1edd0c7e,a9553b794d1a1fd6d309,IDEXX,baseline_historico,2024-12-06,12/6/24,12/6/24,Sin Limpieza/batch_173.pdf,batch_173.pdf,.,11.0,BOCA SERVICIOS VETERINARIOS,BOCA SERVICIOS VETERINARIOS,,,18.45,-69.6,manual_override,0.6,Bulldog,Female,,1.0.0
2512dd972f086959cd8c1a05921cf868,2512dd972f086959cd8c1a05921cf868,0236869502f05479204f,IDEXX,baseline_historico,2024-12-06,12/6/24,12/6/24,Sin Limpieza/batch_173.pdf,batch_173.pdf,.,13.0,BOCA SERVICIOS VETERINARIOS,BOCA SERVICIOS VETERINARIOS,,,18.45,-69.6,manual_override,0.6,Chihuahua,Female,5.0,1.0.0
d51a23442f8d243d9d51e1bf23e46bcb,d51a23442f8d243d9d51e1bf23e46bcb,6aa892ca21df14b0b478,IDEXX,baseline_historico,2024-12-06,12/6/24,12/6/24,Sin Limpieza/batch_173.pdf,batch_173.pdf,.,15.0,BOCA SERVICIOS VETERINARIOS,BOCA SERVICIOS VETERINARIOS,,,18.45,-69.6,manual_override,0.6,Pomeranian,Male,4.0,1.0.0
5d7b28cff35980ed7ac55950bb30edab,5d7b28cff35980ed7ac55950bb30edab,ff9c08bbe72d5d02b1bf,IDEXX,baseline_historico,2024-12-06,12/6/24,12/6/24,Sin Limpieza/batch_173.pdf,batch_173.pdf,.,17.0,BOCA SERVICIOS VETERINARIOS,BOCA SERVICIOS VETERINARIOS,,,18.45,-69.6,manual_override,0.6,Golden Retriever,Male,1.0,1.0.0
26d558072f5871cb067fd64873d0f034,26d558072f5871cb067fd64873d0f034,487995a1fea1a4872ae4,IDEXX,baseline_historico,2024-12-05,12/5/24,12/5/24,Sin Limpieza/batch_173.pdf,batch_173.pdf,.,19.0,BOCA SERVICIOS VETERINARIOS,BOCA SERVICIOS VETERINARIOS,,,18.45,-69.6,manual_override,0.6,Japanese Chin,Female,7.0,1.0.0
fb2a1e18171e2e942bb104fcc599a6c7,fb2a1e18171e2e942bb104fcc599a6c7,e6917e727e1f036ea62a,IDEXX,baseline_historico,2024-09-10,9/10/24,9/10/24,Sin Limpieza/batch_174.pdf,batch_174.pdf,.,1.0,BOCA SERVICIOS VETERINARIOS,BOCA SERVICIOS VETERINARIOS,,,18.45,-69.6,manual_override,0.6,Bulldog,Male,8.0,1.0.0
47f5fbdc3830647416f6eaff424fa096,47f5fbdc3830647416f6eaff424fa096,87eb8caa6f6a5f054a8d,IDEXX,baseline_historico,2024-09-10,9/10/24,9/10/24,Sin Limpieza/batch_174.pdf,batch_174.pdf,.,3.0,BOCA SERVICIOS VETERINARIOS,BOCA SERVICIOS VETERINARIOS,,,18.45,-69.6,manual_override,0.6,Bulldog,Female,6.0,1.0.0
4f0ec1c98a20feac0c493476e105650b,4f0ec1c98a20feac0c493476e105650b,3ede94bc842cb422288b,IDEXX,baseline_historico,2024-09-10,9/10/24,9/10/24,Sin Limpieza/batch_174.pdf,batch_174.pdf,.,5.0,BOCA SERVICIOS VETERINARIOS,BOCA SERVICIOS VETERINARIOS,,,18.45,-69.6,manual_override,0.6,Shih Tzu,Female,,1.0.0
7f21c7328f005d3e72c4e9558a9042a4,7f21c7328f005d3e72c4e9558a9042a4,60a40c36a53ec585cd71,IDEXX,baseline_historico,2024-09-10,9/10/24,9/10/24,Sin Limpieza/batch_174.pdf,batch_174.pdf,.,7.0,BOCA SERVICIOS VETERINARIOS,BOCA SERVICIOS VETERINARIOS,,,18.45,-69.6,manual_override,0.6,Smooth Hair Fox Terrier,Female,2.0,1.0.0
c27dba84881b12232bbca755ba5b78b7,c27dba84881b12232bbca755ba5b78b7,b8a2987d7a3983e6d937,IDEXX,baseline_historico,2024-09-09,9/9/24,9/9/24,Sin Limpieza/batch_174.pdf,batch_174.pdf,.,11.0,BOCA SERVICIOS VETERINARIOS,BOCA SERVICIOS VETERINARIOS,,,18.45,-69.6,manual_override,0.6,French Bulldog,Female,,1.0.0
1351246c27186cf4750021ec64aad84f,1351246c27186cf4750021ec64aad84f,2529de0c679d3497d56c,IDEXX,baseline_historico,2024-09-09,9/9/24,9/9/24,Sin Limpieza/batch_174.pdf,batch_174.pdf,.,13.0,BOCA SERVICIOS VETERINARIOS,BOCA SERVICIOS VETERINARIOS,,,18.45,-69.6,manual_override,0.6,Dachshund,Male,6.0,1.0.0
ce3aaaba23dba0426e3757801e6187f4,ce3aaaba23dba0426e3757801e6187f4,44ffbc8e7865e5855a76,IDEXX,baseline_historico,2024-09-09,9/9/24,9/9/24,Sin Limpieza/batch_174.pdf,batch_174.pdf,.,15.0,BOCA SERVICIOS VETERINARIOS,BOCA SERVICIOS VETERINARIOS,,,18.45,-69.6,manual_override,0.6,Golden Retriever,Male,1.0,1.0.0
7f3493d5b176eabf3e7f5426d5c7746b,7f3493d5b176eabf3e7f5426d5c7746b,69d0fe1c7e3524c97efc,IDEXX,baseline_historico,2024-09-09,9/9/24,9/9/24,Sin Limpieza/batch_174.pdf,batch_174.pdf,.,17.0,BOCA SERVICIOS VETERINARIOS,BOCA SERVICIOS VETERINARIOS,,,18.45,-69.6,manual_override,0.6,"Canine, Other",Male,,1.0.0
d16ee83f9d6406978717f8d51bd5b61c,d16ee83f9d6406978717f8d51bd5b61c,42289cde009a004d2b1b,IDEXX,baseline_historico,2024-09-08,9/8/24,9/8/24,Sin Limpieza/batch_174.pdf,batch_174.pdf,.,19.0,BOCA SERVICIOS VETERINARIOS,BOCA SERVICIOS VETERINARIOS,,,18.45,-69.6,manual_override,0.6,"Canine, Other",Female,4.0,1.0.0
0185f71902b23ede4e1dcf30c2a7b3c1,0185f71902b23ede4e1dcf30c2a7b3c1,af1dd9e8ebd5f8ff6317,IDEXX,baseline_historico,2024-08-14,8/14/24,8/14/24,Sin Limpieza/batch_175.pdf,batch_175.pdf,.,1.0,BOCA SERVICIOS VETERINARIOS,BOCA SERVICIOS VETERINARIOS,,,18.45,-69.6,manual_override,0.6,"santo domingo, do 0000 DATE OF RECEIPT: 8/14/24",Female,4.0,1.0.0
cc3afe656c5b301873605d5c3abcf561,cc3afe656c5b301873605d5c3abcf561,77c16150f63daaec43fc,IDEXX,baseline_historico,2024-08-14,8/14/24,8/14/24,Sin Limpieza/batch_175.pdf,batch_175.pdf,.,3.0,BOCA SERVICIOS VETERINARIOS,BOCA SERVICIOS VETERINARIOS,,,18.45,-69.6,manual_override,0.6,German Shepherd,Male,3.0,1.0.0
f069d9215d5d54215f723cb33be83c5e,f069d9215d5d54215f723cb33be83c5e,905991208a03d603fab4,IDEXX,baseline_historico,2024-08-14,8/14/24,8/14/24,Sin Limpieza/batch_175.pdf,batch_175.pdf,.,5.0,BOCA SERVICIOS VETERINARIOS,BOCA SERVICIOS VETERINARIOS,,,18.45,-69.6,manual_override,0.6,"santo domingo, do 0000 DATE OF RECEIPT: 8/14/24",,7.0,1.0.0
a45ed7713704dd2ce556352bc1667c3b,a45ed7713704dd2ce556352bc1667c3b,c56663be82ad147fdae5,IDEXX,baseline_historico,2024-08-13,8/13/24,8/13/24,Sin Limpieza/batch_175.pdf,batch_175.pdf,.,7.0,BOCA SERVICIOS VETERINARIOS,BOCA SERVICIOS VETERINARIOS,,,18.45,-69.6,manual_override,0.6,Rottweiler,Male,3.0,1.0.0
5ef72366d6483048c0a1d0b24d934a1e,5ef72366d6483048c0a1d0b24d934a1e,7a570d93e620c2976980,IDEXX,baseline_historico,2024-08-13,8/13/24,8/13/24,Sin Limpieza/batch_175.pdf,batch_175.pdf,.,9.0,BOCA SERVICIOS VETERINARIOS,BOCA SERVICIOS VETERINARIOS,,,18.45,-69.6,manual_override,0.6,Bulldog,Female,3.0,1.0.0
7cd1e81f9ca1bbbd2ec686db847fe2fe,7cd1e81f9ca1bbbd2ec686db847fe2fe,4f8ae06da66994631645,IDEXX,baseline_historico,2024-08-13,8/13/24,8/13/24,Sin Limpieza/batch_175.pdf,batch_175.pdf,.,11.0,BOCA SERVICIOS VETERINARIOS,BOCA SERVICIOS VETERINARIOS,,,18.45,-69.6,manual_override,0.6,Beagle,Male,2.0,1.0.0
88dba7dcc53389d5585f99c363eea7e6,88dba7dcc53389d5585f99c363eea7e6,2da4f4035d36f6aa01c7,IDEXX,baseline_historico,2024-08-13,8/13/24,8/13/24,Sin Limpieza/batch_175.pdf,batch_175.pdf,.,13.0,BOCA SERVICIOS VETERINARIOS,BOCA SERVICIOS VETERINARIOS,,,18.45,-69.6,manual_override,0.6,French Bulldog,Male,,1.0.0
15f9da6f0d0d03f443dc666289a7fa0b,15f9da6f0d0d03f443dc666289a7fa0b,e129b8f342d4ad411eab,IDEXX,baseline_historico,2024-08-12,8/12/24,8/12/24,Sin Limpieza/batch_175.pdf,batch_175.pdf,.,15.0,BOCA SERVICIOS VETERINARIOS,BOCA SERVICIOS VETERINARIOS,,,18.45,-69.6,manual_override,0.6,Doberman Pinscher,Male,2.0,1.0.0
386c71f7a0786483d06527321687de65,386c71f7a0786483d06527321687de65,81fdf5ed44a5b246b21c,IDEXX,baseline_historico,2024-08-12,8/12/24,8/12/24,Sin Limpieza/batch_175.pdf,batch_175.pdf,.,17.0,BOCA SERVICIOS VETERINARIOS,BOCA SERVICIOS VETERINARIOS,,,18.45,-69.6,manual_override,0.6,German Shepherd,Male,11.0,1.0.0
157551e24b70da601abc12130e0cbe64,157551e24b70da601abc12130e0cbe64,69d0fe1c7e3524c97efc,IDEXX,baseline_historico,2024-07-15,7/15/24,7/15/24,Sin Limpieza/batch_176.pdf,batch_176.pdf,.,1.0,BOCA SERVICIOS VETERINARIOS,BOCA SERVICIOS VETERINARIOS,,,18.45,-69.6,manual_override,0.6,"Canine, Other",Male,,1.0.0
a751aa810dfc07bf0ec560b4d2a285d4,a751aa810dfc07bf0ec560b4d2a285d4,b5710d8634663e495d7a,IDEXX,baseline_historico,2024-07-15,7/15/24,7/15/24,Sin Limpieza/batch_176.pdf,batch_176.pdf,.,3.0,BOCA SERVICIOS VETERINARIOS,BOCA SERVICIOS VETERINARIOS,,,18.45,-69.6,manual_override,0.6,Bulldog,Female,2.0,1.0.0
97b72b98034c8101a38c2110f4f9c820,97b72b98034c8101a38c2110f4f9c820,965a87291388366700f5,IDEXX,baseline_historico,2024-07-15,7/15/24,7/15/24,Sin Limpieza/batch_176.pdf,batch_176.pdf,.,5.0,BOCA SERVICIOS VETERINARIOS,BOCA SERVICIOS VETERINARIOS,,,18.45,-69.6,manual_override,0.6,"Canine, Mixed Breed",Male,3.0,1.0.0
de5a0a6290888c5a04beb85294ff2129,de5a0a6290888c5a04beb85294ff2129,334228d7dd4cd0c75500,IDEXX,baseline_historico,2024-07-15,7/15/24,7/15/24,Sin Limpieza/batch_176.pdf,batch_176.pdf,.,7.0,BOCA SERVICIOS VETERINARIOS,BOCA SERVICIOS VETERINARIOS,,,18.45,-69.6,manual_override,0.6,"Canine, Other",Female,4.0,1.0.0
31527752fc4b34babdfcee8682f7e00a,31527752fc4b34babdfcee8682f7e00a,64bcb9b7d880d039ed38,IDEXX,baseline_historico,2024-07-13,7/13/24,7/13/24,Sin Limpieza/batch_176.pdf,batch_176.pdf,.,9.0,BOCA SERVICIOS VETERINARIOS,BOCA SERVICIOS VETERINARIOS,,,18.45,-69.6,manual_override,0.6,Shih Tzu,Female,,1.0.0
f6204684c1d6bd51c0b5adbb619560ca,f6204684c1d6bd51c0b5adbb619560ca,3c092e628f5db5f955f2,IDEXX,baseline_historico,2024-07-12,7/12/24,7/12/24,Sin Limpieza/batch_176.pdf,batch_176.pdf,.,13.0,BOCA SERVICIOS VETERINARIOS,BOCA SERVICIOS VETERINARIOS,,,18.45,-69.6,manual_override,0.6,Pug,Male,14.0,1.0.0
0488f2c132889989d0263ccf039218ae,0488f2c132889989d0263ccf039218ae,855b89aafd13544368b9,IDEXX,baseline_historico,2024-07-12,7/12/24,7/12/24,Sin Limpieza/batch_176.pdf,batch_176.pdf,.,15.0,BOCA SERVICIOS VETERINARIOS,BOCA SERVICIOS VETERINARIOS,,,18.45,-69.6,manual_override,0.6,"Canine, Mixed Breed",,1.0,1.0.0
74e738767488f7620bf3a28e0c3b3cc4,74e738767488f7620bf3a28e0c3b3cc4,69d0fe1c7e3524c97efc,IDEXX,baseline_historico,2024-07-12,7/12/24,7/12/24,Sin Limpieza/batch_176.pdf,batch_176.pdf,.,17.0,BOCA SERVICIOS VETERINARIOS,BOCA SERVICIOS VETERINARIOS,,,18.45,-69.6,manual_override,0.6,"Canine, Other",Male,,1.0.0
7d9022b74315c75b34057cd86250a30c,7d9022b74315c75b34057cd86250a30c,e5b19aaabfe32106e11f,IDEXX,baseline_historico,2024-07-11,7/11/24,7/11/24,Sin Limpieza/batch_176.pdf,batch_176.pdf,.,19.0,BOCA SERVICIOS VETERINARIOS,BOCA SERVICIOS VETERINARIOS,,,18.45,-69.6,manual_override,0.6,"Canine, Mixed Breed",Female,5.0,1.0.0
a9437360d7e0359e151d8dcf29a07425,a9437360d7e0359e151d8dcf29a07425,f3a0072bf15986f0f4d0,IDEXX,baseline_historico,2024-08-19,8/19/24,8/19/24,Sin Limpieza/batch_177.pdf,batch_177.pdf,.,1.0,BOCA SERVICIOS VETERINARIOS,BOCA SERVICIOS VETERINARIOS,,,18.45,-69.6,manual_override,0.6,"Canine, Other",Male,2.0,1.0.0
4c1159647a58aab778a2b38eebd16502,4c1159647a58aab778a2b38eebd16502,7d064825c7794d4cafc3,IDEXX,baseline_historico,2024-08-19,8/19/24,8/19/24,Sin Limpieza/batch_177.pdf,batch_177.pdf,.,5.0,BOCA SERVICIOS VETERINARIOS,BOCA SERVICIOS VETERINARIOS,,,18.45,-69.6,manual_override,0.6,"Canine, Mixed Breed",Male,,1.0.0
392c33b1a147f136d2b8ee9d7403fa96,392c33b1a147f136d2b8ee9d7403fa96,45d687b538e885b216fa,IDEXX,baseline_historico,2024-08-19,8/19/24,8/19/24,Sin Limpieza/batch_177.pdf,batch_177.pdf,.,7.0,BOCA SERVICIOS VETERINARIOS,BOCA SERVICIOS VETERINARIOS,,,18.45,-69.6,manual_override,0.6,Pug,Female,10.0,1.0.0
4b22ac39d38f79cb71cd771be2bcbc18,4b22ac39d38f79cb71cd771be2bcbc18,1451677b37110e965329,IDEXX,baseline_historico,2024-08-17,8/17/24,8/17/24,Sin Limpieza/batch_177.pdf,batch_177.pdf,.,9.0,BOCA SERVICIOS VETERINARIOS,BOCA SERVICIOS VETERINARIOS,,,18.45,-69.6,manual_override,0.6,Chihuahua,Female,10.0,1.0.0
d735472b12cb7f14444919ff9ac945c2,d735472b12cb7f14444919ff9ac945c2,98917c774a520c562719,IDEXX,baseline_historico,2024-08-17,8/17/24,8/17/24,Sin Limpieza/batch_177.pdf,batch_177.pdf,.,11.0,BOCA SERVICIOS VETERINARIOS,BOCA SERVICIOS VETERINARIOS,,,18.45,-69.6,manual_override,0.6,"Canine, Mixed Breed",Male,2.0,1.0.0
409bec5d8b7713445426fafb826e1bd3,409bec5d8b7713445426fafb826e1bd3,a57eddd0a3a5685a70da,IDEXX,baseline_historico,2024-08-17,8/17/24,8/17/24,Sin Limpieza/batch_177.pdf,batch_177.pdf,.,13.0,BOCA SERVICIOS VETERINARIOS,BOCA SERVICIOS VETERINARIOS,,,18.45,-69.6,manual_override,0.6,Chihuahua,Male,8.0,1.0.0
13878de25bfd2ed6e4ba333b48248063,13878de25bfd2ed6e4ba333b48248063,cba9c75e108b86cafa9c,IDEXX,baseline_historico,2024-08-17,8/17/24,8/17/24,Sin Limpieza/batch_177.pdf,batch_177.pdf,.,15.0,BOCA SERVICIOS VETERINARIOS,BOCA SERVICIOS VETERINARIOS,,,18.45,-69.6,manual_override,0.6,"Canine, Mixed Breed",Male,10.0,1.0.0
628d2bb02fdbf2be396fdfb9e414cf27,628d2bb02fdbf2be396fdfb9e414cf27,01a10314685ae52531da,IDEXX,baseline_historico,2024-08-15,8/15/24,8/15/24,Sin Limpieza/batch_177.pdf,batch_177.pdf,.,17.0,BOCA SERVICIOS VETERINARIOS,BOCA SERVICIOS VETERINARIOS,,,18.45,-69.6,manual_override,0.6,Chihuahua,Female,13.0,1.0.0
d7f7e75928496e0e2db4d69853e6f6cf,d7f7e75928496e0e2db4d69853e6f6cf,41dd44f29a976f1f168c,IDEXX,baseline_historico,2024-08-15,8/15/24,8/15/24,Sin Limpieza/batch_177.pdf,batch_177.pdf,.,19.0,BOCA SERVICIOS VETERINARIOS,BOCA SERVICIOS VETERINARIOS,,,18.45,-69.6,manual_override,0.6,German Shepherd,Female,2.0,1.0.0
ef65d139b8134f44f5fee8fe6a538a65,ef65d139b8134f44f5fee8fe6a538a65,335c7ee43ebabc10a33b,IDEXX,baseline_historico,2024-08-26,8/26/24,8/26/24,Sin Limpieza/batch_178.pdf,batch_178.pdf,.,1.0,BOCA SERVICIOS VETERINARIOS,BOCA SERVICIOS VETERINARIOS,,,18.45,-69.6,manual_override,0.6,"Canine, Mixed Breed",Male,3.0,1.0.0
c908bf0a332143573b9474d73cb1e8a1,c908bf0a332143573b9474d73cb1e8a1,32252e14faafe01ac1cb,IDEXX,baseline_historico,2024-08-26,8/26/24,8/26/24,Sin Limpieza/batch_178.pdf,batch_178.pdf,.,3.0,BOCA SERVICIOS VETERINARIOS,BOCA SERVICIOS VETERINARIOS,,,18.45,-69.6,manual_override,0.6,Bulldog,Female,2.0,1.0.0
ac4fe738bb27db134ca3923df089c883,ac4fe738bb27db134ca3923df089c883,43c044ea6b8d78f3046b,IDEXX,baseline_historico,2024-08-26,8/26/24,8/26/24,Sin Limpieza/batch_178.pdf,batch_178.pdf,.,5.0,BOCA SERVICIOS VETERINARIOS,BOCA SERVICIOS VETERINARIOS,,,18.45,-69.6,manual_override,0.6,Pug,Female,,1.0.0
6c71666c3971c7a5da4e85eb44422556,6c71666c3971c7a5da4e85eb44422556,08f4ca52c99b2e6c5334,IDEXX,baseline_historico,2024-08-26,8/26/24,8/26/24,Sin Limpieza/batch_178.pdf,batch_178.pdf,.,7.0,BOCA SERVICIOS VETERINARIOS,BOCA SERVICIOS VETERINARIOS,,,18.45,-69.6,manual_override,0.6,Golden Retriever,Female,,1.0.0
7dfb50c7edcedc6abbb680ab82cd4650,7dfb50c7edcedc6abbb680ab82cd4650,c3b9367d1778d0886989,IDEXX,baseline_historico,2024-08-26,8/26/24,8/26/24,Sin Limpieza/batch_178.pdf,batch_178.pdf,.,9.0,BOCA SERVICIOS VETERINARIOS,BOCA SERVICIOS VETERINARIOS,,,18.45,-69.6,manual_override,0.6,Shih Tzu,Female,3.0,1.0.0
68f064cde7c7a05e8bf80133dacfe6ee,68f064cde7c7a05e8bf80133dacfe6ee,d2f183d0521840a31764,IDEXX,baseline_historico,2024-08-24,8/24/24,8/24/24,Sin Limpieza/batch_178.pdf,batch_178.pdf,.,11.0,BOCA SERVICIOS VETERINARIOS,BOCA SERVICIOS VETERINARIOS,,,18.45,-69.6,manual_override,0.6,Bulldog,Male,8.0,1.0.0
59239a72a29dc1c8499fdafa7d326d97,59239a72a29dc1c8499fdafa7d326d97,2ba01cd0f5806d5f9cb2,IDEXX,baseline_historico,2024-08-23,8/23/24,8/23/24,Sin Limpieza/batch_178.pdf,batch_178.pdf,.,13.0,BOCA SERVICIOS VETERINARIOS,BOCA SERVICIOS VETERINARIOS,,,18.45,-69.6,manual_override,0.6,"Canine, Mixed Breed",Male,,1.0.0
943170c6711698bd83d06de7d695e8ee,943170c6711698bd83d06de7d695e8ee,36b82e1c5a108c230a17,IDEXX,baseline_historico,2024-08-23,8/23/24,8/23/24,Sin Limpieza/batch_178.pdf,batch_178.pdf,.,15.0,BOCA SERVICIOS VETERINARIOS,BOCA SERVICIOS VETERINARIOS,,,18.45,-69.6,manual_override,0.6,"Cocker Spaniel, American",Female,3.0,1.0.0
fb372660e9897076abe09416c7d64837,fb372660e9897076abe09416c7d64837,7f84bf6fc1fe587a81a2,IDEXX,baseline_historico,2024-08-22,8/22/24,8/22/24,Sin Limpieza/batch_178.pdf,batch_178.pdf,.,17.0,BOCA SERVICIOS VETERINARIOS,BOCA SERVICIOS VETERINARIOS,,,18.45,-69.6,manual_override,0.6,"Canine, Mixed Breed",Male,3.0,1.0.0
48263fe6b9abeb6ade0267d2f81bd808,48263fe6b9abeb6ade0267d2f81bd808,846d8098ff3f903d39f3,IDEXX,baseline_historico,2024-08-22,8/22/24,8/22/24,Sin Limpieza/batch_178.pdf,batch_178.pdf,.,19.0,BOCA SERVICIOS VETERINARIOS,BOCA SERVICIOS VETERINARIOS,,,18.45,-69.6,manual_override,0.6,"Canine, Mixed Breed",Male,3.0,1.0.0
a945a6876492bfa8029943ce2debc5aa,a945a6876492bfa8029943ce2debc5aa,81fdf5ed44a5b246b21c,IDEXX,baseline_historico,2024-07-21,7/21/24,7/21/24,Sin Limpieza/batch_179.pdf,batch_179.pdf,.,1.0,BOCA SERVICIOS VETERINARIOS,BOCA SERVICIOS VETERINARIOS,,,18.45,-69.6,manual_override,0.6,German Shepherd,Male,11.0,1.0.0
109730ee75ec975480b1687b9a0bcc30,109730ee75ec975480b1687b9a0bcc30,5811cc5b8f740167e584,IDEXX,baseline_historico,2024-07-21,7/21/24,7/21/24,Sin Limpieza/batch_179.pdf,batch_179.pdf,.,3.0,BOCA SERVICIOS VETERINARIOS,BOCA SERVICIOS VETERINARIOS,,,18.45,-69.6,manual_override,0.6,Boxer,Male,,1.0.0
0d9cf820c3c3789511f2ab996e384b36,0d9cf820c3c3789511f2ab996e384b36,c731934adf7651fc3ab3,IDEXX,baseline_historico,2024-07-19,7/19/24,7/19/24,Sin Limpieza/batch_179.pdf,batch_179.pdf,.,7.0,BOCA SERVICIOS VETERINARIOS,BOCA SERVICIOS VETERINARIOS,,,18.45,-69.6,manual_override,0.6,Golden Retriever,Female,4.0,1.0.0
4886310af704de7d3e6b2866127dad13,4886310af704de7d3e6b2866127dad13,4de9e05da6fe71dc6d48,IDEXX,baseline_historico,2024-07-19,7/19/24,7/19/24,Sin Limpieza/batch_179.pdf,batch_179.pdf,.,9.0,BOCA SERVICIOS VETERINARIOS,BOCA SERVICIOS VETERINARIOS,,,18.45,-69.6,manual_override,0.6,B,Female,2.0,1.0.0
3428cee54c6b266145b3e21373b8d410,3428cee54c6b266145b3e21373b8d410,3f0af903806c65b43e37,IDEXX,baseline_historico,2024-07-19,7/19/24,7/19/24,Sin Limpieza/batch_179.pdf,batch_179.pdf,.,11.0,BOCA SERVICIOS VETERINARIOS,BOCA SERVICIOS VETERINARIOS,,,18.45,-69.6,manual_override,0.6,"Canine, Mixed Breed",Male,6.0,1.0.0
1e4e2aff0fa65895a368e18e119877f9,1e4e2aff0fa65895a368e18e119877f9,6147a4032b9420305ee6,IDEXX,baseline_historico,2024-07-18,7/18/24,7/18/24,Sin Limpieza/batch_179.pdf,batch_179.pdf,.,13.0,BOCA SERVICIOS VETERINARIOS,BOCA SERVICIOS VETERINARIOS,,,18.45,-69.6,manual_override,0.6,"Canine, Other",Female,,1.0.0
f20fa79be680bae2a69208ce546dc1c3,f20fa79be680bae2a69208ce546dc1c3,4b73e74c9087ef7375de,IDEXX,baseline_historico,2024-07-18,7/18/24,7/18/24,Sin Limpieza/batch_179.pdf,batch_179.pdf,.,15.0,BOCA SERVICIOS VETERINARIOS,BOCA SERVICIOS VETERINARIOS,,,18.45,-69.6,manual_override,0.6,"Canine, Other",Male,8.0,1.0.0
fdb21c71718d89083c17ce0abb72dbfc,fdb21c71718d89083c17ce0abb72dbfc,87eb8caa6f6a5f054a8d,IDEXX,baseline_historico,2024-07-18,7/18/24,7/18/24,Sin Limpieza/batch_179.pdf,batch_179.pdf,.,17.0,BOCA SERVICIOS VETERINARIOS,BOCA SERVICIOS VETERINARIOS,,,18.45,-69.6,manual_override,0.6,Bulldog,Female,6.0,1.0.0
10b47c6d86385c6a714e9b01e39782cf,10b47c6d86385c6a714e9b01e39782cf,5b63bd20333e6407b33e,IDEXX,baseline_historico,2024-07-18,7/18/24,7/18/24,Sin Limpieza/batch_179.pdf,batch_179.pdf,.,19.0,BOCA SERVICIOS VETERINARIOS,BOCA SERVICIOS VETERINARIOS,,,18.45,-69.6,manual_override,0.6,"Canine, Other",Male,,1.0.0
0c10f6e04b8114737fbe5c53a2bdb9c2,0c10f6e04b8114737fbe5c53a2bdb9c2,e2e87a448ca2e93869fa,IDEXX,baseline_historico,2026-01-06,1/6/26,1/6/26,Sin Limpieza/batch_18.pdf,batch_18.pdf,.,1.0,BOCA SERVICIOS VETERINARIOS,BOCA SERVICIOS VETERINARIOS,,,18.45,-69.6,manual_override,0.6,"Canine, Other",Female,0.58,1.0.0
916ccb50a35b67dea7b62a757de13b54,916ccb50a35b67dea7b62a757de13b54,8d4ef7325c10476f6340,IDEXX,baseline_historico,2026-01-06,1/6/26,1/6/26,Sin Limpieza/batch_18.pdf,batch_18.pdf,.,3.0,BOCA SERVICIOS VETERINARIOS,BOCA SERVICIOS VETERINARIOS,,,18.45,-69.6,manual_override,0.6,"Canine, Mixed Breed",Male,0.92,1.0.0
509cb5a4eccf23af8b92d355bdb46053,509cb5a4eccf23af8b92d355bdb46053,0b4d55e6f8dd11c16320,IDEXX,baseline_historico,2026-01-06,1/6/26,1/6/26,Sin Limpieza/batch_18.pdf,batch_18.pdf,.,5.0,BOCA SERVICIOS VETERINARIOS,BOCA SERVICIOS VETERINARIOS,,,18.45,-69.6,manual_override,0.6,"Canine, Mixed Breed",Female,0.92,1.0.0
9c1cd42e6e81089d8810ba7f6c9753a1,9c1cd42e6e81089d8810ba7f6c9753a1,4371738093978078a874,IDEXX,baseline_historico,2026-01-06,1/6/26,1/6/26,Sin Limpieza/batch_18.pdf,batch_18.pdf,.,7.0,BOCA SERVICIOS VETERINARIOS,BOCA SERVICIOS VETERINARIOS,,,18.45,-69.6,manual_override,0.6,"Canine, Mixed Breed",Female,1.0,1.0.0
b43858f0b1c621745b806f8e9dce5fc3,b43858f0b1c621745b806f8e9dce5fc3,016486d3654386655ce7,IDEXX,baseline_historico,2026-01-05,1/5/26,1/5/26,Sin Limpieza/batch_18.pdf,batch_18.pdf,.,9.0,BOCA SERVICIOS VETERINARIOS,BOCA SERVICIOS VETERINARIOS,,,18.45,-69.6,manual_override,0.6,Rottweiler,Female,0.17,1.0.0
5e52716ce4f695ac7620f82c885e0e55,5e52716ce4f695ac7620f82c885e0e55,20f8bf0414b954b96c25,IDEXX,baseline_historico,2026-01-05,1/5/26,1/5/26,Sin Limpieza/batch_18.pdf,batch_18.pdf,.,11.0,BOCA SERVICIOS VETERINARIOS,BOCA SERVICIOS VETERINARIOS,,,18.45,-69.6,manual_override,0.6,Siberian Husky,Male,0.5,1.0.0
e24072f9558535e1ac4ea16a7303afee,e24072f9558535e1ac4ea16a7303afee,bc6f778d860c37592fe6,IDEXX,baseline_historico,2026-01-05,1/5/26,1/5/26,Sin Limpieza/batch_18.pdf,batch_18.pdf,.,13.0,BOCA SERVICIOS VETERINARIOS,BOCA SERVICIOS VETERINARIOS,,,18.45,-69.6,manual_override,0.6,Siberian Husky,Female,1.0,1.0.0
32bdcc9ef551718248d299aa2040822c,32bdcc9ef551718248d299aa2040822c,15858454248be82c9f3b,IDEXX,baseline_historico,2026-01-04,1/4/26,1/4/26,Sin Limpieza/batch_18.pdf,batch_18.pdf,.,15.0,BOCA SERVICIOS VETERINARIOS,BOCA SERVICIOS VETERINARIOS,,,18.45,-69.6,manual_override,0.6,Shih Tzu,Female,1.0,1.0.0
0e8f1a214f5ac7bdb651c8dd96a357e8,0e8f1a214f5ac7bdb651c8dd96a357e8,8c027358365505b8fbbd,IDEXX,baseline_historico,2026-01-03,1/3/26,1/3/26,Sin Limpieza/batch_18.pdf,batch_18.pdf,.,17.0,BOCA SERVICIOS VETERINARIOS,BOCA SERVICIOS VETERINARIOS,,,18.45,-69.6,manual_override,0.6,French Bulldog,Female,3.0,1.0.0
c307c38584b77dd196cd4165c952b5bc,c307c38584b77dd196cd4165c952b5bc,9b5effe440aa02a8b51c,IDEXX,baseline_historico,2026-01-03,1/3/26,1/3/26,Sin Limpieza/batch_18.pdf,batch_18.pdf,.,19.0,BOCA SERVICIOS VETERINARIOS,BOCA SERVICIOS VETERINARIOS,,,18.45,-69.6,manual_override,0.6,Boxer,Female,,1.0.0
f093bf3818e3222a5bde4f45f69b76c8,f093bf3818e3222a5bde4f45f69b76c8,92f992da0e396150ee89,IDEXX,baseline_historico,2024-08-10,8/10/24,8/10/24,Sin Limpieza/batch_180.pdf,batch_180.pdf,.,3.0,BOCA SERVICIOS VETERINARIOS,BOCA SERVICIOS VETERINARIOS,,,18.45,-69.6,manual_override,0.6,"Canine, Mixed Breed",Female,8.0,1.0.0
d27f61ece77b4d972667a25255dd4cbe,d27f61ece77b4d972667a25255dd4cbe,056e2e98a8d19885388b,IDEXX,baseline_historico,2024-08-09,8/9/24,8/9/24,Sin Limpieza/batch_180.pdf,batch_180.pdf,.,5.0,BOCA SERVICIOS VETERINARIOS,BOCA SERVICIOS VETERINARIOS,,,18.45,-69.6,manual_override,0.6,Siberian Husky,Male,3.0,1.0.0
d1c3c4ff4455b0523f1dd0cadcf88fac,d1c3c4ff4455b0523f1dd0cadcf88fac,c4a0c7c796266f23ec4d,IDEXX,baseline_historico,2024-08-09,8/9/24,8/9/24,Sin Limpieza/batch_180.pdf,batch_180.pdf,.,7.0,BOCA SERVICIOS VETERINARIOS,BOCA SERVICIOS VETERINARIOS,,,18.45,-69.6,manual_override,0.6,"Canine, Mixed Breed",Female,1.0,1.0.0
ea61cd6c5c70d5d10aed7c66abbd3430,ea61cd6c5c70d5d10aed7c66abbd3430,b3767b4dff93282fb723,IDEXX,baseline_historico,2024-08-09,8/9/24,8/9/24,Sin Limpieza/batch_180.pdf,batch_180.pdf,.,9.0,BOCA SERVICIOS VETERINARIOS,BOCA SERVICIOS VETERINARIOS,,,18.45,-69.6,manual_override,0.6,Siberian Husky,Female,2.0,1.0.0
8e34d89267792c3add410a2af5460cd6,8e34d89267792c3add410a2af5460cd6,b5822699ee9f5a84dbf9,IDEXX,baseline_historico,2024-08-08,8/8/24,8/8/24,Sin Limpieza/batch_180.pdf,batch_180.pdf,.,11.0,BOCA SERVICIOS VETERINARIOS,BOCA SERVICIOS VETERINARIOS,,,18.45,-69.6,manual_override,0.6,Beagle,Male,,1.0.0
c0e03d96d8b59ff52bc7ac55d26acafe,c0e03d96d8b59ff52bc7ac55d26acafe,3f842d8a51247377072e,IDEXX,baseline_historico,2024-08-08,8/8/24,8/8/24,Sin Limpieza/batch_180.pdf,batch_180.pdf,.,13.0,BOCA SERVICIOS VETERINARIOS,BOCA SERVICIOS VETERINARIOS,,,18.45,-69.6,manual_override,0.6,Doberman Pinscher,Female,5.0,1.0.0
bd91946dcffd2085b350e19c06120715,bd91946dcffd2085b350e19c06120715,3f776202890e947c7ca4,IDEXX,baseline_historico,2024-08-08,8/8/24,8/8/24,Sin Limpieza/batch_180.pdf,batch_180.pdf,.,15.0,BOCA SERVICIOS VETERINARIOS,BOCA SERVICIOS VETERINARIOS,,,18.45,-69.6,manual_override,0.6,Doberman Pinscher,Male,1.0,1.0.0
bc846031a9d00db4733eb21f0b5d55fa,bc846031a9d00db4733eb21f0b5d55fa,00a0449296820f2c7641,IDEXX,baseline_historico,2024-08-08,8/8/24,8/8/24,Sin Limpieza/batch_180.pdf,batch_180.pdf,.,19.0,BOCA SERVICIOS VETERINARIOS,BOCA SERVICIOS VETERINARIOS,,,18.45,-69.6,manual_override,0.6,Doberman Pinscher,Male,1.0,1.0.0
d0257d198b38bc2fad72704af7d1892f,d0257d198b38bc2fad72704af7d1892f,25674c03d13b13eb55ed,IDEXX,baseline_historico,2024-08-07,8/7/24,8/7/24,Sin Limpieza/batch_181.pdf,batch_181.pdf,.,5.0,BOCA SERVICIOS VETERINARIOS,BOCA SERVICIOS VETERINARIOS,,,18.45,-69.6,manual_override,0.6,Poodle,Male,2.0,1.0.0
5f561b29b4468274ebbfe91ed7e3c12e,5f561b29b4468274ebbfe91ed7e3c12e,ac58f37b691a8a35b2da,IDEXX,baseline_historico,2024-08-07,8/7/24,8/7/24,Sin Limpieza/batch_181.pdf,batch_181.pdf,.,7.0,BOCA SERVICIOS VETERINARIOS,BOCA SERVICIOS VETERINARIOS,,,18.45,-69.6,manual_override,0.6,Rottweiler,Male,13.0,1.0.0
441df428611259b4ac0e0f06fb34cc93,441df428611259b4ac0e0f06fb34cc93,3c2dd92cef61f055bd40,IDEXX,baseline_historico,2024-08-06,8/6/24,8/6/24,Sin Limpieza/batch_181.pdf,batch_181.pdf,.,11.0,BOCA SERVICIOS VETERINARIOS,BOCA SERVICIOS VETERINARIOS,,,18.45,-69.6,manual_override,0.6,Yorkshire Terrier,Female,,1.0.0
68739008a7562084f2768a580f06e6ea,68739008a7562084f2768a580f06e6ea,43fd6e5088a34d35662c,IDEXX,baseline_historico,2024-08-06,8/6/24,8/6/24,Sin Limpieza/batch_181.pdf,batch_181.pdf,.,13.0,BOCA SERVICIOS VETERINARIOS,BOCA SERVICIOS VETERINARIOS,,,18.45,-69.6,manual_override,0.6,"Canine, Other",Female,6.0,1.0.0
db9fbcb8c9f21eae75161dc0841cdf54,db9fbcb8c9f21eae75161dc0841cdf54,80e231cc5257b1ddf07e,IDEXX,baseline_historico,2024-08-06,8/6/24,8/6/24,Sin Limpieza/batch_181.pdf,batch_181.pdf,.,15.0,BOCA SERVICIOS VETERINARIOS,BOCA SERVICIOS VETERINARIOS,,,18.45,-69.6,manual_override,0.6,"Canine, Other",Male,1.0,1.0.0
b2f7159b513db32aa37145be7f3a5192,b2f7159b513db32aa37145be7f3a5192,fad096d87df2350288a4,IDEXX,baseline_historico,2024-08-06,8/6/24,8/6/24,Sin Limpieza/batch_181.pdf,batch_181.pdf,.,17.0,BOCA SERVICIOS VETERINARIOS,BOCA SERVICIOS VETERINARIOS,,,18.45,-69.6,manual_override,0.6,"Canine, Other",Female,1.0,1.0.0
034621da9afd08a0e57aa02bdc171efd,034621da9afd08a0e57aa02bdc171efd,18278c5078768f521b69,IDEXX,baseline_historico,2024-08-29,8/29/24,8/29/24,Sin Limpieza/batch_182.pdf,batch_182.pdf,.,1.0,BOCA SERVICIOS VETERINARIOS,BOCA SERVICIOS VETERINARIOS,,,18.45,-69.6,manual_override,0.6,German Shepherd,Female,,1.0.0
be860866bc249eaab478abd673fd1f96,be860866bc249eaab478abd673fd1f96,e5b59f07ad9861e78ab2,IDEXX,baseline_historico,2024-08-28,8/28/24,8/28/24,Sin Limpieza/batch_182.pdf,batch_182.pdf,.,3.0,BOCA SERVICIOS VETERINARIOS,BOCA SERVICIOS VETERINARIOS,,,18.45,-69.6,manual_override,0.6,Chihuahua,Female,6.0,1.0.0
0c78de1cea2bf079fd80a0c129fe7c04,0c78de1cea2bf079fd80a0c129fe7c04,f7f20c1d17630f1ed6ff,IDEXX,baseline_historico,2024-08-28,8/28/24,8/28/24,Sin Limpieza/batch_182.pdf,batch_182.pdf,.,5.0,BOCA SERVICIOS VETERINARIOS,BOCA SERVICIOS VETERINARIOS,,,18.45,-69.6,manual_override,0.6,German Shepherd,Male,10.0,1.0.0
887d46d12c34be1e65ac28d064843241,887d46d12c34be1e65ac28d064843241,2e95b010af562e44c023,IDEXX,baseline_historico,2024-08-28,8/28/24,8/28/24,Sin Limpieza/batch_182.pdf,batch_182.pdf,.,7.0,BOCA SERVICIOS VETERINARIOS,BOCA SERVICIOS VETERINARIOS,,,18.45,-69.6,manual_override,0.6,Bulldog,Female,3.0,1.0.0
16437d635b407fe61bdf358051975ec0,16437d635b407fe61bdf358051975ec0,16d7fb5a5748c7bbeed8,IDEXX,baseline_historico,2024-08-28,8/28/24,8/28/24,Sin Limpieza/batch_182.pdf,batch_182.pdf,.,9.0,BOCA SERVICIOS VETERINARIOS,BOCA SERVICIOS VETERINARIOS,,,18.45,-69.6,manual_override,0.6,Pomeranian,Female,5.0,1.0.0
eea0457c9ea80ea5c471b9fb77692676,eea0457c9ea80ea5c471b9fb77692676,e2a19e9d2fcb1a4eea93,IDEXX,baseline_historico,2024-08-27,8/27/24,8/27/24,Sin Limpieza/batch_182.pdf,batch_182.pdf,.,11.0,BOCA SERVICIOS VETERINARIOS,BOCA SERVICIOS VETERINARIOS,,,18.45,-69.6,manual_override,0.6,"Canine, Mixed Breed",Female,3.0,1.0.0
9a7d52efcc102fb3c2000dec9255e1eb,9a7d52efcc102fb3c2000dec9255e1eb,27926d9239e65b4a2054,IDEXX,baseline_historico,2024-08-27,8/27/24,8/27/24,Sin Limpieza/batch_182.pdf,batch_182.pdf,.,13.0,BOCA SERVICIOS VETERINARIOS,BOCA SERVICIOS VETERINARIOS,,,18.45,-69.6,manual_override,0.6,Wirehaired Fox Terrier,Male,,1.0.0
09fd4676061ba6305c15ac2934c8fe0e,09fd4676061ba6305c15ac2934c8fe0e,335c7ee43ebabc10a33b,IDEXX,baseline_historico,2024-08-27,8/27/24,8/27/24,Sin Limpieza/batch_182.pdf,batch_182.pdf,.,17.0,BOCA SERVICIOS VETERINARIOS,BOCA SERVICIOS VETERINARIOS,,,18.45,-69.6,manual_override,0.6,"Canine, Mixed Breed",Male,3.0,1.0.0
f0137f5b3d2731c80a709d62e1b542cf,f0137f5b3d2731c80a709d62e1b542cf,34edab40c4bb6c8fbbf1,IDEXX,baseline_historico,2024-08-26,8/26/24,8/26/24,Sin Limpieza/batch_182.pdf,batch_182.pdf,.,19.0,BOCA SERVICIOS VETERINARIOS,BOCA SERVICIOS VETERINARIOS,,,18.45,-69.6,manual_override,0.6,"Canine, Mixed Breed",Male,6.0,1.0.0
ab9004df560e3f735fece35036cb1be3,ab9004df560e3f735fece35036cb1be3,b3767b4dff93282fb723,IDEXX,baseline_historico,2024-09-07,9/7/24,9/7/24,Sin Limpieza/batch_183.pdf,batch_183.pdf,.,1.0,BOCA SERVICIOS VETERINARIOS,BOCA SERVICIOS VETERINARIOS,,,18.45,-69.6,manual_override,0.6,Siberian Husky,Female,2.0,1.0.0
9cd95c2225880c9542455d09e399abd9,9cd95c2225880c9542455d09e399abd9,bc023ae3ccc3eb588777,IDEXX,baseline_historico,2024-09-05,9/5/24,9/5/24,Sin Limpieza/batch_183.pdf,batch_183.pdf,.,7.0,BOCA SERVICIOS VETERINARIOS,BOCA SERVICIOS VETERINARIOS,,,18.45,-69.6,manual_override,0.6,"Cocker Spaniel, American",Female,1.0,1.0.0
cb070a04df89d37d7830cdca42c213fc,cb070a04df89d37d7830cdca42c213fc,4229b74098df6d315d6a,IDEXX,baseline_historico,2024-09-05,9/5/24,9/5/24,Sin Limpieza/batch_183.pdf,batch_183.pdf,.,9.0,BOCA SERVICIOS VETERINARIOS,BOCA SERVICIOS VETERINARIOS,,,18.45,-69.6,manual_override,0.6,Poodle,Female,6.0,1.0.0
1b9772d3ef2062ef8576f93c6e8e9cf2,1b9772d3ef2062ef8576f93c6e8e9cf2,2529de0c679d3497d56c,IDEXX,baseline_historico,2024-09-02,9/2/24,9/2/24,Sin Limpieza/batch_183.pdf,batch_183.pdf,.,13.0,BOCA SERVICIOS VETERINARIOS,BOCA SERVICIOS VETERINARIOS,,,18.45,-69.6,manual_override,0.6,Dachshund,Male,6.0,1.0.0
bbebf16638febf9b4e3dbab0864c5deb,bbebf16638febf9b4e3dbab0864c5deb,20a4e3a2861b9a06841c,IDEXX,baseline_historico,2024-09-02,9/2/24,9/2/24,Sin Limpieza/batch_183.pdf,batch_183.pdf,.,15.0,BOCA SERVICIOS VETERINARIOS,BOCA SERVICIOS VETERINARIOS,,,18.45,-69.6,manual_override,0.6,Golden Retriever,Male,6.0,1.0.0
d7f0fdc798b5e50fb35dc0162b12eb31,d7f0fdc798b5e50fb35dc0162b12eb31,8cacb8f436d2e7655e06,IDEXX,baseline_historico,2024-09-02,9/2/24,9/2/24,Sin Limpieza/batch_183.pdf,batch_183.pdf,.,17.0,BOCA SERVICIOS VETERINARIOS,BOCA SERVICIOS VETERINARIOS,,,18.45,-69.6,manual_override,0.6,Doberman Pinscher,Male,1.0,1.0.0
6833b156718b22d5b8a41eed4199b43f,6833b156718b22d5b8a41eed4199b43f,317e8a791bdc055495e6,IDEXX,baseline_historico,2024-09-02,9/2/24,9/2/24,Sin Limpieza/batch_183.pdf,batch_183.pdf,.,19.0,BOCA SERVICIOS VETERINARIOS,BOCA SERVICIOS VETERINARIOS,,,18.45,-69.6,manual_override,0.6,Golden Retriever,Male,7.0,1.0.0
728abd25951520c7cf48b782d8235aa5,728abd25951520c7cf48b782d8235aa5,e6917e727e1f036ea62a,IDEXX,baseline_historico,2024-08-22,8/22/24,8/22/24,Sin Limpieza/batch_184.pdf,batch_184.pdf,.,1.0,BOCA SERVICIOS VETERINARIOS,BOCA SERVICIOS VETERINARIOS,,,18.45,-69.6,manual_override,0.6,Bulldog,Male,8.0,1.0.0
14a94f1f17183dca82d8d472387669a5,14a94f1f17183dca82d8d472387669a5,fd877c58d3d7235f7487,IDEXX,baseline_historico,2024-08-22,8/22/24,8/22/24,Sin Limpieza/batch_184.pdf,batch_184.pdf,.,3.0,BOCA SERVICIOS VETERINARIOS,BOCA SERVICIOS VETERINARIOS,,,18.45,-69.6,manual_override,0.6,"Canine, Other",Male,4.0,1.0.0
c2ad0102a1dc19d0b1aff7a49d1dc425,c2ad0102a1dc19d0b1aff7a49d1dc425,98d207c11ec8a13d28a5,IDEXX,baseline_historico,2024-08-22,8/22/24,8/22/24,Sin Limpieza/batch_184.pdf,batch_184.pdf,.,5.0,BOCA SERVICIOS VETERINARIOS,BOCA SERVICIOS VETERINARIOS,,,18.45,-69.6,manual_override,0.6,Pug,Female,15.0,1.0.0
4ff7025b63ee1c88ecf86e0932ab748f,4ff7025b63ee1c88ecf86e0932ab748f,f2bf83257d89d507c9ac,IDEXX,baseline_historico,2024-08-21,8/21/24,8/21/24,Sin Limpieza/batch_184.pdf,batch_184.pdf,.,9.0,BOCA SERVICIOS VETERINARIOS,BOCA SERVICIOS VETERINARIOS,,,18.45,-69.6,manual_override,0.6,Chihuahua,Female,12.0,1.0.0
c0403aaa905f6ef287b2e00b738c87bc,c0403aaa905f6ef287b2e00b738c87bc,49d3e5c2d58087acee3c,IDEXX,baseline_historico,2024-08-19,8/19/24,8/19/24,Sin Limpieza/batch_184.pdf,batch_184.pdf,.,13.0,BOCA SERVICIOS VETERINARIOS,BOCA SERVICIOS VETERINARIOS,,,18.45,-69.6,manual_override,0.6,Doberman Pinscher,Female,4.0,1.0.0
811790db2084d5c6db795400baa593a7,811790db2084d5c6db795400baa593a7,2e95b010af562e44c023,IDEXX,baseline_historico,2024-08-19,8/19/24,8/19/24,Sin Limpieza/batch_184.pdf,batch_184.pdf,.,15.0,BOCA SERVICIOS VETERINARIOS,BOCA SERVICIOS VETERINARIOS,,,18.45,-69.6,manual_override,0.6,Bulldog,Female,3.0,1.0.0
415d3b9548cbc6a94f81de1287c9e446,415d3b9548cbc6a94f81de1287c9e446,c53cd17ccde0716fb795,IDEXX,baseline_historico,2024-08-19,8/19/24,8/19/24,Sin Limpieza/batch_184.pdf,batch_184.pdf,.,17.0,BOCA SERVICIOS VETERINARIOS,BOCA SERVICIOS VETERINARIOS,,,18.45,-69.6,manual_override,0.6,"Canine, Mixed Breed",Female,13.0,1.0.0
3605f28e17f8ec87bcb5f50956385316,3605f28e17f8ec87bcb5f50956385316,43c044ea6b8d78f3046b,IDEXX,baseline_historico,2024-08-19,8/19/24,8/19/24,Sin Limpieza/batch_184.pdf,batch_184.pdf,.,19.0,BOCA SERVICIOS VETERINARIOS,BOCA SERVICIOS VETERINARIOS,,,18.45,-69.6,manual_override,0.6,Pug,Female,,1.0.0
2016ea4a6b3f4a058f859da090faab45,2016ea4a6b3f4a058f859da090faab45,38f9a2e8bcef2b452e6c,IDEXX,baseline_historico,2025-04-25,4/25/25,4/25/25,Sin Limpieza/batch_185.pdf,batch_185.pdf,.,1.0,BOCA SERVICIOS VETERINARIOS,BOCA SERVICIOS VETERINARIOS,,,18.45,-69.6,manual_override,0.6,Chihuahua,Male,8.0,1.0.0
595edbb7d1293eed167fc3b4dea4a87c,595edbb7d1293eed167fc3b4dea4a87c,60a40c36a53ec585cd71,IDEXX,baseline_historico,2024-09-06,9/6/24,9/6/24,Sin Limpieza/batch_185.pdf,batch_185.pdf,.,3.0,BOCA SERVICIOS VETERINARIOS,BOCA SERVICIOS VETERINARIOS,,,18.45,-69.6,manual_override,0.6,Smooth Hair Fox Terrier,Female,2.0,1.0.0
ccc0ec0d388e5e22d7eb77d2dc2620dc,ccc0ec0d388e5e22d7eb77d2dc2620dc,f115793fa994726b5137,IDEXX,baseline_historico,2024-09-02,9/2/24,9/2/24,Sin Limpieza/batch_185.pdf,batch_185.pdf,.,5.0,BOCA SERVICIOS VETERINARIOS,BOCA SERVICIOS VETERINARIOS,,,18.45,-69.6,manual_override,0.6,Chihuahua,,5.0,1.0.0
d95483ce87d2ca20e66db0387762af40,d95483ce87d2ca20e66db0387762af40,3a443b17e4926c45bf70,IDEXX,baseline_historico,2024-09-02,9/2/24,9/2/24,Sin Limpieza/batch_185.pdf,batch_185.pdf,.,7.0,BOCA SERVICIOS VETERINARIOS,BOCA SERVICIOS VETERINARIOS,,,18.45,-69.6,manual_override,0.6,Shih Tzu,Female,,1.0.0
8872d3584cebd2dc098bf8253e10329e,8872d3584cebd2dc098bf8253e10329e,4524d1c4d0e2f1154e4d,IDEXX,baseline_historico,2024-09-02,9/2/24,9/2/24,Sin Limpieza/batch_185.pdf,batch_185.pdf,.,9.0,BOCA SERVICIOS VETERINARIOS,BOCA SERVICIOS VETERINARIOS,,,18.45,-69.6,manual_override,0.6,"santo domingo, do 0000 DATE OF RECEIPT: 9/2/24",,,1.0.0
8788cfd65c5539957b9ccbf3f078efd0,8788cfd65c5539957b9ccbf3f078efd0,ae78d03b8b41b55476e4,IDEXX,baseline_historico,2024-08-31,8/31/24,8/31/24,Sin Limpieza/batch_185.pdf,batch_185.pdf,.,11.0,BOCA SERVICIOS VETERINARIOS,BOCA SERVICIOS VETERINARIOS,,,18.45,-69.6,manual_override,0.6,Poodle,Female,9.0,1.0.0
5bd012e2c343c0734aa9e93ccea9bb78,5bd012e2c343c0734aa9e93ccea9bb78,a70928021dbaf7bcff2c,IDEXX,baseline_historico,2024-08-31,8/31/24,8/31/24,Sin Limpieza/batch_185.pdf,batch_185.pdf,.,13.0,BOCA SERVICIOS VETERINARIOS,BOCA SERVICIOS VETERINARIOS,,,18.45,-69.6,manual_override,0.6,Maltese,Male,,1.0.0
4029f178a5017dc14be2b5c13576eabe,4029f178a5017dc14be2b5c13576eabe,0abea6fe22316da5547b,IDEXX,baseline_historico,2024-08-31,8/31/24,8/31/24,Sin Limpieza/batch_185.pdf,batch_185.pdf,.,15.0,BOCA SERVICIOS VETERINARIOS,BOCA SERVICIOS VETERINARIOS,,,18.45,-69.6,manual_override,0.6,"Cocker Spaniel, American",Male,5.0,1.0.0
2f67479d1e5ea8b5b5fee51ba385eb49,2f67479d1e5ea8b5b5fee51ba385eb49,c947a84e2fd3fac31c69,IDEXX,baseline_historico,2024-08-30,8/30/24,8/30/24,Sin Limpieza/batch_185.pdf,batch_185.pdf,.,19.0,BOCA SERVICIOS VETERINARIOS,BOCA SERVICIOS VETERINARIOS,,,18.45,-69.6,manual_override,0.6,Poodle,Female,10.0,1.0.0
6d08c60bfda083bef4a811ba749785ff,6d08c60bfda083bef4a811ba749785ff,aec4990d6ac80cffafef,IDEXX,baseline_historico,2024-07-25,7/25/24,7/25/24,Sin Limpieza/batch_186.pdf,batch_186.pdf,.,1.0,BOCA SERVICIOS VETERINARIOS,BOCA SERVICIOS VETERINARIOS,,,18.45,-69.6,manual_override,0.6,Bulldog,Female,5.0,1.0.0
3c05b0bd0cf4959a77615df40da86205,3c05b0bd0cf4959a77615df40da86205,9f80a1db87022fcfd475,IDEXX,baseline_historico,2024-07-24,7/24/24,7/24/24,Sin Limpieza/batch_186.pdf,batch_186.pdf,.,3.0,BOCA SERVICIOS VETERINARIOS,BOCA SERVICIOS VETERINARIOS,,,18.45,-69.6,manual_override,0.6,Chihuahua,Female,6.0,1.0.0
5ef8ad7bbef8bce132de248ec0dd792b,5ef8ad7bbef8bce132de248ec0dd792b,e0fe4365924d5a414f08,IDEXX,baseline_historico,2024-07-23,7/23/24,7/23/24,Sin Limpieza/batch_186.pdf,batch_186.pdf,.,7.0,BOCA SERVICIOS VETERINARIOS,BOCA SERVICIOS VETERINARIOS,,,18.45,-69.6,manual_override,0.6,Siberian Husky,Female,,1.0.0
067324e4655ad50ac53b5cfa7a3c310b,067324e4655ad50ac53b5cfa7a3c310b,7d0085158016c275b879,IDEXX,baseline_historico,2024-07-23,7/23/24,7/23/24,Sin Limpieza/batch_186.pdf,batch_186.pdf,.,9.0,BOCA SERVICIOS VETERINARIOS,BOCA SERVICIOS VETERINARIOS,,,18.45,-69.6,manual_override,0.6,"Canine, Other",Female,1.0,1.0.0
2c32f2827cb907f903ac95e14d4f1669,2c32f2827cb907f903ac95e14d4f1669,6ee831714c18161c9046,IDEXX,baseline_historico,2024-07-22,7/22/24,7/22/24,Sin Limpieza/batch_186.pdf,batch_186.pdf,.,13.0,BOCA SERVICIOS VETERINARIOS,BOCA SERVICIOS VETERINARIOS,,,18.45,-69.6,manual_override,0.6,"Canine, Mixed Breed",Female,8.0,1.0.0
b1d38b10cd72360a4d04e516876673ea,b1d38b10cd72360a4d04e516876673ea,f23515b0210e89233e69,IDEXX,baseline_historico,2024-07-22,7/22/24,7/22/24,Sin Limpieza/batch_186.pdf,batch_186.pdf,.,15.0,BOCA SERVICIOS VETERINARIOS,BOCA SERVICIOS VETERINARIOS,,,18.45,-69.6,manual_override,0.6,"Canine, Other",Female,,1.0.0
4584607b71177ef149cedb38109a3ff6,4584607b71177ef149cedb38109a3ff6,86a5ae60d255290e1277,IDEXX,baseline_historico,2024-07-22,7/22/24,7/22/24,Sin Limpieza/batch_186.pdf,batch_186.pdf,.,17.0,BOCA SERVICIOS VETERINARIOS,BOCA SERVICIOS VETERINARIOS,,,18.45,-69.6,manual_override,0.6,Yorkshire Terrier,Female,11.0,1.0.0
73062a438ce1ca81e77701d189dad60c,73062a438ce1ca81e77701d189dad60c,3d9693b32d5a135900ad,IDEXX,baseline_historico,2024-07-22,7/22/24,7/22/24,Sin Limpieza/batch_186.pdf,batch_186.pdf,.,19.0,BOCA SERVICIOS VETERINARIOS,BOCA SERVICIOS VETERINARIOS,,,18.45,-69.6,manual_override,0.6,French Bulldog,Female,,1.0.0
0fa0f9d12149ce572a2cc58ccf556672,0fa0f9d12149ce572a2cc58ccf556672,b689cb8d359b7161bd1d,IDEXX,baseline_historico,2024-08-05,8/5/24,8/5/24,Sin Limpieza/batch_187.pdf,batch_187.pdf,.,1.0,BOCA SERVICIOS VETERINARIOS,BOCA SERVICIOS VETERINARIOS,,,18.45,-69.6,manual_override,0.6,Rottweiler,Male,4.0,1.0.0
83783319d883885787888ad7d19bfe0f,83783319d883885787888ad7d19bfe0f,8d0b0c06b35aa8224cb4,IDEXX,baseline_historico,2024-08-05,8/5/24,8/5/24,Sin Limpieza/batch_187.pdf,batch_187.pdf,.,3.0,BOCA SERVICIOS VETERINARIOS,BOCA SERVICIOS VETERINARIOS,,,18.45,-69.6,manual_override,0.6,Poodle,Male,1.0,1.0.0
657d3f816cc58a541694a852d49befd5,657d3f816cc58a541694a852d49befd5,896b0313df0f957f2e39,IDEXX,baseline_historico,2024-08-05,8/5/24,8/5/24,Sin Limpieza/batch_187.pdf,batch_187.pdf,.,5.0,BOCA SERVICIOS VETERINARIOS,BOCA SERVICIOS VETERINARIOS,,,18.45,-69.6,manual_override,0.6,"Canine, Mixed Breed",Female,7.0,1.0.0
dfdad32d5bc04e58cd8e5b95a1ede675,dfdad32d5bc04e58cd8e5b95a1ede675,ac58f37b691a8a35b2da,IDEXX,baseline_historico,2024-08-03,8/3/24,8/3/24,Sin Limpieza/batch_187.pdf,batch_187.pdf,.,7.0,BOCA SERVICIOS VETERINARIOS,BOCA SERVICIOS VETERINARIOS,,,18.45,-69.6,manual_override,0.6,Rottweiler,Male,13.0,1.0.0
f35cbf30d69cc148f0e12c2c30c54b71,f35cbf30d69cc148f0e12c2c30c54b71,2da4f4035d36f6aa01c7,IDEXX,baseline_historico,2024-08-03,8/3/24,8/3/24,Sin Limpieza/batch_187.pdf,batch_187.pdf,.,9.0,BOCA SERVICIOS VETERINARIOS,BOCA SERVICIOS VETERINARIOS,,,18.45,-69.6,manual_override,0.6,French Bulldog,Male,,1.0.0
65b6b59e9b0c46de8a752b0fe01031f4,65b6b59e9b0c46de8a752b0fe01031f4,c4bbd76f0c85d24dc791,IDEXX,baseline_historico,2024-08-02,8/2/24,8/2/24,Sin Limpieza/batch_187.pdf,batch_187.pdf,.,13.0,BOCA SERVICIOS VETERINARIOS,BOCA SERVICIOS VETERINARIOS,,,18.45,-69.6,manual_override,0.6,"Canine, Other",Female,,1.0.0
902cda73e82a79d2b94bfdd83c490406,902cda73e82a79d2b94bfdd83c490406,1451677b37110e965329,IDEXX,baseline_historico,2024-08-02,8/2/24,8/2/24,Sin Limpieza/batch_187.pdf,batch_187.pdf,.,15.0,BOCA SERVICIOS VETERINARIOS,BOCA SERVICIOS VETERINARIOS,,,18.45,-69.6,manual_override,0.6,Chihuahua,Female,10.0,1.0.0
b2239a4ccd9814e96c14e4f748bb31a0,b2239a4ccd9814e96c14e4f748bb31a0,c398f14acfc138303fb3,IDEXX,baseline_historico,2024-08-02,8/2/24,8/2/24,Sin Limpieza/batch_187.pdf,batch_187.pdf,.,17.0,BOCA SERVICIOS VETERINARIOS,BOCA SERVICIOS VETERINARIOS,,,18.45,-69.6,manual_override,0.6,"Canine, Other",Male,3.0,1.0.0
2a25b1ba67985450da25dc08f0eeee96,2a25b1ba67985450da25dc08f0eeee96,7d064825c7794d4cafc3,IDEXX,baseline_historico,2024-08-02,8/2/24,8/2/24,Sin Limpieza/batch_187.pdf,batch_187.pdf,.,19.0,BOCA SERVICIOS VETERINARIOS,BOCA SERVICIOS VETERINARIOS,,,18.45,-69.6,manual_override,0.6,"Canine, Mixed Breed",Male,,1.0.0
0d1e06d75a8f797cd0bc92ea11ae2802,0d1e06d75a8f797cd0bc92ea11ae2802,86a5ae60d255290e1277,IDEXX,baseline_historico,2024-08-01,8/1/24,8/1/24,Sin Limpieza/batch_188.pdf,batch_188.pdf,.,1.0,BOCA SERVICIOS VETERINARIOS,BOCA SERVICIOS VETERINARIOS,,,18.45,-69.6,manual_override,0.6,Yorkshire Terrier,Female,11.0,1.0.0
721f79ec23ea2efccd3a4d914028f628,721f79ec23ea2efccd3a4d914028f628,b089e1b2301e093a1159,IDEXX,baseline_historico,2024-07-31,7/31/24,7/31/24,Sin Limpieza/batch_188.pdf,batch_188.pdf,.,5.0,BOCA SERVICIOS VETERINARIOS,BOCA SERVICIOS VETERINARIOS,,,18.45,-69.6,manual_override,0.6,German Shepherd,Male,12.0,1.0.0
e94ce07a70c036be2e8327ee5abf9b1e,e94ce07a70c036be2e8327ee5abf9b1e,a6d8328a04b53a452877,IDEXX,baseline_historico,2024-07-31,7/31/24,7/31/24,Sin Limpieza/batch_188.pdf,batch_188.pdf,.,7.0,BOCA SERVICIOS VETERINARIOS,BOCA SERVICIOS VETERINARIOS,,,18.45,-69.6,manual_override,0.6,"Canine, Mixed Breed",Female,7.0,1.0.0
e791e072e18f4014c9a4188256e8846b,e791e072e18f4014c9a4188256e8846b,81fdf5ed44a5b246b21c,IDEXX,baseline_historico,2024-07-31,7/31/24,7/31/24,Sin Limpieza/batch_188.pdf,batch_188.pdf,.,9.0,BOCA SERVICIOS VETERINARIOS,BOCA SERVICIOS VETERINARIOS,,,18.45,-69.6,manual_override,0.6,German Shepherd,Male,11.0,1.0.0
3ce49292a050764eaf8517f4bf231788,3ce49292a050764eaf8517f4bf231788,cf58c02feac9ca00cebd,IDEXX,baseline_historico,2024-07-30,7/30/24,7/30/24,Sin Limpieza/batch_188.pdf,batch_188.pdf,.,11.0,BOCA SERVICIOS VETERINARIOS,BOCA SERVICIOS VETERINARIOS,,,18.45,-69.6,manual_override,0.6,Bulldog,Female,2.0,1.0.0
18874a0c8c68f9edd248873eb8cc7d10,18874a0c8c68f9edd248873eb8cc7d10,7328c5d0e7d0ad4f2473,IDEXX,baseline_historico,2024-07-30,7/30/24,7/30/24,Sin Limpieza/batch_188.pdf,batch_188.pdf,.,13.0,BOCA SERVICIOS VETERINARIOS,BOCA SERVICIOS VETERINARIOS,,,18.45,-69.6,manual_override,0.6,"Canine, Mixed Breed",Female,,1.0.0
c1df9a93751b0e983568876582159a8c,c1df9a93751b0e983568876582159a8c,be729641382779fd8717,IDEXX,baseline_historico,2024-07-30,7/30/24,7/30/24,Sin Limpieza/batch_188.pdf,batch_188.pdf,.,15.0,BOCA SERVICIOS VETERINARIOS,BOCA SERVICIOS VETERINARIOS,,,18.45,-69.6,manual_override,0.6,"Canine, Other",Female,2.0,1.0.0
eb40d90fd35be191eb38acabf8c33641,eb40d90fd35be191eb38acabf8c33641,37326fc865a8865a71a5,IDEXX,baseline_historico,2024-07-29,7/29/24,7/29/24,Sin Limpieza/batch_188.pdf,batch_188.pdf,.,17.0,BOCA SERVICIOS VETERINARIOS,BOCA SERVICIOS VETERINARIOS,,,18.45,-69.6,manual_override,0.6,German Shepherd,Male,5.0,1.0.0
eb1bcb0e5cd20b89239d7b133d6a68fd,eb1bcb0e5cd20b89239d7b133d6a68fd,7327a4a84edb8e866926,IDEXX,baseline_historico,2024-07-29,7/29/24,7/29/24,Sin Limpieza/batch_188.pdf,batch_188.pdf,.,19.0,BOCA SERVICIOS VETERINARIOS,BOCA SERVICIOS VETERINARIOS,,,18.45,-69.6,manual_override,0.6,"Canine, Other",Male,,1.0.0
c26da4f4586e149d0e63c9f9e3bc9738,c26da4f4586e149d0e63c9f9e3bc9738,2ba01cd0f5806d5f9cb2,IDEXX,baseline_historico,2024-07-18,7/18/24,7/18/24,Sin Limpieza/batch_189.pdf,batch_189.pdf,.,1.0,BOCA SERVICIOS VETERINARIOS,BOCA SERVICIOS VETERINARIOS,,,18.45,-69.6,manual_override,0.6,"Canine, Mixed Breed",Male,,1.0.0
5968d125a691fee153f011b22c857a51,5968d125a691fee153f011b22c857a51,2da4f4035d36f6aa01c7,IDEXX,baseline_historico,2024-07-17,7/17/24,7/17/24,Sin Limpieza/batch_189.pdf,batch_189.pdf,.,3.0,BOCA SERVICIOS VETERINARIOS,BOCA SERVICIOS VETERINARIOS,,,18.45,-69.6,manual_override,0.6,French Bulldog,Male,,1.0.0
5afc434ce71f9601394c3da084250300,5afc434ce71f9601394c3da084250300,3dda635beb3c7722d2cd,IDEXX,baseline_historico,2024-07-17,7/17/24,7/17/24,Sin Limpieza/batch_189.pdf,batch_189.pdf,.,5.0,BOCA SERVICIOS VETERINARIOS,BOCA SERVICIOS VETERINARIOS,,,18.45,-69.6,manual_override,0.6,"Canine, Other",Female,2.0,1.0.0
c1b45c9256e9ffaaaea2d0fbe2328d43,c1b45c9256e9ffaaaea2d0fbe2328d43,7c24d4c88921fe68d9cb,IDEXX,baseline_historico,2024-07-17,7/17/24,7/17/24,Sin Limpieza/batch_189.pdf,batch_189.pdf,.,7.0,BOCA SERVICIOS VETERINARIOS,BOCA SERVICIOS VETERINARIOS,,,18.45,-69.6,manual_override,0.6,Pug,Male,5.0,1.0.0
3c1234d16b3674881a25f04e24c353e2,3c1234d16b3674881a25f04e24c353e2,5ab09b380214a38a2273,IDEXX,baseline_historico,2024-07-17,7/17/24,7/17/24,Sin Limpieza/batch_189.pdf,batch_189.pdf,.,9.0,BOCA SERVICIOS VETERINARIOS,BOCA SERVICIOS VETERINARIOS,,,18.45,-69.6,manual_override,0.6,"Canine, Mixed Breed",Female,3.0,1.0.0
76f477d52c2af97e020d3767c10930df,76f477d52c2af97e020d3767c10930df,5081647c18fc5cd9fd6c,IDEXX,baseline_historico,2024-07-15,7/15/24,7/15/24,Sin Limpieza/batch_189.pdf,batch_189.pdf,.,11.0,BOCA SERVICIOS VETERINARIOS,BOCA SERVICIOS VETERINARIOS,,,18.45,-69.6,manual_override,0.6,"Canine, Mixed Breed",Male,2.0,1.0.0
3c68d183265bad1fd89867a74b36fd43,3c68d183265bad1fd89867a74b36fd43,8933ac6cdec1161da87b,IDEXX,baseline_historico,2024-07-15,7/15/24,7/15/24,Sin Limpieza/batch_189.pdf,batch_189.pdf,.,13.0,BOCA SERVICIOS VETERINARIOS,BOCA SERVICIOS VETERINARIOS,,,18.45,-69.6,manual_override,0.6,Bulldog,,2.0,1.0.0
e7fc9f4a9a868cc4ae9a5ac4428ab120,e7fc9f4a9a868cc4ae9a5ac4428ab120,68104311345ab91a5714,IDEXX,baseline_historico,2024-07-15,7/15/24,7/15/24,Sin Limpieza/batch_189.pdf,batch_189.pdf,.,15.0,BOCA SERVICIOS VETERINARIOS,BOCA SERVICIOS VETERINARIOS,,,18.45,-69.6,manual_override,0.6,"Canine, Other",Male,2.0,1.0.0
b7cd640e19ef053617dd298813c9a8fe,b7cd640e19ef053617dd298813c9a8fe,1d66d628fb1f4a56441c,IDEXX,baseline_historico,2024-07-15,7/15/24,7/15/24,Sin Limpieza/batch_189.pdf,batch_189.pdf,.,17.0,BOCA SERVICIOS VETERINARIOS,BOCA SERVICIOS VETERINARIOS,,,18.45,-69.6,manual_override,0.6,Weimaraner,Female,,1.0.0
b3aedefacc1f2ad7f433569aa6ac84ba,b3aedefacc1f2ad7f433569aa6ac84ba,cf7588668a59bc4dcf53,IDEXX,baseline_historico,2024-07-15,7/15/24,7/15/24,Sin Limpieza/batch_189.pdf,batch_189.pdf,.,19.0,BOCA SERVICIOS VETERINARIOS,BOCA SERVICIOS VETERINARIOS,,,18.45,-69.6,manual_override,0.6,Belgian Malinois,Male,2.0,1.0.0
200d1a461b15f4cf3510f12f105c687e,200d1a461b15f4cf3510f12f105c687e,c60aff8a037930f335c2,IDEXX,baseline_historico,2025-12-18,12/18/25,12/18/25,Sin Limpieza/batch_19.pdf,batch_19.pdf,.,1.0,BOCA SERVICIOS VETERINARIOS,BOCA SERVICIOS VETERINARIOS,,,18.45,-69.6,manual_override,0.6,Yorkshire Terrier,Female,10.0,1.0.0
a256a4f8fc9d855056e13b1444f28a21,a256a4f8fc9d855056e13b1444f28a21,eb4b4b718c87d5c1ed90,IDEXX,baseline_historico,2025-12-18,12/18/25,12/18/25,Sin Limpieza/batch_19.pdf,batch_19.pdf,.,3.0,BOCA SERVICIOS VETERINARIOS,BOCA SERVICIOS VETERINARIOS,,,18.45,-69.6,manual_override,0.6,Mixed,Female,,1.0.0
bbb7246ad5b83fdac888576d12106e89,bbb7246ad5b83fdac888576d12106e89,1686ee3660710c195a5d,IDEXX,baseline_historico,2025-12-17,12/17/25,12/17/25,Sin Limpieza/batch_19.pdf,batch_19.pdf,.,5.0,BOCA SERVICIOS VETERINARIOS,BOCA SERVICIOS VETERINARIOS,,,18.45,-69.6,manual_override,0.6,Yorkshire Terrier,Female,,1.0.0
c4c9f098f00c90507fa9e3a8456d27bc,c4c9f098f00c90507fa9e3a8456d27bc,b041bbdba050f69f163e,IDEXX,baseline_historico,2025-12-16,12/16/25,12/16/25,Sin Limpieza/batch_19.pdf,batch_19.pdf,.,7.0,BOCA SERVICIOS VETERINARIOS,BOCA SERVICIOS VETERINARIOS,,,18.45,-69.6,manual_override,0.6,Yorkshire Terrier,Female,2.0,1.0.0
4e9c64634b0378c229a9520d42a601ec,4e9c64634b0378c229a9520d42a601ec,c69e9cd737c145813fa8,IDEXX,baseline_historico,2025-12-16,12/16/25,12/16/25,Sin Limpieza/batch_19.pdf,batch_19.pdf,.,9.0,BOCA SERVICIOS VETERINARIOS,BOCA SERVICIOS VETERINARIOS,,,18.45,-69.6,manual_override,0.6,Golden Retriever,Male,9.0,1.0.0
6f5d4b44d33c3828eaa26e093bf8e05e,6f5d4b44d33c3828eaa26e093bf8e05e,44762781ce8676146c01,IDEXX,baseline_historico,2025-12-16,12/16/25,12/16/25,Sin Limpieza/batch_19.pdf,batch_19.pdf,.,11.0,BOCA SERVICIOS VETERINARIOS,BOCA SERVICIOS VETERINARIOS,,,18.45,-69.6,manual_override,0.6,"Canine, Mixed Breed",Female,,1.0.0
1939c411005caf39299d66a77d207b86,1939c411005caf39299d66a77d207b86,a86e77fba7abdb29d45b,IDEXX,baseline_historico,2025-12-16,12/16/25,12/16/25,Sin Limpieza/batch_19.pdf,batch_19.pdf,.,13.0,BOCA SERVICIOS VETERINARIOS,BOCA SERVICIOS VETERINARIOS,,,18.45,-69.6,manual_override,0.6,"Canine, Mixed Breed",Male,,1.0.0
dd08d52db9c0c528df5fc0d57334078a,dd08d52db9c0c528df5fc0d57334078a,455232eeff7d59b094d4,IDEXX,baseline_historico,2025-12-16,12/16/25,12/16/25,Sin Limpieza/batch_19.pdf,batch_19.pdf,.,15.0,BOCA SERVICIOS VETERINARIOS,BOCA SERVICIOS VETERINARIOS,,,18.45,-69.6,manual_override,0.6,"Canine, Mixed Breed",Male,,1.0.0
d9e15fd0fed76fab328fcec5ebae0e15,d9e15fd0fed76fab328fcec5ebae0e15,7d2ac4053fc30b99d796,IDEXX,baseline_historico,2025-12-16,12/16/25,12/16/25,Sin Limpieza/batch_19.pdf,batch_19.pdf,.,17.0,BOCA SERVICIOS VETERINARIOS,BOCA SERVICIOS VETERINARIOS,,,18.45,-69.6,manual_override,0.6,"Canine, Mixed Breed DATE OF RESULT: 12/16/25",Male,,1.0.0
088bf285ad853483a4418931e1e755c7,088bf285ad853483a4418931e1e755c7,6908208c447c33b83f04,IDEXX,baseline_historico,2025-12-15,12/15/25,12/15/25,Sin Limpieza/batch_19.pdf,batch_19.pdf,.,19.0,BOCA SERVICIOS VETERINARIOS,BOCA SERVICIOS VETERINARIOS,,,18.45,-69.6,manual_override,0.6,Pug,Female,3.0,1.0.0
52873b45719d45bfba9b96aac6e87d71,52873b45719d45bfba9b96aac6e87d71,3c2dcfac6d61e08f0efc,IDEXX,baseline_historico,2024-07-29,7/29/24,7/29/24,Sin Limpieza/batch_190.pdf,batch_190.pdf,.,1.0,BOCA SERVICIOS VETERINARIOS,BOCA SERVICIOS VETERINARIOS,,,18.45,-69.6,manual_override,0.6,"Cocker Spaniel, American",Female,1.0,1.0.0
e2cd0ac984197623ee4598ca002b6731,e2cd0ac984197623ee4598ca002b6731,8ff4ee302ef59e121caf,IDEXX,baseline_historico,2024-07-29,7/29/24,7/29/24,Sin Limpieza/batch_190.pdf,batch_190.pdf,.,3.0,BOCA SERVICIOS VETERINARIOS,BOCA SERVICIOS VETERINARIOS,,,18.45,-69.6,manual_override,0.6,Miniature Pinscher,Female,4.0,1.0.0
f8b99fd30c73edff6ed895bc588d357b,f8b99fd30c73edff6ed895bc588d357b,5cc7366a659e0922d3b3,IDEXX,baseline_historico,2024-07-29,7/29/24,7/29/24,Sin Limpieza/batch_190.pdf,batch_190.pdf,.,5.0,BOCA SERVICIOS VETERINARIOS,BOCA SERVICIOS VETERINARIOS,,,18.45,-69.6,manual_override,0.6,"Canine, Mixed Breed",Female,10.0,1.0.0
78b25e89d736a91dc1aae14482d274ca,78b25e89d736a91dc1aae14482d274ca,9878c8cbf94c588138f3,IDEXX,baseline_historico,2024-07-29,7/29/24,7/29/24,Sin Limpieza/batch_190.pdf,batch_190.pdf,.,7.0,BOCA SERVICIOS VETERINARIOS,BOCA SERVICIOS VETERINARIOS,,,18.45,-69.6,manual_override,0.6,Pomeranian,,7.0,1.0.0
61bac7fe56d1a4bb02737a542d2391ae,61bac7fe56d1a4bb02737a542d2391ae,9a119d2cc28532030bfe,IDEXX,baseline_historico,2024-07-27,7/27/24,7/27/24,Sin Limpieza/batch_190.pdf,batch_190.pdf,.,9.0,BOCA SERVICIOS VETERINARIOS,BOCA SERVICIOS VETERINARIOS,,,18.45,-69.6,manual_override,0.6,"Canine, Other",Male,5.0,1.0.0
a14dc6ab094cc37d1df35f25e1904cdd,a14dc6ab094cc37d1df35f25e1904cdd,a3ea243d60ffa2be7516,IDEXX,baseline_historico,2024-07-26,7/26/24,7/26/24,Sin Limpieza/batch_190.pdf,batch_190.pdf,.,13.0,BOCA SERVICIOS VETERINARIOS,BOCA SERVICIOS VETERINARIOS,,,18.45,-69.6,manual_override,0.6,Golden Retriever,Male,9.0,1.0.0
cdc237d0a487c32009055055f33aaa44,cdc237d0a487c32009055055f33aaa44,4f8ae06da66994631645,IDEXX,baseline_historico,2024-07-26,7/26/24,7/26/24,Sin Limpieza/batch_190.pdf,batch_190.pdf,.,15.0,BOCA SERVICIOS VETERINARIOS,BOCA SERVICIOS VETERINARIOS,,,18.45,-69.6,manual_override,0.6,Beagle,Male,2.0,1.0.0
781c22cd19ce01c861ddb5f73c5a11e8,781c22cd19ce01c861ddb5f73c5a11e8,bc023ae3ccc3eb588777,IDEXX,baseline_historico,2024-07-25,7/25/24,7/25/24,Sin Limpieza/batch_190.pdf,batch_190.pdf,.,17.0,BOCA SERVICIOS VETERINARIOS,BOCA SERVICIOS VETERINARIOS,,,18.45,-69.6,manual_override,0.6,"Cocker Spaniel, American",Female,1.0,1.0.0
939b1b09c8bb2cb28fd846cff23d5213,939b1b09c8bb2cb28fd846cff23d5213,080e6ef2b3392a07d57a,IDEXX,baseline_historico,2024-07-25,7/25/24,7/25/24,Sin Limpieza/batch_190.pdf,batch_190.pdf,.,19.0,BOCA SERVICIOS VETERINARIOS,BOCA SERVICIOS VETERINARIOS,,,18.45,-69.6,manual_override,0.6,"Canine, Mixed Breed",Male,5.0,1.0.0
1cdf58760780a0bf797ce6ceb2b6db25,1cdf58760780a0bf797ce6ceb2b6db25,897033c29a0903ee1018,IDEXX,baseline_historico,2024-06-18,6/18/24,6/18/24,Sin Limpieza/batch_191.pdf,batch_191.pdf,.,1.0,BOCA SERVICIOS VETERINARIOS,BOCA SERVICIOS VETERINARIOS,,,18.45,-69.6,manual_override,0.6,Bulldog,Male,,1.0.0
48e2516a6485379bfa7f3280fc0a7481,48e2516a6485379bfa7f3280fc0a7481,c7d40d151a460344ed10,IDEXX,baseline_historico,2024-06-18,6/18/24,6/18/24,Sin Limpieza/batch_191.pdf,batch_191.pdf,.,3.0,BOCA SERVICIOS VETERINARIOS,BOCA SERVICIOS VETERINARIOS,,,18.45,-69.6,manual_override,0.6,Golden Retriever,Male,2.0,1.0.0
7228a9189261d2423d570074f371a00f,7228a9189261d2423d570074f371a00f,40e9c7f5d5dcd036d2c7,IDEXX,baseline_historico,2024-06-18,6/18/24,6/18/24,Sin Limpieza/batch_191.pdf,batch_191.pdf,.,5.0,BOCA SERVICIOS VETERINARIOS,BOCA SERVICIOS VETERINARIOS,,,18.45,-69.6,manual_override,0.6,Yorkshire Terrier,Female,,1.0.0
2fc5f9f1000d8c3cb78f16cf6de74743,2fc5f9f1000d8c3cb78f16cf6de74743,47ead0f2214f41dfe228,IDEXX,baseline_historico,2024-06-17,6/17/24,6/17/24,Sin Limpieza/batch_191.pdf,batch_191.pdf,.,7.0,BOCA SERVICIOS VETERINARIOS,BOCA SERVICIOS VETERINARIOS,,,18.45,-69.6,manual_override,0.6,"santo domingo, do 0000 DATE OF RECEIPT: 6/17/24",Female,2.0,1.0.0
c7209e6d14b49d11aa516e1e74b0aada,c7209e6d14b49d11aa516e1e74b0aada,c09d216fd9088c97e15d,IDEXX,baseline_historico,2024-06-17,6/17/24,6/17/24,Sin Limpieza/batch_191.pdf,batch_191.pdf,.,9.0,BOCA SERVICIOS VETERINARIOS,BOCA SERVICIOS VETERINARIOS,,,18.45,-69.6,manual_override,0.6,"Canine, Mixed Breed",Male,4.0,1.0.0
7bb5b330da040887497e3205f515f669,7bb5b330da040887497e3205f515f669,9d934f5f16256ab791db,IDEXX,baseline_historico,2024-06-17,6/17/24,6/17/24,Sin Limpieza/batch_191.pdf,batch_191.pdf,.,11.0,BOCA SERVICIOS VETERINARIOS,BOCA SERVICIOS VETERINARIOS,,,18.45,-69.6,manual_override,0.6,Bulldog,Male,6.0,1.0.0
0df7b44bc01d6ac1353b6a60bea391da,0df7b44bc01d6ac1353b6a60bea391da,1824e7ab044c21ce25c6,IDEXX,baseline_historico,2024-06-16,6/16/24,6/16/24,Sin Limpieza/batch_191.pdf,batch_191.pdf,.,13.0,BOCA SERVICIOS VETERINARIOS,BOCA SERVICIOS VETERINARIOS,,,18.45,-69.6,manual_override,0.6,Chihuahua,Female,8.0,1.0.0
274b29d022118a0794afd2deed6f48ec,274b29d022118a0794afd2deed6f48ec,a0a13f7e35c852715570,IDEXX,baseline_historico,2024-06-14,6/14/24,6/14/24,Sin Limpieza/batch_191.pdf,batch_191.pdf,.,17.0,BOCA SERVICIOS VETERINARIOS,BOCA SERVICIOS VETERINARIOS,,,18.45,-69.6,manual_override,0.6,Miniature Schnauzer,Female,8.0,1.0.0
d329ae46f8acac5869cb94ad4d5bda96,d329ae46f8acac5869cb94ad4d5bda96,7bbad8f874d5d57e3c18,IDEXX,baseline_historico,2024-06-13,6/13/24,6/13/24,Sin Limpieza/batch_191.pdf,batch_191.pdf,.,19.0,BOCA SERVICIOS VETERINARIOS,BOCA SERVICIOS VETERINARIOS,,,18.45,-69.6,manual_override,0.6,Siberian Husky,Female,4.0,1.0.0
b2d5f79beadc6f748392104bbcea49e5,b2d5f79beadc6f748392104bbcea49e5,41bae43bd8d43f1aa94c,IDEXX,baseline_historico,2024-05-15,5/15/24,5/15/24,Sin Limpieza/batch_192.pdf,batch_192.pdf,.,1.0,BOCA SERVICIOS VETERINARIOS,BOCA SERVICIOS VETERINARIOS,,,18.45,-69.6,manual_override,0.6,"Canine, Other",Male,,1.0.0
028c5e61f6a38161bf2ccb0213d493a3,028c5e61f6a38161bf2ccb0213d493a3,33ee7c99c23b83dca59c,IDEXX,baseline_historico,2024-05-15,5/15/24,5/15/24,Sin Limpieza/batch_192.pdf,batch_192.pdf,.,3.0,BOCA SERVICIOS VETERINARIOS,BOCA SERVICIOS VETERINARIOS,,,18.45,-69.6,manual_override,0.6,"Canine, Mixed Breed",Female,14.0,1.0.0
2768a16b70a0be612af08b46b2127bd7,2768a16b70a0be612af08b46b2127bd7,7f86b62ab258160ae1ee,IDEXX,baseline_historico,2024-05-14,5/14/24,5/14/24,Sin Limpieza/batch_192.pdf,batch_192.pdf,.,7.0,BOCA SERVICIOS VETERINARIOS,BOCA SERVICIOS VETERINARIOS,,,18.45,-69.6,manual_override,0.6,Chihuahua,Female,,1.0.0
d54f7b85bee7c4b3c6c06fee83d75b2c,d54f7b85bee7c4b3c6c06fee83d75b2c,3070a3db8a6e6d94f47c,IDEXX,baseline_historico,2024-05-14,5/14/24,5/14/24,Sin Limpieza/batch_192.pdf,batch_192.pdf,.,9.0,BOCA SERVICIOS VETERINARIOS,BOCA SERVICIOS VETERINARIOS,,,18.45,-69.6,manual_override,0.6,"Canine, Mixed Breed",Male,4.0,1.0.0
99cea90bd3c1c20fb577a9c9d33465c4,99cea90bd3c1c20fb577a9c9d33465c4,2cf9c4297b4ab23faedc,IDEXX,baseline_historico,2024-05-13,5/13/24,5/13/24,Sin Limpieza/batch_192.pdf,batch_192.pdf,.,11.0,BOCA SERVICIOS VETERINARIOS,BOCA SERVICIOS VETERINARIOS,,,18.45,-69.6,manual_override,0.6,Bulldog,Male,5.0,1.0.0
fadb62ad25627863ef2a2207d17c5722,fadb62ad25627863ef2a2207d17c5722,98f1e1f6b36816575ed5,IDEXX,baseline_historico,2024-05-13,5/13/24,5/13/24,Sin Limpieza/batch_192.pdf,batch_192.pdf,.,13.0,BOCA SERVICIOS VETERINARIOS,BOCA SERVICIOS VETERINARIOS,,,18.45,-69.6,manual_override,0.6,Chihuahua,Female,15.0,1.0.0
b8e4241040fe0448cfc507209f816e69,b8e4241040fe0448cfc507209f816e69,1f0bc2ac9d30bbec9eb7,IDEXX,baseline_historico,2024-05-12,5/12/24,5/12/24,Sin Limpieza/batch_192.pdf,batch_192.pdf,.,15.0,BOCA SERVICIOS VETERINARIOS,BOCA SERVICIOS VETERINARIOS,,,18.45,-69.6,manual_override,0.6,Rottweiler,Male,,1.0.0
c88b6279efc0ac6bf7dee01b0f76407b,c88b6279efc0ac6bf7dee01b0f76407b,0aeb3fac71d58188bee3,IDEXX,baseline_historico,2024-05-10,5/10/24,5/10/24,Sin Limpieza/batch_192.pdf,batch_192.pdf,.,19.0,BOCA SERVICIOS VETERINARIOS,BOCA SERVICIOS VETERINARIOS,,,18.45,-69.6,manual_override,0.6,Yorkshire Terrier,Female,10.0,1.0.0
7a1c41f1f5d2b3704b1babe874ebe4ff,7a1c41f1f5d2b3704b1babe874ebe4ff,40e9c7f5d5dcd036d2c7,IDEXX,baseline_historico,2024-05-31,5/31/24,5/31/24,Sin Limpieza/batch_193.pdf,batch_193.pdf,.,1.0,BOCA SERVICIOS VETERINARIOS,BOCA SERVICIOS VETERINARIOS,,,18.45,-69.6,manual_override,0.6,Yorkshire Terrier,Female,,1.0.0
6f5e33eb4c3595275088825a1e9f401c,6f5e33eb4c3595275088825a1e9f401c,db0e408b3e4ca86d5300,IDEXX,baseline_historico,2024-05-30,5/30/24,5/30/24,Sin Limpieza/batch_193.pdf,batch_193.pdf,.,3.0,BOCA SERVICIOS VETERINARIOS,BOCA SERVICIOS VETERINARIOS,,,18.45,-69.6,manual_override,0.6,"Canine, Other",Female,8.0,1.0.0
84990d046cc25abb9c96d9a7ddb793b4,84990d046cc25abb9c96d9a7ddb793b4,4a72738603111de7b9f2,IDEXX,baseline_historico,2024-05-30,5/30/24,5/30/24,Sin Limpieza/batch_193.pdf,batch_193.pdf,.,5.0,BOCA SERVICIOS VETERINARIOS,BOCA SERVICIOS VETERINARIOS,,,18.45,-69.6,manual_override,0.6,"Canine, Mixed Breed",Male,2.0,1.0.0
2aa0feaeefeffddc5fd9ba3124c53277,2aa0feaeefeffddc5fd9ba3124c53277,1f0bc2ac9d30bbec9eb7,IDEXX,baseline_historico,2024-05-29,5/29/24,5/29/24,Sin Limpieza/batch_193.pdf,batch_193.pdf,.,7.0,BOCA SERVICIOS VETERINARIOS,BOCA SERVICIOS VETERINARIOS,,,18.45,-69.6,manual_override,0.6,Rottweiler,Male,,1.0.0
a6a58cb2fd302af36bdc0f6a6af94ffa,a6a58cb2fd302af36bdc0f6a6af94ffa,20b8619e90cca6d7730f,IDEXX,baseline_historico,2024-05-29,5/29/24,5/29/24,Sin Limpieza/batch_193.pdf,batch_193.pdf,.,9.0,BOCA SERVICIOS VETERINARIOS,BOCA SERVICIOS VETERINARIOS,,,18.45,-69.6,manual_override,0.6,Belgian Sheepdog,Male,,1.0.0
a5e452f73915a56fe332b856870c7e5f,a5e452f73915a56fe332b856870c7e5f,9daab7549d87e783a175,IDEXX,baseline_historico,2024-05-29,5/29/24,5/29/24,Sin Limpieza/batch_193.pdf,batch_193.pdf,.,11.0,BOCA SERVICIOS VETERINARIOS,BOCA SERVICIOS VETERINARIOS,,,18.45,-69.6,manual_override,0.6,"Canine, Mixed Breed",Male,1.0,1.0.0
ede907a08e66adb3b84cbfa651b8fa05,ede907a08e66adb3b84cbfa651b8fa05,c215e0a714fee08fc381,IDEXX,baseline_historico,2024-05-28,5/28/24,5/28/24,Sin Limpieza/batch_193.pdf,batch_193.pdf,.,13.0,BOCA SERVICIOS VETERINARIOS,BOCA SERVICIOS VETERINARIOS,,,18.45,-69.6,manual_override,0.6,Bulldog,Female,5.0,1.0.0
a0ebabff88fcb111a18cbebbb7d1c0f6,a0ebabff88fcb111a18cbebbb7d1c0f6,5232d4a74d8c8f84836d,IDEXX,baseline_historico,2024-05-28,5/28/24,5/28/24,Sin Limpieza/batch_193.pdf,batch_193.pdf,.,15.0,BOCA SERVICIOS VETERINARIOS,BOCA SERVICIOS VETERINARIOS,,,18.45,-69.6,manual_override,0.6,Chow Chow,Male,6.0,1.0.0
d2ba9c8a959ed5aa8312aa4d8c8c401c,d2ba9c8a959ed5aa8312aa4d8c8c401c,13df3fa255c5a3af0aee,IDEXX,baseline_historico,2024-05-28,5/28/24,5/28/24,Sin Limpieza/batch_193.pdf,batch_193.pdf,.,17.0,BOCA SERVICIOS VETERINARIOS,BOCA SERVICIOS VETERINARIOS,,,18.45,-69.6,manual_override,0.6,"Cocker Spaniel, American",Female,2.0,1.0.0
978eb16f5256594bb5dcaf1edb038b0d,978eb16f5256594bb5dcaf1edb038b0d,d8e380a50026dd9bcd58,IDEXX,baseline_historico,2024-05-28,5/28/24,5/28/24,Sin Limpieza/batch_193.pdf,batch_193.pdf,.,19.0,BOCA SERVICIOS VETERINARIOS,BOCA SERVICIOS VETERINARIOS,,,18.45,-69.6,manual_override,0.6,"Canine, Mixed Breed",Female,1.0,1.0.0
d37329fea0a21f3386bee77c21f4b55b,d37329fea0a21f3386bee77c21f4b55b,dfa9a295feb360b2c74d,IDEXX,baseline_historico,2024-05-17,5/17/24,5/17/24,Sin Limpieza/batch_194.pdf,batch_194.pdf,.,3.0,BOCA SERVICIOS VETERINARIOS,BOCA SERVICIOS VETERINARIOS,,,18.45,-69.6,manual_override,0.6,"Canine, Mixed Breed",,2.0,1.0.0
debb6258307b47d9c9311851bfea9da4,debb6258307b47d9c9311851bfea9da4,fa0c67ca080d9fc377a8,IDEXX,baseline_historico,2024-05-17,5/17/24,5/17/24,Sin Limpieza/batch_194.pdf,batch_194.pdf,.,5.0,BOCA SERVICIOS VETERINARIOS,BOCA SERVICIOS VETERINARIOS,,,18.45,-69.6,manual_override,0.6,Miniature Schnauzer,Female,5.0,1.0.0
cf180b6e1333edef35557adb87bc77f7,cf180b6e1333edef35557adb87bc77f7,f0b749e48c5d06897fe1,IDEXX,baseline_historico,2024-05-16,5/16/24,5/16/24,Sin Limpieza/batch_194.pdf,batch_194.pdf,.,7.0,BOCA SERVICIOS VETERINARIOS,BOCA SERVICIOS VETERINARIOS,,,18.45,-69.6,manual_override,0.6,Chihuahua,Female,9.0,1.0.0
dc367b8c9ccccc3c74c87dc334f2d868,dc367b8c9ccccc3c74c87dc334f2d868,acbb28f98f521afb1b51,IDEXX,baseline_historico,2024-05-15,5/15/24,5/15/24,Sin Limpieza/batch_194.pdf,batch_194.pdf,.,11.0,BOCA SERVICIOS VETERINARIOS,BOCA SERVICIOS VETERINARIOS,,,18.45,-69.6,manual_override,0.6,Dachshund,Male,7.0,1.0.0
652ff0035d7c46634359899cf30d65e6,652ff0035d7c46634359899cf30d65e6,c53cd17ccde0716fb795,IDEXX,baseline_historico,2024-05-15,5/15/24,5/15/24,Sin Limpieza/batch_194.pdf,batch_194.pdf,.,13.0,BOCA SERVICIOS VETERINARIOS,BOCA SERVICIOS VETERINARIOS,,,18.45,-69.6,manual_override,0.6,"Canine, Mixed Breed",Female,13.0,1.0.0
8f73c727185d0f0da6cd07fec9cfeff6,8f73c727185d0f0da6cd07fec9cfeff6,42d97baae87c0f91f7f2,IDEXX,baseline_historico,2024-05-15,5/15/24,5/15/24,Sin Limpieza/batch_194.pdf,batch_194.pdf,.,15.0,BOCA SERVICIOS VETERINARIOS,BOCA SERVICIOS VETERINARIOS,,,18.45,-69.6,manual_override,0.6,"Canine, Mixed Breed",Male,,1.0.0
ca1930fd91610ae6d1a0e6fbc8385396,ca1930fd91610ae6d1a0e6fbc8385396,38224f62379fbff8d9f4,IDEXX,baseline_historico,2024-05-15,5/15/24,5/15/24,Sin Limpieza/batch_194.pdf,batch_194.pdf,.,17.0,BOCA SERVICIOS VETERINARIOS,BOCA SERVICIOS VETERINARIOS,,,18.45,-69.6,manual_override,0.6,Pug,Female,4.0,1.0.0
55ed56a7ad39cbce6420dcae12f6d6bf,55ed56a7ad39cbce6420dcae12f6d6bf,1f0bc2ac9d30bbec9eb7,IDEXX,baseline_historico,2024-05-15,5/15/24,5/15/24,Sin Limpieza/batch_194.pdf,batch_194.pdf,.,19.0,BOCA SERVICIOS VETERINARIOS,BOCA SERVICIOS VETERINARIOS,,,18.45,-69.6,manual_override,0.6,Rottweiler,Male,,1.0.0
a36b2cd98c6666cbe5111971e1d1e735,a36b2cd98c6666cbe5111971e1d1e735,f8d2d67cd2a54dd68a15,IDEXX,baseline_historico,2024-06-05,6/5/24,6/5/24,Sin Limpieza/batch_195.pdf,batch_195.pdf,.,1.0,BOCA SERVICIOS VETERINARIOS,BOCA SERVICIOS VETERINARIOS,,,18.45,-69.6,manual_override,0.6,Maltese,Male,13.0,1.0.0
9a1a5a37c3df4fcce7483b776b2c96cc,9a1a5a37c3df4fcce7483b776b2c96cc,0b8b2c78b40e705c2e83,IDEXX,baseline_historico,2024-06-05,6/5/24,6/5/24,Sin Limpieza/batch_195.pdf,batch_195.pdf,.,3.0,BOCA SERVICIOS VETERINARIOS,BOCA SERVICIOS VETERINARIOS,,,18.45,-69.6,manual_override,0.6,French Bulldog,Male,,1.0.0
93178eb906441baabaadca548be2ba24,93178eb906441baabaadca548be2ba24,4c90a21378a8d099eb0f,IDEXX,baseline_historico,2024-06-04,6/4/24,6/4/24,Sin Limpieza/batch_195.pdf,batch_195.pdf,.,5.0,BOCA SERVICIOS VETERINARIOS,BOCA SERVICIOS VETERINARIOS,,,18.45,-69.6,manual_override,0.6,Yorkshire Terrier,Female,2.0,1.0.0
c082814bedba4a01d39577237244074a,c082814bedba4a01d39577237244074a,6cb17d70ecf49fb492f6,IDEXX,baseline_historico,2024-06-04,6/4/24,6/4/24,Sin Limpieza/batch_195.pdf,batch_195.pdf,.,7.0,BOCA SERVICIOS VETERINARIOS,BOCA SERVICIOS VETERINARIOS,,,18.45,-69.6,manual_override,0.6,German Shepherd,Female,,1.0.0
9ab6875968f98f601162d6c0419efd63,9ab6875968f98f601162d6c0419efd63,0f25a66cacca53912adb,IDEXX,baseline_historico,2024-06-04,6/4/24,6/4/24,Sin Limpieza/batch_195.pdf,batch_195.pdf,.,9.0,BOCA SERVICIOS VETERINARIOS,BOCA SERVICIOS VETERINARIOS,,,18.45,-69.6,manual_override,0.6,Dachshund,Male,2.0,1.0.0
7430bfc24ed03950452e83ccbdee1046,7430bfc24ed03950452e83ccbdee1046,592267974ba698d888d6,IDEXX,baseline_historico,2024-06-04,6/4/24,6/4/24,Sin Limpieza/batch_195.pdf,batch_195.pdf,.,11.0,BOCA SERVICIOS VETERINARIOS,BOCA SERVICIOS VETERINARIOS,,,18.45,-69.6,manual_override,0.6,"Canine, Mixed Breed",Female,4.0,1.0.0
abc1ccded8fa669ea69d3de2eb0c4e0f,abc1ccded8fa669ea69d3de2eb0c4e0f,f6978d115a086c6bcdf1,IDEXX,baseline_historico,2024-06-04,6/4/24,6/4/24,Sin Limpieza/batch_195.pdf,batch_195.pdf,.,13.0,BOCA SERVICIOS VETERINARIOS,BOCA SERVICIOS VETERINARIOS,,,18.45,-69.6,manual_override,0.6,German Shepherd,Female,7.0,1.0.0
c2006c6e19bacc58e796ea5786978364,c2006c6e19bacc58e796ea5786978364,fe3f01f97f3eb7a15228,IDEXX,baseline_historico,2024-06-04,6/4/24,6/4/24,Sin Limpieza/batch_195.pdf,batch_195.pdf,.,15.0,BOCA SERVICIOS VETERINARIOS,BOCA SERVICIOS VETERINARIOS,,,18.45,-69.6,manual_override,0.6,German Shepherd,Female,3.0,1.0.0
dc379d572947a18e24b267f4c9702106,dc379d572947a18e24b267f4c9702106,c1c8aee35d71ab1b3724,IDEXX,baseline_historico,2024-06-04,6/4/24,6/4/24,Sin Limpieza/batch_195.pdf,batch_195.pdf,.,17.0,BOCA SERVICIOS VETERINARIOS,BOCA SERVICIOS VETERINARIOS,,,18.45,-69.6,manual_override,0.6,German Shepherd,Female,3.0,1.0.0
a4f95ee43f6b3a6b6233790ef88181fa,a4f95ee43f6b3a6b6233790ef88181fa,c33b1600e9049d422010,IDEXX,baseline_historico,2024-06-04,6/4/24,6/4/24,Sin Limpieza/batch_195.pdf,batch_195.pdf,.,19.0,BOCA SERVICIOS VETERINARIOS,BOCA SERVICIOS VETERINARIOS,,,18.45,-69.6,manual_override,0.6,German Shepherd,Female,10.0,1.0.0
b520a65fbaf1c39e8c181da45fc6bea2,b520a65fbaf1c39e8c181da45fc6bea2,f6ba2949a976460b7723,IDEXX,baseline_historico,2024-05-10,5/10/24,5/10/24,Sin Limpieza/batch_196.pdf,batch_196.pdf,.,1.0,BOCA SERVICIOS VETERINARIOS,BOCA SERVICIOS VETERINARIOS,,,18.45,-69.6,manual_override,0.6,Chihuahua,Male,4.0,1.0.0
334c9592cfc8c73bf46d1d42d7112ee6,334c9592cfc8c73bf46d1d42d7112ee6,7a71660ef2d7677572c3,IDEXX,baseline_historico,2024-05-10,5/10/24,5/10/24,Sin Limpieza/batch_196.pdf,batch_196.pdf,.,3.0,BOCA SERVICIOS VETERINARIOS,BOCA SERVICIOS VETERINARIOS,,,18.45,-69.6,manual_override,0.6,Golden Retriever,Male,2.0,1.0.0
7be1e6021faa5d423ce200c6116d3123,7be1e6021faa5d423ce200c6116d3123,513002471259ea5bd4c6,IDEXX,baseline_historico,2024-05-10,5/10/24,5/10/24,Sin Limpieza/batch_196.pdf,batch_196.pdf,.,5.0,BOCA SERVICIOS VETERINARIOS,BOCA SERVICIOS VETERINARIOS,,,18.45,-69.6,manual_override,0.6,Swedish Valhund,Male,,1.0.0
904e72fc2b67b2f7acddbd28414b33c1,904e72fc2b67b2f7acddbd28414b33c1,1346d0304ff82f1331bf,IDEXX,baseline_historico,2024-06-08,6/8/24,6/8/24,Sin Limpieza/batch_197.pdf,batch_197.pdf,.,1.0,BOCA SERVICIOS VETERINARIOS,BOCA SERVICIOS VETERINARIOS,,,18.45,-69.6,manual_override,0.6,"Canine, Other",Female,1.0,1.0.0
dcf39d67f208696782cda8f87ad52b40,dcf39d67f208696782cda8f87ad52b40,23548b764aeaf3920317,IDEXX,baseline_historico,2024-06-08,6/8/24,6/8/24,Sin Limpieza/batch_197.pdf,batch_197.pdf,.,3.0,BOCA SERVICIOS VETERINARIOS,BOCA SERVICIOS VETERINARIOS,,,18.45,-69.6,manual_override,0.6,Bulldog,Female,4.0,1.0.0
03c20d58e1619e80196b88be65af366e,03c20d58e1619e80196b88be65af366e,5af446dbd9bfb3d3dc63,IDEXX,baseline_historico,2024-06-08,6/8/24,6/8/24,Sin Limpieza/batch_197.pdf,batch_197.pdf,.,5.0,BOCA SERVICIOS VETERINARIOS,BOCA SERVICIOS VETERINARIOS,,,18.45,-69.6,manual_override,0.6,Dachshund,Male,8.0,1.0.0
e764748346cfdd105c77336eb07efe5b,e764748346cfdd105c77336eb07efe5b,f8d2d67cd2a54dd68a15,IDEXX,baseline_historico,2024-06-07,6/7/24,6/7/24,Sin Limpieza/batch_197.pdf,batch_197.pdf,.,7.0,BOCA SERVICIOS VETERINARIOS,BOCA SERVICIOS VETERINARIOS,,,18.45,-69.6,manual_override,0.6,Maltese,Male,13.0,1.0.0
a577f6b6d043171f0f65ea8533bcb297,a577f6b6d043171f0f65ea8533bcb297,cca276989faf79682b09,IDEXX,baseline_historico,2024-06-07,6/7/24,6/7/24,Sin Limpieza/batch_197.pdf,batch_197.pdf,.,9.0,BOCA SERVICIOS VETERINARIOS,BOCA SERVICIOS VETERINARIOS,,,18.45,-69.6,manual_override,0.6,Chihuahua,Female,3.0,1.0.0
a6f5b067461b9c5a871387d5e3c7f67c,a6f5b067461b9c5a871387d5e3c7f67c,6cb17d70ecf49fb492f6,IDEXX,baseline_historico,2024-06-07,6/7/24,6/7/24,Sin Limpieza/batch_197.pdf,batch_197.pdf,.,11.0,BOCA SERVICIOS VETERINARIOS,BOCA SERVICIOS VETERINARIOS,,,18.45,-69.6,manual_override,0.6,German Shepherd,Female,,1.0.0
6432df23cad4e96c0fe816be4b4d580a,6432df23cad4e96c0fe816be4b4d580a,3f0af903806c65b43e37,IDEXX,baseline_historico,2024-06-06,6/6/24,6/6/24,Sin Limpieza/batch_197.pdf,batch_197.pdf,.,13.0,BOCA SERVICIOS VETERINARIOS,BOCA SERVICIOS VETERINARIOS,,,18.45,-69.6,manual_override,0.6,"Canine, Mixed Breed",Male,6.0,1.0.0
2f02172a7a9dbc2a4b4f5664a776ad32,2f02172a7a9dbc2a4b4f5664a776ad32,435145a6baa21903bdad,IDEXX,baseline_historico,2024-06-06,6/6/24,6/6/24,Sin Limpieza/batch_197.pdf,batch_197.pdf,.,15.0,BOCA SERVICIOS VETERINARIOS,BOCA SERVICIOS VETERINARIOS,,,18.45,-69.6,manual_override,0.6,Chihuahua,Female,2.0,1.0.0
047c1a81dac4b838bdda54ce8acb893a,047c1a81dac4b838bdda54ce8acb893a,c841366598a199173d6d,IDEXX,baseline_historico,2024-06-05,6/5/24,6/5/24,Sin Limpieza/batch_197.pdf,batch_197.pdf,.,17.0,BOCA SERVICIOS VETERINARIOS,BOCA SERVICIOS VETERINARIOS,,,18.45,-69.6,manual_override,0.6,"Canine, Other",Male,,1.0.0
8e056f0eafb3b6e4831415dfe6653c2d,8e056f0eafb3b6e4831415dfe6653c2d,6cb17d70ecf49fb492f6,IDEXX,baseline_historico,2024-06-05,6/5/24,6/5/24,Sin Limpieza/batch_197.pdf,batch_197.pdf,.,19.0,BOCA SERVICIOS VETERINARIOS,BOCA SERVICIOS VETERINARIOS,,,18.45,-69.6,manual_override,0.6,German Shepherd,Female,,1.0.0
ff6b4192a484ee2bf7303fd8eafa2a93,ff6b4192a484ee2bf7303fd8eafa2a93,b99767e93d0c635c7d13,IDEXX,baseline_historico,2024-05-23,5/23/24,5/23/24,Sin Limpieza/batch_198.pdf,batch_198.pdf,.,1.0,BOCA SERVICIOS VETERINARIOS,BOCA SERVICIOS VETERINARIOS,,,18.45,-69.6,manual_override,0.6,Chihuahua,Female,13.0,1.0.0
5255f4ee0eef9046b45ba01ee79c5196,5255f4ee0eef9046b45ba01ee79c5196,81fdf5ed44a5b246b21c,IDEXX,baseline_historico,2024-05-22,5/22/24,5/22/24,Sin Limpieza/batch_198.pdf,batch_198.pdf,.,3.0,BOCA SERVICIOS VETERINARIOS,BOCA SERVICIOS VETERINARIOS,,,18.45,-69.6,manual_override,0.6,German Shepherd,Male,11.0,1.0.0
a019f867db92cdb12735585c924fb40e,a019f867db92cdb12735585c924fb40e,62be77a794b62ddb4257,IDEXX,baseline_historico,2024-05-20,5/20/24,5/20/24,Sin Limpieza/batch_198.pdf,batch_198.pdf,.,7.0,BOCA SERVICIOS VETERINARIOS,BOCA SERVICIOS VETERINARIOS,,,18.45,-69.6,manual_override,0.6,Chihuahua,Male,,1.0.0
e100b0082a09e65f69be3249874c7932,e100b0082a09e65f69be3249874c7932,fb40d83890f99d46c1da,IDEXX,baseline_historico,2024-05-20,5/20/24,5/20/24,Sin Limpieza/batch_198.pdf,batch_198.pdf,.,9.0,BOCA SERVICIOS VETERINARIOS,BOCA SERVICIOS VETERINARIOS,,,18.45,-69.6,manual_override,0.6,Pug,,13.0,1.0.0
8578fe7a0248112c0dfa820d6b93a273,8578fe7a0248112c0dfa820d6b93a273,8e01cda9983f6bc9fdbe,IDEXX,baseline_historico,2024-05-20,5/20/24,5/20/24,Sin Limpieza/batch_198.pdf,batch_198.pdf,.,11.0,BOCA SERVICIOS VETERINARIOS,BOCA SERVICIOS VETERINARIOS,,,18.45,-69.6,manual_override,0.6,"Canine, Mixed Breed",Female,,1.0.0
a72363a4218c1923531cb84606141301,a72363a4218c1923531cb84606141301,6cb17d70ecf49fb492f6,IDEXX,baseline_historico,2024-05-20,5/20/24,5/20/24,Sin Limpieza/batch_198.pdf,batch_198.pdf,.,13.0,BOCA SERVICIOS VETERINARIOS,BOCA SERVICIOS VETERINARIOS,,,18.45,-69.6,manual_override,0.6,German Shepherd,Female,,1.0.0
ef643df15beb9a2c3e6a2d54622a54f2,ef643df15beb9a2c3e6a2d54622a54f2,45d687b538e885b216fa,IDEXX,baseline_historico,2024-05-20,5/20/24,5/20/24,Sin Limpieza/batch_198.pdf,batch_198.pdf,.,15.0,BOCA SERVICIOS VETERINARIOS,BOCA SERVICIOS VETERINARIOS,,,18.45,-69.6,manual_override,0.6,Pug,Female,10.0,1.0.0
69747236c46752bdd6ba4eda9fcf56c2,69747236c46752bdd6ba4eda9fcf56c2,ec7f81e73fbd63debe7b,IDEXX,baseline_historico,2024-05-18,5/18/24,5/18/24,Sin Limpieza/batch_198.pdf,batch_198.pdf,.,17.0,BOCA SERVICIOS VETERINARIOS,BOCA SERVICIOS VETERINARIOS,,,18.45,-69.6,manual_override,0.6,Chihuahua,Female,4.0,1.0.0
e8a74c766b4c7934da44934893dd5db6,e8a74c766b4c7934da44934893dd5db6,23548b764aeaf3920317,IDEXX,baseline_historico,2024-05-18,5/18/24,5/18/24,Sin Limpieza/batch_198.pdf,batch_198.pdf,.,19.0,BOCA SERVICIOS VETERINARIOS,BOCA SERVICIOS VETERINARIOS,,,18.45,-69.6,manual_override,0.6,Bulldog,Female,4.0,1.0.0
0600672ffb24be3db548bedc2dade7dc,0600672ffb24be3db548bedc2dade7dc,c172e2a272576b7acaaa,IDEXX,baseline_historico,2024-07-02,7/2/24,7/2/24,Sin Limpieza/batch_199.pdf,batch_199.pdf,.,1.0,BOCA SERVICIOS VETERINARIOS,BOCA SERVICIOS VETERINARIOS,,,18.45,-69.6,manual_override,0.6,"Canine, Other",Female,,1.0.0
a8a3cb297b281acd1f0d1c3e1b1ff572,a8a3cb297b281acd1f0d1c3e1b1ff572,e84af22ea20a96dbd1b8,IDEXX,baseline_historico,2024-07-01,7/1/24,7/1/24,Sin Limpieza/batch_199.pdf,batch_199.pdf,.,3.0,BOCA SERVICIOS VETERINARIOS,BOCA SERVICIOS VETERINARIOS,,,18.45,-69.6,manual_override,0.6,Miniature Schnauzer,Male,18.0,1.0.0
b7aa6bb6fa6e7348556a78493b30d0d8,b7aa6bb6fa6e7348556a78493b30d0d8,c1837f84565d552067e0,IDEXX,baseline_historico,2024-07-01,7/1/24,7/1/24,Sin Limpieza/batch_199.pdf,batch_199.pdf,.,5.0,BOCA SERVICIOS VETERINARIOS,BOCA SERVICIOS VETERINARIOS,,,18.45,-69.6,manual_override,0.6,"Canine, Mixed Breed",Male,,1.0.0
901e646ba6c6088dfe9c42bdfa9baa9b,901e646ba6c6088dfe9c42bdfa9baa9b,cddf7a8d6af9ab2ebeca,IDEXX,baseline_historico,2024-07-01,7/1/24,7/1/24,Sin Limpieza/batch_199.pdf,batch_199.pdf,.,7.0,BOCA SERVICIOS VETERINARIOS,BOCA SERVICIOS VETERINARIOS,,,18.45,-69.6,manual_override,0.6,"Canine, Mixed Breed",Female,3.0,1.0.0
83498e357b3b088afe2662ab0d4296cc,83498e357b3b088afe2662ab0d4296cc,35546d2dea183d7b569b,IDEXX,baseline_historico,2024-07-01,7/1/24,7/1/24,Sin Limpieza/batch_199.pdf,batch_199.pdf,.,9.0,BOCA SERVICIOS VETERINARIOS,BOCA SERVICIOS VETERINARIOS,,,18.45,-69.6,manual_override,0.6,Doberman Pinscher,Male,,1.0.0
75169a2b5f2bbdde8c69a9d86458c62b,75169a2b5f2bbdde8c69a9d86458c62b,8521afef6d3fe3a82a1c,IDEXX,baseline_historico,2024-07-01,7/1/24,7/1/24,Sin Limpieza/batch_199.pdf,batch_199.pdf,.,11.0,BOCA SERVICIOS VETERINARIOS,BOCA SERVICIOS VETERINARIOS,,,18.45,-69.6,manual_override,0.6,"Canine, Other",Male,2.0,1.0.0
58a35d235c5145f243ddc84890e82f3a,58a35d235c5145f243ddc84890e82f3a,7b5bb9365033201a6686,IDEXX,baseline_historico,2024-06-29,6/29/24,6/29/24,Sin Limpieza/batch_199.pdf,batch_199.pdf,.,13.0,BOCA SERVICIOS VETERINARIOS,BOCA SERVICIOS VETERINARIOS,,,18.45,-69.6,manual_override,0.6,Chihuahua,Female,5.0,1.0.0
62a18632fde580b03713d6a8e22df5fc,62a18632fde580b03713d6a8e22df5fc,c1837f84565d552067e0,IDEXX,baseline_historico,2024-06-29,6/29/24,6/29/24,Sin Limpieza/batch_199.pdf,batch_199.pdf,.,15.0,BOCA SERVICIOS VETERINARIOS,BOCA SERVICIOS VETERINARIOS,,,18.45,-69.6,manual_override,0.6,"Canine, Mixed Breed",Male,,1.0.0
c84676025ae96ec3d15ec0000c14b530,c84676025ae96ec3d15ec0000c14b530,8521afef6d3fe3a82a1c,IDEXX,baseline_historico,2024-06-28,6/28/24,6/28/24,Sin Limpieza/batch_199.pdf,batch_199.pdf,.,17.0,BOCA SERVICIOS VETERINARIOS,BOCA SERVICIOS VETERINARIOS,,,18.45,-69.6,manual_override,0.6,"Canine, Other",Male,2.0,1.0.0
09a74e15a10160a00777b24eb0db03ae,09a74e15a10160a00777b24eb0db03ae,ad556eb3b6ffdbc2fa62,IDEXX,baseline_historico,2024-06-28,6/28/24,6/28/24,Sin Limpieza/batch_199.pdf,batch_199.pdf,.,19.0,BOCA SERVICIOS VETERINARIOS,BOCA SERVICIOS VETERINARIOS,,,18.45,-69.6,manual_override,0.6,"Canine, Mixed Breed",Male,2.0,1.0.0
bc9819054b83efb18e9d4c44b662d52c,bc9819054b83efb18e9d4c44b662d52c,d4607728314b20723a6c,IDEXX,baseline_historico,2026-01-28,1/28/26,1/28/26,Sin Limpieza/batch_2.pdf,batch_2.pdf,.,1.0,BOCA SERVICIOS VETERINARIOS,BOCA SERVICIOS VETERINARIOS,,,18.45,-69.6,manual_override,0.6,"Canine, Other",Female,3.0,1.0.0
bb8f24c487f2935a1131d9dffb93ffbf,bb8f24c487f2935a1131d9dffb93ffbf,e984604f97e30d6841e5,IDEXX,baseline_historico,2026-01-28,1/28/26,1/28/26,Sin Limpieza/batch_2.pdf,batch_2.pdf,.,5.0,BOCA SERVICIOS VETERINARIOS,BOCA SERVICIOS VETERINARIOS,,,18.45,-69.6,manual_override,0.6,"Canine, Mixed Breed",Male,12.0,1.0.0
3b0c20279a375f776d44c15d48f8d797,3b0c20279a375f776d44c15d48f8d797,3a3d708ddc2a041739cf,IDEXX,baseline_historico,2026-01-28,1/28/26,1/28/26,Sin Limpieza/batch_2.pdf,batch_2.pdf,.,7.0,BOCA SERVICIOS VETERINARIOS,BOCA SERVICIOS VETERINARIOS,,,18.45,-69.6,manual_override,0.6,Pomeranian,Female,1.0,1.0.0
56b3c1987505f15f73df81fcbc97a2ed,56b3c1987505f15f73df81fcbc97a2ed,52d755dd58ab034a1982,IDEXX,baseline_historico,2026-01-28,1/28/26,1/28/26,Sin Limpieza/batch_2.pdf,batch_2.pdf,.,9.0,BOCA SERVICIOS VETERINARIOS,BOCA SERVICIOS VETERINARIOS,,,18.45,-69.6,manual_override,0.6,Pomeranian,Female,11.0,1.0.0
658f975703b11f4bebfd1138ad480955,658f975703b11f4bebfd1138ad480955,f57a338cba81f459ae47,IDEXX,baseline_historico,2026-01-28,1/28/26,1/28/26,Sin Limpieza/batch_2.pdf,batch_2.pdf,.,13.0,BOCA SERVICIOS VETERINARIOS,BOCA SERVICIOS VETERINARIOS,,,18.45,-69.6,manual_override,0.6,Doberman Pinscher,Male,11.0,1.0.0
e84ad893cbc54c5923592e4099f803b5,e84ad893cbc54c5923592e4099f803b5,b7c0dff16d9e8592c6eb,IDEXX,baseline_historico,2026-01-28,1/28/26,1/28/26,Sin Limpieza/batch_2.pdf,batch_2.pdf,.,15.0,BOCA SERVICIOS VETERINARIOS,BOCA SERVICIOS VETERINARIOS,,,18.45,-69.6,manual_override,0.6,German Shepherd,Male,2.0,1.0.0
25a12c6615aab480b05e4c9995b0d916,25a12c6615aab480b05e4c9995b0d916,f958bc0eb53b64eecbac,IDEXX,baseline_historico,2026-01-28,1/28/26,1/28/26,Sin Limpieza/batch_2.pdf,batch_2.pdf,.,17.0,BOCA SERVICIOS VETERINARIOS,BOCA SERVICIOS VETERINARIOS,,,18.45,-69.6,manual_override,0.6,Siberian Husky,Male,,1.0.0
13117b8b066c748dbb97852e3ce2808a,13117b8b066c748dbb97852e3ce2808a,bc6f778d860c37592fe6,IDEXX,baseline_historico,2026-01-24,1/24/26,1/24/26,Sin Limpieza/batch_20.pdf,batch_20.pdf,.,1.0,BOCA SERVICIOS VETERINARIOS,BOCA SERVICIOS VETERINARIOS,,,18.45,-69.6,manual_override,0.6,Siberian Husky,Female,1.0,1.0.0
57323526b7e77e13d463a90650db1df0,57323526b7e77e13d463a90650db1df0,1da60902a3b0bdd98a4d,IDEXX,baseline_historico,2026-01-23,1/23/26,1/23/26,Sin Limpieza/batch_20.pdf,batch_20.pdf,.,3.0,BOCA SERVICIOS VETERINARIOS,BOCA SERVICIOS VETERINARIOS,,,18.45,-69.6,manual_override,0.6,"Canine, Mixed Breed",Male,3.0,1.0.0
ddffca360dd749bd1d4c8da553dd1ca3,ddffca360dd749bd1d4c8da553dd1ca3,2d238fa6744148c139b4,IDEXX,baseline_historico,2026-01-23,1/23/26,1/23/26,Sin Limpieza/batch_20.pdf,batch_20.pdf,.,5.0,BOCA SERVICIOS VETERINARIOS,BOCA SERVICIOS VETERINARIOS,,,18.45,-69.6,manual_override,0.6,"Cocker Spaniel, American",Male,3.0,1.0.0
4dd0f5f88a08c9b98d15b4d748001c84,4dd0f5f88a08c9b98d15b4d748001c84,d499b06506048828bf3f,IDEXX,baseline_historico,2026-01-23,1/23/26,1/23/26,Sin Limpieza/batch_20.pdf,batch_20.pdf,.,7.0,BOCA SERVICIOS VETERINARIOS,BOCA SERVICIOS VETERINARIOS,,,18.45,-69.6,manual_override,0.6,Siberian Husky,Male,9.0,1.0.0
56bb2ee643fabae40c0723535c4456c1,56bb2ee643fabae40c0723535c4456c1,0d5fb96e8f2759a98b85,IDEXX,baseline_historico,2026-01-23,1/23/26,1/23/26,Sin Limpieza/batch_20.pdf,batch_20.pdf,.,11.0,BOCA SERVICIOS VETERINARIOS,BOCA SERVICIOS VETERINARIOS,,,18.45,-69.6,manual_override,0.6,Siberian Husky,Male,,1.0.0
d7a27a88915cca53af5ba7c3728f1ddc,d7a27a88915cca53af5ba7c3728f1ddc,fb8d13175930a84fbdfc,IDEXX,baseline_historico,2026-01-22,1/22/26,1/22/26,Sin Limpieza/batch_20.pdf,batch_20.pdf,.,17.0,BOCA SERVICIOS VETERINARIOS,BOCA SERVICIOS VETERINARIOS,,,18.45,-69.6,manual_override,0.6,Maltese,Female,5.0,1.0.0
cefca1b7717e70f9cc767a8a996348ec,cefca1b7717e70f9cc767a8a996348ec,d4607728314b20723a6c,IDEXX,baseline_historico,2026-01-22,1/22/26,1/22/26,Sin Limpieza/batch_20.pdf,batch_20.pdf,.,19.0,BOCA SERVICIOS VETERINARIOS,BOCA SERVICIOS VETERINARIOS,,,18.45,-69.6,manual_override,0.6,"Canine, Other",Female,3.0,1.0.0
875d90b0d99e5afae2d19eab8ca7794e,875d90b0d99e5afae2d19eab8ca7794e,a9835ddd0adba03c2801,IDEXX,baseline_historico,2024-06-04,6/4/24,6/4/24,Sin Limpieza/batch_200.pdf,batch_200.pdf,.,1.0,BOCA SERVICIOS VETERINARIOS,BOCA SERVICIOS VETERINARIOS,,,18.45,-69.6,manual_override,0.6,"Canine, Mixed Breed",Female,7.0,1.0.0
9647de889743d1a149e93ee8c7835972,9647de889743d1a149e93ee8c7835972,c6926e51284636a422b8,IDEXX,baseline_historico,2024-06-04,6/4/24,6/4/24,Sin Limpieza/batch_200.pdf,batch_200.pdf,.,3.0,BOCA SERVICIOS VETERINARIOS,BOCA SERVICIOS VETERINARIOS,,,18.45,-69.6,manual_override,0.6,Bulldog,Female,2.0,1.0.0
137d7cab91a2641fb117605aed537ec0,137d7cab91a2641fb117605aed537ec0,a5dc4b2a59654a7c45d1,IDEXX,baseline_historico,2024-06-03,6/3/24,6/3/24,Sin Limpieza/batch_200.pdf,batch_200.pdf,.,5.0,BOCA SERVICIOS VETERINARIOS,BOCA SERVICIOS VETERINARIOS,,,18.45,-69.6,manual_override,0.6,"Canine, Other",Male,6.0,1.0.0
18322218e51ec35b7535e941c9b8b99c,18322218e51ec35b7535e941c9b8b99c,7fc0d848ae4daf388ae6,IDEXX,baseline_historico,2024-06-03,6/3/24,6/3/24,Sin Limpieza/batch_200.pdf,batch_200.pdf,.,7.0,BOCA SERVICIOS VETERINARIOS,BOCA SERVICIOS VETERINARIOS,,,18.45,-69.6,manual_override,0.6,"Canine, Other",Female,,1.0.0
45f2bc624d124e8275d337fadb20a587,45f2bc624d124e8275d337fadb20a587,f8d2d67cd2a54dd68a15,IDEXX,baseline_historico,2024-06-03,6/3/24,6/3/24,Sin Limpieza/batch_200.pdf,batch_200.pdf,.,9.0,BOCA SERVICIOS VETERINARIOS,BOCA SERVICIOS VETERINARIOS,,,18.45,-69.6,manual_override,0.6,Maltese,Male,13.0,1.0.0
3cb39036a4af27ea60370c0ecc7ae4e5,3cb39036a4af27ea60370c0ecc7ae4e5,4a72738603111de7b9f2,IDEXX,baseline_historico,2024-06-03,6/3/24,6/3/24,Sin Limpieza/batch_200.pdf,batch_200.pdf,.,11.0,BOCA SERVICIOS VETERINARIOS,BOCA SERVICIOS VETERINARIOS,,,18.45,-69.6,manual_override,0.6,"Canine, Mixed Breed",Male,2.0,1.0.0
cf2d3ff7f6909dbf13b348c2cca9f980,cf2d3ff7f6909dbf13b348c2cca9f980,96d8afb0124d6af2fc18,IDEXX,baseline_historico,2024-06-01,6/1/24,6/1/24,Sin Limpieza/batch_200.pdf,batch_200.pdf,.,13.0,BOCA SERVICIOS VETERINARIOS,BOCA SERVICIOS VETERINARIOS,,,18.45,-69.6,manual_override,0.6,Chihuahua,,4.0,1.0.0
0269745a90df042ab303579197ac628c,0269745a90df042ab303579197ac628c,7f86b62ab258160ae1ee,IDEXX,baseline_historico,2024-06-01,6/1/24,6/1/24,Sin Limpieza/batch_200.pdf,batch_200.pdf,.,15.0,BOCA SERVICIOS VETERINARIOS,BOCA SERVICIOS VETERINARIOS,,,18.45,-69.6,manual_override,0.6,Chihuahua,Female,,1.0.0
357478531233d6be1661f4b38b893786,357478531233d6be1661f4b38b893786,13950b40f03cb2cf0c1b,IDEXX,baseline_historico,2024-05-31,5/31/24,5/31/24,Sin Limpieza/batch_200.pdf,batch_200.pdf,.,17.0,BOCA SERVICIOS VETERINARIOS,BOCA SERVICIOS VETERINARIOS,,,18.45,-69.6,manual_override,0.6,"Canine, Other",Male,3.0,1.0.0
8d37305bc851d4867841a553c7ad4b7b,8d37305bc851d4867841a553c7ad4b7b,c8e82927324195230b94,IDEXX,baseline_historico,2024-05-31,5/31/24,5/31/24,Sin Limpieza/batch_200.pdf,batch_200.pdf,.,19.0,BOCA SERVICIOS VETERINARIOS,BOCA SERVICIOS VETERINARIOS,,,18.45,-69.6,manual_override,0.6,Golden Retriever,Female,10.0,1.0.0
576b33374db3823db9c2d109182674af,576b33374db3823db9c2d109182674af,4ead9a2039e75b2f26bf,IDEXX,baseline_historico,2024-06-28,6/28/24,6/28/24,Sin Limpieza/batch_201.pdf,batch_201.pdf,.,1.0,BOCA SERVICIOS VETERINARIOS,BOCA SERVICIOS VETERINARIOS,,,18.45,-69.6,manual_override,0.6,Siberian Husky,,1.0,1.0.0
7aab5ac1beb0af3fa17fe21ae20430c4,7aab5ac1beb0af3fa17fe21ae20430c4,dab2693c72352c95d255,IDEXX,baseline_historico,2024-06-28,6/28/24,6/28/24,Sin Limpieza/batch_201.pdf,batch_201.pdf,.,3.0,BOCA SERVICIOS VETERINARIOS,BOCA SERVICIOS VETERINARIOS,,,18.45,-69.6,manual_override,0.6,German Shepherd,Male,13.0,1.0.0
87295df1e971d76c258809f25a7af544,87295df1e971d76c258809f25a7af544,7c24d4c88921fe68d9cb,IDEXX,baseline_historico,2024-06-27,6/27/24,6/27/24,Sin Limpieza/batch_201.pdf,batch_201.pdf,.,5.0,BOCA SERVICIOS VETERINARIOS,BOCA SERVICIOS VETERINARIOS,,,18.45,-69.6,manual_override,0.6,Pug,Male,5.0,1.0.0
db8329122cc3255bb4e1acda09ae9571,db8329122cc3255bb4e1acda09ae9571,1769ffc7ca0cc30b8411,IDEXX,baseline_historico,2024-06-27,6/27/24,6/27/24,Sin Limpieza/batch_201.pdf,batch_201.pdf,.,7.0,BOCA SERVICIOS VETERINARIOS,BOCA SERVICIOS VETERINARIOS,,,18.45,-69.6,manual_override,0.6,"Canine, Other",Male,,1.0.0
3aec10b80a54018b9242e7bb0b7df636,3aec10b80a54018b9242e7bb0b7df636,36e1b9efaaa3670c81b5,IDEXX,baseline_historico,2024-06-27,6/27/24,6/27/24,Sin Limpieza/batch_201.pdf,batch_201.pdf,.,9.0,BOCA SERVICIOS VETERINARIOS,BOCA SERVICIOS VETERINARIOS,,,18.45,-69.6,manual_override,0.6,Poodle,Male,5.0,1.0.0
17dd762c1ee9d6c04d3a5ae3ae97c532,17dd762c1ee9d6c04d3a5ae3ae97c532,c33df7fe6b79f09370bd,IDEXX,baseline_historico,2024-06-26,6/26/24,6/26/24,Sin Limpieza/batch_201.pdf,batch_201.pdf,.,13.0,BOCA SERVICIOS VETERINARIOS,BOCA SERVICIOS VETERINARIOS,,,18.45,-69.6,manual_override,0.6,Golden Retriever,Female,3.0,1.0.0
417f40053d671f7f6295b1990d0bfb90,417f40053d671f7f6295b1990d0bfb90,5d37c0aa7b1f0d6a3126,IDEXX,baseline_historico,2024-06-26,6/26/24,6/26/24,Sin Limpieza/batch_201.pdf,batch_201.pdf,.,15.0,BOCA SERVICIOS VETERINARIOS,BOCA SERVICIOS VETERINARIOS,,,18.45,-69.6,manual_override,0.6,Chihuahua,Female,10.0,1.0.0
ba9e663ece69d298d3407bb32811daed,ba9e663ece69d298d3407bb32811daed,b97df8dc9915a64f6993,IDEXX,baseline_historico,2024-06-26,6/26/24,6/26/24,Sin Limpieza/batch_201.pdf,batch_201.pdf,.,17.0,BOCA SERVICIOS VETERINARIOS,BOCA SERVICIOS VETERINARIOS,,,18.45,-69.6,manual_override,0.6,"Canine, Mixed Breed",Female,3.0,1.0.0
8a7ad31a8f3b5c91ed94a28fd630d999,8a7ad31a8f3b5c91ed94a28fd630d999,a38e0c638f16c9883db0,IDEXX,baseline_historico,2024-05-27,5/27/24,5/27/24,Sin Limpieza/batch_202.pdf,batch_202.pdf,.,3.0,BOCA SERVICIOS VETERINARIOS,BOCA SERVICIOS VETERINARIOS,,,18.45,-69.6,manual_override,0.6,Siberian Husky,Male,2.0,1.0.0
aab02ba5af3b4de7e23b4fe03378f7ed,aab02ba5af3b4de7e23b4fe03378f7ed,62be79ee0473ef48ca6b,IDEXX,baseline_historico,2024-05-25,5/25/24,5/25/24,Sin Limpieza/batch_202.pdf,batch_202.pdf,.,5.0,BOCA SERVICIOS VETERINARIOS,BOCA SERVICIOS VETERINARIOS,,,18.45,-69.6,manual_override,0.6,"Canine, Other",Male,,1.0.0
a3f6f6d59594ef35e1d27249a500b732,a3f6f6d59594ef35e1d27249a500b732,81dc2505c26369ec5ca5,IDEXX,baseline_historico,2024-05-25,5/25/24,5/25/24,Sin Limpieza/batch_202.pdf,batch_202.pdf,.,7.0,BOCA SERVICIOS VETERINARIOS,BOCA SERVICIOS VETERINARIOS,,,18.45,-69.6,manual_override,0.6,"Canine, Mixed Breed",Female,10.0,1.0.0
5e35c9f5acedc5591314f8b1f57cbfad,5e35c9f5acedc5591314f8b1f57cbfad,fb9d5e0a2b511461f573,IDEXX,baseline_historico,2024-05-25,5/25/24,5/25/24,Sin Limpieza/batch_202.pdf,batch_202.pdf,.,9.0,BOCA SERVICIOS VETERINARIOS,BOCA SERVICIOS VETERINARIOS,,,18.45,-69.6,manual_override,0.6,Chihuahua,Male,10.0,1.0.0
28943fb9dbf2a2f7a900d54484e4ee0a,28943fb9dbf2a2f7a900d54484e4ee0a,e864b14daab73ef3f1a1,IDEXX,baseline_historico,2024-05-24,5/24/24,5/24/24,Sin Limpieza/batch_202.pdf,batch_202.pdf,.,15.0,BOCA SERVICIOS VETERINARIOS,BOCA SERVICIOS VETERINARIOS,,,18.45,-69.6,manual_override,0.6,Chihuahua,Female,,1.0.0
c371abac7747d2041653111507720408,c371abac7747d2041653111507720408,2888340d95bec4cc0294,IDEXX,baseline_historico,2024-05-23,5/23/24,5/23/24,Sin Limpieza/batch_202.pdf,batch_202.pdf,.,17.0,BOCA SERVICIOS VETERINARIOS,BOCA SERVICIOS VETERINARIOS,,,18.45,-69.6,manual_override,0.6,German Shepherd,Male,2.0,1.0.0
b7a4e7b8a96d4031992f38801f761d8c,b7a4e7b8a96d4031992f38801f761d8c,8335cd6817dd42384340,IDEXX,baseline_historico,2024-05-23,5/23/24,5/23/24,Sin Limpieza/batch_202.pdf,batch_202.pdf,.,19.0,BOCA SERVICIOS VETERINARIOS,BOCA SERVICIOS VETERINARIOS,,,18.45,-69.6,manual_override,0.6,Chihuahua,Female,8.0,1.0.0
ce6189951b49a1fdb2c9992ae52dba01,ce6189951b49a1fdb2c9992ae52dba01,fa0d2204875b3b5d8c90,IDEXX,baseline_historico,2025-03-08,3/8/25,3/8/25,Sin Limpieza/batch_203.pdf,batch_203.pdf,.,1.0,BOCA SERVICIOS VETERINARIOS,BOCA SERVICIOS VETERINARIOS,,,18.45,-69.6,manual_override,0.6,Boxer,Female,10.0,1.0.0
eea6c84215ac230ccacbc71ba75085b6,eea6c84215ac230ccacbc71ba75085b6,732e1f8c01254630f343,IDEXX,baseline_historico,2024-06-13,6/13/24,6/13/24,Sin Limpieza/batch_203.pdf,batch_203.pdf,.,3.0,BOCA SERVICIOS VETERINARIOS,BOCA SERVICIOS VETERINARIOS,,,18.45,-69.6,manual_override,0.6,Shih Tzu,Male,2.0,1.0.0
6e718448bd94242321a59ba8219f9da1,6e718448bd94242321a59ba8219f9da1,cdae32260a0df58875f7,IDEXX,baseline_historico,2024-06-11,6/11/24,6/11/24,Sin Limpieza/batch_203.pdf,batch_203.pdf,.,5.0,BOCA SERVICIOS VETERINARIOS,BOCA SERVICIOS VETERINARIOS,,,18.45,-69.6,manual_override,0.6,"Canine, Mixed Breed",Female,12.0,1.0.0
2bd196e36273cb5fbec52b1bef271f03,2bd196e36273cb5fbec52b1bef271f03,75cea638d39cad7eb61a,IDEXX,baseline_historico,2024-06-11,6/11/24,6/11/24,Sin Limpieza/batch_203.pdf,batch_203.pdf,.,7.0,BOCA SERVICIOS VETERINARIOS,BOCA SERVICIOS VETERINARIOS,,,18.45,-69.6,manual_override,0.6,"Canine, Other",Female,4.0,1.0.0
64f8f6d8aa70e62f092e0e3281129705,64f8f6d8aa70e62f092e0e3281129705,dab2693c72352c95d255,IDEXX,baseline_historico,2024-06-10,6/10/24,6/10/24,Sin Limpieza/batch_203.pdf,batch_203.pdf,.,9.0,BOCA SERVICIOS VETERINARIOS,BOCA SERVICIOS VETERINARIOS,,,18.45,-69.6,manual_override,0.6,German Shepherd,Male,13.0,1.0.0
3b70319bb6cdd9290a90f8a065f39469,3b70319bb6cdd9290a90f8a065f39469,b14434d0f825738f6df8,IDEXX,baseline_historico,2024-06-10,6/10/24,6/10/24,Sin Limpieza/batch_203.pdf,batch_203.pdf,.,11.0,BOCA SERVICIOS VETERINARIOS,BOCA SERVICIOS VETERINARIOS,,,18.45,-69.6,manual_override,0.6,Poodle,Male,5.0,1.0.0
a088f30d082b8952a81acd6f7b9277f2,a088f30d082b8952a81acd6f7b9277f2,3a801e67fe8759b9ed2a,IDEXX,baseline_historico,2024-06-10,6/10/24,6/10/24,Sin Limpieza/batch_203.pdf,batch_203.pdf,.,13.0,BOCA SERVICIOS VETERINARIOS,BOCA SERVICIOS VETERINARIOS,,,18.45,-69.6,manual_override,0.6,Golden Retriever,Male,2.0,1.0.0
51ae3a97850ab7082fcc47be6b2c791a,51ae3a97850ab7082fcc47be6b2c791a,f8a5f3c59dba23b58ea6,IDEXX,baseline_historico,2024-06-25,6/25/24,6/25/24,Sin Limpieza/batch_204.pdf,batch_204.pdf,.,1.0,BOCA SERVICIOS VETERINARIOS,BOCA SERVICIOS VETERINARIOS,,,18.45,-69.6,manual_override,0.6,Dachshund,Female,9.0,1.0.0
87aaf3bdd59d6d553f7f0f79c7cc027c,87aaf3bdd59d6d553f7f0f79c7cc027c,1436256c6079dae43b9b,IDEXX,baseline_historico,2024-06-23,6/23/24,6/23/24,Sin Limpieza/batch_204.pdf,batch_204.pdf,.,3.0,BOCA SERVICIOS VETERINARIOS,BOCA SERVICIOS VETERINARIOS,,,18.45,-69.6,manual_override,0.6,Chow Chow,Female,8.0,1.0.0
909d197baf59a6fc0c32522a3af4227c,909d197baf59a6fc0c32522a3af4227c,c3b9367d1778d0886989,IDEXX,baseline_historico,2024-06-22,6/22/24,6/22/24,Sin Limpieza/batch_204.pdf,batch_204.pdf,.,5.0,BOCA SERVICIOS VETERINARIOS,BOCA SERVICIOS VETERINARIOS,,,18.45,-69.6,manual_override,0.6,Shih Tzu,Female,3.0,1.0.0
1908a9d62b7fdfb4f5a00143359a94f4,1908a9d62b7fdfb4f5a00143359a94f4,bc7f8ada051b8012b8be,IDEXX,baseline_historico,2024-06-20,6/20/24,6/20/24,Sin Limpieza/batch_204.pdf,batch_204.pdf,.,9.0,BOCA SERVICIOS VETERINARIOS,BOCA SERVICIOS VETERINARIOS,,,18.45,-69.6,manual_override,0.6,Shih Tzu,Male,11.0,1.0.0
c995051678810ed718fa50671bc46c4c,c995051678810ed718fa50671bc46c4c,2c5afdd051682f81fc51,IDEXX,baseline_historico,2024-06-19,6/19/24,6/19/24,Sin Limpieza/batch_204.pdf,batch_204.pdf,.,11.0,BOCA SERVICIOS VETERINARIOS,BOCA SERVICIOS VETERINARIOS,,,18.45,-69.6,manual_override,0.6,"Canine, Mixed Breed",,8.0,1.0.0
8c5f8513b1b073b7f84ac78adee17c98,8c5f8513b1b073b7f84ac78adee17c98,5d3b8c7a57c868acc68f,IDEXX,baseline_historico,2024-06-18,6/18/24,6/18/24,Sin Limpieza/batch_204.pdf,batch_204.pdf,.,13.0,BOCA SERVICIOS VETERINARIOS,BOCA SERVICIOS VETERINARIOS,,,18.45,-69.6,manual_override,0.6,"Canine, Other",Female,,1.0.0
7452a0e21535b9185fd9afd592c447b1,7452a0e21535b9185fd9afd592c447b1,7fc0d848ae4daf388ae6,IDEXX,baseline_historico,2024-06-18,6/18/24,6/18/24,Sin Limpieza/batch_204.pdf,batch_204.pdf,.,15.0,BOCA SERVICIOS VETERINARIOS,BOCA SERVICIOS VETERINARIOS,,,18.45,-69.6,manual_override,0.6,"Canine, Other",Female,,1.0.0
e34115a2218d95a139f8c0af23e91b25,e34115a2218d95a139f8c0af23e91b25,facf24389248ca6a34b1,IDEXX,baseline_historico,2024-06-18,6/18/24,6/18/24,Sin Limpieza/batch_204.pdf,batch_204.pdf,.,17.0,BOCA SERVICIOS VETERINARIOS,BOCA SERVICIOS VETERINARIOS,,,18.45,-69.6,manual_override,0.6,"Canine, Other",,4.0,1.0.0
e391048b08a8bdc5369d7094cf52cb66,e391048b08a8bdc5369d7094cf52cb66,3551109dc6cefd9641aa,IDEXX,baseline_historico,2024-06-18,6/18/24,6/18/24,Sin Limpieza/batch_204.pdf,batch_204.pdf,.,19.0,BOCA SERVICIOS VETERINARIOS,BOCA SERVICIOS VETERINARIOS,,,18.45,-69.6,manual_override,0.6,Chihuahua,Male,,1.0.0
7513b602514d25c0fe41df9dc75ffc9e,7513b602514d25c0fe41df9dc75ffc9e,34e0fd1dfedb09cc886d,IDEXX,baseline_historico,2024-03-09,3/9/24,3/9/24,Sin Limpieza/batch_205.pdf,batch_205.pdf,.,1.0,BOCA SERVICIOS VETERINARIOS,BOCA SERVICIOS VETERINARIOS,,,18.45,-69.6,manual_override,0.6,Poodle,Female,3.0,1.0.0
47b55e24a2be59398759f7cc2b652237,47b55e24a2be59398759f7cc2b652237,7c24d4c88921fe68d9cb,IDEXX,baseline_historico,2024-04-05,4/5/24,4/5/24,Sin Limpieza/batch_206.pdf,batch_206.pdf,.,1.0,BOCA SERVICIOS VETERINARIOS,BOCA SERVICIOS VETERINARIOS,,,18.45,-69.6,manual_override,0.6,Pug,Male,5.0,1.0.0
40737afd2e9ace5039b22553d1cc17d9,40737afd2e9ace5039b22553d1cc17d9,7157880ddac13999ff0f,IDEXX,baseline_historico,2024-04-05,4/5/24,4/5/24,Sin Limpieza/batch_206.pdf,batch_206.pdf,.,3.0,BOCA SERVICIOS VETERINARIOS,BOCA SERVICIOS VETERINARIOS,,,18.45,-69.6,manual_override,0.6,Bulldog,Male,6.0,1.0.0
db484710d1568f35e9a8e61080b52afa,db484710d1568f35e9a8e61080b52afa,19c06f6e0fdf532c8d21,IDEXX,baseline_historico,2024-04-05,4/5/24,4/5/24,Sin Limpieza/batch_206.pdf,batch_206.pdf,.,5.0,BOCA SERVICIOS VETERINARIOS,BOCA SERVICIOS VETERINARIOS,,,18.45,-69.6,manual_override,0.6,"Canine, Other",Male,2.0,1.0.0
c206447baa7119a2d449cf7c1674f052,c206447baa7119a2d449cf7c1674f052,9bad3cd8de0b8574009b,IDEXX,baseline_historico,2024-04-05,4/5/24,4/5/24,Sin Limpieza/batch_206.pdf,batch_206.pdf,.,7.0,BOCA SERVICIOS VETERINARIOS,BOCA SERVICIOS VETERINARIOS,,,18.45,-69.6,manual_override,0.6,Rottweiler,Female,11.0,1.0.0
9b855e912856a32da2fe89f9c2936181,9b855e912856a32da2fe89f9c2936181,a95f12dc1cc9bd0919bf,IDEXX,baseline_historico,2024-04-03,4/3/24,4/3/24,Sin Limpieza/batch_206.pdf,batch_206.pdf,.,9.0,BOCA SERVICIOS VETERINARIOS,BOCA SERVICIOS VETERINARIOS,,,18.45,-69.6,manual_override,0.6,Chow Chow,Male,12.0,1.0.0
75f498a2285fadf092d8a2271ac255d0,75f498a2285fadf092d8a2271ac255d0,7165fb8a06992d2e949c,IDEXX,baseline_historico,2024-04-03,4/3/24,4/3/24,Sin Limpieza/batch_206.pdf,batch_206.pdf,.,13.0,BOCA SERVICIOS VETERINARIOS,BOCA SERVICIOS VETERINARIOS,,,18.45,-69.6,manual_override,0.6,Doberman Pinscher,Male,2.0,1.0.0
84053a8f65342bdc47f86b006e778680,84053a8f65342bdc47f86b006e778680,81ff1e312185f0a76151,IDEXX,baseline_historico,2024-04-02,4/2/24,4/2/24,Sin Limpieza/batch_206.pdf,batch_206.pdf,.,15.0,BOCA SERVICIOS VETERINARIOS,BOCA SERVICIOS VETERINARIOS,,,18.45,-69.6,manual_override,0.6,"Canine, Other",Female,,1.0.0
fb95fddd4bd0ddc8c982435b031812da,fb95fddd4bd0ddc8c982435b031812da,443ca5a086916a331db9,IDEXX,baseline_historico,2024-04-02,4/2/24,4/2/24,Sin Limpieza/batch_206.pdf,batch_206.pdf,.,17.0,BOCA SERVICIOS VETERINARIOS,BOCA SERVICIOS VETERINARIOS,,,18.45,-69.6,manual_override,0.6,Chihuahua,Female,11.0,1.0.0
f7da198fa6150d058cf95e90d365dfc5,f7da198fa6150d058cf95e90d365dfc5,9c32fc5eb688e7bf1959,IDEXX,baseline_historico,2024-04-01,4/1/24,4/1/24,Sin Limpieza/batch_206.pdf,batch_206.pdf,.,19.0,BOCA SERVICIOS VETERINARIOS,BOCA SERVICIOS VETERINARIOS,,,18.45,-69.6,manual_override,0.6,Golden Retriever,Female,11.0,1.0.0
4ad48bfd8b14116882dc126f319af024,4ad48bfd8b14116882dc126f319af024,9bad3cd8de0b8574009b,IDEXX,baseline_historico,2024-04-01,4/1/24,4/1/24,Sin Limpieza/batch_207.pdf,batch_207.pdf,.,1.0,BOCA SERVICIOS VETERINARIOS,BOCA SERVICIOS VETERINARIOS,,,18.45,-69.6,manual_override,0.6,Rottweiler,Female,11.0,1.0.0
19fa60792f273bbb9a1abdddf2e77899,19fa60792f273bbb9a1abdddf2e77899,98630ae1b37f2eae2bd6,IDEXX,baseline_historico,2024-03-31,3/31/24,3/31/24,Sin Limpieza/batch_207.pdf,batch_207.pdf,.,3.0,BOCA SERVICIOS VETERINARIOS,BOCA SERVICIOS VETERINARIOS,,,18.45,-69.6,manual_override,0.6,Chihuahua,Female,14.0,1.0.0
8caa6b9719e94b3c6cfcc72416b686a5,8caa6b9719e94b3c6cfcc72416b686a5,9010be7a083bd30ebad6,IDEXX,baseline_historico,2024-03-30,3/30/24,3/30/24,Sin Limpieza/batch_207.pdf,batch_207.pdf,.,5.0,BOCA SERVICIOS VETERINARIOS,BOCA SERVICIOS VETERINARIOS,,,18.45,-69.6,manual_override,0.6,Rottweiler,Female,2.0,1.0.0
fea02a7e8779a7cf1215f2db279af044,fea02a7e8779a7cf1215f2db279af044,2d246385b9f3195dcc49,IDEXX,baseline_historico,2024-03-28,3/28/24,3/28/24,Sin Limpieza/batch_207.pdf,batch_207.pdf,.,9.0,BOCA SERVICIOS VETERINARIOS,BOCA SERVICIOS VETERINARIOS,,,18.45,-69.6,manual_override,0.6,Siberian Husky,Female,2.0,1.0.0
2bb154290e266ebe0f27723604e65e17,2bb154290e266ebe0f27723604e65e17,5dfe5940f639d4bee5b9,IDEXX,baseline_historico,2024-03-27,3/27/24,3/27/24,Sin Limpieza/batch_207.pdf,batch_207.pdf,.,11.0,BOCA SERVICIOS VETERINARIOS,BOCA SERVICIOS VETERINARIOS,,,18.45,-69.6,manual_override,0.6,"Canine, Mixed Breed",Male,7.0,1.0.0
ff902da4c2d4b0695785fb8eeb386bdb,ff902da4c2d4b0695785fb8eeb386bdb,974123a8ffd7af7e4832,IDEXX,baseline_historico,2024-03-26,3/26/24,3/26/24,Sin Limpieza/batch_207.pdf,batch_207.pdf,.,13.0,BOCA SERVICIOS VETERINARIOS,BOCA SERVICIOS VETERINARIOS,,,18.45,-69.6,manual_override,0.6,"Canine, Mixed Breed",Female,5.0,1.0.0
4ab4be6932fc9394f2adca9a5f0a1c7f,4ab4be6932fc9394f2adca9a5f0a1c7f,93fdc45bbd4adb051ba1,IDEXX,baseline_historico,2024-03-26,3/26/24,3/26/24,Sin Limpieza/batch_207.pdf,batch_207.pdf,.,15.0,BOCA SERVICIOS VETERINARIOS,BOCA SERVICIOS VETERINARIOS,,,18.45,-69.6,manual_override,0.6,"Canine, Mixed Breed",Female,5.0,1.0.0
8a81fe582e3f47ba674ea64bb73b7ac2,8a81fe582e3f47ba674ea64bb73b7ac2,3b7c2105edbdf4ac74c2,IDEXX,baseline_historico,2024-03-26,3/26/24,3/26/24,Sin Limpieza/batch_207.pdf,batch_207.pdf,.,17.0,BOCA SERVICIOS VETERINARIOS,BOCA SERVICIOS VETERINARIOS,,,18.45,-69.6,manual_override,0.6,Smooth Hair Fox Terrier,Male,4.0,1.0.0
21d4edc869c96d4bf39153061d8c5064,21d4edc869c96d4bf39153061d8c5064,b6c6cf6e8456f7e27516,IDEXX,baseline_historico,2024-03-25,3/25/24,3/25/24,Sin Limpieza/batch_208.pdf,batch_208.pdf,.,3.0,BOCA SERVICIOS VETERINARIOS,BOCA SERVICIOS VETERINARIOS,,,18.45,-69.6,manual_override,0.6,Siberian Husky,Male,2.0,1.0.0
f6e265fb93a9ec200bedbf12fbc94324,f6e265fb93a9ec200bedbf12fbc94324,6241fcfc4e6e5a6f39c1,IDEXX,baseline_historico,2024-03-25,3/25/24,3/25/24,Sin Limpieza/batch_208.pdf,batch_208.pdf,.,7.0,BOCA SERVICIOS VETERINARIOS,BOCA SERVICIOS VETERINARIOS,,,18.45,-69.6,manual_override,0.6,"Canine, Mixed Breed",Female,10.0,1.0.0
4fc1593867223e5bc567ac4b618ae442,4fc1593867223e5bc567ac4b618ae442,61d11339bfccc6860d26,IDEXX,baseline_historico,2024-03-25,3/25/24,3/25/24,Sin Limpieza/batch_208.pdf,batch_208.pdf,.,9.0,BOCA SERVICIOS VETERINARIOS,BOCA SERVICIOS VETERINARIOS,,,18.45,-69.6,manual_override,0.6,Shih Tzu,Female,,1.0.0
039804e6960e5bb1f6b5da3a92d8ea32,039804e6960e5bb1f6b5da3a92d8ea32,20ff5e70e7158d76c6e4,IDEXX,baseline_historico,2024-03-25,3/25/24,3/25/24,Sin Limpieza/batch_208.pdf,batch_208.pdf,.,11.0,BOCA SERVICIOS VETERINARIOS,BOCA SERVICIOS VETERINARIOS,,,18.45,-69.6,manual_override,0.6,Chihuahua,Female,10.0,1.0.0
aba967dd3037aca4e0e340e52870f0ad,aba967dd3037aca4e0e340e52870f0ad,d834e5301c3461de011d,IDEXX,baseline_historico,2024-03-23,3/23/24,3/23/24,Sin Limpieza/batch_208.pdf,batch_208.pdf,.,13.0,BOCA SERVICIOS VETERINARIOS,BOCA SERVICIOS VETERINARIOS,,,18.45,-69.6,manual_override,0.6,Rottweiler,Male,8.0,1.0.0
bd8de07aed3fa1c04f5e02ee05d0723c,bd8de07aed3fa1c04f5e02ee05d0723c,e28bf02abf1257655a9a,IDEXX,baseline_historico,2024-03-23,3/23/24,3/23/24,Sin Limpieza/batch_208.pdf,batch_208.pdf,.,15.0,BOCA SERVICIOS VETERINARIOS,BOCA SERVICIOS VETERINARIOS,,,18.45,-69.6,manual_override,0.6,Chihuahua,Female,8.0,1.0.0
ff29ddb009e328efad6ae662cb315e9b,ff29ddb009e328efad6ae662cb315e9b,a5a32dc6c8d08aa9b512,IDEXX,baseline_historico,2024-03-23,3/23/24,3/23/24,Sin Limpieza/batch_208.pdf,batch_208.pdf,.,17.0,BOCA SERVICIOS VETERINARIOS,BOCA SERVICIOS VETERINARIOS,,,18.45,-69.6,manual_override,0.6,"Canine, Mixed Breed",Male,11.0,1.0.0
05989be54dc6f2215fc590f74c7c5334,05989be54dc6f2215fc590f74c7c5334,a674deaac2090420270b,IDEXX,baseline_historico,2024-03-23,3/23/24,3/23/24,Sin Limpieza/batch_208.pdf,batch_208.pdf,.,19.0,BOCA SERVICIOS VETERINARIOS,BOCA SERVICIOS VETERINARIOS,,,18.45,-69.6,manual_override,0.6,Miniature Schnauzer,Female,9.0,1.0.0
54c00d1e3b73e8abf2d0145a476221ec,54c00d1e3b73e8abf2d0145a476221ec,913bd5cae17a6c82922a,IDEXX,baseline_historico,2024-02-23,2/23/24,2/23/24,Sin Limpieza/batch_209.pdf,batch_209.pdf,.,1.0,BOCA SERVICIOS VETERINARIOS,BOCA SERVICIOS VETERINARIOS,,,18.45,-69.6,manual_override,0.6,"Canine, Other",Male,,1.0.0
d18c93d89932647f16468dc4074c9aff,d18c93d89932647f16468dc4074c9aff,819a18a22af329af7e9e,IDEXX,baseline_historico,2024-02-23,2/23/24,2/23/24,Sin Limpieza/batch_209.pdf,batch_209.pdf,.,3.0,BOCA SERVICIOS VETERINARIOS,BOCA SERVICIOS VETERINARIOS,,,18.45,-69.6,manual_override,0.6,German Shepherd,Female,,1.0.0
dc4a9d0fd3ca82b5078319c6fc10aa86,dc4a9d0fd3ca82b5078319c6fc10aa86,1d781e35018a721f3807,IDEXX,baseline_historico,2024-02-23,2/23/24,2/23/24,Sin Limpieza/batch_209.pdf,batch_209.pdf,.,5.0,BOCA SERVICIOS VETERINARIOS,BOCA SERVICIOS VETERINARIOS,,,18.45,-69.6,manual_override,0.6,Chihuahua,Female,4.0,1.0.0
06e0b8dcbb842385551732804a745997,06e0b8dcbb842385551732804a745997,67a1a0f5108fe5f245ab,IDEXX,baseline_historico,2024-02-23,2/23/24,2/23/24,Sin Limpieza/batch_209.pdf,batch_209.pdf,.,7.0,BOCA SERVICIOS VETERINARIOS,BOCA SERVICIOS VETERINARIOS,,,18.45,-69.6,manual_override,0.6,"Canine, Mixed Breed",Female,12.0,1.0.0
9c9dec052e9d48c40bda894cc567453d,9c9dec052e9d48c40bda894cc567453d,2500250d2c2d676f301d,IDEXX,baseline_historico,2024-02-22,2/22/24,2/22/24,Sin Limpieza/batch_209.pdf,batch_209.pdf,.,9.0,BOCA SERVICIOS VETERINARIOS,BOCA SERVICIOS VETERINARIOS,,,18.45,-69.6,manual_override,0.6,Shih Tzu,Male,,1.0.0
7d75fd6071d7b12bb4ef8955f3a2aae5,7d75fd6071d7b12bb4ef8955f3a2aae5,1d247a56820174974a00,IDEXX,baseline_historico,2024-02-20,2/20/24,2/20/24,Sin Limpieza/batch_209.pdf,batch_209.pdf,.,11.0,BOCA SERVICIOS VETERINARIOS,BOCA SERVICIOS VETERINARIOS,,,18.45,-69.6,manual_override,0.6,Rottweiler,Female,,1.0.0
5a5014b5db10d019112e6fd64b513e8c,5a5014b5db10d019112e6fd64b513e8c,4a2b0143eddfbb5751e6,IDEXX,baseline_historico,2024-02-20,2/20/24,2/20/24,Sin Limpieza/batch_209.pdf,batch_209.pdf,.,13.0,BOCA SERVICIOS VETERINARIOS,BOCA SERVICIOS VETERINARIOS,,,18.45,-69.6,manual_override,0.6,Chihuahua,Female,8.0,1.0.0
286aae85419b10b109959261bf9a7f2d,286aae85419b10b109959261bf9a7f2d,2b8da1e64548dca8ea93,IDEXX,baseline_historico,2024-02-19,2/19/24,2/19/24,Sin Limpieza/batch_209.pdf,batch_209.pdf,.,15.0,BOCA SERVICIOS VETERINARIOS,BOCA SERVICIOS VETERINARIOS,,,18.45,-69.6,manual_override,0.6,Chihuahua,Female,15.0,1.0.0
84a84f467acbb366b2cc32cd2d9b7c4b,84a84f467acbb366b2cc32cd2d9b7c4b,6e8a4b302d14ec81a649,IDEXX,baseline_historico,2024-02-17,2/17/24,2/17/24,Sin Limpieza/batch_209.pdf,batch_209.pdf,.,19.0,BOCA SERVICIOS VETERINARIOS,BOCA SERVICIOS VETERINARIOS,,,18.45,-69.6,manual_override,0.6,"Canine, Mixed Breed",,3.0,1.0.0
c31bc129bdea9c9770ff1a19da58fea1,c31bc129bdea9c9770ff1a19da58fea1,58fe8041aa7fcdf3da0c,IDEXX,baseline_historico,2025-12-19,12/19/25,12/19/25,Sin Limpieza/batch_21.pdf,batch_21.pdf,.,1.0,BOCA SERVICIOS VETERINARIOS,BOCA SERVICIOS VETERINARIOS,,,18.45,-69.6,manual_override,0.6,Chihuahua,Female,8.0,1.0.0
75f1b9e05ef2bef379242a6afcf14878,75f1b9e05ef2bef379242a6afcf14878,89ecc9d898bfccc5f96c,IDEXX,baseline_historico,2025-12-19,12/19/25,12/19/25,Sin Limpieza/batch_21.pdf,batch_21.pdf,.,3.0,BOCA SERVICIOS VETERINARIOS,BOCA SERVICIOS VETERINARIOS,,,18.45,-69.6,manual_override,0.6,French Bulldog,Female,1.0,1.0.0
23f3842e3bc1d476511f664d559428d6,23f3842e3bc1d476511f664d559428d6,2184c29efbe09b8c3028,IDEXX,baseline_historico,2025-12-19,12/19/25,12/19/25,Sin Limpieza/batch_21.pdf,batch_21.pdf,.,5.0,BOCA SERVICIOS VETERINARIOS,BOCA SERVICIOS VETERINARIOS,,,18.45,-69.6,manual_override,0.6,Labrador Retriever,Female,11.0,1.0.0
70052c4e16434ca197a656568f589805,70052c4e16434ca197a656568f589805,54631666d0a476b0c276,IDEXX,baseline_historico,2025-12-19,12/19/25,12/19/25,Sin Limpieza/batch_21.pdf,batch_21.pdf,.,7.0,BOCA SERVICIOS VETERINARIOS,BOCA SERVICIOS VETERINARIOS,,,18.45,-69.6,manual_override,0.6,Rottweiler,Female,1.0,1.0.0
970669de191964700b94c98de2769d1b,970669de191964700b94c98de2769d1b,4371738093978078a874,IDEXX,baseline_historico,2025-12-18,12/18/25,12/18/25,Sin Limpieza/batch_21.pdf,batch_21.pdf,.,9.0,BOCA SERVICIOS VETERINARIOS,BOCA SERVICIOS VETERINARIOS,,,18.45,-69.6,manual_override,0.6,"Canine, Mixed Breed",Female,1.0,1.0.0
cf2e05410e06dfe7fa38f94761e39bd8,cf2e05410e06dfe7fa38f94761e39bd8,00a036bd244f2275822b,IDEXX,baseline_historico,2025-12-18,12/18/25,12/18/25,Sin Limpieza/batch_21.pdf,batch_21.pdf,.,11.0,BOCA SERVICIOS VETERINARIOS,BOCA SERVICIOS VETERINARIOS,,,18.45,-69.6,manual_override,0.6,Bouvier des Flandres,Male,1.0,1.0.0
ecb0f800c95a9e6c8c87c9511bda70e2,ecb0f800c95a9e6c8c87c9511bda70e2,512e7fd73baa482381ce,IDEXX,baseline_historico,2025-12-18,12/18/25,12/18/25,Sin Limpieza/batch_21.pdf,batch_21.pdf,.,13.0,BOCA SERVICIOS VETERINARIOS,BOCA SERVICIOS VETERINARIOS,,,18.45,-69.6,manual_override,0.6,"Canine, Mixed Breed",Female,6.0,1.0.0
cb4f62c8074585347223a53150060058,cb4f62c8074585347223a53150060058,fba17dcbc0d67614bff1,IDEXX,baseline_historico,2025-12-17,12/17/25,12/17/25,Sin Limpieza/batch_21.pdf,batch_21.pdf,.,17.0,BOCA SERVICIOS VETERINARIOS,BOCA SERVICIOS VETERINARIOS,,,18.45,-69.6,manual_override,0.6,Belgian Sheepdog,Male,8.0,1.0.0
3607065a32881469a55752f24a33f22c,3607065a32881469a55752f24a33f22c,2479cc4d150db3c3cdc1,IDEXX,baseline_historico,2025-12-17,12/17/25,12/17/25,Sin Limpieza/batch_21.pdf,batch_21.pdf,.,19.0,BOCA SERVICIOS VETERINARIOS,BOCA SERVICIOS VETERINARIOS,,,18.45,-69.6,manual_override,0.6,Chihuahua DATE OF RESULT: 12/17/25,Male,,1.0.0
4862912206fe94fe0b7be8a8c41c663e,4862912206fe94fe0b7be8a8c41c663e,aeb4589d9fda218ae169,IDEXX,baseline_historico,2024-04-20,4/20/24,4/20/24,Sin Limpieza/batch_210.pdf,batch_210.pdf,.,1.0,BOCA SERVICIOS VETERINARIOS,BOCA SERVICIOS VETERINARIOS,,,18.45,-69.6,manual_override,0.6,Shih Tzu,Female,2.0,1.0.0
960af05c229ad94ee55cf363efcc024c,960af05c229ad94ee55cf363efcc024c,5f089b70cd226515162e,IDEXX,baseline_historico,2024-04-20,4/20/24,4/20/24,Sin Limpieza/batch_210.pdf,batch_210.pdf,.,3.0,BOCA SERVICIOS VETERINARIOS,BOCA SERVICIOS VETERINARIOS,,,18.45,-69.6,manual_override,0.6,Shih Tzu,Male,4.0,1.0.0
8021cc435eaaa545d5ea1d670ef84e76,8021cc435eaaa545d5ea1d670ef84e76,3588f503250ae538d63e,IDEXX,baseline_historico,2024-04-19,4/19/24,4/19/24,Sin Limpieza/batch_210.pdf,batch_210.pdf,.,5.0,BOCA SERVICIOS VETERINARIOS,BOCA SERVICIOS VETERINARIOS,,,18.45,-69.6,manual_override,0.6,Yorkshire Terrier,Male,11.0,1.0.0
469a990d9ae7aa1beb57e9c4a07eb79b,469a990d9ae7aa1beb57e9c4a07eb79b,2874e002137dd3ee8375,IDEXX,baseline_historico,2024-04-18,4/18/24,4/18/24,Sin Limpieza/batch_210.pdf,batch_210.pdf,.,7.0,BOCA SERVICIOS VETERINARIOS,BOCA SERVICIOS VETERINARIOS,,,18.45,-69.6,manual_override,0.6,Boxer,Male,7.0,1.0.0
83ffdde73a6d905fd36fd2b4fde1ab2d,83ffdde73a6d905fd36fd2b4fde1ab2d,2566142325ceb8545e1d,IDEXX,baseline_historico,2024-04-18,4/18/24,4/18/24,Sin Limpieza/batch_210.pdf,batch_210.pdf,.,9.0,BOCA SERVICIOS VETERINARIOS,BOCA SERVICIOS VETERINARIOS,,,18.45,-69.6,manual_override,0.6,Bulldog,Male,11.0,1.0.0
114d908328006436b8d2e08cf34ecd1f,114d908328006436b8d2e08cf34ecd1f,40123340734f99db69f4,IDEXX,baseline_historico,2024-04-18,4/18/24,4/18/24,Sin Limpieza/batch_210.pdf,batch_210.pdf,.,11.0,BOCA SERVICIOS VETERINARIOS,BOCA SERVICIOS VETERINARIOS,,,18.45,-69.6,manual_override,0.6,"Canine, Other",Female,4.0,1.0.0
6f15e812af01f9fb30d32838b6abd32f,6f15e812af01f9fb30d32838b6abd32f,dacaa69f53dae4753e96,IDEXX,baseline_historico,2024-04-17,4/17/24,4/17/24,Sin Limpieza/batch_210.pdf,batch_210.pdf,.,13.0,BOCA SERVICIOS VETERINARIOS,BOCA SERVICIOS VETERINARIOS,,,18.45,-69.6,manual_override,0.6,Chihuahua,Female,6.0,1.0.0
0ef8f798aea7bbd75e5b8d4daa418180,0ef8f798aea7bbd75e5b8d4daa418180,5f089b70cd226515162e,IDEXX,baseline_historico,2024-04-17,4/17/24,4/17/24,Sin Limpieza/batch_210.pdf,batch_210.pdf,.,15.0,BOCA SERVICIOS VETERINARIOS,BOCA SERVICIOS VETERINARIOS,,,18.45,-69.6,manual_override,0.6,Shih Tzu,Male,4.0,1.0.0
d21ee5252d31a05f834d0dcaebf049af,d21ee5252d31a05f834d0dcaebf049af,e6eeb7e8eab7a4b87cd5,IDEXX,baseline_historico,2024-04-17,4/17/24,4/17/24,Sin Limpieza/batch_210.pdf,batch_210.pdf,.,17.0,BOCA SERVICIOS VETERINARIOS,BOCA SERVICIOS VETERINARIOS,,,18.45,-69.6,manual_override,0.6,Chihuahua,,12.0,1.0.0
0b6d88d36bf1850054d90eeed4caf711,0b6d88d36bf1850054d90eeed4caf711,7a71660ef2d7677572c3,IDEXX,baseline_historico,2024-04-15,4/15/24,4/15/24,Sin Limpieza/batch_210.pdf,batch_210.pdf,.,19.0,BOCA SERVICIOS VETERINARIOS,BOCA SERVICIOS VETERINARIOS,,,18.45,-69.6,manual_override,0.6,Golden Retriever,Male,2.0,1.0.0
850338c4e2c7f81049c05239a44a019f,850338c4e2c7f81049c05239a44a019f,403c5c77ee1337d2c030,IDEXX,baseline_historico,2024-03-14,3/14/24,3/14/24,Sin Limpieza/batch_211.pdf,batch_211.pdf,.,1.0,BOCA SERVICIOS VETERINARIOS,BOCA SERVICIOS VETERINARIOS,,,18.45,-69.6,manual_override,0.6,"Canine, Mixed Breed",Male,,1.0.0
b4fff8b29f4e815596fbb1765ba7d9ee,b4fff8b29f4e815596fbb1765ba7d9ee,da422b39993251e70f69,IDEXX,baseline_historico,2024-03-13,3/13/24,3/13/24,Sin Limpieza/batch_211.pdf,batch_211.pdf,.,3.0,BOCA SERVICIOS VETERINARIOS,BOCA SERVICIOS VETERINARIOS,,,18.45,-69.6,manual_override,0.6,"Canine, Mixed Breed",Female,2.0,1.0.0
694dec98aca94b77e3306be7fa5d745f,694dec98aca94b77e3306be7fa5d745f,a3ea243d60ffa2be7516,IDEXX,baseline_historico,2024-03-13,3/13/24,3/13/24,Sin Limpieza/batch_211.pdf,batch_211.pdf,.,5.0,BOCA SERVICIOS VETERINARIOS,BOCA SERVICIOS VETERINARIOS,,,18.45,-69.6,manual_override,0.6,Golden Retriever,Male,9.0,1.0.0
ba2da5c2c1f512c6a9a181d794129b93,ba2da5c2c1f512c6a9a181d794129b93,f8e64eb8d14c1a9820be,IDEXX,baseline_historico,2024-03-12,3/12/24,3/12/24,Sin Limpieza/batch_211.pdf,batch_211.pdf,.,7.0,BOCA SERVICIOS VETERINARIOS,BOCA SERVICIOS VETERINARIOS,,,18.45,-69.6,manual_override,0.6,Siberian Husky,Male,2.0,1.0.0
2494c815f0f83cd6424a89ee66319019,2494c815f0f83cd6424a89ee66319019,e373e5a7640fcce04d45,IDEXX,baseline_historico,2024-03-11,3/11/24,3/11/24,Sin Limpieza/batch_211.pdf,batch_211.pdf,.,9.0,BOCA SERVICIOS VETERINARIOS,BOCA SERVICIOS VETERINARIOS,,,18.45,-69.6,manual_override,0.6,Chihuahua,Female,9.0,1.0.0
c855ecaabf0d93b0b560dd12e89776b0,c855ecaabf0d93b0b560dd12e89776b0,b32303909d7944b5f41b,IDEXX,baseline_historico,2024-03-11,3/11/24,3/11/24,Sin Limpieza/batch_211.pdf,batch_211.pdf,.,11.0,BOCA SERVICIOS VETERINARIOS,BOCA SERVICIOS VETERINARIOS,,,18.45,-69.6,manual_override,0.6,Chihuahua,Female,6.0,1.0.0
b23a7854cc9c06c5bd7daedf98d6b9d6,b23a7854cc9c06c5bd7daedf98d6b9d6,bec53c1f4a3f1dca3bf5,IDEXX,baseline_historico,2024-03-11,3/11/24,3/11/24,Sin Limpieza/batch_211.pdf,batch_211.pdf,.,13.0,BOCA SERVICIOS VETERINARIOS,BOCA SERVICIOS VETERINARIOS,,,18.45,-69.6,manual_override,0.6,"Canine, Other",Male,4.0,1.0.0
10bf7d776c47b8cafc9e416278f749a7,10bf7d776c47b8cafc9e416278f749a7,2f4230179169ca8a2c7a,IDEXX,baseline_historico,2024-03-11,3/11/24,3/11/24,Sin Limpieza/batch_211.pdf,batch_211.pdf,.,15.0,BOCA SERVICIOS VETERINARIOS,BOCA SERVICIOS VETERINARIOS,,,18.45,-69.6,manual_override,0.6,"Canine, Mixed Breed",Male,13.0,1.0.0
4d3be34f101b3e9cba14f9ba3d21ba0b,4d3be34f101b3e9cba14f9ba3d21ba0b,f8e64eb8d14c1a9820be,IDEXX,baseline_historico,2024-03-09,3/9/24,3/9/24,Sin Limpieza/batch_211.pdf,batch_211.pdf,.,19.0,BOCA SERVICIOS VETERINARIOS,BOCA SERVICIOS VETERINARIOS,,,18.45,-69.6,manual_override,0.6,Siberian Husky,Male,2.0,1.0.0
7a5e42e476b94328584f2edb78810b4d,7a5e42e476b94328584f2edb78810b4d,bb9dc6db25317784f0fd,IDEXX,baseline_historico,2024-04-27,4/27/24,4/27/24,Sin Limpieza/batch_212.pdf,batch_212.pdf,.,1.0,BOCA SERVICIOS VETERINARIOS,BOCA SERVICIOS VETERINARIOS,,,18.45,-69.6,manual_override,0.6,Bulldog,Female,13.0,1.0.0
2e2887244c66e3a1d49038c37eb03e66,2e2887244c66e3a1d49038c37eb03e66,153202e73630b72ebabe,IDEXX,baseline_historico,2024-04-26,4/26/24,4/26/24,Sin Limpieza/batch_212.pdf,batch_212.pdf,.,3.0,BOCA SERVICIOS VETERINARIOS,BOCA SERVICIOS VETERINARIOS,,,18.45,-69.6,manual_override,0.6,"Canine, Mixed Breed",Male,12.0,1.0.0
1c61c039bd6ac0530a1f9d72d39a4ded,1c61c039bd6ac0530a1f9d72d39a4ded,7a71660ef2d7677572c3,IDEXX,baseline_historico,2024-04-26,4/26/24,4/26/24,Sin Limpieza/batch_212.pdf,batch_212.pdf,.,5.0,BOCA SERVICIOS VETERINARIOS,BOCA SERVICIOS VETERINARIOS,,,18.45,-69.6,manual_override,0.6,Golden Retriever,Male,2.0,1.0.0
c600d3a45394e5997b0072302d64b249,c600d3a45394e5997b0072302d64b249,f6ba2949a976460b7723,IDEXX,baseline_historico,2024-04-25,4/25/24,4/25/24,Sin Limpieza/batch_212.pdf,batch_212.pdf,.,7.0,BOCA SERVICIOS VETERINARIOS,BOCA SERVICIOS VETERINARIOS,,,18.45,-69.6,manual_override,0.6,Chihuahua,Male,4.0,1.0.0
4df4f24f0e659f940f31d7dd3eae4b79,4df4f24f0e659f940f31d7dd3eae4b79,7c1b55b08fd0ef966c2e,IDEXX,baseline_historico,2024-04-25,4/25/24,4/25/24,Sin Limpieza/batch_212.pdf,batch_212.pdf,.,9.0,BOCA SERVICIOS VETERINARIOS,BOCA SERVICIOS VETERINARIOS,,,18.45,-69.6,manual_override,0.6,"Canine, Mixed Breed",Female,5.0,1.0.0
4a77f5ba0f4c84f55f1de1827d27aaab,4a77f5ba0f4c84f55f1de1827d27aaab,eebe963dadbb190814ff,IDEXX,baseline_historico,2024-04-25,4/25/24,4/25/24,Sin Limpieza/batch_212.pdf,batch_212.pdf,.,13.0,BOCA SERVICIOS VETERINARIOS,BOCA SERVICIOS VETERINARIOS,,,18.45,-69.6,manual_override,0.6,Bulldog,Female,8.0,1.0.0
ce9bfff42a6da83ee25ef6581e7d4abe,ce9bfff42a6da83ee25ef6581e7d4abe,27e322592f08dba58fa6,IDEXX,baseline_historico,2024-04-24,4/24/24,4/24/24,Sin Limpieza/batch_212.pdf,batch_212.pdf,.,15.0,BOCA SERVICIOS VETERINARIOS,BOCA SERVICIOS VETERINARIOS,,,18.45,-69.6,manual_override,0.6,"Canine, Mixed Breed",Female,3.0,1.0.0
5cf661ac0475f815f60d3fd57f3ec69d,5cf661ac0475f815f60d3fd57f3ec69d,5f089b70cd226515162e,IDEXX,baseline_historico,2024-04-24,4/24/24,4/24/24,Sin Limpieza/batch_212.pdf,batch_212.pdf,.,17.0,BOCA SERVICIOS VETERINARIOS,BOCA SERVICIOS VETERINARIOS,,,18.45,-69.6,manual_override,0.6,Shih Tzu,Male,4.0,1.0.0
3efd1d7ef919b73781d3e8441236b2ce,3efd1d7ef919b73781d3e8441236b2ce,d7f3a2a666ef46a292fb,IDEXX,baseline_historico,2024-04-24,4/24/24,4/24/24,Sin Limpieza/batch_212.pdf,batch_212.pdf,.,19.0,BOCA SERVICIOS VETERINARIOS,BOCA SERVICIOS VETERINARIOS,,,18.45,-69.6,manual_override,0.6,Pomeranian,Female,2.0,1.0.0
b208021242ea3252d359d061b7ca5a2d,b208021242ea3252d359d061b7ca5a2d,29896f703a7bc8bffc91,IDEXX,baseline_historico,2024-03-08,3/8/24,3/8/24,Sin Limpieza/batch_213.pdf,batch_213.pdf,.,1.0,BOCA SERVICIOS VETERINARIOS,BOCA SERVICIOS VETERINARIOS,,,18.45,-69.6,manual_override,0.6,Doberman Pinscher,Female,2.0,1.0.0
1bd06e55aaa8feaaa37bb6621ccc08d1,1bd06e55aaa8feaaa37bb6621ccc08d1,042db1b161a994ed7bc9,IDEXX,baseline_historico,2024-03-08,3/8/24,3/8/24,Sin Limpieza/batch_213.pdf,batch_213.pdf,.,5.0,BOCA SERVICIOS VETERINARIOS,BOCA SERVICIOS VETERINARIOS,,,18.45,-69.6,manual_override,0.6,Shih Tzu,Female,3.0,1.0.0
09a4b0e8cb709ce71acc5b339377f208,09a4b0e8cb709ce71acc5b339377f208,3c2ac0b5139a6525e0cb,IDEXX,baseline_historico,2024-03-08,3/8/24,3/8/24,Sin Limpieza/batch_213.pdf,batch_213.pdf,.,7.0,BOCA SERVICIOS VETERINARIOS,BOCA SERVICIOS VETERINARIOS,,,18.45,-69.6,manual_override,0.6,German Shepherd,Female,,1.0.0
8bc83bcd96c0c0ff681d41f12e3edb06,8bc83bcd96c0c0ff681d41f12e3edb06,3e022921739cc4ffbb9b,IDEXX,baseline_historico,2024-03-06,3/6/24,3/6/24,Sin Limpieza/batch_213.pdf,batch_213.pdf,.,9.0,BOCA SERVICIOS VETERINARIOS,BOCA SERVICIOS VETERINARIOS,,,18.45,-69.6,manual_override,0.6,Siberian Husky,Female,10.0,1.0.0
aaca2c0077fe1411d84b3d4c0176e65c,aaca2c0077fe1411d84b3d4c0176e65c,643669db1c7e9d8bcdb2,IDEXX,baseline_historico,2024-03-04,3/4/24,3/4/24,Sin Limpieza/batch_213.pdf,batch_213.pdf,.,13.0,BOCA SERVICIOS VETERINARIOS,BOCA SERVICIOS VETERINARIOS,,,18.45,-69.6,manual_override,0.6,German Shepherd,Male,,1.0.0
82f2113c695cdf381a2690603b20adce,82f2113c695cdf381a2690603b20adce,c53cd17ccde0716fb795,IDEXX,baseline_historico,2024-03-04,3/4/24,3/4/24,Sin Limpieza/batch_213.pdf,batch_213.pdf,.,15.0,BOCA SERVICIOS VETERINARIOS,BOCA SERVICIOS VETERINARIOS,,,18.45,-69.6,manual_override,0.6,"Canine, Mixed Breed",Female,13.0,1.0.0
a31242d61d7ea50f3ac4a32933cb65e7,a31242d61d7ea50f3ac4a32933cb65e7,403c5c77ee1337d2c030,IDEXX,baseline_historico,2024-03-04,3/4/24,3/4/24,Sin Limpieza/batch_213.pdf,batch_213.pdf,.,17.0,BOCA SERVICIOS VETERINARIOS,BOCA SERVICIOS VETERINARIOS,,,18.45,-69.6,manual_override,0.6,"Canine, Mixed Breed",Male,,1.0.0
686d6f28cccb38f6c92da27f59f28bf9,686d6f28cccb38f6c92da27f59f28bf9,7df76296fa9775a01360,IDEXX,baseline_historico,2024-04-23,4/23/24,4/23/24,Sin Limpieza/batch_214.pdf,batch_214.pdf,.,1.0,BOCA SERVICIOS VETERINARIOS,BOCA SERVICIOS VETERINARIOS,,,18.45,-69.6,manual_override,0.6,"Canine, Mixed Breed",Female,,1.0.0
0e4b137f0640fc26a078a8847aebff90,0e4b137f0640fc26a078a8847aebff90,c87a32de5090457651f2,IDEXX,baseline_historico,2024-04-23,4/23/24,4/23/24,Sin Limpieza/batch_214.pdf,batch_214.pdf,.,3.0,BOCA SERVICIOS VETERINARIOS,BOCA SERVICIOS VETERINARIOS,,,18.45,-69.6,manual_override,0.6,German Shepherd,Female,2.0,1.0.0
f164a9e69115fed841ddd6581897797c,f164a9e69115fed841ddd6581897797c,b5f0140f151f899a01cb,IDEXX,baseline_historico,2024-04-23,4/23/24,4/23/24,Sin Limpieza/batch_214.pdf,batch_214.pdf,.,7.0,BOCA SERVICIOS VETERINARIOS,BOCA SERVICIOS VETERINARIOS,,,18.45,-69.6,manual_override,0.6,"Canine, Other DATE OF RESULT: 4/23/24",Female,7.0,1.0.0
9974fb5a468fbf2d4552f046d1856ee1,9974fb5a468fbf2d4552f046d1856ee1,67e0e4894a717d15a2e3,IDEXX,baseline_historico,2024-04-23,4/23/24,4/23/24,Sin Limpieza/batch_214.pdf,batch_214.pdf,.,9.0,BOCA SERVICIOS VETERINARIOS,BOCA SERVICIOS VETERINARIOS,,,18.45,-69.6,manual_override,0.6,Pomeranian,Female,13.0,1.0.0
6be167fc798b0f1f8e067375203d0282,6be167fc798b0f1f8e067375203d0282,a268ba3994175f0d8e1d,IDEXX,baseline_historico,2024-04-22,4/22/24,4/22/24,Sin Limpieza/batch_214.pdf,batch_214.pdf,.,11.0,BOCA SERVICIOS VETERINARIOS,BOCA SERVICIOS VETERINARIOS,,,18.45,-69.6,manual_override,0.6,"Canine, Mixed Breed",Female,,1.0.0
88e18e2a4ab1c6e8c45e154cba935dab,88e18e2a4ab1c6e8c45e154cba935dab,7a4c48c034d1bfe02056,IDEXX,baseline_historico,2024-04-22,4/22/24,4/22/24,Sin Limpieza/batch_214.pdf,batch_214.pdf,.,13.0,BOCA SERVICIOS VETERINARIOS,BOCA SERVICIOS VETERINARIOS,,,18.45,-69.6,manual_override,0.6,Chow Chow,Male,2.0,1.0.0
4c5efab4ef7f7f7b398fe655740e1995,4c5efab4ef7f7f7b398fe655740e1995,26d1143e830cf7531c9f,IDEXX,baseline_historico,2024-04-22,4/22/24,4/22/24,Sin Limpieza/batch_214.pdf,batch_214.pdf,.,15.0,BOCA SERVICIOS VETERINARIOS,BOCA SERVICIOS VETERINARIOS,,,18.45,-69.6,manual_override,0.6,Yorkshire Terrier,Female,5.0,1.0.0
48eeebb224f9e041e2435fab7b445a72,48eeebb224f9e041e2435fab7b445a72,26d1143e830cf7531c9f,IDEXX,baseline_historico,2024-04-21,4/21/24,4/21/24,Sin Limpieza/batch_214.pdf,batch_214.pdf,.,17.0,BOCA SERVICIOS VETERINARIOS,BOCA SERVICIOS VETERINARIOS,,,18.45,-69.6,manual_override,0.6,Yorkshire Terrier,Female,,1.0.0
dd878952033bea28b9351e7587b42fe2,dd878952033bea28b9351e7587b42fe2,22691568a1368bac9fa7,IDEXX,baseline_historico,2024-04-21,4/21/24,4/21/24,Sin Limpieza/batch_214.pdf,batch_214.pdf,.,19.0,BOCA SERVICIOS VETERINARIOS,BOCA SERVICIOS VETERINARIOS,,,18.45,-69.6,manual_override,0.6,Pomeranian,Female,,1.0.0
8737106f462b33bb21b313ea5c980d96,8737106f462b33bb21b313ea5c980d96,fd2bbc129744bb53c824,IDEXX,baseline_historico,2024-04-12,4/12/24,4/12/24,Sin Limpieza/batch_215.pdf,batch_215.pdf,.,1.0,BOCA SERVICIOS VETERINARIOS,BOCA SERVICIOS VETERINARIOS,,,18.45,-69.6,manual_override,0.6,Bulldog,Female,2.0,1.0.0
15fae3cb3ce58f207bcecba8ecb824ac,15fae3cb3ce58f207bcecba8ecb824ac,ca83fa4888f937e5c6a3,IDEXX,baseline_historico,2024-04-11,4/11/24,4/11/24,Sin Limpieza/batch_215.pdf,batch_215.pdf,.,3.0,BOCA SERVICIOS VETERINARIOS,BOCA SERVICIOS VETERINARIOS,,,18.45,-69.6,manual_override,0.6,Siberian Husky,Male,2.0,1.0.0
feb82c70cb9b389da4a89bde4a9b8688,feb82c70cb9b389da4a89bde4a9b8688,7da42eb2f03228835610,IDEXX,baseline_historico,2024-04-11,4/11/24,4/11/24,Sin Limpieza/batch_215.pdf,batch_215.pdf,.,5.0,BOCA SERVICIOS VETERINARIOS,BOCA SERVICIOS VETERINARIOS,,,18.45,-69.6,manual_override,0.6,Yorkshire Terrier,Female,6.0,1.0.0
966ac83846f86c34208b953e90085d89,966ac83846f86c34208b953e90085d89,093ffe77fe79c7ca86c3,IDEXX,baseline_historico,2024-04-11,4/11/24,4/11/24,Sin Limpieza/batch_215.pdf,batch_215.pdf,.,7.0,BOCA SERVICIOS VETERINARIOS,BOCA SERVICIOS VETERINARIOS,,,18.45,-69.6,manual_override,0.6,Maltese,Female,2.0,1.0.0
eade2b26fe455f428129c36dc326ea0d,eade2b26fe455f428129c36dc326ea0d,d78410d7c264b8ec6c8d,IDEXX,baseline_historico,2024-04-11,4/11/24,4/11/24,Sin Limpieza/batch_215.pdf,batch_215.pdf,.,9.0,BOCA SERVICIOS VETERINARIOS,BOCA SERVICIOS VETERINARIOS,,,18.45,-69.6,manual_override,0.6,Bulldog,Male,4.0,1.0.0
93840fb5aaf542af809bf80e4cc4f7d7,93840fb5aaf542af809bf80e4cc4f7d7,5f7679da823f19203e7d,IDEXX,baseline_historico,2024-04-10,4/10/24,4/10/24,Sin Limpieza/batch_215.pdf,batch_215.pdf,.,11.0,BOCA SERVICIOS VETERINARIOS,BOCA SERVICIOS VETERINARIOS,,,18.45,-69.6,manual_override,0.6,"Cocker Spaniel, American",Male,3.0,1.0.0
5d62515dc99757d88d3f4087cb030fc3,5d62515dc99757d88d3f4087cb030fc3,f8aaacffab8c2558197e,IDEXX,baseline_historico,2024-04-10,4/10/24,4/10/24,Sin Limpieza/batch_215.pdf,batch_215.pdf,.,13.0,BOCA SERVICIOS VETERINARIOS,BOCA SERVICIOS VETERINARIOS,,,18.45,-69.6,manual_override,0.6,"Canine, Mixed Breed",Female,2.0,1.0.0
3bb2fca7e35a9888653f4e8a8c9e0787,3bb2fca7e35a9888653f4e8a8c9e0787,2623a375336c767f0fbf,IDEXX,baseline_historico,2024-04-15,4/15/24,4/15/24,Sin Limpieza/batch_216.pdf,batch_216.pdf,.,1.0,BOCA SERVICIOS VETERINARIOS,BOCA SERVICIOS VETERINARIOS,,,18.45,-69.6,manual_override,0.6,"Canine, Mixed Breed",Female,8.0,1.0.0
c098cd2436d6e6670cd117ce65116e06,c098cd2436d6e6670cd117ce65116e06,d303f12b9df2d080eda6,IDEXX,baseline_historico,2024-04-15,4/15/24,4/15/24,Sin Limpieza/batch_216.pdf,batch_216.pdf,.,3.0,BOCA SERVICIOS VETERINARIOS,BOCA SERVICIOS VETERINARIOS,,,18.45,-69.6,manual_override,0.6,Yorkshire Terrier,Male,3.0,1.0.0
2daeac9e3df0e2c9d9a9c07f7094f94c,2daeac9e3df0e2c9d9a9c07f7094f94c,36cab45ad54ec609892c,IDEXX,baseline_historico,2024-04-15,4/15/24,4/15/24,Sin Limpieza/batch_216.pdf,batch_216.pdf,.,5.0,BOCA SERVICIOS VETERINARIOS,BOCA SERVICIOS VETERINARIOS,,,18.45,-69.6,manual_override,0.6,Poodle,Female,12.0,1.0.0
28bc89643be3a6b686b3ced90aa7ecb6,28bc89643be3a6b686b3ced90aa7ecb6,93db7e38e01f65aa09f5,IDEXX,baseline_historico,2024-04-14,4/14/24,4/14/24,Sin Limpieza/batch_216.pdf,batch_216.pdf,.,7.0,BOCA SERVICIOS VETERINARIOS,BOCA SERVICIOS VETERINARIOS,,,18.45,-69.6,manual_override,0.6,Shih Tzu,Female,16.0,1.0.0
9e31f54b77ce2b084b02433a31fc0e63,9e31f54b77ce2b084b02433a31fc0e63,62d74a65ff74a9e7f1e4,IDEXX,baseline_historico,2024-04-13,4/13/24,4/13/24,Sin Limpieza/batch_216.pdf,batch_216.pdf,.,9.0,BOCA SERVICIOS VETERINARIOS,BOCA SERVICIOS VETERINARIOS,,,18.45,-69.6,manual_override,0.6,"Canine, Mixed Breed",Male,17.0,1.0.0
f0411466c21d5758127cd5e58c1a2807,f0411466c21d5758127cd5e58c1a2807,c1c1991989422424d5fd,IDEXX,baseline_historico,2024-04-13,4/13/24,4/13/24,Sin Limpieza/batch_216.pdf,batch_216.pdf,.,11.0,BOCA SERVICIOS VETERINARIOS,BOCA SERVICIOS VETERINARIOS,,,18.45,-69.6,manual_override,0.6,Bulldog,Male,,1.0.0
169b4715221e1acf4c56f9a07f33b050,169b4715221e1acf4c56f9a07f33b050,de6cd5e0d28813e3e800,IDEXX,baseline_historico,2024-04-13,4/13/24,4/13/24,Sin Limpieza/batch_216.pdf,batch_216.pdf,.,13.0,BOCA SERVICIOS VETERINARIOS,BOCA SERVICIOS VETERINARIOS,,,18.45,-69.6,manual_override,0.6,Chihuahua,Male,,1.0.0
6eca4c112a49c4b9486b2e094f144405,6eca4c112a49c4b9486b2e094f144405,d78410d7c264b8ec6c8d,IDEXX,baseline_historico,2024-04-13,4/13/24,4/13/24,Sin Limpieza/batch_216.pdf,batch_216.pdf,.,15.0,BOCA SERVICIOS VETERINARIOS,BOCA SERVICIOS VETERINARIOS,,,18.45,-69.6,manual_override,0.6,Bulldog,Male,4.0,1.0.0
305471a19c7ef3d04fe7848705b2b87a,305471a19c7ef3d04fe7848705b2b87a,c53cd17ccde0716fb795,IDEXX,baseline_historico,2024-04-12,4/12/24,4/12/24,Sin Limpieza/batch_216.pdf,batch_216.pdf,.,17.0,BOCA SERVICIOS VETERINARIOS,BOCA SERVICIOS VETERINARIOS,,,18.45,-69.6,manual_override,0.6,"Canine, Mixed Breed",Female,13.0,1.0.0
03fd8617ae104126eb4a1142cb0af6aa,03fd8617ae104126eb4a1142cb0af6aa,0f2ba08f613e51f741f5,IDEXX,baseline_historico,2024-04-12,4/12/24,4/12/24,Sin Limpieza/batch_216.pdf,batch_216.pdf,.,19.0,BOCA SERVICIOS VETERINARIOS,BOCA SERVICIOS VETERINARIOS,,,18.45,-69.6,manual_override,0.6,"Canine, Mixed Breed",Female,2.0,1.0.0
65cdd883fb1ffe4fdb4ea53447909051,65cdd883fb1ffe4fdb4ea53447909051,e4fa18d0558ed71a770d,IDEXX,baseline_historico,2024-05-04,5/4/24,5/4/24,Sin Limpieza/batch_217.pdf,batch_217.pdf,.,1.0,BOCA SERVICIOS VETERINARIOS,BOCA SERVICIOS VETERINARIOS,,,18.45,-69.6,manual_override,0.6,"Canine, Mixed Breed",Male,8.0,1.0.0
06a88deb33f8c819b04d4aeab1975cbd,06a88deb33f8c819b04d4aeab1975cbd,b8238687a252e40885d9,IDEXX,baseline_historico,2024-05-04,5/4/24,5/4/24,Sin Limpieza/batch_217.pdf,batch_217.pdf,.,3.0,BOCA SERVICIOS VETERINARIOS,BOCA SERVICIOS VETERINARIOS,,,18.45,-69.6,manual_override,0.6,"Canine, Other",Female,5.0,1.0.0
00335ebb15bbf7d599fc50d309ae0e06,00335ebb15bbf7d599fc50d309ae0e06,046fce6ab9414de2ba0e,IDEXX,baseline_historico,2024-05-03,5/3/24,5/3/24,Sin Limpieza/batch_217.pdf,batch_217.pdf,.,5.0,BOCA SERVICIOS VETERINARIOS,BOCA SERVICIOS VETERINARIOS,,,18.45,-69.6,manual_override,0.6,"Canine, Other",Male,,1.0.0
69f4a37ca5dedddb790ddc03156091fd,69f4a37ca5dedddb790ddc03156091fd,26d1143e830cf7531c9f,IDEXX,baseline_historico,2024-05-02,5/2/24,5/2/24,Sin Limpieza/batch_217.pdf,batch_217.pdf,.,7.0,BOCA SERVICIOS VETERINARIOS,BOCA SERVICIOS VETERINARIOS,,,18.45,-69.6,manual_override,0.6,Yorkshire Terrier,Female,5.0,1.0.0
12cad50709b2dd4bcaa9dc6d9d91e800,12cad50709b2dd4bcaa9dc6d9d91e800,f6ba2949a976460b7723,IDEXX,baseline_historico,2024-04-30,4/30/24,4/30/24,Sin Limpieza/batch_217.pdf,batch_217.pdf,.,9.0,BOCA SERVICIOS VETERINARIOS,BOCA SERVICIOS VETERINARIOS,,,18.45,-69.6,manual_override,0.6,Chihuahua,Male,4.0,1.0.0
c0753d8ad19e7aa029c954eca9285931,c0753d8ad19e7aa029c954eca9285931,84a60f4ec5dee7482f94,IDEXX,baseline_historico,2024-04-30,4/30/24,4/30/24,Sin Limpieza/batch_217.pdf,batch_217.pdf,.,11.0,BOCA SERVICIOS VETERINARIOS,BOCA SERVICIOS VETERINARIOS,,,18.45,-69.6,manual_override,0.6,"Canine, Mixed Breed",Female,11.0,1.0.0
d7b60c5f4a6889abdc059490b9a7202e,d7b60c5f4a6889abdc059490b9a7202e,7f86b62ab258160ae1ee,IDEXX,baseline_historico,2024-04-30,4/30/24,4/30/24,Sin Limpieza/batch_217.pdf,batch_217.pdf,.,13.0,BOCA SERVICIOS VETERINARIOS,BOCA SERVICIOS VETERINARIOS,,,18.45,-69.6,manual_override,0.6,Chihuahua,Female,,1.0.0
eaaacd3d02ea2b2b26dcc61b3c1437f6,eaaacd3d02ea2b2b26dcc61b3c1437f6,b92ecc9d3eecb4eca7a5,IDEXX,baseline_historico,2024-04-28,4/28/24,4/28/24,Sin Limpieza/batch_217.pdf,batch_217.pdf,.,15.0,BOCA SERVICIOS VETERINARIOS,BOCA SERVICIOS VETERINARIOS,,,18.45,-69.6,manual_override,0.6,Smooth Hair Fox Terrier,Female,14.0,1.0.0
303c59102c709c4066c4c13ce209ff3b,303c59102c709c4066c4c13ce209ff3b,05a63b9fdf56217fee0a,IDEXX,baseline_historico,2024-04-28,4/28/24,4/28/24,Sin Limpieza/batch_217.pdf,batch_217.pdf,.,17.0,BOCA SERVICIOS VETERINARIOS,BOCA SERVICIOS VETERINARIOS,,,18.45,-69.6,manual_override,0.6,Yorkshire Terrier,Female,8.0,1.0.0
c5f3c509004f71da38ec2cf6db3b36cb,c5f3c509004f71da38ec2cf6db3b36cb,5f7679da823f19203e7d,IDEXX,baseline_historico,2024-04-27,4/27/24,4/27/24,Sin Limpieza/batch_217.pdf,batch_217.pdf,.,19.0,BOCA SERVICIOS VETERINARIOS,BOCA SERVICIOS VETERINARIOS,,,18.45,-69.6,manual_override,0.6,"Cocker Spaniel, American",Male,3.0,1.0.0
8e236237953dfba66f3043e90db52498,8e236237953dfba66f3043e90db52498,463c28af806fa8084791,IDEXX,baseline_historico,2024-02-09,2/9/24,2/9/24,Sin Limpieza/batch_218.pdf,batch_218.pdf,.,1.0,BOCA SERVICIOS VETERINARIOS,BOCA SERVICIOS VETERINARIOS,,,18.45,-69.6,manual_override,0.6,Belgian Sheepdog,Female,3.0,1.0.0
ea6f203802dd78b5e7ce1b12570dc1db,ea6f203802dd78b5e7ce1b12570dc1db,cb874af720422ca25155,IDEXX,baseline_historico,2024-02-09,2/9/24,2/9/24,Sin Limpieza/batch_218.pdf,batch_218.pdf,.,3.0,BOCA SERVICIOS VETERINARIOS,BOCA SERVICIOS VETERINARIOS,,,18.45,-69.6,manual_override,0.6,"Cocker Spaniel, American",Male,7.0,1.0.0
82109eb54d5c53ed189ecbdc72945cd2,82109eb54d5c53ed189ecbdc72945cd2,bb5023210da14ede8b76,IDEXX,baseline_historico,2024-02-08,2/8/24,2/8/24,Sin Limpieza/batch_218.pdf,batch_218.pdf,.,5.0,BOCA SERVICIOS VETERINARIOS,BOCA SERVICIOS VETERINARIOS,,,18.45,-69.6,manual_override,0.6,Chihuahua,Female,7.0,1.0.0
9a794bcb2b1ea653abffc94ae72ae1fe,9a794bcb2b1ea653abffc94ae72ae1fe,89f11939d5f004dfb38a,IDEXX,baseline_historico,2024-02-07,2/7/24,2/7/24,Sin Limpieza/batch_218.pdf,batch_218.pdf,.,7.0,BOCA SERVICIOS VETERINARIOS,BOCA SERVICIOS VETERINARIOS,,,18.45,-69.6,manual_override,0.6,"Canine, Other",Female,3.0,1.0.0
5f3d36503ac1cf3dfec5007941e74397,5f3d36503ac1cf3dfec5007941e74397,f8a889b1ac2b1e58c9ea,IDEXX,baseline_historico,2024-02-07,2/7/24,2/7/24,Sin Limpieza/batch_218.pdf,batch_218.pdf,.,9.0,BOCA SERVICIOS VETERINARIOS,BOCA SERVICIOS VETERINARIOS,,,18.45,-69.6,manual_override,0.6,"Canine, Mixed Breed",Male,,1.0.0
5596498b63542dd286b1925c1e798c96,5596498b63542dd286b1925c1e798c96,5cf4b1fe60fd8b8436d2,IDEXX,baseline_historico,2024-02-07,2/7/24,2/7/24,Sin Limpieza/batch_218.pdf,batch_218.pdf,.,11.0,BOCA SERVICIOS VETERINARIOS,BOCA SERVICIOS VETERINARIOS,,,18.45,-69.6,manual_override,0.6,Pomeranian,Male,9.0,1.0.0
a8a87b7816d4ba9e986e6538218e1e9d,a8a87b7816d4ba9e986e6538218e1e9d,db0e408b3e4ca86d5300,IDEXX,baseline_historico,2024-05-13,5/13/24,5/13/24,Sin Limpieza/batch_219.pdf,batch_219.pdf,.,1.0,BOCA SERVICIOS VETERINARIOS,BOCA SERVICIOS VETERINARIOS,,,18.45,-69.6,manual_override,0.6,Other,Female,8.0,1.0.0
87e08aa51e5b794794d72e1be2ffb889,87e08aa51e5b794794d72e1be2ffb889,b13418bda7a5747d6f62,IDEXX,baseline_historico,2024-05-10,5/10/24,5/10/24,Sin Limpieza/batch_219.pdf,batch_219.pdf,.,3.0,BOCA SERVICIOS VETERINARIOS,BOCA SERVICIOS VETERINARIOS,,,18.45,-69.6,manual_override,0.6,Pug,Female,11.0,1.0.0
03301d5100685197c5340531bb81b3ac,03301d5100685197c5340531bb81b3ac,fe990796cd49db4b5f7a,IDEXX,baseline_historico,2024-05-09,5/9/24,5/9/24,Sin Limpieza/batch_219.pdf,batch_219.pdf,.,5.0,BOCA SERVICIOS VETERINARIOS,BOCA SERVICIOS VETERINARIOS,,,18.45,-69.6,manual_override,0.6,Shih Tzu,Female,5.0,1.0.0
1e3b12481aed9c5b909f54d9c073de5f,1e3b12481aed9c5b909f54d9c073de5f,f92982a242cf874be2dd,IDEXX,baseline_historico,2024-05-08,5/8/24,5/8/24,Sin Limpieza/batch_219.pdf,batch_219.pdf,.,7.0,BOCA SERVICIOS VETERINARIOS,BOCA SERVICIOS VETERINARIOS,,,18.45,-69.6,manual_override,0.6,Chihuahua,,,1.0.0
aeaa3e4a5bda2d6bf92c0001b6151c19,aeaa3e4a5bda2d6bf92c0001b6151c19,1586e3094aa41efd3b2d,IDEXX,baseline_historico,2024-05-07,5/7/24,5/7/24,Sin Limpieza/batch_219.pdf,batch_219.pdf,.,9.0,BOCA SERVICIOS VETERINARIOS,BOCA SERVICIOS VETERINARIOS,,,18.45,-69.6,manual_override,0.6,Pekingese,Female,,1.0.0
6452f7576969181d9c24f3c32f0e1a49,6452f7576969181d9c24f3c32f0e1a49,03e736cb780b94409318,IDEXX,baseline_historico,2024-05-07,5/7/24,5/7/24,Sin Limpieza/batch_219.pdf,batch_219.pdf,.,11.0,BOCA SERVICIOS VETERINARIOS,BOCA SERVICIOS VETERINARIOS,,,18.45,-69.6,manual_override,0.6,Yorkshire Terrier DATE OF RESULT: 5/7/24,Female,13.0,1.0.0
915257263ea1794da0cbeadb52c9e73d,915257263ea1794da0cbeadb52c9e73d,1cd589a07a7c4f9ee8ca,IDEXX,baseline_historico,2024-05-07,5/7/24,5/7/24,Sin Limpieza/batch_219.pdf,batch_219.pdf,.,13.0,BOCA SERVICIOS VETERINARIOS,BOCA SERVICIOS VETERINARIOS,,,18.45,-69.6,manual_override,0.6,"Canine, Mixed Breed",Male,9.0,1.0.0
100cdf0361edff5bd7039eebc24dfaea,100cdf0361edff5bd7039eebc24dfaea,d043207d8ef91eeda3dd,IDEXX,baseline_historico,2024-05-06,5/6/24,5/6/24,Sin Limpieza/batch_219.pdf,batch_219.pdf,.,15.0,BOCA SERVICIOS VETERINARIOS,BOCA SERVICIOS VETERINARIOS,,,18.45,-69.6,manual_override,0.6,Boxer,,2.0,1.0.0
b7e03d6c1e56c03fb2399df2091b72e9,b7e03d6c1e56c03fb2399df2091b72e9,b4ba832ba53a1e736139,IDEXX,baseline_historico,2024-05-04,5/4/24,5/4/24,Sin Limpieza/batch_219.pdf,batch_219.pdf,.,17.0,BOCA SERVICIOS VETERINARIOS,BOCA SERVICIOS VETERINARIOS,,,18.45,-69.6,manual_override,0.6,Yorkshire Terrier,Female,2.0,1.0.0
714baf48334a5bed63a4abeb776cc0c0,714baf48334a5bed63a4abeb776cc0c0,d043207d8ef91eeda3dd,IDEXX,baseline_historico,2024-05-04,5/4/24,5/4/24,Sin Limpieza/batch_219.pdf,batch_219.pdf,.,19.0,BOCA SERVICIOS VETERINARIOS,BOCA SERVICIOS VETERINARIOS,,,18.45,-69.6,manual_override,0.6,Boxer,,2.0,1.0.0
6e182de777f1dc4f53ec07845b6ef228,6e182de777f1dc4f53ec07845b6ef228,2468b45ec3349c13ae77,IDEXX,baseline_historico,2025-12-05,12/5/25,12/5/25,Sin Limpieza/batch_22.pdf,batch_22.pdf,.,1.0,BOCA SERVICIOS VETERINARIOS,BOCA SERVICIOS VETERINARIOS,,,18.45,-69.6,manual_override,0.6,Mixed,Male,,1.0.0
7d7169e6db3d11a64c7459adb6fbb365,7d7169e6db3d11a64c7459adb6fbb365,cec1c9a2393c2776c5f3,IDEXX,baseline_historico,2025-11-28,11/28/25,11/28/25,Sin Limpieza/batch_22.pdf,batch_22.pdf,.,5.0,BOCA SERVICIOS VETERINARIOS,BOCA SERVICIOS VETERINARIOS,,,18.45,-69.6,manual_override,0.6,"Canine, Other",Female,,1.0.0
3a7da594a27de7e9fe3aeda46fd9ee78,3a7da594a27de7e9fe3aeda46fd9ee78,a95f12dc1cc9bd0919bf,IDEXX,baseline_historico,2025-11-27,11/27/25,11/27/25,Sin Limpieza/batch_22.pdf,batch_22.pdf,.,7.0,BOCA SERVICIOS VETERINARIOS,BOCA SERVICIOS VETERINARIOS,,,18.45,-69.6,manual_override,0.6,Chow Chow,Male,12.0,1.0.0
3dfbeca0482a0456c9775a8088827ec6,3dfbeca0482a0456c9775a8088827ec6,b20ef19240c9a2584373,IDEXX,baseline_historico,2025-11-27,11/27/25,11/27/25,Sin Limpieza/batch_22.pdf,batch_22.pdf,.,9.0,BOCA SERVICIOS VETERINARIOS,BOCA SERVICIOS VETERINARIOS,,,18.45,-69.6,manual_override,0.6,"Canine, Mixed Breed",Male,,1.0.0
a6a495591db2ac53c383ae78a25de932,a6a495591db2ac53c383ae78a25de932,e52fbf93cc8369cde5a3,IDEXX,baseline_historico,2025-11-26,11/26/25,11/26/25,Sin Limpieza/batch_22.pdf,batch_22.pdf,.,11.0,BOCA SERVICIOS VETERINARIOS,BOCA SERVICIOS VETERINARIOS,,,18.45,-69.6,manual_override,0.6,Poodle,Male,0.42,1.0.0
20d6a17e0bcf4d2e9b282b82d87919bc,20d6a17e0bcf4d2e9b282b82d87919bc,ea9e742fbdb9b074e100,IDEXX,baseline_historico,2025-11-25,11/25/25,11/25/25,Sin Limpieza/batch_22.pdf,batch_22.pdf,.,17.0,BOCA SERVICIOS VETERINARIOS,BOCA SERVICIOS VETERINARIOS,,,18.45,-69.6,manual_override,0.6,Shih Tzu,Female,,1.0.0
7ee2cf9ae82b2eb600fa17dfcd3e5bc2,7ee2cf9ae82b2eb600fa17dfcd3e5bc2,7b2a1cf638a1e1eb7738,IDEXX,baseline_historico,2025-11-25,11/25/25,11/25/25,Sin Limpieza/batch_22.pdf,batch_22.pdf,.,19.0,BOCA SERVICIOS VETERINARIOS,BOCA SERVICIOS VETERINARIOS,,,18.45,-69.6,manual_override,0.6,"Cocker Spaniel, American",Female,,1.0.0
6f187bda86b976d900bfb5efec5af695,6f187bda86b976d900bfb5efec5af695,d5a638532b40f69878b6,IDEXX,baseline_historico,2024-02-17,2/17/24,2/17/24,Sin Limpieza/batch_220.pdf,batch_220.pdf,.,3.0,BOCA SERVICIOS VETERINARIOS,BOCA SERVICIOS VETERINARIOS,,,18.45,-69.6,manual_override,0.6,"Canine, Mixed Breed",,15.0,1.0.0
ad242fcf2dfdcce2a92f2bf899ef17e4,ad242fcf2dfdcce2a92f2bf899ef17e4,80f4d3c9cd0b8041f37e,IDEXX,baseline_historico,2024-02-16,2/16/24,2/16/24,Sin Limpieza/batch_220.pdf,batch_220.pdf,.,5.0,BOCA SERVICIOS VETERINARIOS,BOCA SERVICIOS VETERINARIOS,,,18.45,-69.6,manual_override,0.6,"Canine, Mixed Breed",,6.0,1.0.0
8892f82062a03e1caf37401e12486813,8892f82062a03e1caf37401e12486813,b4a1eb12a15a95fbd7b3,IDEXX,baseline_historico,2024-02-16,2/16/24,2/16/24,Sin Limpieza/batch_220.pdf,batch_220.pdf,.,7.0,BOCA SERVICIOS VETERINARIOS,BOCA SERVICIOS VETERINARIOS,,,18.45,-69.6,manual_override,0.6,Labrador Retriever,Male,4.0,1.0.0
cb1e2ae7bf2d792432a7c70228458d79,cb1e2ae7bf2d792432a7c70228458d79,8e1036dffdf66640cd36,IDEXX,baseline_historico,2024-02-15,2/15/24,2/15/24,Sin Limpieza/batch_220.pdf,batch_220.pdf,.,9.0,BOCA SERVICIOS VETERINARIOS,BOCA SERVICIOS VETERINARIOS,,,18.45,-69.6,manual_override,0.6,"Canine, Other",Female,2.0,1.0.0
e07af78d81936867b9c5b8d3306b2473,e07af78d81936867b9c5b8d3306b2473,92fe1f35de1d5b7ae579,IDEXX,baseline_historico,2024-02-14,2/14/24,2/14/24,Sin Limpieza/batch_220.pdf,batch_220.pdf,.,11.0,BOCA SERVICIOS VETERINARIOS,BOCA SERVICIOS VETERINARIOS,,,18.45,-69.6,manual_override,0.6,Miniature Schnauzer,Male,8.0,1.0.0
ed04ce5e6bb4c6b3a6de0854fe37264f,ed04ce5e6bb4c6b3a6de0854fe37264f,caf730152c87a5dbd278,IDEXX,baseline_historico,2024-02-13,2/13/24,2/13/24,Sin Limpieza/batch_220.pdf,batch_220.pdf,.,13.0,BOCA SERVICIOS VETERINARIOS,BOCA SERVICIOS VETERINARIOS,,,18.45,-69.6,manual_override,0.6,Golden Retriever,Male,2.0,1.0.0
46607bd648384c1e9bde99907d50f691,46607bd648384c1e9bde99907d50f691,c44909e8ede23165c4f6,IDEXX,baseline_historico,2024-02-13,2/13/24,2/13/24,Sin Limpieza/batch_220.pdf,batch_220.pdf,.,15.0,BOCA SERVICIOS VETERINARIOS,BOCA SERVICIOS VETERINARIOS,,,18.45,-69.6,manual_override,0.6,"Canine, Mixed Breed",Male,4.0,1.0.0
8d901466e08791b3c15dbb088f54d43f,8d901466e08791b3c15dbb088f54d43f,d6e8ab794cf0e194c845,IDEXX,baseline_historico,2024-02-12,2/12/24,2/12/24,Sin Limpieza/batch_220.pdf,batch_220.pdf,.,17.0,BOCA SERVICIOS VETERINARIOS,BOCA SERVICIOS VETERINARIOS,,,18.45,-69.6,manual_override,0.6,Bulldog,Male,6.0,1.0.0
e83a332ad78164caab5e3e8368bc9c72,e83a332ad78164caab5e3e8368bc9c72,a6aae18b826c7cf4512e,IDEXX,baseline_historico,2024-02-12,2/12/24,2/12/24,Sin Limpieza/batch_220.pdf,batch_220.pdf,.,19.0,BOCA SERVICIOS VETERINARIOS,BOCA SERVICIOS VETERINARIOS,,,18.45,-69.6,manual_override,0.6,Chihuahua,Female,3.0,1.0.0
bb5df76798cb09c009f4df9497a2013b,bb5df76798cb09c009f4df9497a2013b,7fc0d848ae4daf388ae6,IDEXX,baseline_historico,2024-03-01,3/1/24,3/1/24,Sin Limpieza/batch_221.pdf,batch_221.pdf,.,1.0,BOCA SERVICIOS VETERINARIOS,BOCA SERVICIOS VETERINARIOS,,,18.45,-69.6,manual_override,0.6,"Canine, Other",Female,,1.0.0
6215285cf62a6e1c5a0d479dbccd2be7,6215285cf62a6e1c5a0d479dbccd2be7,db300610976a53ed6815,IDEXX,baseline_historico,2024-02-28,2/28/24,2/28/24,Sin Limpieza/batch_221.pdf,batch_221.pdf,.,3.0,BOCA SERVICIOS VETERINARIOS,BOCA SERVICIOS VETERINARIOS,,,18.45,-69.6,manual_override,0.6,Yorkshire Terrier,Male,,1.0.0
3f421f79e7344590d04068903cbde9fb,3f421f79e7344590d04068903cbde9fb,69d0fe1c7e3524c97efc,IDEXX,baseline_historico,2024-02-28,2/28/24,2/28/24,Sin Limpieza/batch_221.pdf,batch_221.pdf,.,5.0,BOCA SERVICIOS VETERINARIOS,BOCA SERVICIOS VETERINARIOS,,,18.45,-69.6,manual_override,0.6,"Canine, Other",Male,,1.0.0
5ffd11d30c4a7de53c2525262c4d1ec0,5ffd11d30c4a7de53c2525262c4d1ec0,c1837f84565d552067e0,IDEXX,baseline_historico,2024-02-26,2/26/24,2/26/24,Sin Limpieza/batch_221.pdf,batch_221.pdf,.,7.0,BOCA SERVICIOS VETERINARIOS,BOCA SERVICIOS VETERINARIOS,,,18.45,-69.6,manual_override,0.6,"Canine, Mixed Breed",Male,,1.0.0
c5e1eafb9dca4143219a4deeeb85680f,c5e1eafb9dca4143219a4deeeb85680f,7b299df176e9815023d1,IDEXX,baseline_historico,2024-02-26,2/26/24,2/26/24,Sin Limpieza/batch_221.pdf,batch_221.pdf,.,9.0,BOCA SERVICIOS VETERINARIOS,BOCA SERVICIOS VETERINARIOS,,,18.45,-69.6,manual_override,0.6,Shih Tzu,Female,5.0,1.0.0
061f3d50c1273078f54632788b0e5555,061f3d50c1273078f54632788b0e5555,f8a889b1ac2b1e58c9ea,IDEXX,baseline_historico,2024-02-26,2/26/24,2/26/24,Sin Limpieza/batch_221.pdf,batch_221.pdf,.,11.0,BOCA SERVICIOS VETERINARIOS,BOCA SERVICIOS VETERINARIOS,,,18.45,-69.6,manual_override,0.6,"Canine, Mixed Breed",Male,,1.0.0
1022d94ac9b03d94724039d90bc2bcc7,1022d94ac9b03d94724039d90bc2bcc7,2d95d612e2f7dabe9316,IDEXX,baseline_historico,2024-02-24,2/24/24,2/24/24,Sin Limpieza/batch_221.pdf,batch_221.pdf,.,13.0,BOCA SERVICIOS VETERINARIOS,BOCA SERVICIOS VETERINARIOS,,,18.45,-69.6,manual_override,0.6,Dalmatian,Male,,1.0.0
ad4bae02beef60f0bd8d0e0c3406682c,ad4bae02beef60f0bd8d0e0c3406682c,85e5461431250a7f093a,IDEXX,baseline_historico,2024-02-24,2/24/24,2/24/24,Sin Limpieza/batch_221.pdf,batch_221.pdf,.,15.0,BOCA SERVICIOS VETERINARIOS,BOCA SERVICIOS VETERINARIOS,,,18.45,-69.6,manual_override,0.6,Chihuahua,Male,6.0,1.0.0
e97ca0c44e558f0d7371f88dfc59d05b,e97ca0c44e558f0d7371f88dfc59d05b,52aa731e27644b974941,IDEXX,baseline_historico,2024-02-23,2/23/24,2/23/24,Sin Limpieza/batch_221.pdf,batch_221.pdf,.,17.0,BOCA SERVICIOS VETERINARIOS,BOCA SERVICIOS VETERINARIOS,,,18.45,-69.6,manual_override,0.6,Chihuahua,Male,,1.0.0
28364ff540a1287883cc3c54d6ce935d,28364ff540a1287883cc3c54d6ce935d,2e72efa88e81855c6bb9,IDEXX,baseline_historico,2024-03-22,3/22/24,3/22/24,Sin Limpieza/batch_222.pdf,batch_222.pdf,.,1.0,BOCA SERVICIOS VETERINARIOS,BOCA SERVICIOS VETERINARIOS,,,18.45,-69.6,manual_override,0.6,German Shepherd,Female,2.0,1.0.0
80de3e750de54e747f124127b08fe983,80de3e750de54e747f124127b08fe983,8b124d91e0a62744b0f9,IDEXX,baseline_historico,2024-03-22,3/22/24,3/22/24,Sin Limpieza/batch_222.pdf,batch_222.pdf,.,3.0,BOCA SERVICIOS VETERINARIOS,BOCA SERVICIOS VETERINARIOS,,,18.45,-69.6,manual_override,0.6,Siberian Husky,,4.0,1.0.0
e40648fd0754de5fb674f756167084af,e40648fd0754de5fb674f756167084af,46ccb1484df7fc450fcf,IDEXX,baseline_historico,2024-03-22,3/22/24,3/22/24,Sin Limpieza/batch_222.pdf,batch_222.pdf,.,5.0,BOCA SERVICIOS VETERINARIOS,BOCA SERVICIOS VETERINARIOS,,,18.45,-69.6,manual_override,0.6,Rottweiler,Male,3.0,1.0.0
b0f335a4bbd896b98f09a1b9d7ac3965,b0f335a4bbd896b98f09a1b9d7ac3965,e55ffe1719ab7658fe08,IDEXX,baseline_historico,2024-03-22,3/22/24,3/22/24,Sin Limpieza/batch_222.pdf,batch_222.pdf,.,7.0,BOCA SERVICIOS VETERINARIOS,BOCA SERVICIOS VETERINARIOS,,,18.45,-69.6,manual_override,0.6,Beagle,Male,3.0,1.0.0
7603c1a57109b3a0a9f7492235231fe0,7603c1a57109b3a0a9f7492235231fe0,145514e88a13449d4b4f,IDEXX,baseline_historico,2024-03-22,3/22/24,3/22/24,Sin Limpieza/batch_222.pdf,batch_222.pdf,.,9.0,BOCA SERVICIOS VETERINARIOS,BOCA SERVICIOS VETERINARIOS,,,18.45,-69.6,manual_override,0.6,Chihuahua,Female,8.0,1.0.0
37c83060e5ecd0eac69ad7b3afc37ec9,37c83060e5ecd0eac69ad7b3afc37ec9,ca38eb9a176f56809dc9,IDEXX,baseline_historico,2024-03-19,3/19/24,3/19/24,Sin Limpieza/batch_222.pdf,batch_222.pdf,.,11.0,BOCA SERVICIOS VETERINARIOS,BOCA SERVICIOS VETERINARIOS,,,18.45,-69.6,manual_override,0.6,Pomeranian,Male,3.0,1.0.0
4bb3d43b71be969ab46dc23e07c0af18,4bb3d43b71be969ab46dc23e07c0af18,3e2732c2505805c71dd3,IDEXX,baseline_historico,2024-03-16,3/16/24,3/16/24,Sin Limpieza/batch_222.pdf,batch_222.pdf,.,15.0,BOCA SERVICIOS VETERINARIOS,BOCA SERVICIOS VETERINARIOS,,,18.45,-69.6,manual_override,0.6,"Canine, Other",Male,15.0,1.0.0
0b01e27146c4add318adb0fad5161b2e,0b01e27146c4add318adb0fad5161b2e,8e1036dffdf66640cd36,IDEXX,baseline_historico,2024-03-16,3/16/24,3/16/24,Sin Limpieza/batch_222.pdf,batch_222.pdf,.,17.0,BOCA SERVICIOS VETERINARIOS,BOCA SERVICIOS VETERINARIOS,,,18.45,-69.6,manual_override,0.6,"Canine, Mixed Breed",Female,2.0,1.0.0
2f761302f8be52368ffb5cb495964a74,2f761302f8be52368ffb5cb495964a74,9c32fc5eb688e7bf1959,IDEXX,baseline_historico,2024-03-15,3/15/24,3/15/24,Sin Limpieza/batch_222.pdf,batch_222.pdf,.,19.0,BOCA SERVICIOS VETERINARIOS,BOCA SERVICIOS VETERINARIOS,,,18.45,-69.6,manual_override,0.6,Golden Retriever,Female,11.0,1.0.0
efbd0e42f8e421017e2405b97a45f9b8,efbd0e42f8e421017e2405b97a45f9b8,92fe1f35de1d5b7ae579,IDEXX,baseline_historico,2023-11-20,11/20/23,11/20/23,Sin Limpieza/batch_223.pdf,batch_223.pdf,.,1.0,BOCA SERVICIOS VETERINARIOS,BOCA SERVICIOS VETERINARIOS,,,18.45,-69.6,manual_override,0.6,Miniature Schnauzer,Male,8.0,1.0.0
3b992976cac64c25f016c8a06f1b0982,3b992976cac64c25f016c8a06f1b0982,53988f3ff37188aac524,IDEXX,baseline_historico,2023-11-20,11/20/23,11/20/23,Sin Limpieza/batch_223.pdf,batch_223.pdf,.,3.0,BOCA SERVICIOS VETERINARIOS,BOCA SERVICIOS VETERINARIOS,,,18.45,-69.6,manual_override,0.6,Other,Male,,1.0.0
ac9e241c48d7d63470460441e0f3c2c7,ac9e241c48d7d63470460441e0f3c2c7,a322cebd610a39bb7460,IDEXX,baseline_historico,2023-11-20,11/20/23,11/20/23,Sin Limpieza/batch_223.pdf,batch_223.pdf,.,5.0,BOCA SERVICIOS VETERINARIOS,BOCA SERVICIOS VETERINARIOS,,,18.45,-69.6,manual_override,0.6,Mixed,Male,7.0,1.0.0
85ec88118894a3d3ec0abb287d7141ef,85ec88118894a3d3ec0abb287d7141ef,cb27c2cbc80e4a9094cb,IDEXX,baseline_historico,2023-11-18,11/18/23,11/18/23,Sin Limpieza/batch_223.pdf,batch_223.pdf,.,7.0,BOCA SERVICIOS VETERINARIOS,BOCA SERVICIOS VETERINARIOS,,,18.45,-69.6,manual_override,0.6,Pomeranian,Female,,1.0.0
27bc4c04c14d427354e6470ead728580,27bc4c04c14d427354e6470ead728580,59dace9e007829d66434,IDEXX,baseline_historico,2023-11-18,11/18/23,11/18/23,Sin Limpieza/batch_223.pdf,batch_223.pdf,.,9.0,BOCA SERVICIOS VETERINARIOS,BOCA SERVICIOS VETERINARIOS,,,18.45,-69.6,manual_override,0.6,Boxer,Female,9.0,1.0.0
dccf5be275ecf85ec8d322d1ce914c3b,dccf5be275ecf85ec8d322d1ce914c3b,aab9e8555d012c8ee1f4,IDEXX,baseline_historico,2023-11-17,11/17/23,11/17/23,Sin Limpieza/batch_223.pdf,batch_223.pdf,.,11.0,BOCA SERVICIOS VETERINARIOS,BOCA SERVICIOS VETERINARIOS,,,18.45,-69.6,manual_override,0.6,Bull Terrier,Male,5.0,1.0.0
5b9aab1bb62c8398ca3a3bef4560b264,5b9aab1bb62c8398ca3a3bef4560b264,ff89e5926a7f14a9b5f4,IDEXX,baseline_historico,2023-11-17,11/17/23,11/17/23,Sin Limpieza/batch_223.pdf,batch_223.pdf,.,13.0,BOCA SERVICIOS VETERINARIOS,BOCA SERVICIOS VETERINARIOS,,,18.45,-69.6,manual_override,0.6,Mixed,Female,3.0,1.0.0
56926422aff612b0a603c392b13b3a5c,56926422aff612b0a603c392b13b3a5c,70677cf804485481aaf8,IDEXX,baseline_historico,2023-11-16,11/16/23,11/16/23,Sin Limpieza/batch_223.pdf,batch_223.pdf,.,15.0,BOCA SERVICIOS VETERINARIOS,BOCA SERVICIOS VETERINARIOS,,,18.45,-69.6,manual_override,0.6,Mixed,Female,4.0,1.0.0
cca9654629338672ff8844bf02e7cf11,cca9654629338672ff8844bf02e7cf11,ad245a056815327923f8,IDEXX,baseline_historico,2023-11-15,11/15/23,11/15/23,Sin Limpieza/batch_223.pdf,batch_223.pdf,.,19.0,BOCA SERVICIOS VETERINARIOS,BOCA SERVICIOS VETERINARIOS,,,18.45,-69.6,manual_override,0.6,Chihuahua,Female,20.0,1.0.0
d33d8459272161cc784a712213764edd,d33d8459272161cc784a712213764edd,3f1f533d2897fc3158db,IDEXX,baseline_historico,2023-12-06,12/6/23,12/6/23,Sin Limpieza/batch_224.pdf,batch_224.pdf,.,1.0,BOCA SERVICIOS VETERINARIOS,BOCA SERVICIOS VETERINARIOS,,,18.45,-69.6,manual_override,0.6,DATE OF RESULT: 12/6/23,,,1.0.0
376a9f954a45bb02570d4dbd7351a70c,376a9f954a45bb02570d4dbd7351a70c,3da70e0255f333062b5b,IDEXX,baseline_historico,2023-12-05,12/5/23,12/5/23,Sin Limpieza/batch_224.pdf,batch_224.pdf,.,7.0,BOCA SERVICIOS VETERINARIOS,BOCA SERVICIOS VETERINARIOS,,,18.45,-69.6,manual_override,0.6,Wirehaired Fox Terrier,Male,,1.0.0
fbf4d419ecfaf30246c3b40834d3e755,fbf4d419ecfaf30246c3b40834d3e755,d95b7187cda19da02baa,IDEXX,baseline_historico,2023-12-04,12/4/23,12/4/23,Sin Limpieza/batch_224.pdf,batch_224.pdf,.,9.0,BOCA SERVICIOS VETERINARIOS,BOCA SERVICIOS VETERINARIOS,,,18.45,-69.6,manual_override,0.6,Other,Male,3.0,1.0.0
755499b11da58fa4413f407fe05ebba8,755499b11da58fa4413f407fe05ebba8,b9337dcf1168ac4bd50d,IDEXX,baseline_historico,2023-12-04,12/4/23,12/4/23,Sin Limpieza/batch_224.pdf,batch_224.pdf,.,11.0,BOCA SERVICIOS VETERINARIOS,BOCA SERVICIOS VETERINARIOS,,,18.45,-69.6,manual_override,0.6,Other,Female,,1.0.0
f2d0871f729d0955e133dcca950cc2f6,f2d0871f729d0955e133dcca950cc2f6,ecfcccd48b2eb05b1d0f,IDEXX,baseline_historico,2023-12-04,12/4/23,12/4/23,Sin Limpieza/batch_224.pdf,batch_224.pdf,.,15.0,BOCA SERVICIOS VETERINARIOS,BOCA SERVICIOS VETERINARIOS,,,18.45,-69.6,manual_override,0.6,Shih Tzu,Female,,1.0.0
4191c881ad7cd4a44c2f4858413b7073,4191c881ad7cd4a44c2f4858413b7073,44d5338c0aa96415b133,IDEXX,baseline_historico,2023-12-02,12/2/23,12/2/23,Sin Limpieza/batch_224.pdf,batch_224.pdf,.,17.0,BOCA SERVICIOS VETERINARIOS,BOCA SERVICIOS VETERINARIOS,,,18.45,-69.6,manual_override,0.6,Golden Retriever,Female,8.0,1.0.0
7d10af086a53b5a2dfb374acc00c1da0,7d10af086a53b5a2dfb374acc00c1da0,985462264f79d09029c1,IDEXX,baseline_historico,2024-01-19,1/19/24,1/19/24,Sin Limpieza/batch_225.pdf,batch_225.pdf,.,1.0,BOCA SERVICIOS VETERINARIOS,BOCA SERVICIOS VETERINARIOS,,,18.45,-69.6,manual_override,0.6,Pomeranian,Male,6.0,1.0.0
ee86f7936e8d647d716346249a8b0f34,ee86f7936e8d647d716346249a8b0f34,c76f2c53230c5b136f84,IDEXX,baseline_historico,2024-01-18,1/18/24,1/18/24,Sin Limpieza/batch_225.pdf,batch_225.pdf,.,3.0,BOCA SERVICIOS VETERINARIOS,BOCA SERVICIOS VETERINARIOS,,,18.45,-69.6,manual_override,0.6,Shih Tzu,Female,2.0,1.0.0
7ad3e04298a588f8ee9afc5e89f73af0,7ad3e04298a588f8ee9afc5e89f73af0,61a443b31e9b4b17e1b0,IDEXX,baseline_historico,2024-01-18,1/18/24,1/18/24,Sin Limpieza/batch_225.pdf,batch_225.pdf,.,5.0,BOCA SERVICIOS VETERINARIOS,BOCA SERVICIOS VETERINARIOS,,,18.45,-69.6,manual_override,0.6,Mastiff,Male,10.0,1.0.0
5e6f9601ded22546666e676a0a57d34c,5e6f9601ded22546666e676a0a57d34c,5cf4b1fe60fd8b8436d2,IDEXX,baseline_historico,2024-01-17,1/17/24,1/17/24,Sin Limpieza/batch_225.pdf,batch_225.pdf,.,7.0,BOCA SERVICIOS VETERINARIOS,BOCA SERVICIOS VETERINARIOS,,,18.45,-69.6,manual_override,0.6,Pomeranian,Male,9.0,1.0.0
cdb7f5aa7973beaa8a6e0d38f07d4e8b,cdb7f5aa7973beaa8a6e0d38f07d4e8b,f58eb974fa42afb7be62,IDEXX,baseline_historico,2024-01-17,1/17/24,1/17/24,Sin Limpieza/batch_225.pdf,batch_225.pdf,.,9.0,BOCA SERVICIOS VETERINARIOS,BOCA SERVICIOS VETERINARIOS,,,18.45,-69.6,manual_override,0.6,French Bulldog,Male,10.0,1.0.0
4f1f4a9938f3fb4a1514ac68dbfb0ccf,4f1f4a9938f3fb4a1514ac68dbfb0ccf,77c16150f63daaec43fc,IDEXX,baseline_historico,2024-01-17,1/17/24,1/17/24,Sin Limpieza/batch_225.pdf,batch_225.pdf,.,11.0,BOCA SERVICIOS VETERINARIOS,BOCA SERVICIOS VETERINARIOS,,,18.45,-69.6,manual_override,0.6,German Shepherd,Male,3.0,1.0.0
56720d763a7c690100aab859b62f6d98,56720d763a7c690100aab859b62f6d98,aec4990d6ac80cffafef,IDEXX,baseline_historico,2024-01-17,1/17/24,1/17/24,Sin Limpieza/batch_225.pdf,batch_225.pdf,.,15.0,BOCA SERVICIOS VETERINARIOS,BOCA SERVICIOS VETERINARIOS,,,18.45,-69.6,manual_override,0.6,Bulldog,Female,5.0,1.0.0
e19782e0ca518ce39b64294f028c3eed,e19782e0ca518ce39b64294f028c3eed,1023b19791569de90bcc,IDEXX,baseline_historico,2024-01-17,1/17/24,1/17/24,Sin Limpieza/batch_225.pdf,batch_225.pdf,.,17.0,BOCA SERVICIOS VETERINARIOS,BOCA SERVICIOS VETERINARIOS,,,18.45,-69.6,manual_override,0.6,French Bulldog,Female,,1.0.0
ce99f79e0231a9a093981a03abf55a5a,ce99f79e0231a9a093981a03abf55a5a,186109a5e01e6e25d475,IDEXX,baseline_historico,2024-01-17,1/17/24,1/17/24,Sin Limpieza/batch_225.pdf,batch_225.pdf,.,19.0,BOCA SERVICIOS VETERINARIOS,BOCA SERVICIOS VETERINARIOS,,,18.45,-69.6,manual_override,0.6,Australian Shepherd,Male,10.0,1.0.0
776f7806a5d514712ab720baaf608e05,776f7806a5d514712ab720baaf608e05,3ee778d8367cd0bce826,IDEXX,baseline_historico,2023-12-18,12/18/23,12/18/23,Sin Limpieza/batch_226.pdf,batch_226.pdf,.,1.0,BOCA SERVICIOS VETERINARIOS,BOCA SERVICIOS VETERINARIOS,,,18.45,-69.6,manual_override,0.6,German Shepherd,Male,,1.0.0
0c0c8cedadeaff1bbb6fbe645ed8af14,0c0c8cedadeaff1bbb6fbe645ed8af14,1023b19791569de90bcc,IDEXX,baseline_historico,2023-12-16,12/16/23,12/16/23,Sin Limpieza/batch_226.pdf,batch_226.pdf,.,3.0,BOCA SERVICIOS VETERINARIOS,BOCA SERVICIOS VETERINARIOS,,,18.45,-69.6,manual_override,0.6,French Bulldog,Female,,1.0.0
a8dda9a0cce400b4abfc6939d37d68aa,a8dda9a0cce400b4abfc6939d37d68aa,cec1c9a2393c2776c5f3,IDEXX,baseline_historico,2023-12-15,12/15/23,12/15/23,Sin Limpieza/batch_226.pdf,batch_226.pdf,.,7.0,BOCA SERVICIOS VETERINARIOS,BOCA SERVICIOS VETERINARIOS,,,18.45,-69.6,manual_override,0.6,Other,Female,,1.0.0
e533c197b91999ce31e197a7f771b041,e533c197b91999ce31e197a7f771b041,46d4dd463591e6effdc2,IDEXX,baseline_historico,2023-12-15,12/15/23,12/15/23,Sin Limpieza/batch_226.pdf,batch_226.pdf,.,9.0,BOCA SERVICIOS VETERINARIOS,BOCA SERVICIOS VETERINARIOS,,,18.45,-69.6,manual_override,0.6,Poodle,Male,3.0,1.0.0
74f692dd3c50860ce895131f2e92359c,74f692dd3c50860ce895131f2e92359c,ecfcccd48b2eb05b1d0f,IDEXX,baseline_historico,2023-12-14,12/14/23,12/14/23,Sin Limpieza/batch_226.pdf,batch_226.pdf,.,11.0,BOCA SERVICIOS VETERINARIOS,BOCA SERVICIOS VETERINARIOS,,,18.45,-69.6,manual_override,0.6,Shih Tzu,Female,,1.0.0
b0b1d57b1b4711777a32fdf50b3d19f3,b0b1d57b1b4711777a32fdf50b3d19f3,7ded0c871a4b1889b87d,IDEXX,baseline_historico,2023-12-12,12/12/23,12/12/23,Sin Limpieza/batch_226.pdf,batch_226.pdf,.,13.0,BOCA SERVICIOS VETERINARIOS,BOCA SERVICIOS VETERINARIOS,,,18.45,-69.6,manual_override,0.6,Shih Tzu,Female,,1.0.0
c5d6a0f86323062ae8cabf8cabc7015e,c5d6a0f86323062ae8cabf8cabc7015e,5bcdb4af75857b072e1f,IDEXX,baseline_historico,2023-12-11,12/11/23,12/11/23,Sin Limpieza/batch_226.pdf,batch_226.pdf,.,17.0,BOCA SERVICIOS VETERINARIOS,BOCA SERVICIOS VETERINARIOS,,,18.45,-69.6,manual_override,0.6,Chihuahua,Male,5.0,1.0.0
5ec6038e7ab594efadc9dc1a6a0ec26d,5ec6038e7ab594efadc9dc1a6a0ec26d,323774bee5be035a3038,IDEXX,baseline_historico,2023-12-11,12/11/23,12/11/23,Sin Limpieza/batch_226.pdf,batch_226.pdf,.,19.0,BOCA SERVICIOS VETERINARIOS,BOCA SERVICIOS VETERINARIOS,,,18.45,-69.6,manual_override,0.6,Yorkshire Terrier,Female,3.0,1.0.0
366525478a8ec85e6d5033317b77bec0,366525478a8ec85e6d5033317b77bec0,120a6a69d5b0df6cef47,IDEXX,baseline_historico,2024-01-22,1/22/24,1/22/24,Sin Limpieza/batch_227.pdf,batch_227.pdf,.,1.0,BOCA SERVICIOS VETERINARIOS,BOCA SERVICIOS VETERINARIOS,,,18.45,-69.6,manual_override,0.6,Maltese,Female,16.0,1.0.0
f482afdcb7467cae7d740bf0bfc2083f,f482afdcb7467cae7d740bf0bfc2083f,ca2f3bcdb0107a96d9c6,IDEXX,baseline_historico,2024-01-22,1/22/24,1/22/24,Sin Limpieza/batch_227.pdf,batch_227.pdf,.,3.0,BOCA SERVICIOS VETERINARIOS,BOCA SERVICIOS VETERINARIOS,,,18.45,-69.6,manual_override,0.6,Mixed,Male,15.0,1.0.0
1d184a4e30ce89ed399681a0d4f768b0,1d184a4e30ce89ed399681a0d4f768b0,cec1c9a2393c2776c5f3,IDEXX,baseline_historico,2024-01-22,1/22/24,1/22/24,Sin Limpieza/batch_227.pdf,batch_227.pdf,.,5.0,BOCA SERVICIOS VETERINARIOS,BOCA SERVICIOS VETERINARIOS,,,18.45,-69.6,manual_override,0.6,Other,Female,,1.0.0
094c733d17079c3772c9be85edae9bf7,094c733d17079c3772c9be85edae9bf7,b68367363f9b417e34f7,IDEXX,baseline_historico,2024-01-22,1/22/24,1/22/24,Sin Limpieza/batch_227.pdf,batch_227.pdf,.,7.0,BOCA SERVICIOS VETERINARIOS,BOCA SERVICIOS VETERINARIOS,,,18.45,-69.6,manual_override,0.6,American Staffordshire Terrier,Female,5.0,1.0.0
9e1a2f3c4a587a1b901e94dd34d82468,9e1a2f3c4a587a1b901e94dd34d82468,48381523ab30dfb86dcc,IDEXX,baseline_historico,2024-01-22,1/22/24,1/22/24,Sin Limpieza/batch_227.pdf,batch_227.pdf,.,9.0,BOCA SERVICIOS VETERINARIOS,BOCA SERVICIOS VETERINARIOS,,,18.45,-69.6,manual_override,0.6,French Bulldog,Female,,1.0.0
497c6545a15ae2ba00a4ea472091aeae,497c6545a15ae2ba00a4ea472091aeae,86af0bb88485def11cc1,IDEXX,baseline_historico,2024-01-21,1/21/24,1/21/24,Sin Limpieza/batch_227.pdf,batch_227.pdf,.,11.0,BOCA SERVICIOS VETERINARIOS,BOCA SERVICIOS VETERINARIOS,,,18.45,-69.6,manual_override,0.6,Shih Tzu,Female,16.0,1.0.0
a152ed6f2e361fd070160163093253f3,a152ed6f2e361fd070160163093253f3,c4eaa8a83e74bbc6077e,IDEXX,baseline_historico,2024-01-21,1/21/24,1/21/24,Sin Limpieza/batch_227.pdf,batch_227.pdf,.,13.0,BOCA SERVICIOS VETERINARIOS,BOCA SERVICIOS VETERINARIOS,,,18.45,-69.6,manual_override,0.6,Yorkshire Terrier,Male,10.0,1.0.0
3e5344fb7c5b82013292b7b6e23830d7,3e5344fb7c5b82013292b7b6e23830d7,6363b1cbd02d10047452,IDEXX,baseline_historico,2024-01-19,1/19/24,1/19/24,Sin Limpieza/batch_227.pdf,batch_227.pdf,.,15.0,BOCA SERVICIOS VETERINARIOS,BOCA SERVICIOS VETERINARIOS,,,18.45,-69.6,manual_override,0.6,Other,Male,4.0,1.0.0
fbde745798c475caca8c9af19641d2f5,fbde745798c475caca8c9af19641d2f5,5cf4b1fe60fd8b8436d2,IDEXX,baseline_historico,2024-01-19,1/19/24,1/19/24,Sin Limpieza/batch_227.pdf,batch_227.pdf,.,17.0,BOCA SERVICIOS VETERINARIOS,BOCA SERVICIOS VETERINARIOS,,,18.45,-69.6,manual_override,0.6,Pomeranian,Male,9.0,1.0.0
d6f4a0981ee3488912644d25a7aefbcb,d6f4a0981ee3488912644d25a7aefbcb,b13418bda7a5747d6f62,IDEXX,baseline_historico,2024-01-19,1/19/24,1/19/24,Sin Limpieza/batch_227.pdf,batch_227.pdf,.,19.0,BOCA SERVICIOS VETERINARIOS,BOCA SERVICIOS VETERINARIOS,,,18.45,-69.6,manual_override,0.6,Pug,Female,11.0,1.0.0
95a6ffa49bbc9604433da06a7c1a8caf,95a6ffa49bbc9604433da06a7c1a8caf,7945bba66f7a9c8d572f,IDEXX,baseline_historico,2023-12-26,12/26/23,12/26/23,Sin Limpieza/batch_228.pdf,batch_228.pdf,.,1.0,BOCA SERVICIOS VETERINARIOS,BOCA SERVICIOS VETERINARIOS,,,18.45,-69.6,manual_override,0.6,Mixed,Male,,1.0.0
ebb8121b7e49dbbdc260786b8faff927,ebb8121b7e49dbbdc260786b8faff927,23e5eadd3601b88eae8f,IDEXX,baseline_historico,2023-12-26,12/26/23,12/26/23,Sin Limpieza/batch_228.pdf,batch_228.pdf,.,3.0,BOCA SERVICIOS VETERINARIOS,BOCA SERVICIOS VETERINARIOS,,,18.45,-69.6,manual_override,0.6,Pomeranian,Male,3.0,1.0.0
2eaf31e07d6113657bc587c102fc6b09,2eaf31e07d6113657bc587c102fc6b09,e23eb0db5502e7184027,IDEXX,baseline_historico,2023-12-22,12/22/23,12/22/23,Sin Limpieza/batch_228.pdf,batch_228.pdf,.,5.0,BOCA SERVICIOS VETERINARIOS,BOCA SERVICIOS VETERINARIOS,,,18.45,-69.6,manual_override,0.6,Pug,Male,,1.0.0
e04bbddc802f8e0d1e48c192b57e226f,e04bbddc802f8e0d1e48c192b57e226f,2a2c8840f9541b2cd67c,IDEXX,baseline_historico,2023-12-22,12/22/23,12/22/23,Sin Limpieza/batch_228.pdf,batch_228.pdf,.,7.0,BOCA SERVICIOS VETERINARIOS,BOCA SERVICIOS VETERINARIOS,,,18.45,-69.6,manual_override,0.6,Pug,Male,7.0,1.0.0
dfe046b533d8567e4087265bd5aa839d,dfe046b533d8567e4087265bd5aa839d,40ffe1626b7d91e41344,IDEXX,baseline_historico,2023-12-22,12/22/23,12/22/23,Sin Limpieza/batch_228.pdf,batch_228.pdf,.,9.0,BOCA SERVICIOS VETERINARIOS,BOCA SERVICIOS VETERINARIOS,,,18.45,-69.6,manual_override,0.6,American Staffordshire Terrier,Male,9.0,1.0.0
6197b779710849fe5829db928b35a2ac,6197b779710849fe5829db928b35a2ac,75a17cf4d680e8d3b0fb,IDEXX,baseline_historico,2023-12-22,12/22/23,12/22/23,Sin Limpieza/batch_228.pdf,batch_228.pdf,.,11.0,BOCA SERVICIOS VETERINARIOS,BOCA SERVICIOS VETERINARIOS,,,18.45,-69.6,manual_override,0.6,Mixed,Female,2.0,1.0.0
3d763359824c041e9110a3a72f5a7065,3d763359824c041e9110a3a72f5a7065,7f86b62ab258160ae1ee,IDEXX,baseline_historico,2023-12-22,12/22/23,12/22/23,Sin Limpieza/batch_228.pdf,batch_228.pdf,.,13.0,BOCA SERVICIOS VETERINARIOS,BOCA SERVICIOS VETERINARIOS,,,18.45,-69.6,manual_override,0.6,Chihuahua,Female,,1.0.0
3d5cbe278c29d03a72cdd23003ffc77a,3d5cbe278c29d03a72cdd23003ffc77a,92fe1f35de1d5b7ae579,IDEXX,baseline_historico,2023-12-21,12/21/23,12/21/23,Sin Limpieza/batch_228.pdf,batch_228.pdf,.,15.0,BOCA SERVICIOS VETERINARIOS,BOCA SERVICIOS VETERINARIOS,,,18.45,-69.6,manual_override,0.6,Miniature Schnauzer,Male,8.0,1.0.0
3c1f0be8b53e7505eb00f00d976819da,3c1f0be8b53e7505eb00f00d976819da,27d55755ad7f0d073905,IDEXX,baseline_historico,2023-12-19,12/19/23,12/19/23,Sin Limpieza/batch_228.pdf,batch_228.pdf,.,17.0,BOCA SERVICIOS VETERINARIOS,BOCA SERVICIOS VETERINARIOS,,,18.45,-69.6,manual_override,0.6,Yorkshire Terrier,Male,2.0,1.0.0
4a0592b2720e7b1349afe29e9786b9e7,4a0592b2720e7b1349afe29e9786b9e7,43e5452b1f3284cb04b4,IDEXX,baseline_historico,2023-12-19,12/19/23,12/19/23,Sin Limpieza/batch_228.pdf,batch_228.pdf,.,19.0,BOCA SERVICIOS VETERINARIOS,BOCA SERVICIOS VETERINARIOS,,,18.45,-69.6,manual_override,0.6,Chihuahua,Male,,1.0.0
bcae58943eec0d53c022d2926a8d31b0,bcae58943eec0d53c022d2926a8d31b0,f6c673822abe1d040ecd,IDEXX,baseline_historico,2024-02-06,2/6/24,2/6/24,Sin Limpieza/batch_229.pdf,batch_229.pdf,.,3.0,BOCA SERVICIOS VETERINARIOS,BOCA SERVICIOS VETERINARIOS,,,18.45,-69.6,manual_override,0.6,French Bulldog,Female,3.0,1.0.0
af4f31bffb7f8afc16448e3893f4ec54,af4f31bffb7f8afc16448e3893f4ec54,e3447b454323e5c8e05d,IDEXX,baseline_historico,2024-02-06,2/6/24,2/6/24,Sin Limpieza/batch_229.pdf,batch_229.pdf,.,7.0,BOCA SERVICIOS VETERINARIOS,BOCA SERVICIOS VETERINARIOS,,,18.45,-69.6,manual_override,0.6,Poodle,Female,15.0,1.0.0
65dd5e4864b48deafdd1c5af31105479,65dd5e4864b48deafdd1c5af31105479,38c70e17f26ebdb5c2dd,IDEXX,baseline_historico,2024-02-05,2/5/24,2/5/24,Sin Limpieza/batch_229.pdf,batch_229.pdf,.,9.0,BOCA SERVICIOS VETERINARIOS,BOCA SERVICIOS VETERINARIOS,,,18.45,-69.6,manual_override,0.6,German Shepherd,Female,7.0,1.0.0
c844b7b8e7a12835786d2b8eb5b9f0d4,c844b7b8e7a12835786d2b8eb5b9f0d4,182605ec3c39ecf82fc0,IDEXX,baseline_historico,2024-02-05,2/5/24,2/5/24,Sin Limpieza/batch_229.pdf,batch_229.pdf,.,11.0,BOCA SERVICIOS VETERINARIOS,BOCA SERVICIOS VETERINARIOS,,,18.45,-69.6,manual_override,0.6,Boxer,Female,7.0,1.0.0
9ee0cf0ab362179882ed901b0982c7b1,9ee0cf0ab362179882ed901b0982c7b1,c53cd17ccde0716fb795,IDEXX,baseline_historico,2024-02-05,2/5/24,2/5/24,Sin Limpieza/batch_229.pdf,batch_229.pdf,.,13.0,BOCA SERVICIOS VETERINARIOS,BOCA SERVICIOS VETERINARIOS,,,18.45,-69.6,manual_override,0.6,"Canine, Mixed Breed",Female,13.0,1.0.0
b57a6ad526df231316e38daf9a58875b,b57a6ad526df231316e38daf9a58875b,dbc2f87a72e905972834,IDEXX,baseline_historico,2024-02-03,2/3/24,2/3/24,Sin Limpieza/batch_229.pdf,batch_229.pdf,.,15.0,BOCA SERVICIOS VETERINARIOS,BOCA SERVICIOS VETERINARIOS,,,18.45,-69.6,manual_override,0.6,Shih Tzu,Male,,1.0.0
9c58abccb52989215e63a5feba12f64b,9c58abccb52989215e63a5feba12f64b,cb0cd4b4ec99fa69462e,IDEXX,baseline_historico,2024-02-02,2/2/24,2/2/24,Sin Limpieza/batch_229.pdf,batch_229.pdf,.,17.0,BOCA SERVICIOS VETERINARIOS,BOCA SERVICIOS VETERINARIOS,,,18.45,-69.6,manual_override,0.6,German Shepherd,Female,,1.0.0
d0e1c6e0d44204ea80aa4a295787816c,d0e1c6e0d44204ea80aa4a295787816c,3e8d68e3fb75736fb2e0,IDEXX,baseline_historico,2024-02-01,2/1/24,2/1/24,Sin Limpieza/batch_229.pdf,batch_229.pdf,.,19.0,BOCA SERVICIOS VETERINARIOS,BOCA SERVICIOS VETERINARIOS,,,18.45,-69.6,manual_override,0.6,"Canine, Mixed Breed",Male,,1.0.0
1677734c64ea1fd0628c8b941c53e7b9,1677734c64ea1fd0628c8b941c53e7b9,3da70e0255f333062b5b,IDEXX,baseline_historico,2025-12-01,12/1/25,12/1/25,Sin Limpieza/batch_23.pdf,batch_23.pdf,.,1.0,BOCA SERVICIOS VETERINARIOS,BOCA SERVICIOS VETERINARIOS,,,18.45,-69.6,manual_override,0.6,Wirehaired Fox Terrier,Male,,1.0.0
5e4ea1630754edfbb6b1ef8d94f7dfbf,5e4ea1630754edfbb6b1ef8d94f7dfbf,0d5fb96e8f2759a98b85,IDEXX,baseline_historico,2025-12-01,12/1/25,12/1/25,Sin Limpieza/batch_23.pdf,batch_23.pdf,.,3.0,BOCA SERVICIOS VETERINARIOS,BOCA SERVICIOS VETERINARIOS,,,18.45,-69.6,manual_override,0.6,Siberian Husky,Male,,1.0.0
0e1c78d6348ac6419b29c15cf607798c,0e1c78d6348ac6419b29c15cf607798c,0d7e28384fde8855532a,IDEXX,baseline_historico,2025-11-30,11/30/25,11/30/25,Sin Limpieza/batch_23.pdf,batch_23.pdf,.,7.0,BOCA SERVICIOS VETERINARIOS,BOCA SERVICIOS VETERINARIOS,,,18.45,-69.6,manual_override,0.6,Chihuahua,Female,12.0,1.0.0
19961fe0e179eebb17b18c17a1a33f74,19961fe0e179eebb17b18c17a1a33f74,9b0868b217826c416860,IDEXX,baseline_historico,2025-11-29,11/29/25,11/29/25,Sin Limpieza/batch_23.pdf,batch_23.pdf,.,9.0,BOCA SERVICIOS VETERINARIOS,BOCA SERVICIOS VETERINARIOS,,,18.45,-69.6,manual_override,0.6,Pomeranian,Female,0.42,1.0.0
be993e4c0f950adf9d375ade31b02f4d,be993e4c0f950adf9d375ade31b02f4d,030d5de3c40c98c9e5a9,IDEXX,baseline_historico,2025-11-29,11/29/25,11/29/25,Sin Limpieza/batch_23.pdf,batch_23.pdf,.,11.0,BOCA SERVICIOS VETERINARIOS,BOCA SERVICIOS VETERINARIOS,,,18.45,-69.6,manual_override,0.6,Chow Chow,Male,10.0,1.0.0
9f710f6ee1e6114684d66fa16fa7e098,9f710f6ee1e6114684d66fa16fa7e098,178cb30d728c714875bb,IDEXX,baseline_historico,2025-11-29,11/29/25,11/29/25,Sin Limpieza/batch_23.pdf,batch_23.pdf,.,15.0,BOCA SERVICIOS VETERINARIOS,BOCA SERVICIOS VETERINARIOS,,,18.45,-69.6,manual_override,0.6,"Canine, Mixed Breed",Male,0.75,1.0.0
8b7b3f0e0a5d3dc78a80ad854f2bf57d,8b7b3f0e0a5d3dc78a80ad854f2bf57d,dadf9d04a881c35ba540,IDEXX,baseline_historico,2025-11-29,11/29/25,11/29/25,Sin Limpieza/batch_23.pdf,batch_23.pdf,.,17.0,BOCA SERVICIOS VETERINARIOS,BOCA SERVICIOS VETERINARIOS,,,18.45,-69.6,manual_override,0.6,Chihuahua,Female,7.0,1.0.0
848854399362a8c21d9944fcb04c3849,848854399362a8c21d9944fcb04c3849,45db6af9c68768b4c6c4,IDEXX,baseline_historico,2025-11-28,11/28/25,11/28/25,Sin Limpieza/batch_23.pdf,batch_23.pdf,.,19.0,BOCA SERVICIOS VETERINARIOS,BOCA SERVICIOS VETERINARIOS,,,18.45,-69.6,manual_override,0.6,Belgian Malinois,Female,,1.0.0
d2d35a00427f4caef5523bd01a9ad091,d2d35a00427f4caef5523bd01a9ad091,5bd859065ffecb2413f9,IDEXX,baseline_historico,2024-01-31,1/31/24,1/31/24,Sin Limpieza/batch_230.pdf,batch_230.pdf,.,1.0,BOCA SERVICIOS VETERINARIOS,BOCA SERVICIOS VETERINARIOS,,,18.45,-69.6,manual_override,0.6,Bulldog,Male,,1.0.0
0affcd231b092e56f2242f4f7c63ee50,0affcd231b092e56f2242f4f7c63ee50,f8a889b1ac2b1e58c9ea,IDEXX,baseline_historico,2024-01-31,1/31/24,1/31/24,Sin Limpieza/batch_230.pdf,batch_230.pdf,.,5.0,BOCA SERVICIOS VETERINARIOS,BOCA SERVICIOS VETERINARIOS,,,18.45,-69.6,manual_override,0.6,"Canine, Mixed Breed",Male,,1.0.0
2031c67517a58423f17398f9fb6d64d0,2031c67517a58423f17398f9fb6d64d0,de155e16ea5bc8d2265d,IDEXX,baseline_historico,2024-01-30,1/30/24,1/30/24,Sin Limpieza/batch_230.pdf,batch_230.pdf,.,7.0,BOCA SERVICIOS VETERINARIOS,BOCA SERVICIOS VETERINARIOS,,,18.45,-69.6,manual_override,0.6,American Staffordshire Terrier,Female,6.0,1.0.0
c303f6935dcccc0e8181a21af66d155c,c303f6935dcccc0e8181a21af66d155c,f88eb8a03d47234412be,IDEXX,baseline_historico,2024-01-30,1/30/24,1/30/24,Sin Limpieza/batch_230.pdf,batch_230.pdf,.,9.0,BOCA SERVICIOS VETERINARIOS,BOCA SERVICIOS VETERINARIOS,,,18.45,-69.6,manual_override,0.6,French Bulldog,Female,3.0,1.0.0
e9493579b654f0daf301d0f9ee948a50,e9493579b654f0daf301d0f9ee948a50,23f216427cb4984bab9e,IDEXX,baseline_historico,2024-01-30,1/30/24,1/30/24,Sin Limpieza/batch_230.pdf,batch_230.pdf,.,11.0,BOCA SERVICIOS VETERINARIOS,BOCA SERVICIOS VETERINARIOS,,,18.45,-69.6,manual_override,0.6,Pug,Female,3.0,1.0.0
82afb6600326137cc0b7851ddfaf16eb,82afb6600326137cc0b7851ddfaf16eb,c77dbc6d97cc48dd0fae,IDEXX,baseline_historico,2024-01-29,1/29/24,1/29/24,Sin Limpieza/batch_230.pdf,batch_230.pdf,.,13.0,BOCA SERVICIOS VETERINARIOS,BOCA SERVICIOS VETERINARIOS,,,18.45,-69.6,manual_override,0.6,Shih Tzu,,15.0,1.0.0
bef580f1639893f7a095fb7eb796095f,bef580f1639893f7a095fb7eb796095f,49529b4ecc0d66d6a09a,IDEXX,baseline_historico,2024-01-29,1/29/24,1/29/24,Sin Limpieza/batch_230.pdf,batch_230.pdf,.,15.0,BOCA SERVICIOS VETERINARIOS,BOCA SERVICIOS VETERINARIOS,,,18.45,-69.6,manual_override,0.6,Mixed,Male,7.0,1.0.0
7daabd8ecc19d2acc2481469298f5a4d,7daabd8ecc19d2acc2481469298f5a4d,3a5419064c3584802309,IDEXX,baseline_historico,2024-01-26,1/26/24,1/26/24,Sin Limpieza/batch_230.pdf,batch_230.pdf,.,17.0,BOCA SERVICIOS VETERINARIOS,BOCA SERVICIOS VETERINARIOS,,,18.45,-69.6,manual_override,0.6,Belgian Sheepdog,Male,10.0,1.0.0
283107d99b94e7beb698058154682061,283107d99b94e7beb698058154682061,08ae7daf8b9161b32695,IDEXX,baseline_historico,2024-01-26,1/26/24,1/26/24,Sin Limpieza/batch_230.pdf,batch_230.pdf,.,19.0,BOCA SERVICIOS VETERINARIOS,BOCA SERVICIOS VETERINARIOS,,,18.45,-69.6,manual_override,0.6,Mixed,Female,3.0,1.0.0
f98d9ff19e6752f8755c57461ad876d1,f98d9ff19e6752f8755c57461ad876d1,45abed5dc3910b452c3b,IDEXX,baseline_historico,2024-02-22,2/22/24,2/22/24,Sin Limpieza/batch_231.pdf,batch_231.pdf,.,1.0,BOCA SERVICIOS VETERINARIOS,BOCA SERVICIOS VETERINARIOS,,,18.45,-69.6,manual_override,0.6,Boxer,Male,10.0,1.0.0
2a70024f78b0dbf8412774047041b4f8,2a70024f78b0dbf8412774047041b4f8,24161d5c30687d7bbafb,IDEXX,baseline_historico,2024-01-05,1/5/24,1/5/24,Sin Limpieza/batch_231.pdf,batch_231.pdf,.,3.0,BOCA SERVICIOS VETERINARIOS,BOCA SERVICIOS VETERINARIOS,,,18.45,-69.6,manual_override,0.6,Yorkshire Terrier,Female,17.0,1.0.0
a8c802e319a66df0035ea6fc538ac872,a8c802e319a66df0035ea6fc538ac872,e174f5d27191f11fd203,IDEXX,baseline_historico,2024-01-05,1/5/24,1/5/24,Sin Limpieza/batch_231.pdf,batch_231.pdf,.,5.0,BOCA SERVICIOS VETERINARIOS,BOCA SERVICIOS VETERINARIOS,,,18.45,-69.6,manual_override,0.6,Beagle,Female,9.0,1.0.0
e9a63095c019da760d53c692a3f7f499,e9a63095c019da760d53c692a3f7f499,df870ad1ce600d91d2c2,IDEXX,baseline_historico,2024-01-02,1/2/24,1/2/24,Sin Limpieza/batch_231.pdf,batch_231.pdf,.,7.0,BOCA SERVICIOS VETERINARIOS,BOCA SERVICIOS VETERINARIOS,,,18.45,-69.6,manual_override,0.6,Chihuahua,Male,3.0,1.0.0
b1cdf923682fb00ffdb0d8b3b5d06371,b1cdf923682fb00ffdb0d8b3b5d06371,7089765ffaeb7a0c56ac,IDEXX,baseline_historico,2023-12-30,12/30/23,12/30/23,Sin Limpieza/batch_231.pdf,batch_231.pdf,.,9.0,BOCA SERVICIOS VETERINARIOS,BOCA SERVICIOS VETERINARIOS,,,18.45,-69.6,manual_override,0.6,Chihuahua,Female,5.0,1.0.0
1dfaea3320c1a9f90c5c712b23b809c3,1dfaea3320c1a9f90c5c712b23b809c3,5bcdb4af75857b072e1f,IDEXX,baseline_historico,2023-12-28,12/28/23,12/28/23,Sin Limpieza/batch_231.pdf,batch_231.pdf,.,11.0,BOCA SERVICIOS VETERINARIOS,BOCA SERVICIOS VETERINARIOS,,,18.45,-69.6,manual_override,0.6,Chihuahua,Male,5.0,1.0.0
c247269517d6ed1a8baa2ad53dd22b9d,c247269517d6ed1a8baa2ad53dd22b9d,2c89f9558ff384716813,IDEXX,baseline_historico,2023-12-28,12/28/23,12/28/23,Sin Limpieza/batch_231.pdf,batch_231.pdf,.,13.0,BOCA SERVICIOS VETERINARIOS,BOCA SERVICIOS VETERINARIOS,,,18.45,-69.6,manual_override,0.6,Mixed,Male,3.0,1.0.0
66d35b1e2073a49476cebe9be639d179,66d35b1e2073a49476cebe9be639d179,de8d3ca3815a257d5b89,IDEXX,baseline_historico,2023-12-28,12/28/23,12/28/23,Sin Limpieza/batch_231.pdf,batch_231.pdf,.,15.0,BOCA SERVICIOS VETERINARIOS,BOCA SERVICIOS VETERINARIOS,,,18.45,-69.6,manual_override,0.6,Other,Female,,1.0.0
00db38416c0277be89f3ac9685dd0707,00db38416c0277be89f3ac9685dd0707,db300610976a53ed6815,IDEXX,baseline_historico,2023-12-28,12/28/23,12/28/23,Sin Limpieza/batch_231.pdf,batch_231.pdf,.,17.0,BOCA SERVICIOS VETERINARIOS,BOCA SERVICIOS VETERINARIOS,,,18.45,-69.6,manual_override,0.6,Yorkshire Terrier,Male,,1.0.0
a11d48c15db17bba0edf95a868c346c4,a11d48c15db17bba0edf95a868c346c4,4221fe08027ea086513a,IDEXX,baseline_historico,2023-12-26,12/26/23,12/26/23,Sin Limpieza/batch_231.pdf,batch_231.pdf,.,19.0,BOCA SERVICIOS VETERINARIOS,BOCA SERVICIOS VETERINARIOS,,,18.45,-69.6,manual_override,0.6,Pug,Male,2.0,1.0.0
e094f0cc7cd6f33167076e725efcef06,e094f0cc7cd6f33167076e725efcef06,c53cd17ccde0716fb795,IDEXX,baseline_historico,2024-01-16,1/16/24,1/16/24,Sin Limpieza/batch_232.pdf,batch_232.pdf,.,1.0,BOCA SERVICIOS VETERINARIOS,BOCA SERVICIOS VETERINARIOS,,,18.45,-69.6,manual_override,0.6,Mixed,Female,13.0,1.0.0
0f5722069cf84149d523748d697812fa,0f5722069cf84149d523748d697812fa,5a39248ff9210557820a,IDEXX,baseline_historico,2024-01-15,1/15/24,1/15/24,Sin Limpieza/batch_232.pdf,batch_232.pdf,.,5.0,BOCA SERVICIOS VETERINARIOS,BOCA SERVICIOS VETERINARIOS,,,18.45,-69.6,manual_override,0.6,Other,Male,2.0,1.0.0
78de4a3475c38f1b80dab6f9297d3323,78de4a3475c38f1b80dab6f9297d3323,20ff5e70e7158d76c6e4,IDEXX,baseline_historico,2024-01-15,1/15/24,1/15/24,Sin Limpieza/batch_232.pdf,batch_232.pdf,.,7.0,BOCA SERVICIOS VETERINARIOS,BOCA SERVICIOS VETERINARIOS,,,18.45,-69.6,manual_override,0.6,Chihuahua,Female,10.0,1.0.0
28e2f3cba30c0d6d954143d78c415d21,28e2f3cba30c0d6d954143d78c415d21,7fda7d50aa3d691ac7d4,IDEXX,baseline_historico,2024-01-15,1/15/24,1/15/24,Sin Limpieza/batch_232.pdf,batch_232.pdf,.,9.0,BOCA SERVICIOS VETERINARIOS,BOCA SERVICIOS VETERINARIOS,,,18.45,-69.6,manual_override,0.6,Dachshund,Female,,1.0.0
9e08527006fbca94af804c714399bf67,9e08527006fbca94af804c714399bf67,7fda7d50aa3d691ac7d4,IDEXX,baseline_historico,2024-01-14,1/14/24,1/14/24,Sin Limpieza/batch_232.pdf,batch_232.pdf,.,11.0,BOCA SERVICIOS VETERINARIOS,BOCA SERVICIOS VETERINARIOS,,,18.45,-69.6,manual_override,0.6,Dachshund,Female,,1.0.0
5fc989b16537bfb2573e51d22513ad87,5fc989b16537bfb2573e51d22513ad87,7f86b62ab258160ae1ee,IDEXX,baseline_historico,2024-01-13,1/13/24,1/13/24,Sin Limpieza/batch_232.pdf,batch_232.pdf,.,13.0,BOCA SERVICIOS VETERINARIOS,BOCA SERVICIOS VETERINARIOS,,,18.45,-69.6,manual_override,0.6,Chihuahua,Female,,1.0.0
6e8fee62c7bb1a50a41bf1fd417f5094,6e8fee62c7bb1a50a41bf1fd417f5094,92fe1f35de1d5b7ae579,IDEXX,baseline_historico,2024-01-25,1/25/24,1/25/24,Sin Limpieza/batch_233.pdf,batch_233.pdf,.,1.0,BOCA SERVICIOS VETERINARIOS,BOCA SERVICIOS VETERINARIOS,,,18.45,-69.6,manual_override,0.6,Miniature Schnauzer,Male,8.0,1.0.0
a14b4d19edd40a2aca0873240b869957,a14b4d19edd40a2aca0873240b869957,2983406ba20671bd28f8,IDEXX,baseline_historico,2024-01-25,1/25/24,1/25/24,Sin Limpieza/batch_233.pdf,batch_233.pdf,.,3.0,BOCA SERVICIOS VETERINARIOS,BOCA SERVICIOS VETERINARIOS,,,18.45,-69.6,manual_override,0.6,Other,Female,,1.0.0
9a31a20fa95bd857baebb737b69843d9,9a31a20fa95bd857baebb737b69843d9,0d4583f492e0c0842b46,IDEXX,baseline_historico,2024-01-24,1/24/24,1/24/24,Sin Limpieza/batch_233.pdf,batch_233.pdf,.,5.0,BOCA SERVICIOS VETERINARIOS,BOCA SERVICIOS VETERINARIOS,,,18.45,-69.6,manual_override,0.6,Doberman Pinscher,Male,6.0,1.0.0
8153095d902bdb14ca19eaa86fb61793,8153095d902bdb14ca19eaa86fb61793,35ae36c26eebaeef08c1,IDEXX,baseline_historico,2024-01-23,1/23/24,1/23/24,Sin Limpieza/batch_233.pdf,batch_233.pdf,.,7.0,BOCA SERVICIOS VETERINARIOS,BOCA SERVICIOS VETERINARIOS,,,18.45,-69.6,manual_override,0.6,French Bulldog,Female,3.0,1.0.0
4f6161dc7886a01754e125d0406711b5,4f6161dc7886a01754e125d0406711b5,6e7f28d8c2a13dd6ab67,IDEXX,baseline_historico,2024-01-23,1/23/24,1/23/24,Sin Limpieza/batch_233.pdf,batch_233.pdf,.,9.0,BOCA SERVICIOS VETERINARIOS,BOCA SERVICIOS VETERINARIOS,,,18.45,-69.6,manual_override,0.6,French Bulldog,Female,3.0,1.0.0
1ebf3771ba955282ec2902093f541288,1ebf3771ba955282ec2902093f541288,cec1c9a2393c2776c5f3,IDEXX,baseline_historico,2024-01-23,1/23/24,1/23/24,Sin Limpieza/batch_233.pdf,batch_233.pdf,.,11.0,BOCA SERVICIOS VETERINARIOS,BOCA SERVICIOS VETERINARIOS,,,18.45,-69.6,manual_override,0.6,Other,Female,,1.0.0
c4a296326cfb7b35fb9123e5adaba00d,c4a296326cfb7b35fb9123e5adaba00d,ea05c1f5f31edc1dff11,IDEXX,baseline_historico,2024-01-23,1/23/24,1/23/24,Sin Limpieza/batch_233.pdf,batch_233.pdf,.,13.0,BOCA SERVICIOS VETERINARIOS,BOCA SERVICIOS VETERINARIOS,,,18.45,-69.6,manual_override,0.6,Chihuahua,,15.0,1.0.0
af88784cae3ec20b6524134145b6f563,af88784cae3ec20b6524134145b6f563,3773a383cbf70e94d483,IDEXX,baseline_historico,2024-01-23,1/23/24,1/23/24,Sin Limpieza/batch_233.pdf,batch_233.pdf,.,15.0,BOCA SERVICIOS VETERINARIOS,BOCA SERVICIOS VETERINARIOS,,,18.45,-69.6,manual_override,0.6,Mixed,Female,12.0,1.0.0
55aef1af2cf419462ea0a286f67bfdf2,55aef1af2cf419462ea0a286f67bfdf2,f2864bb941b10a65b58f,IDEXX,baseline_historico,2024-01-23,1/23/24,1/23/24,Sin Limpieza/batch_233.pdf,batch_233.pdf,.,17.0,BOCA SERVICIOS VETERINARIOS,BOCA SERVICIOS VETERINARIOS,,,18.45,-69.6,manual_override,0.6,Shih Tzu,Male,,1.0.0
0e65ed2e5c19d09cf35e4ff0c2b4e899,0e65ed2e5c19d09cf35e4ff0c2b4e899,803f348fa624fe56b3ee,IDEXX,baseline_historico,2024-01-22,1/22/24,1/22/24,Sin Limpieza/batch_233.pdf,batch_233.pdf,.,19.0,BOCA SERVICIOS VETERINARIOS,BOCA SERVICIOS VETERINARIOS,,,18.45,-69.6,manual_override,0.6,Mixed,Male,5.0,1.0.0
ff73161781d20e6941b5912d081cf295,ff73161781d20e6941b5912d081cf295,de9e344462db694757f5,IDEXX,baseline_historico,2023-12-09,12/9/23,12/9/23,Sin Limpieza/batch_234.pdf,batch_234.pdf,.,1.0,BOCA SERVICIOS VETERINARIOS,BOCA SERVICIOS VETERINARIOS,,,18.45,-69.6,manual_override,0.6,Other,Female,,1.0.0
13709372d86506ddddfdd3af7b3b8c0d,13709372d86506ddddfdd3af7b3b8c0d,ade16b02656511fd1bb6,IDEXX,baseline_historico,2023-12-09,12/9/23,12/9/23,Sin Limpieza/batch_234.pdf,batch_234.pdf,.,3.0,BOCA SERVICIOS VETERINARIOS,BOCA SERVICIOS VETERINARIOS,,,18.45,-69.6,manual_override,0.6,Chihuahua,Male,14.0,1.0.0
8f591daee48e4c738caa957c0c7711bd,8f591daee48e4c738caa957c0c7711bd,e174f5d27191f11fd203,IDEXX,baseline_historico,2023-12-08,12/8/23,12/8/23,Sin Limpieza/batch_234.pdf,batch_234.pdf,.,5.0,BOCA SERVICIOS VETERINARIOS,BOCA SERVICIOS VETERINARIOS,,,18.45,-69.6,manual_override,0.6,Beagle,Female,9.0,1.0.0
2e0aa858ab7a64b70cf0def6648b70f2,2e0aa858ab7a64b70cf0def6648b70f2,8337f7e0cd55441feada,IDEXX,baseline_historico,2023-12-08,12/8/23,12/8/23,Sin Limpieza/batch_234.pdf,batch_234.pdf,.,7.0,BOCA SERVICIOS VETERINARIOS,BOCA SERVICIOS VETERINARIOS,,,18.45,-69.6,manual_override,0.6,Rottweiler,,8.0,1.0.0
522c3deb35f745706fb6f7ae98fe404f,522c3deb35f745706fb6f7ae98fe404f,7c1b55b08fd0ef966c2e,IDEXX,baseline_historico,2023-12-08,12/8/23,12/8/23,Sin Limpieza/batch_234.pdf,batch_234.pdf,.,9.0,BOCA SERVICIOS VETERINARIOS,BOCA SERVICIOS VETERINARIOS,,,18.45,-69.6,manual_override,0.6,Mixed,Female,5.0,1.0.0
72d734022ba5b2712437829fca9a2144,72d734022ba5b2712437829fca9a2144,37326fc865a8865a71a5,IDEXX,baseline_historico,2023-12-08,12/8/23,12/8/23,Sin Limpieza/batch_234.pdf,batch_234.pdf,.,11.0,BOCA SERVICIOS VETERINARIOS,BOCA SERVICIOS VETERINARIOS,,,18.45,-69.6,manual_override,0.6,German Shepherd,Male,5.0,1.0.0
28d198d7bd658d717155e64b5e38c3a7,28d198d7bd658d717155e64b5e38c3a7,13e033010bb15d4e978d,IDEXX,baseline_historico,2023-12-07,12/7/23,12/7/23,Sin Limpieza/batch_234.pdf,batch_234.pdf,.,13.0,BOCA SERVICIOS VETERINARIOS,BOCA SERVICIOS VETERINARIOS,,,18.45,-69.6,manual_override,0.6,Siberian Husky,Female,4.0,1.0.0
08a69e9303419f8647ad92960954ae4f,08a69e9303419f8647ad92960954ae4f,92fe1f35de1d5b7ae579,IDEXX,baseline_historico,2023-11-15,11/15/23,11/15/23,Sin Limpieza/batch_235.pdf,batch_235.pdf,.,3.0,BOCA SERVICIOS VETERINARIOS,BOCA SERVICIOS VETERINARIOS,,,18.45,-69.6,manual_override,0.6,Miniature Schnauzer,Male,8.0,1.0.0
cd67c7f87e2faf151d9f2409998048f3,cd67c7f87e2faf151d9f2409998048f3,aab9e8555d012c8ee1f4,IDEXX,baseline_historico,2023-11-14,11/14/23,11/14/23,Sin Limpieza/batch_235.pdf,batch_235.pdf,.,5.0,BOCA SERVICIOS VETERINARIOS,BOCA SERVICIOS VETERINARIOS,,,18.45,-69.6,manual_override,0.6,Bull Terrier,Male,5.0,1.0.0
4db9d6b3a718ac133457ec06a4d98fec,4db9d6b3a718ac133457ec06a4d98fec,f833fcc9ace04faf59ce,IDEXX,baseline_historico,2023-11-13,11/13/23,11/13/23,Sin Limpieza/batch_235.pdf,batch_235.pdf,.,7.0,BOCA SERVICIOS VETERINARIOS,BOCA SERVICIOS VETERINARIOS,,,18.45,-69.6,manual_override,0.6,Mixed,Female,10.0,1.0.0
471d3cdc12a620fd67390c7459bff0c1,471d3cdc12a620fd67390c7459bff0c1,08a3580a84d42386820d,IDEXX,baseline_historico,2023-11-11,11/11/23,11/11/23,Sin Limpieza/batch_235.pdf,batch_235.pdf,.,9.0,BOCA SERVICIOS VETERINARIOS,BOCA SERVICIOS VETERINARIOS,,,18.45,-69.6,manual_override,0.6,Siberian Husky,Female,,1.0.0
6bafddfb3f03bb71b2033783a2edadd4,6bafddfb3f03bb71b2033783a2edadd4,b0e87721356dd8f1e0ea,IDEXX,baseline_historico,2023-11-11,11/11/23,11/11/23,Sin Limpieza/batch_235.pdf,batch_235.pdf,.,11.0,BOCA SERVICIOS VETERINARIOS,BOCA SERVICIOS VETERINARIOS,,,18.45,-69.6,manual_override,0.6,Other,Female,6.0,1.0.0
e71485944a43d41a906e00dcdf5f0763,e71485944a43d41a906e00dcdf5f0763,f57ebe35363c47fbb378,IDEXX,baseline_historico,2023-11-10,11/10/23,11/10/23,Sin Limpieza/batch_235.pdf,batch_235.pdf,.,13.0,BOCA SERVICIOS VETERINARIOS,BOCA SERVICIOS VETERINARIOS,,,18.45,-69.6,manual_override,0.6,Other,Male,3.0,1.0.0
2a8080e83a157742b2f7387ef2533122,2a8080e83a157742b2f7387ef2533122,ab9a4f8f2353ab9b40fe,IDEXX,baseline_historico,2023-11-09,11/9/23,11/9/23,Sin Limpieza/batch_235.pdf,batch_235.pdf,.,15.0,BOCA SERVICIOS VETERINARIOS,BOCA SERVICIOS VETERINARIOS,,,18.45,-69.6,manual_override,0.6,Chihuahua,Male,,1.0.0
f0eadd806641a0529cac984d4091a3f8,f0eadd806641a0529cac984d4091a3f8,a9d69a0bb6667b5a7404,IDEXX,baseline_historico,2023-11-09,11/9/23,11/9/23,Sin Limpieza/batch_235.pdf,batch_235.pdf,.,17.0,BOCA SERVICIOS VETERINARIOS,BOCA SERVICIOS VETERINARIOS,,,18.45,-69.6,manual_override,0.6,Mixed,Female,9.0,1.0.0
93086b35f0d2930b0239acec43fda555,93086b35f0d2930b0239acec43fda555,0a31c0d9b4f75329ced1,IDEXX,baseline_historico,2023-11-07,11/7/23,11/7/23,Sin Limpieza/batch_235.pdf,batch_235.pdf,.,19.0,BOCA SERVICIOS VETERINARIOS,BOCA SERVICIOS VETERINARIOS,,,18.45,-69.6,manual_override,0.6,Pekingese,Female,5.0,1.0.0
6c5b3d92a5f4683ba45a5458548d769a,6c5b3d92a5f4683ba45a5458548d769a,ff57b9405a0d9053d6b6,IDEXX,baseline_historico,2023-11-25,11/25/23,11/25/23,Sin Limpieza/batch_236.pdf,batch_236.pdf,.,1.0,BOCA SERVICIOS VETERINARIOS,BOCA SERVICIOS VETERINARIOS,,,18.45,-69.6,manual_override,0.6,German Shepherd,Female,,1.0.0
0b2234eef9c17a0b15624ca69912a309,0b2234eef9c17a0b15624ca69912a309,7f7d7a5e1ab8055bbeea,IDEXX,baseline_historico,2023-11-25,11/25/23,11/25/23,Sin Limpieza/batch_236.pdf,batch_236.pdf,.,3.0,BOCA SERVICIOS VETERINARIOS,BOCA SERVICIOS VETERINARIOS,,,18.45,-69.6,manual_override,0.6,Chihuahua,Female,6.0,1.0.0
6131b3d6194b8e850a01961ca1e16375,6131b3d6194b8e850a01961ca1e16375,594d1dcffbb7ca74533e,IDEXX,baseline_historico,2023-11-24,11/24/23,11/24/23,Sin Limpieza/batch_236.pdf,batch_236.pdf,.,5.0,BOCA SERVICIOS VETERINARIOS,BOCA SERVICIOS VETERINARIOS,,,18.45,-69.6,manual_override,0.6,Poodle,Female,,1.0.0
2668d85aa114e67509a8fc549f581af6,2668d85aa114e67509a8fc549f581af6,022a9032d822933dc8f4,IDEXX,baseline_historico,2023-11-24,11/24/23,11/24/23,Sin Limpieza/batch_236.pdf,batch_236.pdf,.,7.0,BOCA SERVICIOS VETERINARIOS,BOCA SERVICIOS VETERINARIOS,,,18.45,-69.6,manual_override,0.6,Poodle,Female,16.0,1.0.0
66ae3db4638015d0393dbee8f85955d7,66ae3db4638015d0393dbee8f85955d7,e174f5d27191f11fd203,IDEXX,baseline_historico,2023-11-23,11/23/23,11/23/23,Sin Limpieza/batch_236.pdf,batch_236.pdf,.,9.0,BOCA SERVICIOS VETERINARIOS,BOCA SERVICIOS VETERINARIOS,,,18.45,-69.6,manual_override,0.6,Beagle,Female,9.0,1.0.0
ddc72e862334f8557e8bbf2212649960,ddc72e862334f8557e8bbf2212649960,87b9c74bbe698fdfb08a,IDEXX,baseline_historico,2023-11-22,11/22/23,11/22/23,Sin Limpieza/batch_236.pdf,batch_236.pdf,.,11.0,BOCA SERVICIOS VETERINARIOS,BOCA SERVICIOS VETERINARIOS,,,18.45,-69.6,manual_override,0.6,Bulldog,Female,7.0,1.0.0
de7ff0a6c98b0e1233f5c080ce4f893f,de7ff0a6c98b0e1233f5c080ce4f893f,9560cd8e61f44ba604f6,IDEXX,baseline_historico,2023-11-21,11/21/23,11/21/23,Sin Limpieza/batch_236.pdf,batch_236.pdf,.,13.0,BOCA SERVICIOS VETERINARIOS,BOCA SERVICIOS VETERINARIOS,,,18.45,-69.6,manual_override,0.6,Doberman Pinscher,Female,10.0,1.0.0
3a21abff1afc9f34b0bf811e7e587264,3a21abff1afc9f34b0bf811e7e587264,242b68708617baed1689,IDEXX,baseline_historico,2023-11-21,11/21/23,11/21/23,Sin Limpieza/batch_236.pdf,batch_236.pdf,.,15.0,BOCA SERVICIOS VETERINARIOS,BOCA SERVICIOS VETERINARIOS,,,18.45,-69.6,manual_override,0.6,Pomeranian,Female,,1.0.0
16f0655c240d316e338f37494d79ce84,16f0655c240d316e338f37494d79ce84,d95b7187cda19da02baa,IDEXX,baseline_historico,2023-11-20,11/20/23,11/20/23,Sin Limpieza/batch_236.pdf,batch_236.pdf,.,17.0,BOCA SERVICIOS VETERINARIOS,BOCA SERVICIOS VETERINARIOS,,,18.45,-69.6,manual_override,0.6,Other,Male,3.0,1.0.0
26a8d4b0abfb6993dc067fd68038c6d7,26a8d4b0abfb6993dc067fd68038c6d7,ca94da30c11b1ba4172e,IDEXX,baseline_historico,2023-08-25,8/25/23,8/25/23,Sin Limpieza/batch_237.pdf,batch_237.pdf,.,3.0,BOCA SERVICIOS VETERINARIOS,BOCA SERVICIOS VETERINARIOS,,,18.45,-69.6,manual_override,0.6,Other,Female,6.0,1.0.0
36365138c696ebb83946442614af9e96,36365138c696ebb83946442614af9e96,6099936d82dfc8b7987a,IDEXX,baseline_historico,2023-08-25,8/25/23,8/25/23,Sin Limpieza/batch_237.pdf,batch_237.pdf,.,5.0,BOCA SERVICIOS VETERINARIOS,BOCA SERVICIOS VETERINARIOS,,,18.45,-69.6,manual_override,0.6,Poodle,Female,,1.0.0
a36e774ec2123ed296f7476d1410299d,a36e774ec2123ed296f7476d1410299d,a3ea243d60ffa2be7516,IDEXX,baseline_historico,2023-08-25,8/25/23,8/25/23,Sin Limpieza/batch_237.pdf,batch_237.pdf,.,7.0,BOCA SERVICIOS VETERINARIOS,BOCA SERVICIOS VETERINARIOS,,,18.45,-69.6,manual_override,0.6,Golden Retriever,Male,9.0,1.0.0
2dd2b32f3db151aba42b036909fb8fa0,2dd2b32f3db151aba42b036909fb8fa0,2fa50a067f15e34921f2,IDEXX,baseline_historico,2023-08-25,8/25/23,8/25/23,Sin Limpieza/batch_237.pdf,batch_237.pdf,.,9.0,BOCA SERVICIOS VETERINARIOS,BOCA SERVICIOS VETERINARIOS,,,18.45,-69.6,manual_override,0.6,Cavalier King Charles Spaniel,Male,,1.0.0
091bc4fb010776279927f3eb8e0bde56,091bc4fb010776279927f3eb8e0bde56,e79c37c1ed5901e414f7,IDEXX,baseline_historico,2023-08-25,8/25/23,8/25/23,Sin Limpieza/batch_237.pdf,batch_237.pdf,.,11.0,BOCA SERVICIOS VETERINARIOS,BOCA SERVICIOS VETERINARIOS,,,18.45,-69.6,manual_override,0.6,Other,Male,,1.0.0
d5903723e5f655d4aba9a651ea2a2461,d5903723e5f655d4aba9a651ea2a2461,ff1b7326de8200c43e88,IDEXX,baseline_historico,2023-08-25,8/25/23,8/25/23,Sin Limpieza/batch_237.pdf,batch_237.pdf,.,13.0,BOCA SERVICIOS VETERINARIOS,BOCA SERVICIOS VETERINARIOS,,,18.45,-69.6,manual_override,0.6,Mixed,Female,,1.0.0
eb27c9f645b401c9ec6ad5b474523f54,eb27c9f645b401c9ec6ad5b474523f54,b23f9f4e2859690cb002,IDEXX,baseline_historico,2023-08-25,8/25/23,8/25/23,Sin Limpieza/batch_237.pdf,batch_237.pdf,.,15.0,BOCA SERVICIOS VETERINARIOS,BOCA SERVICIOS VETERINARIOS,,,18.45,-69.6,manual_override,0.6,Affenpinscher,Female,6.0,1.0.0
ae489116b3da4d81210b472f2975b955,ae489116b3da4d81210b472f2975b955,a3ea243d60ffa2be7516,IDEXX,baseline_historico,2023-08-22,8/22/23,8/22/23,Sin Limpieza/batch_237.pdf,batch_237.pdf,.,17.0,BOCA SERVICIOS VETERINARIOS,BOCA SERVICIOS VETERINARIOS,,,18.45,-69.6,manual_override,0.6,Golden Retriever,Male,9.0,1.0.0
467ab1045ea89044d20eee52d5848a1a,467ab1045ea89044d20eee52d5848a1a,ee448c61f79d50064b1f,IDEXX,baseline_historico,2023-08-22,8/22/23,8/22/23,Sin Limpieza/batch_237.pdf,batch_237.pdf,.,19.0,BOCA SERVICIOS VETERINARIOS,BOCA SERVICIOS VETERINARIOS,,,18.45,-69.6,manual_override,0.6,Mixed,Male,,1.0.0
3d1aec3ba0d931bc32b610f60a59f244,3d1aec3ba0d931bc32b610f60a59f244,d26bd5a3fea703fcd78d,IDEXX,baseline_historico,2023-09-27,9/27/23,9/27/23,Sin Limpieza/batch_238.pdf,batch_238.pdf,.,1.0,BOCA SERVICIOS VETERINARIOS,BOCA SERVICIOS VETERINARIOS,,,18.45,-69.6,manual_override,0.6,Mixed,Male,6.0,1.0.0
bbbd9f28d3c63d4163648289dc9a6494,bbbd9f28d3c63d4163648289dc9a6494,3979998ddb0dd5dee78b,IDEXX,baseline_historico,2023-09-27,9/27/23,9/27/23,Sin Limpieza/batch_238.pdf,batch_238.pdf,.,3.0,BOCA SERVICIOS VETERINARIOS,BOCA SERVICIOS VETERINARIOS,,,18.45,-69.6,manual_override,0.6,Chihuahua,Female,10.0,1.0.0
2036fde8f4be9798db9d9dd423a2a706,2036fde8f4be9798db9d9dd423a2a706,f85395e06695557788b8,IDEXX,baseline_historico,2023-09-26,9/26/23,9/26/23,Sin Limpieza/batch_238.pdf,batch_238.pdf,.,5.0,BOCA SERVICIOS VETERINARIOS,BOCA SERVICIOS VETERINARIOS,,,18.45,-69.6,manual_override,0.6,Golden Retriever,Male,4.0,1.0.0
ed3fd98aa9981f992aff0ee31954b389,ed3fd98aa9981f992aff0ee31954b389,bf5e67104f7aca7b3ca4,IDEXX,baseline_historico,2023-09-26,9/26/23,9/26/23,Sin Limpieza/batch_238.pdf,batch_238.pdf,.,7.0,BOCA SERVICIOS VETERINARIOS,BOCA SERVICIOS VETERINARIOS,,,18.45,-69.6,manual_override,0.6,Other,Female,,1.0.0
4e5585d989ec296df526fc7069f69afa,4e5585d989ec296df526fc7069f69afa,5d1a21d825610399a6ec,IDEXX,baseline_historico,2023-09-25,9/25/23,9/25/23,Sin Limpieza/batch_238.pdf,batch_238.pdf,.,9.0,BOCA SERVICIOS VETERINARIOS,BOCA SERVICIOS VETERINARIOS,,,18.45,-69.6,manual_override,0.6,Pomeranian,Male,2.0,1.0.0
21f5d831f59a7b54296ee369e7513ca7,21f5d831f59a7b54296ee369e7513ca7,7dabdf1240e71d85a1ed,IDEXX,baseline_historico,2023-09-24,9/24/23,9/24/23,Sin Limpieza/batch_238.pdf,batch_238.pdf,.,11.0,BOCA SERVICIOS VETERINARIOS,BOCA SERVICIOS VETERINARIOS,,,18.45,-69.6,manual_override,0.6,Mixed,Female,3.0,1.0.0
879bd24cf7aa3b6047ad6cd81ce3ff3f,879bd24cf7aa3b6047ad6cd81ce3ff3f,85b2be658d41360c7f39,IDEXX,baseline_historico,2023-09-22,9/22/23,9/22/23,Sin Limpieza/batch_238.pdf,batch_238.pdf,.,15.0,BOCA SERVICIOS VETERINARIOS,BOCA SERVICIOS VETERINARIOS,,,18.45,-69.6,manual_override,0.6,Bulldog,Female,3.0,1.0.0
2641e00f9b81991bf0ebb74df5c887c5,2641e00f9b81991bf0ebb74df5c887c5,3773a383cbf70e94d483,IDEXX,baseline_historico,2023-09-21,9/21/23,9/21/23,Sin Limpieza/batch_238.pdf,batch_238.pdf,.,17.0,BOCA SERVICIOS VETERINARIOS,BOCA SERVICIOS VETERINARIOS,,,18.45,-69.6,manual_override,0.6,Mixed,Female,12.0,1.0.0
2db47343ba3229d5d431d657843d010d,2db47343ba3229d5d431d657843d010d,fdc618ae7ebb424adcd3,IDEXX,baseline_historico,2023-09-21,9/21/23,9/21/23,Sin Limpieza/batch_238.pdf,batch_238.pdf,.,19.0,BOCA SERVICIOS VETERINARIOS,BOCA SERVICIOS VETERINARIOS,,,18.45,-69.6,manual_override,0.6,Other,Male,9.0,1.0.0
dd62b1ed45181a3c924fff2edd342efb,dd62b1ed45181a3c924fff2edd342efb,9b37608d9f0d91767e71,IDEXX,baseline_historico,2023-10-30,10/30/23,10/30/23,Sin Limpieza/batch_239.pdf,batch_239.pdf,.,5.0,BOCA SERVICIOS VETERINARIOS,BOCA SERVICIOS VETERINARIOS,,,18.45,-69.6,manual_override,0.6,Yorkshire Terrier,Female,3.0,1.0.0
9554a7c7229b630acf463fe31ead99a6,9554a7c7229b630acf463fe31ead99a6,03d1926578d262fa2643,IDEXX,baseline_historico,2023-10-28,10/28/23,10/28/23,Sin Limpieza/batch_239.pdf,batch_239.pdf,.,7.0,BOCA SERVICIOS VETERINARIOS,BOCA SERVICIOS VETERINARIOS,,,18.45,-69.6,manual_override,0.6,Yorkshire Terrier,,9.0,1.0.0
0358023750bd249b7f6d77d629d9d137,0358023750bd249b7f6d77d629d9d137,65e7030050a2a24edad7,IDEXX,baseline_historico,2023-10-26,10/26/23,10/26/23,Sin Limpieza/batch_239.pdf,batch_239.pdf,.,9.0,BOCA SERVICIOS VETERINARIOS,BOCA SERVICIOS VETERINARIOS,,,18.45,-69.6,manual_override,0.6,Rottweiler,Male,8.0,1.0.0
10170c3514b352cb7e63ed1be7770c7e,10170c3514b352cb7e63ed1be7770c7e,59dace9e007829d66434,IDEXX,baseline_historico,2023-10-26,10/26/23,10/26/23,Sin Limpieza/batch_239.pdf,batch_239.pdf,.,11.0,BOCA SERVICIOS VETERINARIOS,BOCA SERVICIOS VETERINARIOS,,,18.45,-69.6,manual_override,0.6,Boxer,Female,9.0,1.0.0
f8fb07712fdb9aaf2d1ee7d193f5e4e6,f8fb07712fdb9aaf2d1ee7d193f5e4e6,d26bd5a3fea703fcd78d,IDEXX,baseline_historico,2023-10-24,10/24/23,10/24/23,Sin Limpieza/batch_239.pdf,batch_239.pdf,.,13.0,BOCA SERVICIOS VETERINARIOS,BOCA SERVICIOS VETERINARIOS,,,18.45,-69.6,manual_override,0.6,Mixed,Male,6.0,1.0.0
2ab5d5b39cdc3ccf3e6b0acb55466524,2ab5d5b39cdc3ccf3e6b0acb55466524,990330481dc8c35f7a88,IDEXX,baseline_historico,2023-10-23,10/23/23,10/23/23,Sin Limpieza/batch_239.pdf,batch_239.pdf,.,15.0,BOCA SERVICIOS VETERINARIOS,BOCA SERVICIOS VETERINARIOS,,,18.45,-69.6,manual_override,0.6,Mixed,Male,3.0,1.0.0
1d36135bc088314a2f3dd42101544e4f,1d36135bc088314a2f3dd42101544e4f,8335cd6817dd42384340,IDEXX,baseline_historico,2023-10-20,10/20/23,10/20/23,Sin Limpieza/batch_239.pdf,batch_239.pdf,.,19.0,BOCA SERVICIOS VETERINARIOS,BOCA SERVICIOS VETERINARIOS,,,18.45,-69.6,manual_override,0.6,Chihuahua,Female,8.0,1.0.0
82413815874cb1a1f04560fb46bf5f90,82413815874cb1a1f04560fb46bf5f90,26257e1e8b61c669f37d,IDEXX,baseline_historico,2025-12-04,12/4/25,12/4/25,Sin Limpieza/batch_24.pdf,batch_24.pdf,.,1.0,BOCA SERVICIOS VETERINARIOS,BOCA SERVICIOS VETERINARIOS,,,18.45,-69.6,manual_override,0.6,"Canine, Mixed Breed",Male,1.0,1.0.0
cf8d5c4d8b9ad77f656fb06dbb54ec38,cf8d5c4d8b9ad77f656fb06dbb54ec38,303496c07df80ee97f63,IDEXX,baseline_historico,2025-12-04,12/4/25,12/4/25,Sin Limpieza/batch_24.pdf,batch_24.pdf,.,3.0,BOCA SERVICIOS VETERINARIOS,BOCA SERVICIOS VETERINARIOS,,,18.45,-69.6,manual_override,0.6,"Canine, Mixed Breed",Male,1.0,1.0.0
5a91381a8df79cacd63740389037722c,5a91381a8df79cacd63740389037722c,57300e17abb7bc8b3904,IDEXX,baseline_historico,2025-12-04,12/4/25,12/4/25,Sin Limpieza/batch_24.pdf,batch_24.pdf,.,5.0,BOCA SERVICIOS VETERINARIOS,BOCA SERVICIOS VETERINARIOS,,,18.45,-69.6,manual_override,0.6,Pug,Male,8.0,1.0.0
f55d3a8d6fafeff7cd70e580b72ab875,f55d3a8d6fafeff7cd70e580b72ab875,21da67ee70fb3430b9e9,IDEXX,baseline_historico,2025-12-04,12/4/25,12/4/25,Sin Limpieza/batch_24.pdf,batch_24.pdf,.,7.0,BOCA SERVICIOS VETERINARIOS,BOCA SERVICIOS VETERINARIOS,,,18.45,-69.6,manual_override,0.6,"Canine, Mixed Breed",Male,,1.0.0
bf8d293b5ef658506704cab0d74f07c1,bf8d293b5ef658506704cab0d74f07c1,76ca8481563bd228f2d5,IDEXX,baseline_historico,2025-12-04,12/4/25,12/4/25,Sin Limpieza/batch_24.pdf,batch_24.pdf,.,9.0,BOCA SERVICIOS VETERINARIOS,BOCA SERVICIOS VETERINARIOS,,,18.45,-69.6,manual_override,0.6,"Canine, Mixed Breed",Male,1.0,1.0.0
cecae6f3ced542a39761174e435847be,cecae6f3ced542a39761174e435847be,2c1bd27c5d2b775664a7,IDEXX,baseline_historico,2025-12-03,12/3/25,12/3/25,Sin Limpieza/batch_24.pdf,batch_24.pdf,.,11.0,BOCA SERVICIOS VETERINARIOS,BOCA SERVICIOS VETERINARIOS,,,18.45,-69.6,manual_override,0.6,American Staffordshire Terrier,Female,8.0,1.0.0
ca2a260b2643ea970ca84f3b682954aa,ca2a260b2643ea970ca84f3b682954aa,b963468e943d37d42a53,IDEXX,baseline_historico,2025-12-03,12/3/25,12/3/25,Sin Limpieza/batch_24.pdf,batch_24.pdf,.,13.0,BOCA SERVICIOS VETERINARIOS,BOCA SERVICIOS VETERINARIOS,,,18.45,-69.6,manual_override,0.6,Pomeranian,Male,2.0,1.0.0
e911d7ecda47939fbcb23681aae42286,e911d7ecda47939fbcb23681aae42286,32092a25ba17efdb7459,IDEXX,baseline_historico,2025-12-03,12/3/25,12/3/25,Sin Limpieza/batch_24.pdf,batch_24.pdf,.,15.0,BOCA SERVICIOS VETERINARIOS,BOCA SERVICIOS VETERINARIOS,,,18.45,-69.6,manual_override,0.6,"Canine, Mixed Breed",Female,1.0,1.0.0
89476f62fdf784a75cbed98f3910d60b,89476f62fdf784a75cbed98f3910d60b,173f86a6f191e9fdf434,IDEXX,baseline_historico,2025-12-03,12/3/25,12/3/25,Sin Limpieza/batch_24.pdf,batch_24.pdf,.,17.0,BOCA SERVICIOS VETERINARIOS,BOCA SERVICIOS VETERINARIOS,,,18.45,-69.6,manual_override,0.6,French Bulldog,Female,,1.0.0
e313bb37587b1a0b3718b4bed2d7552f,e313bb37587b1a0b3718b4bed2d7552f,b19ca2be47d37b5a7ff9,IDEXX,baseline_historico,2025-12-03,12/3/25,12/3/25,Sin Limpieza/batch_24.pdf,batch_24.pdf,.,19.0,BOCA SERVICIOS VETERINARIOS,BOCA SERVICIOS VETERINARIOS,,,18.45,-69.6,manual_override,0.6,Belgian Sheepdog,,2.0,1.0.0
9cfaf42e24abc51abf72caf0a3af6b10,9cfaf42e24abc51abf72caf0a3af6b10,b0db010b11bb5ba126f5,IDEXX,baseline_historico,2023-09-09,9/9/23,9/9/23,Sin Limpieza/batch_240.pdf,batch_240.pdf,.,1.0,BOCA SERVICIOS VETERINARIOS,BOCA SERVICIOS VETERINARIOS,,,18.45,-69.6,manual_override,0.6,French Bulldog,Male,6.0,1.0.0
35f77b5c580ce39fb0a371c3d8c162ab,35f77b5c580ce39fb0a371c3d8c162ab,23b104e43ed62f032816,IDEXX,baseline_historico,2023-09-09,9/9/23,9/9/23,Sin Limpieza/batch_240.pdf,batch_240.pdf,.,5.0,BOCA SERVICIOS VETERINARIOS,BOCA SERVICIOS VETERINARIOS,,,18.45,-69.6,manual_override,0.6,Other,Male,,1.0.0
298bd4ca4f39d8917a7f6e2dc3bbf520,298bd4ca4f39d8917a7f6e2dc3bbf520,e33b1e6efcbb324188fa,IDEXX,baseline_historico,2023-09-08,9/8/23,9/8/23,Sin Limpieza/batch_240.pdf,batch_240.pdf,.,7.0,BOCA SERVICIOS VETERINARIOS,BOCA SERVICIOS VETERINARIOS,,,18.45,-69.6,manual_override,0.6,Chihuahua,Male,9.0,1.0.0
153ded69322f6703e6723e42c643be3e,153ded69322f6703e6723e42c643be3e,f08b70c50b88451f3b75,IDEXX,baseline_historico,2023-09-07,9/7/23,9/7/23,Sin Limpieza/batch_240.pdf,batch_240.pdf,.,9.0,BOCA SERVICIOS VETERINARIOS,BOCA SERVICIOS VETERINARIOS,,,18.45,-69.6,manual_override,0.6,Mixed,Female,16.0,1.0.0
e4be2479c8f83001757644d77c952a28,e4be2479c8f83001757644d77c952a28,16d539bc10c9d3e5e65b,IDEXX,baseline_historico,2023-09-06,9/6/23,9/6/23,Sin Limpieza/batch_240.pdf,batch_240.pdf,.,13.0,BOCA SERVICIOS VETERINARIOS,BOCA SERVICIOS VETERINARIOS,,,18.45,-69.6,manual_override,0.6,French Bulldog,Male,2.0,1.0.0
3f66a25203fdfe683af9d7be061137f1,3f66a25203fdfe683af9d7be061137f1,31ca0bfce1c4e3a2a529,IDEXX,baseline_historico,2023-09-06,9/6/23,9/6/23,Sin Limpieza/batch_240.pdf,batch_240.pdf,.,15.0,BOCA SERVICIOS VETERINARIOS,BOCA SERVICIOS VETERINARIOS,,,18.45,-69.6,manual_override,0.6,Staffordshire Bull Terrier,Male,9.0,1.0.0
65f520fa1c0c33a904977a447dac2c26,65f520fa1c0c33a904977a447dac2c26,b4a0c21adc17ce8b6457,IDEXX,baseline_historico,2023-08-29,8/29/23,8/29/23,Sin Limpieza/batch_241.pdf,batch_241.pdf,.,1.0,BOCA SERVICIOS VETERINARIOS,BOCA SERVICIOS VETERINARIOS,,,18.45,-69.6,manual_override,0.6,Doberman Pinscher,Male,2.0,1.0.0
2f0c67c1c43ca83ef4aa3e87333a391b,2f0c67c1c43ca83ef4aa3e87333a391b,a29cd421451d99352b00,IDEXX,baseline_historico,2023-08-28,8/28/23,8/28/23,Sin Limpieza/batch_241.pdf,batch_241.pdf,.,3.0,BOCA SERVICIOS VETERINARIOS,BOCA SERVICIOS VETERINARIOS,,,18.45,-69.6,manual_override,0.6,Boxer,Male,3.0,1.0.0
0f0e82157f9c5a82db0859b24dc00787,0f0e82157f9c5a82db0859b24dc00787,4bd2367bcc4e82bb27df,IDEXX,baseline_historico,2023-08-28,8/28/23,8/28/23,Sin Limpieza/batch_241.pdf,batch_241.pdf,.,5.0,BOCA SERVICIOS VETERINARIOS,BOCA SERVICIOS VETERINARIOS,,,18.45,-69.6,manual_override,0.6,French Bulldog,Female,,1.0.0
ef8aa38faff489739e4b87d3c07ef8cd,ef8aa38faff489739e4b87d3c07ef8cd,ca94da30c11b1ba4172e,IDEXX,baseline_historico,2023-08-28,8/28/23,8/28/23,Sin Limpieza/batch_241.pdf,batch_241.pdf,.,7.0,BOCA SERVICIOS VETERINARIOS,BOCA SERVICIOS VETERINARIOS,,,18.45,-69.6,manual_override,0.6,Other,Female,6.0,1.0.0
744e75ba1677e7b45ff3c6a08e145200,744e75ba1677e7b45ff3c6a08e145200,93db7e38e01f65aa09f5,IDEXX,baseline_historico,2023-08-28,8/28/23,8/28/23,Sin Limpieza/batch_241.pdf,batch_241.pdf,.,9.0,BOCA SERVICIOS VETERINARIOS,BOCA SERVICIOS VETERINARIOS,,,18.45,-69.6,manual_override,0.6,Shih Tzu,Female,16.0,1.0.0
43ca3ff3f8d2af43ddc7e492ad1a5057,43ca3ff3f8d2af43ddc7e492ad1a5057,5b03215a82c76fc4f18e,IDEXX,baseline_historico,2023-08-28,8/28/23,8/28/23,Sin Limpieza/batch_241.pdf,batch_241.pdf,.,11.0,BOCA SERVICIOS VETERINARIOS,BOCA SERVICIOS VETERINARIOS,,,18.45,-69.6,manual_override,0.6,Chihuahua,Female,,1.0.0
ab10fe8a402d045885d936d96c4182fd,ab10fe8a402d045885d936d96c4182fd,814f02a23b59c53513d7,IDEXX,baseline_historico,2023-08-27,8/27/23,8/27/23,Sin Limpieza/batch_241.pdf,batch_241.pdf,.,13.0,BOCA SERVICIOS VETERINARIOS,BOCA SERVICIOS VETERINARIOS,,,18.45,-69.6,manual_override,0.6,Bulldog,Female,4.0,1.0.0
00de10748bf33aa28a9a0b1a2a762cbf,00de10748bf33aa28a9a0b1a2a762cbf,16d539bc10c9d3e5e65b,IDEXX,baseline_historico,2023-08-26,8/26/23,8/26/23,Sin Limpieza/batch_241.pdf,batch_241.pdf,.,15.0,BOCA SERVICIOS VETERINARIOS,BOCA SERVICIOS VETERINARIOS,,,18.45,-69.6,manual_override,0.6,French Bulldog,Male,2.0,1.0.0
21ada1a74568148aa164f48cb96df6e3,21ada1a74568148aa164f48cb96df6e3,4bd2367bcc4e82bb27df,IDEXX,baseline_historico,2023-08-26,8/26/23,8/26/23,Sin Limpieza/batch_241.pdf,batch_241.pdf,.,17.0,BOCA SERVICIOS VETERINARIOS,BOCA SERVICIOS VETERINARIOS,,,18.45,-69.6,manual_override,0.6,French Bulldog,Female,,1.0.0
936aa40a7627dc0e53ea213c283fa7b9,936aa40a7627dc0e53ea213c283fa7b9,e570513a55fc82965b8c,IDEXX,baseline_historico,2023-09-20,9/20/23,9/20/23,Sin Limpieza/batch_242.pdf,batch_242.pdf,.,1.0,BOCA SERVICIOS VETERINARIOS,BOCA SERVICIOS VETERINARIOS,,,18.45,-69.6,manual_override,0.6,Chihuahua,,3.0,1.0.0
878bd58b0425380e8a9253fc8c3a6511,878bd58b0425380e8a9253fc8c3a6511,d223d71498b9b07024bd,IDEXX,baseline_historico,2023-09-20,9/20/23,9/20/23,Sin Limpieza/batch_242.pdf,batch_242.pdf,.,3.0,BOCA SERVICIOS VETERINARIOS,BOCA SERVICIOS VETERINARIOS,,,18.45,-69.6,manual_override,0.6,Siberian Husky,Female,5.0,1.0.0
e959f738fb2a99ded06fb38a43e3ec34,e959f738fb2a99ded06fb38a43e3ec34,1b6209d69333b896cb40,IDEXX,baseline_historico,2023-09-20,9/20/23,9/20/23,Sin Limpieza/batch_242.pdf,batch_242.pdf,.,5.0,BOCA SERVICIOS VETERINARIOS,BOCA SERVICIOS VETERINARIOS,,,18.45,-69.6,manual_override,0.6,Dalmatian,Male,,1.0.0
2aefa3c402bc9ae0cc2884f5356305ae,2aefa3c402bc9ae0cc2884f5356305ae,a99db957e459b85f96a9,IDEXX,baseline_historico,2023-09-19,9/19/23,9/19/23,Sin Limpieza/batch_242.pdf,batch_242.pdf,.,7.0,BOCA SERVICIOS VETERINARIOS,BOCA SERVICIOS VETERINARIOS,,,18.45,-69.6,manual_override,0.6,Chihuahua,Male,5.0,1.0.0
08c2ca963504215664b276acd1775f3c,08c2ca963504215664b276acd1775f3c,bf5e67104f7aca7b3ca4,IDEXX,baseline_historico,2023-09-19,9/19/23,9/19/23,Sin Limpieza/batch_242.pdf,batch_242.pdf,.,9.0,BOCA SERVICIOS VETERINARIOS,BOCA SERVICIOS VETERINARIOS,,,18.45,-69.6,manual_override,0.6,Other,Female,,1.0.0
9bf2a864a934d0499f823ca2f221a2a5,9bf2a864a934d0499f823ca2f221a2a5,4a59a3ab6676030ebd85,IDEXX,baseline_historico,2023-09-18,9/18/23,9/18/23,Sin Limpieza/batch_242.pdf,batch_242.pdf,.,11.0,BOCA SERVICIOS VETERINARIOS,BOCA SERVICIOS VETERINARIOS,,,18.45,-69.6,manual_override,0.6,Shih Tzu,Male,10.0,1.0.0
c17a886c55d9e337e6e7febf950f9099,c17a886c55d9e337e6e7febf950f9099,2300680b0910db926166,IDEXX,baseline_historico,2023-09-18,9/18/23,9/18/23,Sin Limpieza/batch_242.pdf,batch_242.pdf,.,13.0,BOCA SERVICIOS VETERINARIOS,BOCA SERVICIOS VETERINARIOS,,,18.45,-69.6,manual_override,0.6,Shih Tzu,Male,3.0,1.0.0
7d93686f1b20b03c208c5e69f92456e7,7d93686f1b20b03c208c5e69f92456e7,22ccb961b251c0589bca,IDEXX,baseline_historico,2023-09-16,9/16/23,9/16/23,Sin Limpieza/batch_242.pdf,batch_242.pdf,.,15.0,BOCA SERVICIOS VETERINARIOS,BOCA SERVICIOS VETERINARIOS,,,18.45,-69.6,manual_override,0.6,Siberian Husky,Male,3.0,1.0.0
d9a4a0d9a061d0eb4e931321906801f5,d9a4a0d9a061d0eb4e931321906801f5,e3b5a6e3ff6f2cd48e71,IDEXX,baseline_historico,2023-09-16,9/16/23,9/16/23,Sin Limpieza/batch_242.pdf,batch_242.pdf,.,17.0,BOCA SERVICIOS VETERINARIOS,BOCA SERVICIOS VETERINARIOS,,,18.45,-69.6,manual_override,0.6,French Bulldog,Male,4.0,1.0.0
57cd91ec2f5f2a4176f6e1d416360c24,57cd91ec2f5f2a4176f6e1d416360c24,7537b871dd449ba4761e,IDEXX,baseline_historico,2023-09-15,9/15/23,9/15/23,Sin Limpieza/batch_242.pdf,batch_242.pdf,.,19.0,BOCA SERVICIOS VETERINARIOS,BOCA SERVICIOS VETERINARIOS,,,18.45,-69.6,manual_override,0.6,Chihuahua,,9.0,1.0.0
f84927223475dfdcc0fdf963e8c3b3db,f84927223475dfdcc0fdf963e8c3b3db,efbe95be5abdb3c3fb6e,IDEXX,baseline_historico,2023-10-05,10/5/23,10/5/23,Sin Limpieza/batch_243.pdf,batch_243.pdf,.,1.0,BOCA SERVICIOS VETERINARIOS,BOCA SERVICIOS VETERINARIOS,,,18.45,-69.6,manual_override,0.6,Poodle,Female,13.0,1.0.0
4545d291156f511b05f0dccaada1435d,4545d291156f511b05f0dccaada1435d,3979998ddb0dd5dee78b,IDEXX,baseline_historico,2023-10-03,10/3/23,10/3/23,Sin Limpieza/batch_243.pdf,batch_243.pdf,.,3.0,BOCA SERVICIOS VETERINARIOS,BOCA SERVICIOS VETERINARIOS,,,18.45,-69.6,manual_override,0.6,Chihuahua,Female,10.0,1.0.0
fe1f1b5062f448bb59964e91fe027021,fe1f1b5062f448bb59964e91fe027021,efbe95be5abdb3c3fb6e,IDEXX,baseline_historico,2023-10-03,10/3/23,10/3/23,Sin Limpieza/batch_243.pdf,batch_243.pdf,.,5.0,BOCA SERVICIOS VETERINARIOS,BOCA SERVICIOS VETERINARIOS,,,18.45,-69.6,manual_override,0.6,Poodle,Female,13.0,1.0.0
7f732110293d10afe8a6ee5775a17d6d,7f732110293d10afe8a6ee5775a17d6d,bf5e67104f7aca7b3ca4,IDEXX,baseline_historico,2023-10-03,10/3/23,10/3/23,Sin Limpieza/batch_243.pdf,batch_243.pdf,.,7.0,BOCA SERVICIOS VETERINARIOS,BOCA SERVICIOS VETERINARIOS,,,18.45,-69.6,manual_override,0.6,Other,Female,,1.0.0
ea276117cec68ec3abf828841bba2a7a,ea276117cec68ec3abf828841bba2a7a,46d4dd463591e6effdc2,IDEXX,baseline_historico,2023-10-03,10/3/23,10/3/23,Sin Limpieza/batch_243.pdf,batch_243.pdf,.,9.0,BOCA SERVICIOS VETERINARIOS,BOCA SERVICIOS VETERINARIOS,,,18.45,-69.6,manual_override,0.6,Poodle,Male,3.0,1.0.0
61abbb751a49c4b2b5ce07de316304f3,61abbb751a49c4b2b5ce07de316304f3,c128c7d7f8f719baa790,IDEXX,baseline_historico,2023-09-30,9/30/23,9/30/23,Sin Limpieza/batch_243.pdf,batch_243.pdf,.,13.0,BOCA SERVICIOS VETERINARIOS,BOCA SERVICIOS VETERINARIOS,,,18.45,-69.6,manual_override,0.6,Jack Russell Terrier,Male,11.0,1.0.0
a30584ae545263e35e0db01df6d94fec,a30584ae545263e35e0db01df6d94fec,5445978926baff0798ac,IDEXX,baseline_historico,2023-09-30,9/30/23,9/30/23,Sin Limpieza/batch_243.pdf,batch_243.pdf,.,15.0,BOCA SERVICIOS VETERINARIOS,BOCA SERVICIOS VETERINARIOS,,,18.45,-69.6,manual_override,0.6,Mixed,Male,11.0,1.0.0
cd155e85c0b407d14f9de1e437ff9124,cd155e85c0b407d14f9de1e437ff9124,04f807e7fe50f16fdcf1,IDEXX,baseline_historico,2023-09-28,9/28/23,9/28/23,Sin Limpieza/batch_243.pdf,batch_243.pdf,.,17.0,BOCA SERVICIOS VETERINARIOS,BOCA SERVICIOS VETERINARIOS,,,18.45,-69.6,manual_override,0.6,Shih Tzu,Female,4.0,1.0.0
750a861a9e66e9e061eb806598afa636,750a861a9e66e9e061eb806598afa636,ca8bcedde2276baede7c,IDEXX,baseline_historico,2023-09-28,9/28/23,9/28/23,Sin Limpieza/batch_243.pdf,batch_243.pdf,.,19.0,BOCA SERVICIOS VETERINARIOS,BOCA SERVICIOS VETERINARIOS,,,18.45,-69.6,manual_override,0.6,Mixed,Female,10.0,1.0.0
22387193e7bea8966c8052c8c679efbb,22387193e7bea8966c8052c8c679efbb,252f5f56b505ee5a5c9f,IDEXX,baseline_historico,2023-08-08,8/8/23,8/8/23,Sin Limpieza/batch_244.pdf,batch_244.pdf,.,1.0,BOCA SERVICIOS VETERINARIOS,BOCA SERVICIOS VETERINARIOS,,,18.45,-69.6,manual_override,0.6,Mixed,Female,7.0,1.0.0
ba33ba615e022b617538c67ec4d77242,ba33ba615e022b617538c67ec4d77242,89732e52d1af91e796c8,IDEXX,baseline_historico,2023-08-07,8/7/23,8/7/23,Sin Limpieza/batch_244.pdf,batch_244.pdf,.,3.0,BOCA SERVICIOS VETERINARIOS,BOCA SERVICIOS VETERINARIOS,,,18.45,-69.6,manual_override,0.6,Maltese,Female,,1.0.0
0b69717508ddee9156655dc8fff0475f,0b69717508ddee9156655dc8fff0475f,1d6bc8ebbfed92be2d6c,IDEXX,baseline_historico,2023-08-07,8/7/23,8/7/23,Sin Limpieza/batch_244.pdf,batch_244.pdf,.,5.0,BOCA SERVICIOS VETERINARIOS,BOCA SERVICIOS VETERINARIOS,,,18.45,-69.6,manual_override,0.6,Other,Male,,1.0.0
9364c8684c1e5482dac6de5623777b73,9364c8684c1e5482dac6de5623777b73,5524888242c27fc8ad8c,IDEXX,baseline_historico,2023-08-07,8/7/23,8/7/23,Sin Limpieza/batch_244.pdf,batch_244.pdf,.,7.0,BOCA SERVICIOS VETERINARIOS,BOCA SERVICIOS VETERINARIOS,,,18.45,-69.6,manual_override,0.6,Other,Male,,1.0.0
1bad0b525a152d3dc730082303f58bcc,1bad0b525a152d3dc730082303f58bcc,ca94da30c11b1ba4172e,IDEXX,baseline_historico,2023-08-05,8/5/23,8/5/23,Sin Limpieza/batch_244.pdf,batch_244.pdf,.,9.0,BOCA SERVICIOS VETERINARIOS,BOCA SERVICIOS VETERINARIOS,,,18.45,-69.6,manual_override,0.6,Other,Female,6.0,1.0.0
c8c053de9b07b91e2d0976b2215d5059,c8c053de9b07b91e2d0976b2215d5059,173cc74997d2b69d3246,IDEXX,baseline_historico,2023-08-15,8/15/23,8/15/23,Sin Limpieza/batch_245.pdf,batch_245.pdf,.,1.0,BOCA SERVICIOS VETERINARIOS,BOCA SERVICIOS VETERINARIOS,,,18.45,-69.6,manual_override,0.6,Other,Male,10.0,1.0.0
71ce9faabb930b62b1fe3b6b4612beca,71ce9faabb930b62b1fe3b6b4612beca,3b3ed5f1bef0ab78bc15,IDEXX,baseline_historico,2023-08-14,8/14/23,8/14/23,Sin Limpieza/batch_245.pdf,batch_245.pdf,.,3.0,BOCA SERVICIOS VETERINARIOS,BOCA SERVICIOS VETERINARIOS,,,18.45,-69.6,manual_override,0.6,French Bulldog,Female,3.0,1.0.0
13cafad76282d86d73cdcb983406ae72,13cafad76282d86d73cdcb983406ae72,2bbc30e5ef4794382cdf,IDEXX,baseline_historico,2023-08-14,8/14/23,8/14/23,Sin Limpieza/batch_245.pdf,batch_245.pdf,.,5.0,BOCA SERVICIOS VETERINARIOS,BOCA SERVICIOS VETERINARIOS,,,18.45,-69.6,manual_override,0.6,Shih Tzu,Male,,1.0.0
f7be8bb2baf5a8bd035db2e229083a80,f7be8bb2baf5a8bd035db2e229083a80,2da4f4035d36f6aa01c7,IDEXX,baseline_historico,2023-08-14,8/14/23,8/14/23,Sin Limpieza/batch_245.pdf,batch_245.pdf,.,7.0,BOCA SERVICIOS VETERINARIOS,BOCA SERVICIOS VETERINARIOS,,,18.45,-69.6,manual_override,0.6,Bulldog,Male,4.0,1.0.0
c5c89e02b1d5376e438b3c42f127f760,c5c89e02b1d5376e438b3c42f127f760,0b2a456198895f5cf634,IDEXX,baseline_historico,2023-08-13,8/13/23,8/13/23,Sin Limpieza/batch_245.pdf,batch_245.pdf,.,11.0,BOCA SERVICIOS VETERINARIOS,BOCA SERVICIOS VETERINARIOS,,,18.45,-69.6,manual_override,0.6,Mixed,Female,6.0,1.0.0
b28b3981aa25c01c930a09644973c838,b28b3981aa25c01c930a09644973c838,4d43bd6e12743f71198c,IDEXX,baseline_historico,2023-08-12,8/12/23,8/12/23,Sin Limpieza/batch_245.pdf,batch_245.pdf,.,13.0,BOCA SERVICIOS VETERINARIOS,BOCA SERVICIOS VETERINARIOS,,,18.45,-69.6,manual_override,0.6,Boxer,Male,,1.0.0
c0efc7a7c1b067d068e11683b5d203dd,c0efc7a7c1b067d068e11683b5d203dd,3c2dd92cef61f055bd40,IDEXX,baseline_historico,2023-08-11,8/11/23,8/11/23,Sin Limpieza/batch_245.pdf,batch_245.pdf,.,15.0,BOCA SERVICIOS VETERINARIOS,BOCA SERVICIOS VETERINARIOS,,,18.45,-69.6,manual_override,0.6,Yorkshire Terrier,Female,,1.0.0
a3d206926fe2cb4bc47217386687c455,a3d206926fe2cb4bc47217386687c455,41fe899d9fc4a20c2741,IDEXX,baseline_historico,2023-08-10,8/10/23,8/10/23,Sin Limpieza/batch_245.pdf,batch_245.pdf,.,17.0,BOCA SERVICIOS VETERINARIOS,BOCA SERVICIOS VETERINARIOS,,,18.45,-69.6,manual_override,0.6,Chihuahua,Female,,1.0.0
783af14a562624ef293fe4c6259ef61f,783af14a562624ef293fe4c6259ef61f,a2d979821e6988a133a5,IDEXX,baseline_historico,2023-08-10,8/10/23,8/10/23,Sin Limpieza/batch_245.pdf,batch_245.pdf,.,19.0,BOCA SERVICIOS VETERINARIOS,BOCA SERVICIOS VETERINARIOS,,,18.45,-69.6,manual_override,0.6,French Bulldog,Female,,1.0.0
d9165dfb77054c0423b80776072711d3,d9165dfb77054c0423b80776072711d3,efbe95be5abdb3c3fb6e,IDEXX,baseline_historico,2023-10-06,10/6/23,10/6/23,Sin Limpieza/batch_246.pdf,batch_246.pdf,.,3.0,BOCA SERVICIOS VETERINARIOS,BOCA SERVICIOS VETERINARIOS,,,18.45,-69.6,manual_override,0.6,Poodle,Female,13.0,1.0.0
c2092ca43a99c8e13c3cd4f044037b7c,c2092ca43a99c8e13c3cd4f044037b7c,8a6da4dbecd18c6df762,IDEXX,baseline_historico,2023-10-06,10/6/23,10/6/23,Sin Limpieza/batch_246.pdf,batch_246.pdf,.,5.0,BOCA SERVICIOS VETERINARIOS,BOCA SERVICIOS VETERINARIOS,,,18.45,-69.6,manual_override,0.6,Mixed,Female,11.0,1.0.0
d0310e38799d74384beba0887ae91ac3,d0310e38799d74384beba0887ae91ac3,ca8bcedde2276baede7c,IDEXX,baseline_historico,2023-10-06,10/6/23,10/6/23,Sin Limpieza/batch_246.pdf,batch_246.pdf,.,7.0,BOCA SERVICIOS VETERINARIOS,BOCA SERVICIOS VETERINARIOS,,,18.45,-69.6,manual_override,0.6,Mixed,Female,10.0,1.0.0
5724635a9230fdf4cbc552b405cc670d,5724635a9230fdf4cbc552b405cc670d,aafe130ac9633e795cfd,IDEXX,baseline_historico,2023-10-06,10/6/23,10/6/23,Sin Limpieza/batch_246.pdf,batch_246.pdf,.,9.0,BOCA SERVICIOS VETERINARIOS,BOCA SERVICIOS VETERINARIOS,,,18.45,-69.6,manual_override,0.6,Other,Male,3.0,1.0.0
f4d81c291ee0f7479baad47aabbe447c,f4d81c291ee0f7479baad47aabbe447c,e6c99641f8fba84c6109,IDEXX,baseline_historico,2023-08-22,8/22/23,8/22/23,Sin Limpieza/batch_247.pdf,batch_247.pdf,.,1.0,BOCA SERVICIOS VETERINARIOS,BOCA SERVICIOS VETERINARIOS,,,18.45,-69.6,manual_override,0.6,Mixed,Male,,1.0.0
1f2986733eaa6071bc449dc29f277e3c,1f2986733eaa6071bc449dc29f277e3c,34e0fd1dfedb09cc886d,IDEXX,baseline_historico,2023-08-22,8/22/23,8/22/23,Sin Limpieza/batch_247.pdf,batch_247.pdf,.,3.0,BOCA SERVICIOS VETERINARIOS,BOCA SERVICIOS VETERINARIOS,,,18.45,-69.6,manual_override,0.6,Poodle,Female,3.0,1.0.0
fc438735f8a7ca60a3da5190d9283c52,fc438735f8a7ca60a3da5190d9283c52,c0f19f0e29aa200e438c,IDEXX,baseline_historico,2023-08-21,8/21/23,8/21/23,Sin Limpieza/batch_247.pdf,batch_247.pdf,.,5.0,BOCA SERVICIOS VETERINARIOS,BOCA SERVICIOS VETERINARIOS,,,18.45,-69.6,manual_override,0.6,Chihuahua,Female,11.0,1.0.0
1cef680162699aaeb8546f54ce3b2f54,1cef680162699aaeb8546f54ce3b2f54,5ec53b90915a64e079a2,IDEXX,baseline_historico,2023-08-19,8/19/23,8/19/23,Sin Limpieza/batch_247.pdf,batch_247.pdf,.,7.0,BOCA SERVICIOS VETERINARIOS,BOCA SERVICIOS VETERINARIOS,,,18.45,-69.6,manual_override,0.6,French Bulldog,Female,4.0,1.0.0
759c5b3b85f31a2623258df0f6391aab,759c5b3b85f31a2623258df0f6391aab,8f4298e5cd14f73e83c5,IDEXX,baseline_historico,2023-08-18,8/18/23,8/18/23,Sin Limpieza/batch_247.pdf,batch_247.pdf,.,9.0,BOCA SERVICIOS VETERINARIOS,BOCA SERVICIOS VETERINARIOS,,,18.45,-69.6,manual_override,0.6,Mixed,Male,5.0,1.0.0
3c1ab539e0472fceab5e9dcf58e736ae,3c1ab539e0472fceab5e9dcf58e736ae,3ec08dc9839b7840a2ef,IDEXX,baseline_historico,2023-08-17,8/17/23,8/17/23,Sin Limpieza/batch_247.pdf,batch_247.pdf,.,11.0,BOCA SERVICIOS VETERINARIOS,BOCA SERVICIOS VETERINARIOS,,,18.45,-69.6,manual_override,0.6,Mixed,Male,2.0,1.0.0
bd2c3b2f8728f0094e38489df228a0e2,bd2c3b2f8728f0094e38489df228a0e2,e428b7e41893fa77da1f,IDEXX,baseline_historico,2023-08-17,8/17/23,8/17/23,Sin Limpieza/batch_247.pdf,batch_247.pdf,.,13.0,BOCA SERVICIOS VETERINARIOS,BOCA SERVICIOS VETERINARIOS,,,18.45,-69.6,manual_override,0.6,Siberian Husky,Male,,1.0.0
3aab79c450154cac7bd0490857086730,3aab79c450154cac7bd0490857086730,b00875f4338e59238d6a,IDEXX,baseline_historico,2023-08-17,8/17/23,8/17/23,Sin Limpieza/batch_247.pdf,batch_247.pdf,.,17.0,BOCA SERVICIOS VETERINARIOS,BOCA SERVICIOS VETERINARIOS,,,18.45,-69.6,manual_override,0.6,Yorkshire Terrier,Male,9.0,1.0.0
97c59e70dfc92ef02d16e3618c52275b,97c59e70dfc92ef02d16e3618c52275b,52c32f267a60faa04d38,IDEXX,baseline_historico,2023-08-15,8/15/23,8/15/23,Sin Limpieza/batch_247.pdf,batch_247.pdf,.,19.0,BOCA SERVICIOS VETERINARIOS,BOCA SERVICIOS VETERINARIOS,,,18.45,-69.6,manual_override,0.6,Other,Female,6.0,1.0.0
52bdad2e68caebc61502daff03c9efad,52bdad2e68caebc61502daff03c9efad,5a5edd9bf96e13ba0c1e,IDEXX,baseline_historico,2025-06-20,6/20/25,6/20/25,Sin Limpieza/batch_248.pdf,batch_248.pdf,.,1.0,BOCA SERVICIOS VETERINARIOS,BOCA SERVICIOS VETERINARIOS,,,18.45,-69.6,manual_override,0.6,Bulldog,Female,9.0,1.0.0
35385586da645f9fb61f1b397f3f0187,35385586da645f9fb61f1b397f3f0187,094f1448098b4742c006,IDEXX,baseline_historico,2023-09-02,9/2/23,9/2/23,Sin Limpieza/batch_248.pdf,batch_248.pdf,.,3.0,BOCA SERVICIOS VETERINARIOS,BOCA SERVICIOS VETERINARIOS,,,18.45,-69.6,manual_override,0.6,Siberian Husky,Female,4.0,1.0.0
c82d49510b4fcaee3220bfff48410725,c82d49510b4fcaee3220bfff48410725,056e2e98a8d19885388b,IDEXX,baseline_historico,2023-09-01,9/1/23,9/1/23,Sin Limpieza/batch_248.pdf,batch_248.pdf,.,7.0,BOCA SERVICIOS VETERINARIOS,BOCA SERVICIOS VETERINARIOS,,,18.45,-69.6,manual_override,0.6,Siberian Husky,Male,3.0,1.0.0
3f4b81f48f02b1180e946381e8f984d2,3f4b81f48f02b1180e946381e8f984d2,decc30069bd614143d1b,IDEXX,baseline_historico,2023-09-01,9/1/23,9/1/23,Sin Limpieza/batch_248.pdf,batch_248.pdf,.,9.0,BOCA SERVICIOS VETERINARIOS,BOCA SERVICIOS VETERINARIOS,,,18.45,-69.6,manual_override,0.6,Bulldog,Female,4.0,1.0.0
5e774026d22849ce6820d8f4da279d4a,5e774026d22849ce6820d8f4da279d4a,ed860312ad88f27c7fc7,IDEXX,baseline_historico,2023-08-30,8/30/23,8/30/23,Sin Limpieza/batch_248.pdf,batch_248.pdf,.,11.0,BOCA SERVICIOS VETERINARIOS,BOCA SERVICIOS VETERINARIOS,,,18.45,-69.6,manual_override,0.6,Mixed,Male,7.0,1.0.0
f057a738648d6ac204f4da084af9cb84,f057a738648d6ac204f4da084af9cb84,fa3fb7e9c082c7af534f,IDEXX,baseline_historico,2023-08-29,8/29/23,8/29/23,Sin Limpieza/batch_248.pdf,batch_248.pdf,.,13.0,BOCA SERVICIOS VETERINARIOS,BOCA SERVICIOS VETERINARIOS,,,18.45,-69.6,manual_override,0.6,Doberman Pinscher,Male,2.0,1.0.0
f5e5977946e7a4e2eb102f04d3e6be20,f5e5977946e7a4e2eb102f04d3e6be20,ffd472f12678e8bb0ef0,IDEXX,baseline_historico,2023-08-29,8/29/23,8/29/23,Sin Limpieza/batch_248.pdf,batch_248.pdf,.,15.0,BOCA SERVICIOS VETERINARIOS,BOCA SERVICIOS VETERINARIOS,,,18.45,-69.6,manual_override,0.6,Shih Tzu,Male,3.0,1.0.0
52d66cc3c389e40fd81315aed6e51721,52d66cc3c389e40fd81315aed6e51721,4bd2367bcc4e82bb27df,IDEXX,baseline_historico,2023-08-29,8/29/23,8/29/23,Sin Limpieza/batch_248.pdf,batch_248.pdf,.,17.0,BOCA SERVICIOS VETERINARIOS,BOCA SERVICIOS VETERINARIOS,,,18.45,-69.6,manual_override,0.6,French Bulldog,Female,,1.0.0
ae8c53ab66c4fbd7dcae934eb9cb4a38,ae8c53ab66c4fbd7dcae934eb9cb4a38,bc7f8ada051b8012b8be,IDEXX,baseline_historico,2023-08-29,8/29/23,8/29/23,Sin Limpieza/batch_248.pdf,batch_248.pdf,.,19.0,BOCA SERVICIOS VETERINARIOS,BOCA SERVICIOS VETERINARIOS,,,18.45,-69.6,manual_override,0.6,Shih Tzu,Male,11.0,1.0.0
5250e9bb751c36a7402720f463c23d6b,5250e9bb751c36a7402720f463c23d6b,7537b871dd449ba4761e,IDEXX,baseline_historico,2023-10-19,10/19/23,10/19/23,Sin Limpieza/batch_249.pdf,batch_249.pdf,.,1.0,BOCA SERVICIOS VETERINARIOS,BOCA SERVICIOS VETERINARIOS,,,18.45,-69.6,manual_override,0.6,Chihuahua,,9.0,1.0.0
f9c7776ed8a4a8979ba97c3a53ea1fc3,f9c7776ed8a4a8979ba97c3a53ea1fc3,e106f274ee037124e2e1,IDEXX,baseline_historico,2023-10-16,10/16/23,10/16/23,Sin Limpieza/batch_249.pdf,batch_249.pdf,.,3.0,BOCA SERVICIOS VETERINARIOS,BOCA SERVICIOS VETERINARIOS,,,18.45,-69.6,manual_override,0.6,German Shepherd,Male,,1.0.0
0b0bbab200b460141af21fd106481048,0b0bbab200b460141af21fd106481048,efbe95be5abdb3c3fb6e,IDEXX,baseline_historico,2023-10-13,10/13/23,10/13/23,Sin Limpieza/batch_249.pdf,batch_249.pdf,.,5.0,BOCA SERVICIOS VETERINARIOS,BOCA SERVICIOS VETERINARIOS,,,18.45,-69.6,manual_override,0.6,Poodle,Female,13.0,1.0.0
bb624958f4eb8581cc3d869b177a4300,bb624958f4eb8581cc3d869b177a4300,0f0f4fc97df94080d4ef,IDEXX,baseline_historico,2023-10-12,10/12/23,10/12/23,Sin Limpieza/batch_249.pdf,batch_249.pdf,.,7.0,BOCA SERVICIOS VETERINARIOS,BOCA SERVICIOS VETERINARIOS,,,18.45,-69.6,manual_override,0.6,Other,Male,,1.0.0
42e65cacc9e65b12121c1bbabfc222d2,42e65cacc9e65b12121c1bbabfc222d2,a2b82db959c2ddf2a939,IDEXX,baseline_historico,2023-10-12,10/12/23,10/12/23,Sin Limpieza/batch_249.pdf,batch_249.pdf,.,9.0,BOCA SERVICIOS VETERINARIOS,BOCA SERVICIOS VETERINARIOS,,,18.45,-69.6,manual_override,0.6,Other,Female,,1.0.0
dafc89bd26e62b6299799989a2a790e3,dafc89bd26e62b6299799989a2a790e3,f5b21def52c9c48ffa85,IDEXX,baseline_historico,2023-10-10,10/10/23,10/10/23,Sin Limpieza/batch_249.pdf,batch_249.pdf,.,11.0,BOCA SERVICIOS VETERINARIOS,BOCA SERVICIOS VETERINARIOS,,,18.45,-69.6,manual_override,0.6,Rottweiler,Female,5.0,1.0.0
3763921f9567e2874076e59084bef756,3763921f9567e2874076e59084bef756,bf5e67104f7aca7b3ca4,IDEXX,baseline_historico,2023-10-10,10/10/23,10/10/23,Sin Limpieza/batch_249.pdf,batch_249.pdf,.,13.0,BOCA SERVICIOS VETERINARIOS,BOCA SERVICIOS VETERINARIOS,,,18.45,-69.6,manual_override,0.6,Other,Female,,1.0.0
38a0570da8bf007a1c9e0c3884a18bab,38a0570da8bf007a1c9e0c3884a18bab,ac25834c28688140b706,IDEXX,baseline_historico,2023-10-10,10/10/23,10/10/23,Sin Limpieza/batch_249.pdf,batch_249.pdf,.,15.0,BOCA SERVICIOS VETERINARIOS,BOCA SERVICIOS VETERINARIOS,,,18.45,-69.6,manual_override,0.6,Chihuahua,Female,,1.0.0
af9861a26802d1e850d4371186df0658,af9861a26802d1e850d4371186df0658,e6917e727e1f036ea62a,IDEXX,baseline_historico,2023-10-09,10/9/23,10/9/23,Sin Limpieza/batch_249.pdf,batch_249.pdf,.,17.0,BOCA SERVICIOS VETERINARIOS,BOCA SERVICIOS VETERINARIOS,,,18.45,-69.6,manual_override,0.6,Bulldog,Male,8.0,1.0.0
9276b4534acf3e537e6b246f4d757642,9276b4534acf3e537e6b246f4d757642,69873fc8d40db9ecbe5d,IDEXX,baseline_historico,2023-10-08,10/8/23,10/8/23,Sin Limpieza/batch_249.pdf,batch_249.pdf,.,19.0,BOCA SERVICIOS VETERINARIOS,BOCA SERVICIOS VETERINARIOS,,,18.45,-69.6,manual_override,0.6,Mixed,Female,4.0,1.0.0
fd9429ea0fc13cc84b48f52c5cbb7c7d,fd9429ea0fc13cc84b48f52c5cbb7c7d,a3ea243d60ffa2be7516,IDEXX,baseline_historico,2025-11-24,11/24/25,11/24/25,Sin Limpieza/batch_25.pdf,batch_25.pdf,.,1.0,BOCA SERVICIOS VETERINARIOS,BOCA SERVICIOS VETERINARIOS,,,18.45,-69.6,manual_override,0.6,Golden Retriever,Male,9.0,1.0.0
dc13fac10d5697bc9b1e53acc471ff83,dc13fac10d5697bc9b1e53acc471ff83,8d1a5c72adf868c9998b,IDEXX,baseline_historico,2025-11-24,11/24/25,11/24/25,Sin Limpieza/batch_25.pdf,batch_25.pdf,.,3.0,BOCA SERVICIOS VETERINARIOS,BOCA SERVICIOS VETERINARIOS,,,18.45,-69.6,manual_override,0.6,Chihuahua,Female,4.0,1.0.0
07a5f682addaf8c7af9db77dc59201e1,07a5f682addaf8c7af9db77dc59201e1,ec7574c478278954cc8c,IDEXX,baseline_historico,2025-11-24,11/24/25,11/24/25,Sin Limpieza/batch_25.pdf,batch_25.pdf,.,5.0,BOCA SERVICIOS VETERINARIOS,BOCA SERVICIOS VETERINARIOS,,,18.45,-69.6,manual_override,0.6,"Canine, Mixed Breed",Female,0.92,1.0.0
3b002c2140d2e153f19cae60ead4d9fb,3b002c2140d2e153f19cae60ead4d9fb,31ef8f7169af05fe2ec9,IDEXX,baseline_historico,2025-11-23,11/23/25,11/23/25,Sin Limpieza/batch_25.pdf,batch_25.pdf,.,7.0,BOCA SERVICIOS VETERINARIOS,BOCA SERVICIOS VETERINARIOS,,,18.45,-69.6,manual_override,0.6,Yorkshire Terrier,Female,0.5,1.0.0
81a4dd90a39e5a26d804fea6947382d0,81a4dd90a39e5a26d804fea6947382d0,92a6aaf4cb89c2c46e58,IDEXX,baseline_historico,2025-11-22,11/22/25,11/22/25,Sin Limpieza/batch_25.pdf,batch_25.pdf,.,11.0,BOCA SERVICIOS VETERINARIOS,BOCA SERVICIOS VETERINARIOS,,,18.45,-69.6,manual_override,0.6,French Bulldog,Female,6.0,1.0.0
47b210536df56f47c1c19efcfd298661,47b210536df56f47c1c19efcfd298661,e6dd834cf9daeb1ce222,IDEXX,baseline_historico,2025-11-21,11/21/25,11/21/25,Sin Limpieza/batch_25.pdf,batch_25.pdf,.,13.0,BOCA SERVICIOS VETERINARIOS,BOCA SERVICIOS VETERINARIOS,,,18.45,-69.6,manual_override,0.6,"Canine, Mixed Breed",Male,1.0,1.0.0
71cadf8b19053795fd51a2558d90b871,71cadf8b19053795fd51a2558d90b871,f4a0b7e07f6b7752c02a,IDEXX,baseline_historico,2025-11-21,11/21/25,11/21/25,Sin Limpieza/batch_25.pdf,batch_25.pdf,.,15.0,BOCA SERVICIOS VETERINARIOS,BOCA SERVICIOS VETERINARIOS,,,18.45,-69.6,manual_override,0.6,Bulldog,Male,2.0,1.0.0
0feb6bd1e6a151628446e4cc0966a26a,0feb6bd1e6a151628446e4cc0966a26a,9f52f88339dd94f36823,IDEXX,baseline_historico,2025-11-21,11/21/25,11/21/25,Sin Limpieza/batch_25.pdf,batch_25.pdf,.,17.0,BOCA SERVICIOS VETERINARIOS,BOCA SERVICIOS VETERINARIOS,,,18.45,-69.6,manual_override,0.6,Shih Tzu,Female,,1.0.0
0154b57342e819881f1352cd577abd9f,0154b57342e819881f1352cd577abd9f,8a7dd9097dd5af10fba5,IDEXX,baseline_historico,2025-11-21,11/21/25,11/21/25,Sin Limpieza/batch_25.pdf,batch_25.pdf,.,19.0,BOCA SERVICIOS VETERINARIOS,BOCA SERVICIOS VETERINARIOS,,,18.45,-69.6,manual_override,0.6,German Shepherd,Male,11.0,1.0.0
cb3a00d2664c590b1fd2fab5dac065bd,cb3a00d2664c590b1fd2fab5dac065bd,ee448c61f79d50064b1f,IDEXX,baseline_historico,2023-08-10,8/10/23,8/10/23,Sin Limpieza/batch_250.pdf,batch_250.pdf,.,1.0,BOCA SERVICIOS VETERINARIOS,BOCA SERVICIOS VETERINARIOS,,,18.45,-69.6,manual_override,0.6,Mixed,Male,,1.0.0
84f1ce92dc66cfda5739fbbc86b4566f,84f1ce92dc66cfda5739fbbc86b4566f,ca94da30c11b1ba4172e,IDEXX,baseline_historico,2023-08-10,8/10/23,8/10/23,Sin Limpieza/batch_250.pdf,batch_250.pdf,.,3.0,BOCA SERVICIOS VETERINARIOS,BOCA SERVICIOS VETERINARIOS,,,18.45,-69.6,manual_override,0.6,Other,Female,6.0,1.0.0
6b1f9d6c38bf591b7d78ecc5ed0c1054,6b1f9d6c38bf591b7d78ecc5ed0c1054,34e0fd1dfedb09cc886d,IDEXX,baseline_historico,2023-08-10,8/10/23,8/10/23,Sin Limpieza/batch_250.pdf,batch_250.pdf,.,5.0,BOCA SERVICIOS VETERINARIOS,BOCA SERVICIOS VETERINARIOS,,,18.45,-69.6,manual_override,0.6,Poodle,Female,3.0,1.0.0
f33cbc5f293969e3369be7b10a027997,f33cbc5f293969e3369be7b10a027997,b4101a3f976b3097ca24,IDEXX,baseline_historico,2023-08-09,8/9/23,8/9/23,Sin Limpieza/batch_250.pdf,batch_250.pdf,.,9.0,BOCA SERVICIOS VETERINARIOS,BOCA SERVICIOS VETERINARIOS,,,18.45,-69.6,manual_override,0.6,Mixed,Male,,1.0.0
9173051f7afcb1bd67268bc75b25bb22,9173051f7afcb1bd67268bc75b25bb22,e2a19e9d2fcb1a4eea93,IDEXX,baseline_historico,2023-08-09,8/9/23,8/9/23,Sin Limpieza/batch_250.pdf,batch_250.pdf,.,11.0,BOCA SERVICIOS VETERINARIOS,BOCA SERVICIOS VETERINARIOS,,,18.45,-69.6,manual_override,0.6,Mixed,Female,3.0,1.0.0
80878ef5555122ae28c26834b780afcb,80878ef5555122ae28c26834b780afcb,70c5113c5fef70a27640,IDEXX,baseline_historico,2023-08-09,8/9/23,8/9/23,Sin Limpieza/batch_250.pdf,batch_250.pdf,.,13.0,BOCA SERVICIOS VETERINARIOS,BOCA SERVICIOS VETERINARIOS,,,18.45,-69.6,manual_override,0.6,French Bulldog,Male,10.0,1.0.0
be9c07850379a73be64648e07b644776,be9c07850379a73be64648e07b644776,6e7f28d8c2a13dd6ab67,IDEXX,baseline_historico,2023-08-08,8/8/23,8/8/23,Sin Limpieza/batch_250.pdf,batch_250.pdf,.,19.0,BOCA SERVICIOS VETERINARIOS,BOCA SERVICIOS VETERINARIOS,,,18.45,-69.6,manual_override,0.6,French Bulldog,Female,3.0,1.0.0
d1de37f145d3d4f6085b7bfa552845ed,d1de37f145d3d4f6085b7bfa552845ed,986ebb296e52c09d22c6,IDEXX,baseline_historico,2023-09-15,9/15/23,9/15/23,Sin Limpieza/batch_251.pdf,batch_251.pdf,.,1.0,BOCA SERVICIOS VETERINARIOS,BOCA SERVICIOS VETERINARIOS,,,18.45,-69.6,manual_override,0.6,Chihuahua,Male,7.0,1.0.0
4340b5a25b2e0c421148fb95b796450d,4340b5a25b2e0c421148fb95b796450d,d0a229911b72b5ba6c3f,IDEXX,baseline_historico,2023-09-14,9/14/23,9/14/23,Sin Limpieza/batch_251.pdf,batch_251.pdf,.,3.0,BOCA SERVICIOS VETERINARIOS,BOCA SERVICIOS VETERINARIOS,,,18.45,-69.6,manual_override,0.6,Other,Female,2.0,1.0.0
b9f149328264d5d8043fcd353f06b099,b9f149328264d5d8043fcd353f06b099,e02e9c3f64a6ceafe8bf,IDEXX,baseline_historico,2023-09-12,9/12/23,9/12/23,Sin Limpieza/batch_251.pdf,batch_251.pdf,.,5.0,BOCA SERVICIOS VETERINARIOS,BOCA SERVICIOS VETERINARIOS,,,18.45,-69.6,manual_override,0.6,Mixed,Male,3.0,1.0.0
450c8b0bbb0de08ee99dd0eaa300f4ea,450c8b0bbb0de08ee99dd0eaa300f4ea,4b73e74c9087ef7375de,IDEXX,baseline_historico,2023-09-12,9/12/23,9/12/23,Sin Limpieza/batch_251.pdf,batch_251.pdf,.,7.0,BOCA SERVICIOS VETERINARIOS,BOCA SERVICIOS VETERINARIOS,,,18.45,-69.6,manual_override,0.6,Other,Male,8.0,1.0.0
27d2fee193453e18063034944f5fda77,27d2fee193453e18063034944f5fda77,9b7a8e441e3d9500e4a2,IDEXX,baseline_historico,2023-09-12,9/12/23,9/12/23,Sin Limpieza/batch_251.pdf,batch_251.pdf,.,9.0,BOCA SERVICIOS VETERINARIOS,BOCA SERVICIOS VETERINARIOS,,,18.45,-69.6,manual_override,0.6,Mixed,Female,4.0,1.0.0
6004e37fffe9fa8461c9c0574a818714,6004e37fffe9fa8461c9c0574a818714,a3ea243d60ffa2be7516,IDEXX,baseline_historico,2023-09-12,9/12/23,9/12/23,Sin Limpieza/batch_251.pdf,batch_251.pdf,.,11.0,BOCA SERVICIOS VETERINARIOS,BOCA SERVICIOS VETERINARIOS,,,18.45,-69.6,manual_override,0.6,Golden Retriever,Male,9.0,1.0.0
ddba2512d89e45af758ce96eace296f9,ddba2512d89e45af758ce96eace296f9,43c044ea6b8d78f3046b,IDEXX,baseline_historico,2023-09-12,9/12/23,9/12/23,Sin Limpieza/batch_251.pdf,batch_251.pdf,.,13.0,BOCA SERVICIOS VETERINARIOS,BOCA SERVICIOS VETERINARIOS,,,18.45,-69.6,manual_override,0.6,Pug,Female,,1.0.0
1b09b93dd7cd725956fae87b61074ce6,1b09b93dd7cd725956fae87b61074ce6,1d3a35efdbafd204de30,IDEXX,baseline_historico,2023-09-11,9/11/23,9/11/23,Sin Limpieza/batch_251.pdf,batch_251.pdf,.,15.0,BOCA SERVICIOS VETERINARIOS,BOCA SERVICIOS VETERINARIOS,,,18.45,-69.6,manual_override,0.6,Mixed,Female,2.0,1.0.0
3698513991c6a78e86140e53857711a7,3698513991c6a78e86140e53857711a7,efe7faef6871728a345d,IDEXX,baseline_historico,2023-09-11,9/11/23,9/11/23,Sin Limpieza/batch_251.pdf,batch_251.pdf,.,17.0,BOCA SERVICIOS VETERINARIOS,BOCA SERVICIOS VETERINARIOS,,,18.45,-69.6,manual_override,0.6,Bulldog,Female,,1.0.0
f0743487ac5eb8c9ac0206562f156611,f0743487ac5eb8c9ac0206562f156611,98f7783442ac8dfc3c37,IDEXX,baseline_historico,2023-09-10,9/10/23,9/10/23,Sin Limpieza/batch_251.pdf,batch_251.pdf,.,19.0,BOCA SERVICIOS VETERINARIOS,BOCA SERVICIOS VETERINARIOS,,,18.45,-69.6,manual_override,0.6,Chihuahua,Male,16.0,1.0.0
7a4fa543fa3f4f86beb19bec98bab81b,7a4fa543fa3f4f86beb19bec98bab81b,ab751090c78f572d1807,IDEXX,baseline_historico,2023-04-17,4/17/23,4/17/23,Sin Limpieza/batch_252.pdf,batch_252.pdf,.,1.0,BOCA SERVICIOS VETERINARIOS,BOCA SERVICIOS VETERINARIOS,,,18.45,-69.6,manual_override,0.6,Mixed,Female,9.0,1.0.0
e3a27b55d06468a21adddd4aa5c358e3,e3a27b55d06468a21adddd4aa5c358e3,88e37cd9323138150281,IDEXX,baseline_historico,2023-04-14,4/14/23,4/14/23,Sin Limpieza/batch_252.pdf,batch_252.pdf,.,3.0,BOCA SERVICIOS VETERINARIOS,BOCA SERVICIOS VETERINARIOS,,,18.45,-69.6,manual_override,0.6,French Bulldog,Male,3.0,1.0.0
c007da564ecf9c5714cf49e250fd9f4c,c007da564ecf9c5714cf49e250fd9f4c,f58d5d8bb5892ed02c43,IDEXX,baseline_historico,2023-04-13,4/13/23,4/13/23,Sin Limpieza/batch_252.pdf,batch_252.pdf,.,5.0,BOCA SERVICIOS VETERINARIOS,BOCA SERVICIOS VETERINARIOS,,,18.45,-69.6,manual_override,0.6,"Cocker Spaniel, American",Female,3.0,1.0.0
24c6f07c30f01af642033814aa8be6f5,24c6f07c30f01af642033814aa8be6f5,bc7f8ada051b8012b8be,IDEXX,baseline_historico,2023-04-13,4/13/23,4/13/23,Sin Limpieza/batch_252.pdf,batch_252.pdf,.,7.0,BOCA SERVICIOS VETERINARIOS,BOCA SERVICIOS VETERINARIOS,,,18.45,-69.6,manual_override,0.6,Shih Tzu,Male,11.0,1.0.0
45528eb5e9d2b1552784f585133985c8,45528eb5e9d2b1552784f585133985c8,ab751090c78f572d1807,IDEXX,baseline_historico,2023-04-13,4/13/23,4/13/23,Sin Limpieza/batch_252.pdf,batch_252.pdf,.,9.0,BOCA SERVICIOS VETERINARIOS,BOCA SERVICIOS VETERINARIOS,,,18.45,-69.6,manual_override,0.6,Mixed,Female,9.0,1.0.0
03beb78a0e85ea30c62347d501bac28a,03beb78a0e85ea30c62347d501bac28a,bf5e67104f7aca7b3ca4,IDEXX,baseline_historico,2023-04-12,4/12/23,4/12/23,Sin Limpieza/batch_252.pdf,batch_252.pdf,.,11.0,BOCA SERVICIOS VETERINARIOS,BOCA SERVICIOS VETERINARIOS,,,18.45,-69.6,manual_override,0.6,Other,Female,,1.0.0
f9ab9e91b5bc34e889ec4e2ce92e3d44,f9ab9e91b5bc34e889ec4e2ce92e3d44,b585d138ea4fe0bbdba9,IDEXX,baseline_historico,2023-04-12,4/12/23,4/12/23,Sin Limpieza/batch_252.pdf,batch_252.pdf,.,13.0,BOCA SERVICIOS VETERINARIOS,BOCA SERVICIOS VETERINARIOS,,,18.45,-69.6,manual_override,0.6,Other,Male,7.0,1.0.0
45623630d3565bb85844fcc3d45f884a,45623630d3565bb85844fcc3d45f884a,307ba7d59bd519aab58c,IDEXX,baseline_historico,2023-04-10,4/10/23,4/10/23,Sin Limpieza/batch_252.pdf,batch_252.pdf,.,15.0,BOCA SERVICIOS VETERINARIOS,BOCA SERVICIOS VETERINARIOS,,,18.45,-69.6,manual_override,0.6,Mixed,Male,,1.0.0
042ecccb6c95f75f69f0367780acfa64,042ecccb6c95f75f69f0367780acfa64,f8a5f3c59dba23b58ea6,IDEXX,baseline_historico,2023-04-10,4/10/23,4/10/23,Sin Limpieza/batch_252.pdf,batch_252.pdf,.,19.0,BOCA SERVICIOS VETERINARIOS,BOCA SERVICIOS VETERINARIOS,,,18.45,-69.6,manual_override,0.6,Dachshund,Female,9.0,1.0.0
3c508cf24fcb892409b910136cc7a758,3c508cf24fcb892409b910136cc7a758,71f2585e19a8df2eef90,IDEXX,baseline_historico,2023-05-18,5/18/23,5/18/23,Sin Limpieza/batch_253.pdf,batch_253.pdf,.,1.0,BOCA SERVICIOS VETERINARIOS,BOCA SERVICIOS VETERINARIOS,,,18.45,-69.6,manual_override,0.6,Great Dane,Male,4.0,1.0.0
c7f865e241456eb593a20bd4c454eb6d,c7f865e241456eb593a20bd4c454eb6d,141dab72fd304f46d45c,IDEXX,baseline_historico,2023-05-17,5/17/23,5/17/23,Sin Limpieza/batch_253.pdf,batch_253.pdf,.,3.0,BOCA SERVICIOS VETERINARIOS,BOCA SERVICIOS VETERINARIOS,,,18.45,-69.6,manual_override,0.6,American Staffordshire Terrier,Female,5.0,1.0.0
9da9abe1a1e203fc9ed8d6de24e6a5a4,9da9abe1a1e203fc9ed8d6de24e6a5a4,81dc2505c26369ec5ca5,IDEXX,baseline_historico,2023-05-15,5/15/23,5/15/23,Sin Limpieza/batch_253.pdf,batch_253.pdf,.,5.0,BOCA SERVICIOS VETERINARIOS,BOCA SERVICIOS VETERINARIOS,,,18.45,-69.6,manual_override,0.6,Mixed,Female,10.0,1.0.0
657bea7b885f009140ec6fd670780d0b,657bea7b885f009140ec6fd670780d0b,b089e1b2301e093a1159,IDEXX,baseline_historico,2023-05-14,5/14/23,5/14/23,Sin Limpieza/batch_253.pdf,batch_253.pdf,.,7.0,BOCA SERVICIOS VETERINARIOS,BOCA SERVICIOS VETERINARIOS,,,18.45,-69.6,manual_override,0.6,Other,Male,11.0,1.0.0
b55b75c6057aecbb005c1f4046e2e4df,b55b75c6057aecbb005c1f4046e2e4df,4a2b0143eddfbb5751e6,IDEXX,baseline_historico,2023-05-14,5/14/23,5/14/23,Sin Limpieza/batch_253.pdf,batch_253.pdf,.,9.0,BOCA SERVICIOS VETERINARIOS,BOCA SERVICIOS VETERINARIOS,,,18.45,-69.6,manual_override,0.6,Chihuahua,Female,8.0,1.0.0
37bdceee22c838c17fb4e4a451eaf26f,37bdceee22c838c17fb4e4a451eaf26f,1d5f6ccd1812dae936a5,IDEXX,baseline_historico,2023-05-11,5/11/23,5/11/23,Sin Limpieza/batch_253.pdf,batch_253.pdf,.,11.0,BOCA SERVICIOS VETERINARIOS,BOCA SERVICIOS VETERINARIOS,,,18.45,-69.6,manual_override,0.6,Mixed,Male,3.0,1.0.0
df8873269417d86a6b33796cfac0a486,df8873269417d86a6b33796cfac0a486,ac71896c13f7413e82ca,IDEXX,baseline_historico,2023-05-11,5/11/23,5/11/23,Sin Limpieza/batch_253.pdf,batch_253.pdf,.,13.0,BOCA SERVICIOS VETERINARIOS,BOCA SERVICIOS VETERINARIOS,,,18.45,-69.6,manual_override,0.6,Pug,Female,3.0,1.0.0
60b1ce2592408f64728003b5100f3743,60b1ce2592408f64728003b5100f3743,9fdefc04d1ba54f2062d,IDEXX,baseline_historico,2023-05-11,5/11/23,5/11/23,Sin Limpieza/batch_253.pdf,batch_253.pdf,.,15.0,BOCA SERVICIOS VETERINARIOS,BOCA SERVICIOS VETERINARIOS,,,18.45,-69.6,manual_override,0.6,Doberman Pinscher,Male,13.0,1.0.0
ab1ffe5a9db5e8a77e4d30c0ae43f111,ab1ffe5a9db5e8a77e4d30c0ae43f111,d7eca3d3ebb30144d194,IDEXX,baseline_historico,2023-05-11,5/11/23,5/11/23,Sin Limpieza/batch_253.pdf,batch_253.pdf,.,17.0,BOCA SERVICIOS VETERINARIOS,BOCA SERVICIOS VETERINARIOS,,,18.45,-69.6,manual_override,0.6,Mixed,Male,,1.0.0
731139129ee19e6547b714c40626d549,731139129ee19e6547b714c40626d549,1290566ba1cdf493e9e0,IDEXX,baseline_historico,2023-05-10,5/10/23,5/10/23,Sin Limpieza/batch_253.pdf,batch_253.pdf,.,19.0,BOCA SERVICIOS VETERINARIOS,BOCA SERVICIOS VETERINARIOS,,,18.45,-69.6,manual_override,0.6,Bulldog,Female,6.0,1.0.0
09fbf14a1b0f216aade745e3d15aafba,09fbf14a1b0f216aade745e3d15aafba,c4bbd76f0c85d24dc791,IDEXX,baseline_historico,2023-03-09,3/9/23,3/9/23,Sin Limpieza/batch_254.pdf,batch_254.pdf,.,1.0,BOCA SERVICIOS VETERINARIOS,BOCA SERVICIOS VETERINARIOS,,,18.45,-69.6,manual_override,0.6,Other,Female,,1.0.0
895b176cd2c06d8a649bd0cff9a71bd4,895b176cd2c06d8a649bd0cff9a71bd4,d8e4b8095297974bde18,IDEXX,baseline_historico,2023-03-08,3/8/23,3/8/23,Sin Limpieza/batch_254.pdf,batch_254.pdf,.,3.0,BOCA SERVICIOS VETERINARIOS,BOCA SERVICIOS VETERINARIOS,,,18.45,-69.6,manual_override,0.6,German Shepherd,Female,9.0,1.0.0
56a74ad3f16db954d766f31fbaf9db14,56a74ad3f16db954d766f31fbaf9db14,23e5eadd3601b88eae8f,IDEXX,baseline_historico,2023-03-08,3/8/23,3/8/23,Sin Limpieza/batch_254.pdf,batch_254.pdf,.,5.0,BOCA SERVICIOS VETERINARIOS,BOCA SERVICIOS VETERINARIOS,,,18.45,-69.6,manual_override,0.6,Pomeranian,Male,3.0,1.0.0
126d7967e86ba2e6c2e6a0c81882d745,126d7967e86ba2e6c2e6a0c81882d745,f0bce939744ed8b03453,IDEXX,baseline_historico,2023-03-07,3/7/23,3/7/23,Sin Limpieza/batch_254.pdf,batch_254.pdf,.,9.0,BOCA SERVICIOS VETERINARIOS,BOCA SERVICIOS VETERINARIOS,,,18.45,-69.6,manual_override,0.6,Pug,Male,3.0,1.0.0
d425f33e177daeabe16aed997eb61ed3,d425f33e177daeabe16aed997eb61ed3,bf5e67104f7aca7b3ca4,IDEXX,baseline_historico,2023-03-07,3/7/23,3/7/23,Sin Limpieza/batch_254.pdf,batch_254.pdf,.,11.0,BOCA SERVICIOS VETERINARIOS,BOCA SERVICIOS VETERINARIOS,,,18.45,-69.6,manual_override,0.6,Other,Female,,1.0.0
7e1a4f14ba869be5d18bc0493620b974,7e1a4f14ba869be5d18bc0493620b974,fe20a7ca756e5d057004,IDEXX,baseline_historico,2023-03-06,3/6/23,3/6/23,Sin Limpieza/batch_254.pdf,batch_254.pdf,.,13.0,BOCA SERVICIOS VETERINARIOS,BOCA SERVICIOS VETERINARIOS,,,18.45,-69.6,manual_override,0.6,German Shepherd,Male,8.0,1.0.0
6a2f8d35ca506283969139d67c29f9fa,6a2f8d35ca506283969139d67c29f9fa,08a5ba77973547583e1f,IDEXX,baseline_historico,2023-03-05,3/5/23,3/5/23,Sin Limpieza/batch_254.pdf,batch_254.pdf,.,17.0,BOCA SERVICIOS VETERINARIOS,BOCA SERVICIOS VETERINARIOS,,,18.45,-69.6,manual_override,0.6,Poodle,Female,,1.0.0
74ec41bbaae1b5306eec1bdadb28a9c3,74ec41bbaae1b5306eec1bdadb28a9c3,5f50675804207175b980,IDEXX,baseline_historico,2023-03-04,3/4/23,3/4/23,Sin Limpieza/batch_254.pdf,batch_254.pdf,.,19.0,BOCA SERVICIOS VETERINARIOS,BOCA SERVICIOS VETERINARIOS,,,18.45,-69.6,manual_override,0.6,Chihuahua,Male,9.0,1.0.0
223b3cfd0184ba69c4575f94224fd51a,223b3cfd0184ba69c4575f94224fd51a,d4cd0510c35f8c628182,IDEXX,baseline_historico,2023-04-01,4/1/23,4/1/23,Sin Limpieza/batch_255.pdf,batch_255.pdf,.,1.0,BOCA SERVICIOS VETERINARIOS,BOCA SERVICIOS VETERINARIOS,,,18.45,-69.6,manual_override,0.6,Siberian Husky,Male,2.0,1.0.0
8dd802b03cd971db2b79835df0872ff9,8dd802b03cd971db2b79835df0872ff9,80c67392a8b5f1d24111,IDEXX,baseline_historico,2023-04-01,4/1/23,4/1/23,Sin Limpieza/batch_255.pdf,batch_255.pdf,.,3.0,BOCA SERVICIOS VETERINARIOS,BOCA SERVICIOS VETERINARIOS,,,18.45,-69.6,manual_override,0.6,Labrador Retriever,Male,,1.0.0
fde9fea0873ec6400e75156660b8ba2b,fde9fea0873ec6400e75156660b8ba2b,f85395e06695557788b8,IDEXX,baseline_historico,2023-04-01,4/1/23,4/1/23,Sin Limpieza/batch_255.pdf,batch_255.pdf,.,5.0,BOCA SERVICIOS VETERINARIOS,BOCA SERVICIOS VETERINARIOS,,,18.45,-69.6,manual_override,0.6,Golden Retriever,Male,4.0,1.0.0
dfb8a347cbe705b62660b8cb24dbc291,dfb8a347cbe705b62660b8cb24dbc291,4d49d21b89e1dde0d04c,IDEXX,baseline_historico,2023-04-01,4/1/23,4/1/23,Sin Limpieza/batch_255.pdf,batch_255.pdf,.,7.0,BOCA SERVICIOS VETERINARIOS,BOCA SERVICIOS VETERINARIOS,,,18.45,-69.6,manual_override,0.6,Other,Female,6.0,1.0.0
642dc307e740f4eb74cba6da3e17f362,642dc307e740f4eb74cba6da3e17f362,0b473afbbf6380800cdb,IDEXX,baseline_historico,2023-04-01,4/1/23,4/1/23,Sin Limpieza/batch_255.pdf,batch_255.pdf,.,9.0,BOCA SERVICIOS VETERINARIOS,BOCA SERVICIOS VETERINARIOS,,,18.45,-69.6,manual_override,0.6,Chihuahua,Male,8.0,1.0.0
7243e950910f266b8625d9e73503ef34,7243e950910f266b8625d9e73503ef34,40e9c7f5d5dcd036d2c7,IDEXX,baseline_historico,2023-03-31,3/31/23,3/31/23,Sin Limpieza/batch_255.pdf,batch_255.pdf,.,11.0,BOCA SERVICIOS VETERINARIOS,BOCA SERVICIOS VETERINARIOS,,,18.45,-69.6,manual_override,0.6,Yorkshire Terrier,Female,,1.0.0
bbca7068bbb40e42232fe061095497f3,bbca7068bbb40e42232fe061095497f3,6bfb8e043a119304fd53,IDEXX,baseline_historico,2023-03-31,3/31/23,3/31/23,Sin Limpieza/batch_255.pdf,batch_255.pdf,.,13.0,BOCA SERVICIOS VETERINARIOS,BOCA SERVICIOS VETERINARIOS,,,18.45,-69.6,manual_override,0.6,French Bulldog,Female,,1.0.0
336eb3e367f4d36ac20a2b06e68a7103,336eb3e367f4d36ac20a2b06e68a7103,fccb18adef18d3e8d1a2,IDEXX,baseline_historico,2023-03-30,3/30/23,3/30/23,Sin Limpieza/batch_255.pdf,batch_255.pdf,.,17.0,BOCA SERVICIOS VETERINARIOS,BOCA SERVICIOS VETERINARIOS,,,18.45,-69.6,manual_override,0.6,Chihuahua,Female,,1.0.0
e46dadf2f6c05c8e0ca742d5830a9652,e46dadf2f6c05c8e0ca742d5830a9652,9e6ec8d8125ac1b17c21,IDEXX,baseline_historico,2023-03-28,3/28/23,3/28/23,Sin Limpieza/batch_255.pdf,batch_255.pdf,.,19.0,BOCA SERVICIOS VETERINARIOS,BOCA SERVICIOS VETERINARIOS,,,18.45,-69.6,manual_override,0.6,Mixed,Male,16.0,1.0.0
87d7ebc3524eed755b8df21600f27791,87d7ebc3524eed755b8df21600f27791,e0abd764f2302837cc0b,IDEXX,baseline_historico,2023-02-13,2/13/23,2/13/23,Sin Limpieza/batch_256.pdf,batch_256.pdf,.,1.0,BOCA SERVICIOS VETERINARIOS,BOCA SERVICIOS VETERINARIOS,,,18.45,-69.6,manual_override,0.6,Mixed,Female,7.0,1.0.0
4e04367f962a212e40e7dfc8c6f207da,4e04367f962a212e40e7dfc8c6f207da,42c984a112b480bb861b,IDEXX,baseline_historico,2023-02-13,2/13/23,2/13/23,Sin Limpieza/batch_256.pdf,batch_256.pdf,.,3.0,BOCA SERVICIOS VETERINARIOS,BOCA SERVICIOS VETERINARIOS,,,18.45,-69.6,manual_override,0.6,French Bulldog,Female,,1.0.0
1e721557f19ae8f7e288d7be794f6c5f,1e721557f19ae8f7e288d7be794f6c5f,a87bfd5f640bcb0eb95c,IDEXX,baseline_historico,2023-02-13,2/13/23,2/13/23,Sin Limpieza/batch_256.pdf,batch_256.pdf,.,5.0,BOCA SERVICIOS VETERINARIOS,BOCA SERVICIOS VETERINARIOS,,,18.45,-69.6,manual_override,0.6,Yorkshire Terrier,Female,,1.0.0
d5de613458b1e8e7ddbdbe579480a554,d5de613458b1e8e7ddbdbe579480a554,27006f50959f2c8d4a80,IDEXX,baseline_historico,2023-02-11,2/11/23,2/11/23,Sin Limpieza/batch_256.pdf,batch_256.pdf,.,7.0,BOCA SERVICIOS VETERINARIOS,BOCA SERVICIOS VETERINARIOS,,,18.45,-69.6,manual_override,0.6,Rottweiler,Male,,1.0.0
0ac923ec8ff3d2c97efbd96bb41b1bd8,0ac923ec8ff3d2c97efbd96bb41b1bd8,c5c9c0a089e957920669,IDEXX,baseline_historico,2023-02-10,2/10/23,2/10/23,Sin Limpieza/batch_256.pdf,batch_256.pdf,.,9.0,BOCA SERVICIOS VETERINARIOS,BOCA SERVICIOS VETERINARIOS,,,18.45,-69.6,manual_override,0.6,Siberian Husky,Male,8.0,1.0.0
425b55afd240151268d5fe09ac3305f4,425b55afd240151268d5fe09ac3305f4,5524888242c27fc8ad8c,IDEXX,baseline_historico,2023-02-10,2/10/23,2/10/23,Sin Limpieza/batch_256.pdf,batch_256.pdf,.,11.0,BOCA SERVICIOS VETERINARIOS,BOCA SERVICIOS VETERINARIOS,,,18.45,-69.6,manual_override,0.6,Other,Male,,1.0.0
4e3f5166a63041c0f45ece40ab063501,4e3f5166a63041c0f45ece40ab063501,b89d508a8e6657043686,IDEXX,baseline_historico,2023-02-10,2/10/23,2/10/23,Sin Limpieza/batch_256.pdf,batch_256.pdf,.,13.0,BOCA SERVICIOS VETERINARIOS,BOCA SERVICIOS VETERINARIOS,,,18.45,-69.6,manual_override,0.6,German Shepherd,Male,,1.0.0
b7d9d021e8ddbf2068891bec9da06404,b7d9d021e8ddbf2068891bec9da06404,fbe38127eb84e734512e,IDEXX,baseline_historico,2023-02-10,2/10/23,2/10/23,Sin Limpieza/batch_256.pdf,batch_256.pdf,.,15.0,BOCA SERVICIOS VETERINARIOS,BOCA SERVICIOS VETERINARIOS,,,18.45,-69.6,manual_override,0.6,American Staffordshire Terrier,Male,3.0,1.0.0
790eaa66fce9c0861736a651e88fe92d,790eaa66fce9c0861736a651e88fe92d,c8e91b190fe8bda72600,IDEXX,baseline_historico,2023-02-09,2/9/23,2/9/23,Sin Limpieza/batch_256.pdf,batch_256.pdf,.,17.0,BOCA SERVICIOS VETERINARIOS,BOCA SERVICIOS VETERINARIOS,,,18.45,-69.6,manual_override,0.6,French Bulldog,Male,,1.0.0
efeac0c5b0833249f4aea144d9d867ee,efeac0c5b0833249f4aea144d9d867ee,8be9accc74646f36a95f,IDEXX,baseline_historico,2023-02-07,2/7/23,2/7/23,Sin Limpieza/batch_256.pdf,batch_256.pdf,.,19.0,BOCA SERVICIOS VETERINARIOS,BOCA SERVICIOS VETERINARIOS,,,18.45,-69.6,manual_override,0.6,Shih Tzu,Male,,1.0.0
c7d86ed9a70920e50b5e3a9e8b295066,c7d86ed9a70920e50b5e3a9e8b295066,18f42a2875b9f6d5f7a8,IDEXX,baseline_historico,2023-05-24,5/24/23,5/24/23,Sin Limpieza/batch_257.pdf,batch_257.pdf,.,3.0,BOCA SERVICIOS VETERINARIOS,BOCA SERVICIOS VETERINARIOS,,,18.45,-69.6,manual_override,0.6,Dachshund,Female,3.0,1.0.0
74cc410ed3ee147ce4ee8511addfa56c,74cc410ed3ee147ce4ee8511addfa56c,2d246385b9f3195dcc49,IDEXX,baseline_historico,2023-05-24,5/24/23,5/24/23,Sin Limpieza/batch_257.pdf,batch_257.pdf,.,5.0,BOCA SERVICIOS VETERINARIOS,BOCA SERVICIOS VETERINARIOS,,,18.45,-69.6,manual_override,0.6,Siberian Husky,Female,2.0,1.0.0
ffde2a33d3aea7a85bf49fdc58eab3bf,ffde2a33d3aea7a85bf49fdc58eab3bf,4bd251b6d418beece85c,IDEXX,baseline_historico,2023-05-23,5/23/23,5/23/23,Sin Limpieza/batch_257.pdf,batch_257.pdf,.,7.0,BOCA SERVICIOS VETERINARIOS,BOCA SERVICIOS VETERINARIOS,,,18.45,-69.6,manual_override,0.6,Other,Female,,1.0.0
8959e3392be25347a546691d820c1e32,8959e3392be25347a546691d820c1e32,56dcd55df64bbd01f45f,IDEXX,baseline_historico,2023-05-23,5/23/23,5/23/23,Sin Limpieza/batch_257.pdf,batch_257.pdf,.,9.0,BOCA SERVICIOS VETERINARIOS,BOCA SERVICIOS VETERINARIOS,,,18.45,-69.6,manual_override,0.6,Mixed,Female,5.0,1.0.0
c468a8251877994af64f8ce61c24e542,c468a8251877994af64f8ce61c24e542,89a91af3b578aedb990b,IDEXX,baseline_historico,2023-05-20,5/20/23,5/20/23,Sin Limpieza/batch_257.pdf,batch_257.pdf,.,11.0,BOCA SERVICIOS VETERINARIOS,BOCA SERVICIOS VETERINARIOS,,,18.45,-69.6,manual_override,0.6,Poodle,Male,,1.0.0
910aeb1b2ebc2ce2d4f804b1a81bb98b,910aeb1b2ebc2ce2d4f804b1a81bb98b,fb9d5e0a2b511461f573,IDEXX,baseline_historico,2023-05-20,5/20/23,5/20/23,Sin Limpieza/batch_257.pdf,batch_257.pdf,.,13.0,BOCA SERVICIOS VETERINARIOS,BOCA SERVICIOS VETERINARIOS,,,18.45,-69.6,manual_override,0.6,Chihuahua,Male,10.0,1.0.0
ea92266921964b3ec8c2f23eddfc88db,ea92266921964b3ec8c2f23eddfc88db,2461ec4a1cfa8e4396c7,IDEXX,baseline_historico,2023-05-20,5/20/23,5/20/23,Sin Limpieza/batch_257.pdf,batch_257.pdf,.,15.0,BOCA SERVICIOS VETERINARIOS,BOCA SERVICIOS VETERINARIOS,,,18.45,-69.6,manual_override,0.6,Great Dane,Female,9.0,1.0.0
aa72c2ac8eeb6633782022029331153b,aa72c2ac8eeb6633782022029331153b,55db5ceb6b93f00302ce,IDEXX,baseline_historico,2023-05-18,5/18/23,5/18/23,Sin Limpieza/batch_257.pdf,batch_257.pdf,.,19.0,BOCA SERVICIOS VETERINARIOS,BOCA SERVICIOS VETERINARIOS,,,18.45,-69.6,manual_override,0.6,B,Male,8.0,1.0.0
8f82a2db7675d4072c7641ceb655cd6e,8f82a2db7675d4072c7641ceb655cd6e,8023a94e1d0b5a5ebd9d,IDEXX,baseline_historico,2023-04-25,4/25/23,4/25/23,Sin Limpieza/batch_258.pdf,batch_258.pdf,.,1.0,BOCA SERVICIOS VETERINARIOS,BOCA SERVICIOS VETERINARIOS,,,18.45,-69.6,manual_override,0.6,Siberian Husky DATE OF RESULT: 4/25/23,Female,2.0,1.0.0
b72905813cac697fa2a9ade4b332a682,b72905813cac697fa2a9ade4b332a682,16997a6104a3b0e561aa,IDEXX,baseline_historico,2023-04-24,4/24/23,4/24/23,Sin Limpieza/batch_258.pdf,batch_258.pdf,.,3.0,BOCA SERVICIOS VETERINARIOS,BOCA SERVICIOS VETERINARIOS,,,18.45,-69.6,manual_override,0.6,Other,Male,,1.0.0
4509165921060200b8d4afbdd9ee3d8e,4509165921060200b8d4afbdd9ee3d8e,514b225d03aa27fbf5e2,IDEXX,baseline_historico,2023-04-24,4/24/23,4/24/23,Sin Limpieza/batch_258.pdf,batch_258.pdf,.,5.0,BOCA SERVICIOS VETERINARIOS,BOCA SERVICIOS VETERINARIOS,,,18.45,-69.6,manual_override,0.6,Mixed,Female,5.0,1.0.0
d5aac1c0905d10ec84c9884ebb043525,d5aac1c0905d10ec84c9884ebb043525,706d3f7aca3ca7e2d5ea,IDEXX,baseline_historico,2023-04-22,4/22/23,4/22/23,Sin Limpieza/batch_258.pdf,batch_258.pdf,.,7.0,BOCA SERVICIOS VETERINARIOS,BOCA SERVICIOS VETERINARIOS,,,18.45,-69.6,manual_override,0.6,Other,Male,,1.0.0
a523ad6f3c9c1d9b8077a4b80f3e433e,a523ad6f3c9c1d9b8077a4b80f3e433e,59082d9f511d5d394c98,IDEXX,baseline_historico,2023-04-20,4/20/23,4/20/23,Sin Limpieza/batch_258.pdf,batch_258.pdf,.,9.0,BOCA SERVICIOS VETERINARIOS,BOCA SERVICIOS VETERINARIOS,,,18.45,-69.6,manual_override,0.6,Chihuahua,Male,4.0,1.0.0
bc0b16634a7bdcf64b5d30bdb19f0ad8,bc0b16634a7bdcf64b5d30bdb19f0ad8,66d1aa71219f39c30b93,IDEXX,baseline_historico,2023-04-19,4/19/23,4/19/23,Sin Limpieza/batch_258.pdf,batch_258.pdf,.,11.0,BOCA SERVICIOS VETERINARIOS,BOCA SERVICIOS VETERINARIOS,,,18.45,-69.6,manual_override,0.6,Chihuahua,Female,,1.0.0
78bb605fa0d2a6cf9ecd3e7f2e0f0c30,78bb605fa0d2a6cf9ecd3e7f2e0f0c30,bf5e67104f7aca7b3ca4,IDEXX,baseline_historico,2023-04-19,4/19/23,4/19/23,Sin Limpieza/batch_258.pdf,batch_258.pdf,.,13.0,BOCA SERVICIOS VETERINARIOS,BOCA SERVICIOS VETERINARIOS,,,18.45,-69.6,manual_override,0.6,Other,Female,,1.0.0
5d67d2bc835653390d3f0533146e53b0,5d67d2bc835653390d3f0533146e53b0,1e74b8828ccf090d41ea,IDEXX,baseline_historico,2023-04-18,4/18/23,4/18/23,Sin Limpieza/batch_258.pdf,batch_258.pdf,.,15.0,BOCA SERVICIOS VETERINARIOS,BOCA SERVICIOS VETERINARIOS,,,18.45,-69.6,manual_override,0.6,Shih Tzu,Female,,1.0.0
8fed5dee7e14396780df71e1f07e6b59,8fed5dee7e14396780df71e1f07e6b59,64c505f45c9000e9cecf,IDEXX,baseline_historico,2023-04-18,4/18/23,4/18/23,Sin Limpieza/batch_258.pdf,batch_258.pdf,.,17.0,BOCA SERVICIOS VETERINARIOS,BOCA SERVICIOS VETERINARIOS,,,18.45,-69.6,manual_override,0.6,Chihuahua,Male,,1.0.0
4e06749e0acc4e5e3115bfef943eda4f,4e06749e0acc4e5e3115bfef943eda4f,d8237567dae15510cc75,IDEXX,baseline_historico,2023-04-18,4/18/23,4/18/23,Sin Limpieza/batch_258.pdf,batch_258.pdf,.,19.0,BOCA SERVICIOS VETERINARIOS,BOCA SERVICIOS VETERINARIOS,,,18.45,-69.6,manual_override,0.6,Doberman Pinscher,Male,,1.0.0
56e909ece426a1f0473a2a06ef9166d4,56e909ece426a1f0473a2a06ef9166d4,bc7176908b45dc837378,IDEXX,baseline_historico,2023-07-08,7/8/23,7/8/23,Sin Limpieza/batch_259.pdf,batch_259.pdf,.,1.0,BOCA SERVICIOS VETERINARIOS,BOCA SERVICIOS VETERINARIOS,,,18.45,-69.6,manual_override,0.6,Bulldog,Female,3.0,1.0.0
539741cd31eca93208e21a899f4654c6,539741cd31eca93208e21a899f4654c6,4e6e095245cc5b369875,IDEXX,baseline_historico,2023-07-07,7/7/23,7/7/23,Sin Limpieza/batch_259.pdf,batch_259.pdf,.,3.0,BOCA SERVICIOS VETERINARIOS,BOCA SERVICIOS VETERINARIOS,,,18.45,-69.6,manual_override,0.6,Pug,Female,2.0,1.0.0
4c8bb30ef71b15d5b0ba825d6a9eddb9,4c8bb30ef71b15d5b0ba825d6a9eddb9,9b72ced7cd5da42a9011,IDEXX,baseline_historico,2023-07-07,7/7/23,7/7/23,Sin Limpieza/batch_259.pdf,batch_259.pdf,.,5.0,BOCA SERVICIOS VETERINARIOS,BOCA SERVICIOS VETERINARIOS,,,18.45,-69.6,manual_override,0.6,Bulldog,Male,5.0,1.0.0
ea8f57358d48616bfbc5ea7a9131161e,ea8f57358d48616bfbc5ea7a9131161e,15ac802c3b0dfcc4dec7,IDEXX,baseline_historico,2023-07-07,7/7/23,7/7/23,Sin Limpieza/batch_259.pdf,batch_259.pdf,.,9.0,BOCA SERVICIOS VETERINARIOS,BOCA SERVICIOS VETERINARIOS,,,18.45,-69.6,manual_override,0.6,Belgian Sheepdog,Female,6.0,1.0.0
10c2b24c2cfa66d0f4d4dc57a07ae7ed,10c2b24c2cfa66d0f4d4dc57a07ae7ed,f9d993e2be3ecf57e8b6,IDEXX,baseline_historico,2023-07-06,7/6/23,7/6/23,Sin Limpieza/batch_259.pdf,batch_259.pdf,.,11.0,BOCA SERVICIOS VETERINARIOS,BOCA SERVICIOS VETERINARIOS,,,18.45,-69.6,manual_override,0.6,"Schnauzer, Standard",Female,,1.0.0
c5710083a9ad2df7963893a463d96a59,c5710083a9ad2df7963893a463d96a59,9e11c033a9f34a528a5d,IDEXX,baseline_historico,2023-07-05,7/5/23,7/5/23,Sin Limpieza/batch_259.pdf,batch_259.pdf,.,13.0,BOCA SERVICIOS VETERINARIOS,BOCA SERVICIOS VETERINARIOS,,,18.45,-69.6,manual_override,0.6,Other,Male,13.0,1.0.0
d83cc88697836a72ceb78302e5caca92,d83cc88697836a72ceb78302e5caca92,130b6e2ae00fa05cb038,IDEXX,baseline_historico,2023-07-05,7/5/23,7/5/23,Sin Limpieza/batch_259.pdf,batch_259.pdf,.,15.0,BOCA SERVICIOS VETERINARIOS,BOCA SERVICIOS VETERINARIOS,,,18.45,-69.6,manual_override,0.6,Mixed,Male,2.0,1.0.0
2b8275493635b7b704c7ac55f0b512ab,2b8275493635b7b704c7ac55f0b512ab,8a7dd9097dd5af10fba5,IDEXX,baseline_historico,2026-01-19,1/19/26,1/19/26,Sin Limpieza/batch_26.pdf,batch_26.pdf,.,1.0,BOCA SERVICIOS VETERINARIOS,BOCA SERVICIOS VETERINARIOS,,,18.45,-69.6,manual_override,0.6,German Shepherd,Male,11.0,1.0.0
56750d493445015bb53d9b43da645fd2,56750d493445015bb53d9b43da645fd2,cba1f13a28b7ad91d03c,IDEXX,baseline_historico,2026-01-19,1/19/26,1/19/26,Sin Limpieza/batch_26.pdf,batch_26.pdf,.,3.0,BOCA SERVICIOS VETERINARIOS,BOCA SERVICIOS VETERINARIOS,,,18.45,-69.6,manual_override,0.6,American Staffordshire Terrier,Female,4.0,1.0.0
77912fbe6f1d62c40346b5cde0412557,77912fbe6f1d62c40346b5cde0412557,bc3f400e28bf23bdd976,IDEXX,baseline_historico,2026-01-17,1/17/26,1/17/26,Sin Limpieza/batch_26.pdf,batch_26.pdf,.,7.0,BOCA SERVICIOS VETERINARIOS,BOCA SERVICIOS VETERINARIOS,,,18.45,-69.6,manual_override,0.6,"Canine, Mixed Breed",Female,0.5,1.0.0
d4fb50bd66b5a17c695b3bdcb2f54915,d4fb50bd66b5a17c695b3bdcb2f54915,42c984a112b480bb861b,IDEXX,baseline_historico,2026-01-17,1/17/26,1/17/26,Sin Limpieza/batch_26.pdf,batch_26.pdf,.,9.0,BOCA SERVICIOS VETERINARIOS,BOCA SERVICIOS VETERINARIOS,,,18.45,-69.6,manual_override,0.6,French Bulldog,Female,6.0,1.0.0
783aa0aa0018becb2ce81a09e606b194,783aa0aa0018becb2ce81a09e606b194,8b8ffae7965d77f2c124,IDEXX,baseline_historico,2026-01-17,1/17/26,1/17/26,Sin Limpieza/batch_26.pdf,batch_26.pdf,.,11.0,BOCA SERVICIOS VETERINARIOS,BOCA SERVICIOS VETERINARIOS,,,18.45,-69.6,manual_override,0.6,"Canine, Other DATE OF RESULT: 1/17/26",Female,2.0,1.0.0
facb18f7662c79d32d2f6adb7e8b7c63,facb18f7662c79d32d2f6adb7e8b7c63,d4607728314b20723a6c,IDEXX,baseline_historico,2026-01-17,1/17/26,1/17/26,Sin Limpieza/batch_26.pdf,batch_26.pdf,.,13.0,BOCA SERVICIOS VETERINARIOS,BOCA SERVICIOS VETERINARIOS,,,18.45,-69.6,manual_override,0.6,"Canine, Other",Female,3.0,1.0.0
a58763294fe93039776a40e187ab9864,a58763294fe93039776a40e187ab9864,eaae3ca00cc5d142672c,IDEXX,baseline_historico,2026-01-16,1/16/26,1/16/26,Sin Limpieza/batch_26.pdf,batch_26.pdf,.,17.0,BOCA SERVICIOS VETERINARIOS,BOCA SERVICIOS VETERINARIOS,,,18.45,-69.6,manual_override,0.6,Yorkshire Terrier,Female,4.0,1.0.0
70e9c10c0d644a41a437ff5be1c73db9,70e9c10c0d644a41a437ff5be1c73db9,bf095c38f50bce58c0c5,IDEXX,baseline_historico,2026-01-16,1/16/26,1/16/26,Sin Limpieza/batch_26.pdf,batch_26.pdf,.,19.0,BOCA SERVICIOS VETERINARIOS,BOCA SERVICIOS VETERINARIOS,,,18.45,-69.6,manual_override,0.6,Golden Retriever,Male,5.0,1.0.0
84504ca77eddf74e318e67a279522076,84504ca77eddf74e318e67a279522076,d3addbadfb52e5aee4ba,IDEXX,baseline_historico,2023-05-30,5/30/23,5/30/23,Sin Limpieza/batch_260.pdf,batch_260.pdf,.,1.0,BOCA SERVICIOS VETERINARIOS,BOCA SERVICIOS VETERINARIOS,,,18.45,-69.6,manual_override,0.6,Chihuahua,Female,13.0,1.0.0
ea34541da503533526ecba9556501e18,ea34541da503533526ecba9556501e18,c08b82058ea3399be744,IDEXX,baseline_historico,2023-05-29,5/29/23,5/29/23,Sin Limpieza/batch_260.pdf,batch_260.pdf,.,3.0,BOCA SERVICIOS VETERINARIOS,BOCA SERVICIOS VETERINARIOS,,,18.45,-69.6,manual_override,0.6,Golden Retriever,Female,,1.0.0
034b28ecfd8a457c4abe784ec043de9c,034b28ecfd8a457c4abe784ec043de9c,af2e365ae8b8aaa5d11f,IDEXX,baseline_historico,2023-05-27,5/27/23,5/27/23,Sin Limpieza/batch_260.pdf,batch_260.pdf,.,5.0,BOCA SERVICIOS VETERINARIOS,BOCA SERVICIOS VETERINARIOS,,,18.45,-69.6,manual_override,0.6,German Shepherd,Male,4.0,1.0.0
bcb33dd93d98072b076b91bf238dfc94,bcb33dd93d98072b076b91bf238dfc94,7f86b62ab258160ae1ee,IDEXX,baseline_historico,2023-05-27,5/27/23,5/27/23,Sin Limpieza/batch_260.pdf,batch_260.pdf,.,7.0,BOCA SERVICIOS VETERINARIOS,BOCA SERVICIOS VETERINARIOS,,,18.45,-69.6,manual_override,0.6,Chihuahua,Female,,1.0.0
f659a78f23e6e2f54eb6836aa45fdb79,f659a78f23e6e2f54eb6836aa45fdb79,c08b82058ea3399be744,IDEXX,baseline_historico,2023-05-27,5/27/23,5/27/23,Sin Limpieza/batch_260.pdf,batch_260.pdf,.,9.0,BOCA SERVICIOS VETERINARIOS,BOCA SERVICIOS VETERINARIOS,,,18.45,-69.6,manual_override,0.6,Golden Retriever,Female,,1.0.0
da822d867f338a393988c1b5aaac7b38,da822d867f338a393988c1b5aaac7b38,8f45f902993f4cc4afff,IDEXX,baseline_historico,2023-05-27,5/27/23,5/27/23,Sin Limpieza/batch_260.pdf,batch_260.pdf,.,11.0,BOCA SERVICIOS VETERINARIOS,BOCA SERVICIOS VETERINARIOS,,,18.45,-69.6,manual_override,0.6,Yorkshire Terrier,Female,8.0,1.0.0
18bbfa2e8953b90bab9437814420a209,18bbfa2e8953b90bab9437814420a209,0ebe160dc76fa185eaab,IDEXX,baseline_historico,2023-05-26,5/26/23,5/26/23,Sin Limpieza/batch_260.pdf,batch_260.pdf,.,13.0,BOCA SERVICIOS VETERINARIOS,BOCA SERVICIOS VETERINARIOS,,,18.45,-69.6,manual_override,0.6,Miniature Pinscher,Female,6.0,1.0.0
f6f8e373635e172896973835493c8f37,f6f8e373635e172896973835493c8f37,d26bd5a3fea703fcd78d,IDEXX,baseline_historico,2023-05-26,5/26/23,5/26/23,Sin Limpieza/batch_260.pdf,batch_260.pdf,.,15.0,BOCA SERVICIOS VETERINARIOS,BOCA SERVICIOS VETERINARIOS,,,18.45,-69.6,manual_override,0.6,Mixed,Male,6.0,1.0.0
71c6b1792924d24787ec62bf98346413,71c6b1792924d24787ec62bf98346413,21dfa9b8f5396fb27200,IDEXX,baseline_historico,2023-05-25,5/25/23,5/25/23,Sin Limpieza/batch_260.pdf,batch_260.pdf,.,19.0,BOCA SERVICIOS VETERINARIOS,BOCA SERVICIOS VETERINARIOS,,,18.45,-69.6,manual_override,0.6,"Schnauzer, Standard",Female,9.0,1.0.0
7994c6086094ba3f5cd099275792f52d,7994c6086094ba3f5cd099275792f52d,72a46e95915da506f0dc,IDEXX,baseline_historico,2023-05-10,5/10/23,5/10/23,Sin Limpieza/batch_261.pdf,batch_261.pdf,.,1.0,BOCA SERVICIOS VETERINARIOS,BOCA SERVICIOS VETERINARIOS,,,18.45,-69.6,manual_override,0.6,Mixed,Female,12.0,1.0.0
870f07290e22bdcb2c000a74077a9f3a,870f07290e22bdcb2c000a74077a9f3a,30ae37d947e37ddfc133,IDEXX,baseline_historico,2023-05-10,5/10/23,5/10/23,Sin Limpieza/batch_261.pdf,batch_261.pdf,.,3.0,BOCA SERVICIOS VETERINARIOS,BOCA SERVICIOS VETERINARIOS,,,18.45,-69.6,manual_override,0.6,Yorkshire Terrier,Male,,1.0.0
47a83a234c300af8823cb22cdf9fdfb1,47a83a234c300af8823cb22cdf9fdfb1,20ca7ee40c598e6b0fb3,IDEXX,baseline_historico,2023-05-08,5/8/23,5/8/23,Sin Limpieza/batch_261.pdf,batch_261.pdf,.,5.0,BOCA SERVICIOS VETERINARIOS,BOCA SERVICIOS VETERINARIOS,,,18.45,-69.6,manual_override,0.6,American Staffordshire Terrier,Male,3.0,1.0.0
566bc156ed7412577e084206caebb915,566bc156ed7412577e084206caebb915,3f1848b879931eb612da,IDEXX,baseline_historico,2023-05-08,5/8/23,5/8/23,Sin Limpieza/batch_261.pdf,batch_261.pdf,.,7.0,BOCA SERVICIOS VETERINARIOS,BOCA SERVICIOS VETERINARIOS,,,18.45,-69.6,manual_override,0.6,Pomeranian,Male,,1.0.0
f18fe624ab20c262df05e724ac5be96b,f18fe624ab20c262df05e724ac5be96b,f84d1b1862306e77af31,IDEXX,baseline_historico,2023-05-08,5/8/23,5/8/23,Sin Limpieza/batch_261.pdf,batch_261.pdf,.,9.0,BOCA SERVICIOS VETERINARIOS,BOCA SERVICIOS VETERINARIOS,,,18.45,-69.6,manual_override,0.6,Chihuahua,Male,,1.0.0
c3701526a127f2b02ba5f9442b0afde7,c3701526a127f2b02ba5f9442b0afde7,249e03358c15fad07d02,IDEXX,baseline_historico,2023-05-06,5/6/23,5/6/23,Sin Limpieza/batch_261.pdf,batch_261.pdf,.,11.0,BOCA SERVICIOS VETERINARIOS,BOCA SERVICIOS VETERINARIOS,,,18.45,-69.6,manual_override,0.6,Pomeranian,Female,,1.0.0
2f1b6bc657631876465ed2df960517f5,2f1b6bc657631876465ed2df960517f5,50cf59a90cca3efe3582,IDEXX,baseline_historico,2023-05-06,5/6/23,5/6/23,Sin Limpieza/batch_261.pdf,batch_261.pdf,.,13.0,BOCA SERVICIOS VETERINARIOS,BOCA SERVICIOS VETERINARIOS,,,18.45,-69.6,manual_override,0.6,Other,Female,,1.0.0
60c902db4297b940ac8b0279443b6992,60c902db4297b940ac8b0279443b6992,23efc6bdad0ac20a7b5c,IDEXX,baseline_historico,2023-05-06,5/6/23,5/6/23,Sin Limpieza/batch_261.pdf,batch_261.pdf,.,15.0,BOCA SERVICIOS VETERINARIOS,BOCA SERVICIOS VETERINARIOS,,,18.45,-69.6,manual_override,0.6,Other,Female,4.0,1.0.0
9e3ca3b1414b563837f783df8523960a,9e3ca3b1414b563837f783df8523960a,e3f2103d3527ff1e3337,IDEXX,baseline_historico,2023-05-04,5/4/23,5/4/23,Sin Limpieza/batch_261.pdf,batch_261.pdf,.,17.0,BOCA SERVICIOS VETERINARIOS,BOCA SERVICIOS VETERINARIOS,,,18.45,-69.6,manual_override,0.6,French Bulldog,Male,,1.0.0
070df6471088f05919d0760e3a477701,070df6471088f05919d0760e3a477701,dc09715f6d66ce25f72e,IDEXX,baseline_historico,2023-05-04,5/4/23,5/4/23,Sin Limpieza/batch_261.pdf,batch_261.pdf,.,19.0,BOCA SERVICIOS VETERINARIOS,BOCA SERVICIOS VETERINARIOS,,,18.45,-69.6,manual_override,0.6,Siberian Husky,Female,,1.0.0
e95b3f981b10ae177ab1630a64b6a7e4,e95b3f981b10ae177ab1630a64b6a7e4,a9d69a0bb6667b5a7404,IDEXX,baseline_historico,2023-08-04,8/4/23,8/4/23,Sin Limpieza/batch_262.pdf,batch_262.pdf,.,1.0,BOCA SERVICIOS VETERINARIOS,BOCA SERVICIOS VETERINARIOS,,,18.45,-69.6,manual_override,0.6,Mixed,Female,9.0,1.0.0
8fa967a51c0911f8565ede29b3988491,8fa967a51c0911f8565ede29b3988491,0063551c0121687b581f,IDEXX,baseline_historico,2023-08-04,8/4/23,8/4/23,Sin Limpieza/batch_262.pdf,batch_262.pdf,.,3.0,BOCA SERVICIOS VETERINARIOS,BOCA SERVICIOS VETERINARIOS,,,18.45,-69.6,manual_override,0.6,Other,Female,,1.0.0
1360ec306be844bb9c1bd3f36037a64d,1360ec306be844bb9c1bd3f36037a64d,6f483129c2665f54fbc0,IDEXX,baseline_historico,2023-08-03,8/3/23,8/3/23,Sin Limpieza/batch_262.pdf,batch_262.pdf,.,5.0,BOCA SERVICIOS VETERINARIOS,BOCA SERVICIOS VETERINARIOS,,,18.45,-69.6,manual_override,0.6,German Shepherd,Female,5.0,1.0.0
5530a36359b8857b80a6115143bf6e86,5530a36359b8857b80a6115143bf6e86,c6e8e8efee65d9b11015,IDEXX,baseline_historico,2023-08-03,8/3/23,8/3/23,Sin Limpieza/batch_262.pdf,batch_262.pdf,.,7.0,BOCA SERVICIOS VETERINARIOS,BOCA SERVICIOS VETERINARIOS,,,18.45,-69.6,manual_override,0.6,Mixed,Female,12.0,1.0.0
efd9678005e5948c8943ac2d646c1c31,efd9678005e5948c8943ac2d646c1c31,94bd6736872b0e99a46d,IDEXX,baseline_historico,2023-08-03,8/3/23,8/3/23,Sin Limpieza/batch_262.pdf,batch_262.pdf,.,11.0,BOCA SERVICIOS VETERINARIOS,BOCA SERVICIOS VETERINARIOS,,,18.45,-69.6,manual_override,0.6,Other,Female,4.0,1.0.0
a72a09c925f01fe116425fb9701004d6,a72a09c925f01fe116425fb9701004d6,4bf68a57268e26e3e91c,IDEXX,baseline_historico,2023-08-03,8/3/23,8/3/23,Sin Limpieza/batch_262.pdf,batch_262.pdf,.,13.0,BOCA SERVICIOS VETERINARIOS,BOCA SERVICIOS VETERINARIOS,,,18.45,-69.6,manual_override,0.6,Mixed,Male,4.0,1.0.0
c9bd65b4242e99879cda6662add8c65b,c9bd65b4242e99879cda6662add8c65b,bf2feef3de1d0d0a298d,IDEXX,baseline_historico,2023-08-02,8/2/23,8/2/23,Sin Limpieza/batch_262.pdf,batch_262.pdf,.,15.0,BOCA SERVICIOS VETERINARIOS,BOCA SERVICIOS VETERINARIOS,,,18.45,-69.6,manual_override,0.6,Yorkshire Terrier,Female,,1.0.0
862d4e8b588f06fccecdbcc31f315792,862d4e8b588f06fccecdbcc31f315792,c41a29a6ba989a32b821,IDEXX,baseline_historico,2023-08-01,8/1/23,8/1/23,Sin Limpieza/batch_262.pdf,batch_262.pdf,.,17.0,BOCA SERVICIOS VETERINARIOS,BOCA SERVICIOS VETERINARIOS,,,18.45,-69.6,manual_override,0.6,Chow Chow,Male,3.0,1.0.0
feeb8d29331e0e90c5471baa08efedea,feeb8d29331e0e90c5471baa08efedea,de6ae6fde04c2dbfe917,IDEXX,baseline_historico,2023-08-01,8/1/23,8/1/23,Sin Limpieza/batch_262.pdf,batch_262.pdf,.,19.0,BOCA SERVICIOS VETERINARIOS,BOCA SERVICIOS VETERINARIOS,,,18.45,-69.6,manual_override,0.6,Other,Male,5.0,1.0.0
725a3ee4bbe8cec267a3fcb06cf5f271,725a3ee4bbe8cec267a3fcb06cf5f271,1b6209d69333b896cb40,IDEXX,baseline_historico,2023-02-01,2/1/23,2/1/23,Sin Limpieza/batch_263.pdf,batch_263.pdf,.,1.0,BOCA SERVICIOS VETERINARIOS,BOCA SERVICIOS VETERINARIOS,,,18.45,-69.6,manual_override,0.6,Dalmatian,Male,,1.0.0
a4d1ab9c329e3c8734e480570ef01252,a4d1ab9c329e3c8734e480570ef01252,816b8acfba5ab6eb2a21,IDEXX,baseline_historico,2023-02-01,2/1/23,2/1/23,Sin Limpieza/batch_263.pdf,batch_263.pdf,.,3.0,BOCA SERVICIOS VETERINARIOS,BOCA SERVICIOS VETERINARIOS,,,18.45,-69.6,manual_override,0.6,Other,Male,,1.0.0
f45e70de05eae22c5f55b42a93ce9549,f45e70de05eae22c5f55b42a93ce9549,7278570d46ee55e354df,IDEXX,baseline_historico,2023-01-31,1/31/23,1/31/23,Sin Limpieza/batch_263.pdf,batch_263.pdf,.,5.0,BOCA SERVICIOS VETERINARIOS,BOCA SERVICIOS VETERINARIOS,,,18.45,-69.6,manual_override,0.6,Mixed,Male,4.0,1.0.0
ec90e08605cbde918aad68d37262710d,ec90e08605cbde918aad68d37262710d,189a9f33460fc717a2d0,IDEXX,baseline_historico,2023-03-27,3/27/23,3/27/23,Sin Limpieza/batch_264.pdf,batch_264.pdf,.,1.0,BOCA SERVICIOS VETERINARIOS,BOCA SERVICIOS VETERINARIOS,,,18.45,-69.6,manual_override,0.6,Labrador Retriever,Male,,1.0.0
3c5f3a9bf3be78a4823b62270dbad41e,3c5f3a9bf3be78a4823b62270dbad41e,f6b3eb897ebcdbe6015e,IDEXX,baseline_historico,2023-03-27,3/27/23,3/27/23,Sin Limpieza/batch_264.pdf,batch_264.pdf,.,3.0,BOCA SERVICIOS VETERINARIOS,BOCA SERVICIOS VETERINARIOS,,,18.45,-69.6,manual_override,0.6,Bulldog,Female,4.0,1.0.0
232bc5b8d3082e67cc336e7cee1c2014,232bc5b8d3082e67cc336e7cee1c2014,323774bee5be035a3038,IDEXX,baseline_historico,2023-03-25,3/25/23,3/25/23,Sin Limpieza/batch_264.pdf,batch_264.pdf,.,5.0,BOCA SERVICIOS VETERINARIOS,BOCA SERVICIOS VETERINARIOS,,,18.45,-69.6,manual_override,0.6,Yorkshire Terrier,Female,3.0,1.0.0
1776ba377c7d8f59e28278b777b50dd3,1776ba377c7d8f59e28278b777b50dd3,f57ebe35363c47fbb378,IDEXX,baseline_historico,2023-03-24,3/24/23,3/24/23,Sin Limpieza/batch_264.pdf,batch_264.pdf,.,7.0,BOCA SERVICIOS VETERINARIOS,BOCA SERVICIOS VETERINARIOS,,,18.45,-69.6,manual_override,0.6,Other,Male,3.0,1.0.0
f49a0c07ae7cefa83d4c852ea6a62605,f49a0c07ae7cefa83d4c852ea6a62605,91ef6fb9dc37c25b2ebe,IDEXX,baseline_historico,2023-03-23,3/23/23,3/23/23,Sin Limpieza/batch_264.pdf,batch_264.pdf,.,9.0,BOCA SERVICIOS VETERINARIOS,BOCA SERVICIOS VETERINARIOS,,,18.45,-69.6,manual_override,0.6,Maltese,Male,,1.0.0
606bd6b84f1e66484d8e5851ea8080f7,606bd6b84f1e66484d8e5851ea8080f7,08ae7daf8b9161b32695,IDEXX,baseline_historico,2023-03-23,3/23/23,3/23/23,Sin Limpieza/batch_264.pdf,batch_264.pdf,.,11.0,BOCA SERVICIOS VETERINARIOS,BOCA SERVICIOS VETERINARIOS,,,18.45,-69.6,manual_override,0.6,Mixed,Female,3.0,1.0.0
fe70784f9283195581b32b8046702999,fe70784f9283195581b32b8046702999,747795cea4c889af04ae,IDEXX,baseline_historico,2023-03-23,3/23/23,3/23/23,Sin Limpieza/batch_264.pdf,batch_264.pdf,.,13.0,BOCA SERVICIOS VETERINARIOS,BOCA SERVICIOS VETERINARIOS,,,18.45,-69.6,manual_override,0.6,American Staffordshire Terrier,Female,4.0,1.0.0
1cb6ebb0b56e41f134639b084943a1b2,1cb6ebb0b56e41f134639b084943a1b2,be258d5fd523893173be,IDEXX,baseline_historico,2023-03-23,3/23/23,3/23/23,Sin Limpieza/batch_264.pdf,batch_264.pdf,.,15.0,BOCA SERVICIOS VETERINARIOS,BOCA SERVICIOS VETERINARIOS,,,18.45,-69.6,manual_override,0.6,Mixed,Female,,1.0.0
434c29da8b23748e4bd7dd89ea1b1840,434c29da8b23748e4bd7dd89ea1b1840,02c3b56522f267564570,IDEXX,baseline_historico,2023-03-22,3/22/23,3/22/23,Sin Limpieza/batch_264.pdf,batch_264.pdf,.,17.0,BOCA SERVICIOS VETERINARIOS,BOCA SERVICIOS VETERINARIOS,,,18.45,-69.6,manual_override,0.6,German Shepherd,Male,,1.0.0
90991a8864bc61643ff78d26f99d1de7,90991a8864bc61643ff78d26f99d1de7,319c00762cc5bc4ef1f6,IDEXX,baseline_historico,2023-03-22,3/22/23,3/22/23,Sin Limpieza/batch_264.pdf,batch_264.pdf,.,19.0,BOCA SERVICIOS VETERINARIOS,BOCA SERVICIOS VETERINARIOS,,,18.45,-69.6,manual_override,0.6,Maltese,Male,,1.0.0
ed075472f68db3298a3eba979b339c6f,ed075472f68db3298a3eba979b339c6f,8e5ed3557a03b29616b8,IDEXX,baseline_historico,2023-03-02,3/2/23,3/2/23,Sin Limpieza/batch_265.pdf,batch_265.pdf,.,1.0,BOCA SERVICIOS VETERINARIOS,BOCA SERVICIOS VETERINARIOS,,,18.45,-69.6,manual_override,0.6,Yorkshire Terrier,Female,8.0,1.0.0
a9f1bf29b6379491af5635c4ab2f16b8,a9f1bf29b6379491af5635c4ab2f16b8,403c5c77ee1337d2c030,IDEXX,baseline_historico,2023-03-01,3/1/23,3/1/23,Sin Limpieza/batch_265.pdf,batch_265.pdf,.,3.0,BOCA SERVICIOS VETERINARIOS,BOCA SERVICIOS VETERINARIOS,,,18.45,-69.6,manual_override,0.6,Mixed,Male,,1.0.0
da8b97aaf7042f367551fbf33321d5d9,da8b97aaf7042f367551fbf33321d5d9,3e265e38ca5c3e579505,IDEXX,baseline_historico,2023-03-01,3/1/23,3/1/23,Sin Limpieza/batch_265.pdf,batch_265.pdf,.,5.0,BOCA SERVICIOS VETERINARIOS,BOCA SERVICIOS VETERINARIOS,,,18.45,-69.6,manual_override,0.6,Bulldog,Female,,1.0.0
d2810cb6767dec415197fb3f08008b04,d2810cb6767dec415197fb3f08008b04,3d314dfd138426c2c331,IDEXX,baseline_historico,2023-03-01,3/1/23,3/1/23,Sin Limpieza/batch_265.pdf,batch_265.pdf,.,7.0,BOCA SERVICIOS VETERINARIOS,BOCA SERVICIOS VETERINARIOS,,,18.45,-69.6,manual_override,0.6,Belgian Malinois,Female,3.0,1.0.0
1ffa5d35d8afe297f24f3cc98f91bc14,1ffa5d35d8afe297f24f3cc98f91bc14,5524888242c27fc8ad8c,IDEXX,baseline_historico,2023-02-28,2/28/23,2/28/23,Sin Limpieza/batch_265.pdf,batch_265.pdf,.,9.0,BOCA SERVICIOS VETERINARIOS,BOCA SERVICIOS VETERINARIOS,,,18.45,-69.6,manual_override,0.6,Other,Male,,1.0.0
ee82e46acf5cef032716495b28f74f38,ee82e46acf5cef032716495b28f74f38,6d38067940c53fcaccf0,IDEXX,baseline_historico,2023-02-28,2/28/23,2/28/23,Sin Limpieza/batch_265.pdf,batch_265.pdf,.,11.0,BOCA SERVICIOS VETERINARIOS,BOCA SERVICIOS VETERINARIOS,,,18.45,-69.6,manual_override,0.6,Jack Russell Terrier,Male,,1.0.0
81ddf437d08736c66d52f065db32ef1e,81ddf437d08736c66d52f065db32ef1e,87d27ca971dbec640ccc,IDEXX,baseline_historico,2023-02-23,2/23/23,2/23/23,Sin Limpieza/batch_265.pdf,batch_265.pdf,.,13.0,BOCA SERVICIOS VETERINARIOS,BOCA SERVICIOS VETERINARIOS,,,18.45,-69.6,manual_override,0.6,Mixed,Male,11.0,1.0.0
76078754f317e113cd7b9c1be59500e2,76078754f317e113cd7b9c1be59500e2,f319d022975cfbe084a8,IDEXX,baseline_historico,2023-02-23,2/23/23,2/23/23,Sin Limpieza/batch_265.pdf,batch_265.pdf,.,15.0,BOCA SERVICIOS VETERINARIOS,BOCA SERVICIOS VETERINARIOS,,,18.45,-69.6,manual_override,0.6,Siberian Husky,Male,,1.0.0
19fa32ffb77004400562f89d2d849dbc,19fa32ffb77004400562f89d2d849dbc,08ae7daf8b9161b32695,IDEXX,baseline_historico,2023-02-22,2/22/23,2/22/23,Sin Limpieza/batch_265.pdf,batch_265.pdf,.,17.0,BOCA SERVICIOS VETERINARIOS,BOCA SERVICIOS VETERINARIOS,,,18.45,-69.6,manual_override,0.6,Mixed,Female,3.0,1.0.0
481d999d16f0a4cafb98ca57428c3795,481d999d16f0a4cafb98ca57428c3795,0384b6464cc943e0250b,IDEXX,baseline_historico,2023-07-27,7/27/23,7/27/23,Sin Limpieza/batch_266.pdf,batch_266.pdf,.,1.0,BOCA SERVICIOS VETERINARIOS,BOCA SERVICIOS VETERINARIOS,,,18.45,-69.6,manual_override,0.6,Doberman Pinscher,Male,2.0,1.0.0
97cd20ab7fac8db378a34472b23f1c72,97cd20ab7fac8db378a34472b23f1c72,ef7b32ae338c9babaab0,IDEXX,baseline_historico,2023-07-27,7/27/23,7/27/23,Sin Limpieza/batch_266.pdf,batch_266.pdf,.,3.0,BOCA SERVICIOS VETERINARIOS,BOCA SERVICIOS VETERINARIOS,,,18.45,-69.6,manual_override,0.6,Doberman Pinscher,Female,2.0,1.0.0
c71ac201502f8f7dc51ab306d2b55a6f,c71ac201502f8f7dc51ab306d2b55a6f,cf6d2b1cfeb327fb96a3,IDEXX,baseline_historico,2023-07-26,7/26/23,7/26/23,Sin Limpieza/batch_266.pdf,batch_266.pdf,.,5.0,BOCA SERVICIOS VETERINARIOS,BOCA SERVICIOS VETERINARIOS,,,18.45,-69.6,manual_override,0.6,Other,Male,3.0,1.0.0
d9c16017b30d158a1820a784743fe7e3,d9c16017b30d158a1820a784743fe7e3,9150bc9ad39ab5e1ff6e,IDEXX,baseline_historico,2023-07-25,7/25/23,7/25/23,Sin Limpieza/batch_266.pdf,batch_266.pdf,.,7.0,BOCA SERVICIOS VETERINARIOS,BOCA SERVICIOS VETERINARIOS,,,18.45,-69.6,manual_override,0.6,Chihuahua,Female,5.0,1.0.0
f2fc0299f493daeb69097dcb409d14fd,f2fc0299f493daeb69097dcb409d14fd,b026dd08fa537eab73cc,IDEXX,baseline_historico,2023-07-25,7/25/23,7/25/23,Sin Limpieza/batch_266.pdf,batch_266.pdf,.,9.0,BOCA SERVICIOS VETERINARIOS,BOCA SERVICIOS VETERINARIOS,,,18.45,-69.6,manual_override,0.6,Other,Male,,1.0.0
b22ea8c1afc13746254d1266670c7c59,b22ea8c1afc13746254d1266670c7c59,e05baf70f2ad12b1cf76,IDEXX,baseline_historico,2023-07-25,7/25/23,7/25/23,Sin Limpieza/batch_266.pdf,batch_266.pdf,.,11.0,BOCA SERVICIOS VETERINARIOS,BOCA SERVICIOS VETERINARIOS,,,18.45,-69.6,manual_override,0.6,Mixed,Male,12.0,1.0.0
cdc06b66ee60745f575a9fdbad57ce4b,cdc06b66ee60745f575a9fdbad57ce4b,34e0fd1dfedb09cc886d,IDEXX,baseline_historico,2023-07-25,7/25/23,7/25/23,Sin Limpieza/batch_266.pdf,batch_266.pdf,.,13.0,BOCA SERVICIOS VETERINARIOS,BOCA SERVICIOS VETERINARIOS,,,18.45,-69.6,manual_override,0.6,Poodle,Female,3.0,1.0.0
cfe3598cd6d8c1581714d8c0cf846892,cfe3598cd6d8c1581714d8c0cf846892,92b97d5866203f1f0cef,IDEXX,baseline_historico,2023-07-25,7/25/23,7/25/23,Sin Limpieza/batch_266.pdf,batch_266.pdf,.,15.0,BOCA SERVICIOS VETERINARIOS,BOCA SERVICIOS VETERINARIOS,,,18.45,-69.6,manual_override,0.6,Other,Male,4.0,1.0.0
5747bac81f79df0296b7a90db64971bd,5747bac81f79df0296b7a90db64971bd,e55ffe1719ab7658fe08,IDEXX,baseline_historico,2023-07-22,7/22/23,7/22/23,Sin Limpieza/batch_266.pdf,batch_266.pdf,.,17.0,BOCA SERVICIOS VETERINARIOS,BOCA SERVICIOS VETERINARIOS,,,18.45,-69.6,manual_override,0.6,Beagle,Male,3.0,1.0.0
4ec83c0cb3f6ddd844e8c87841eabd37,4ec83c0cb3f6ddd844e8c87841eabd37,0c03c3d0b03c8ab0620f,IDEXX,baseline_historico,2023-07-21,7/21/23,7/21/23,Sin Limpieza/batch_266.pdf,batch_266.pdf,.,19.0,BOCA SERVICIOS VETERINARIOS,BOCA SERVICIOS VETERINARIOS,,,18.45,-69.6,manual_override,0.6,French Bulldog,Male,8.0,1.0.0
dac5ffee2cc8f265c11a9851387ec744,dac5ffee2cc8f265c11a9851387ec744,40b8ef818530fa930b82,IDEXX,baseline_historico,2023-06-27,6/27/23,6/27/23,Sin Limpieza/batch_267.pdf,batch_267.pdf,.,1.0,BOCA SERVICIOS VETERINARIOS,BOCA SERVICIOS VETERINARIOS,,,18.45,-69.6,manual_override,0.6,Chihuahua,Male,10.0,1.0.0
6e025d94d5cfcb25655d784221564440,6e025d94d5cfcb25655d784221564440,05ffb0dc034ef475e90d,IDEXX,baseline_historico,2023-06-26,6/26/23,6/26/23,Sin Limpieza/batch_267.pdf,batch_267.pdf,.,3.0,BOCA SERVICIOS VETERINARIOS,BOCA SERVICIOS VETERINARIOS,,,18.45,-69.6,manual_override,0.6,German Shepherd,Female,,1.0.0
1e2599d4ca32f462783187fd4fe43859,1e2599d4ca32f462783187fd4fe43859,6d38067940c53fcaccf0,IDEXX,baseline_historico,2023-06-22,6/22/23,6/22/23,Sin Limpieza/batch_267.pdf,batch_267.pdf,.,5.0,BOCA SERVICIOS VETERINARIOS,BOCA SERVICIOS VETERINARIOS,,,18.45,-69.6,manual_override,0.6,Jack Russell Terrier,Male,,1.0.0
00208a114f800c2de2f5bf04b5860ec1,00208a114f800c2de2f5bf04b5860ec1,365a1eb7cd209e1200ae,IDEXX,baseline_historico,2023-06-20,6/20/23,6/20/23,Sin Limpieza/batch_267.pdf,batch_267.pdf,.,7.0,BOCA SERVICIOS VETERINARIOS,BOCA SERVICIOS VETERINARIOS,,,18.45,-69.6,manual_override,0.6,Yorkshire Terrier,Female,14.0,1.0.0
25f76c316c5f335ebfbe2c8aa17937a3,25f76c316c5f335ebfbe2c8aa17937a3,bd55e0f1671d0db3dedd,IDEXX,baseline_historico,2023-06-20,6/20/23,6/20/23,Sin Limpieza/batch_267.pdf,batch_267.pdf,.,9.0,BOCA SERVICIOS VETERINARIOS,BOCA SERVICIOS VETERINARIOS,,,18.45,-69.6,manual_override,0.6,Golden Retriever,Female,7.0,1.0.0
63e680cced9cda6530523166648d37d1,63e680cced9cda6530523166648d37d1,cba9c75e108b86cafa9c,IDEXX,baseline_historico,2023-06-20,6/20/23,6/20/23,Sin Limpieza/batch_267.pdf,batch_267.pdf,.,11.0,BOCA SERVICIOS VETERINARIOS,BOCA SERVICIOS VETERINARIOS,,,18.45,-69.6,manual_override,0.6,Mixed,Male,10.0,1.0.0
6128d3460c8b585cd41f2ba417a0dd6a,6128d3460c8b585cd41f2ba417a0dd6a,c08b82058ea3399be744,IDEXX,baseline_historico,2023-06-17,6/17/23,6/17/23,Sin Limpieza/batch_267.pdf,batch_267.pdf,.,13.0,BOCA SERVICIOS VETERINARIOS,BOCA SERVICIOS VETERINARIOS,,,18.45,-69.6,manual_override,0.6,Golden Retriever,Female,,1.0.0
153a1adc34fdfbd8abf278c961f59931,153a1adc34fdfbd8abf278c961f59931,815324a41d5fc16223ca,IDEXX,baseline_historico,2023-06-16,6/16/23,6/16/23,Sin Limpieza/batch_267.pdf,batch_267.pdf,.,15.0,BOCA SERVICIOS VETERINARIOS,BOCA SERVICIOS VETERINARIOS,,,18.45,-69.6,manual_override,0.6,Bulldog,Female,4.0,1.0.0
80f949fef642aa660e903ea27ded4040,80f949fef642aa660e903ea27ded4040,fd2d30bdc614cfb99257,IDEXX,baseline_historico,2023-06-16,6/16/23,6/16/23,Sin Limpieza/batch_267.pdf,batch_267.pdf,.,17.0,BOCA SERVICIOS VETERINARIOS,BOCA SERVICIOS VETERINARIOS,,,18.45,-69.6,manual_override,0.6,Other,Male,3.0,1.0.0
bab18f26823ad2064175804e3bb7af44,bab18f26823ad2064175804e3bb7af44,d833387e40ff38801bda,IDEXX,baseline_historico,2023-06-16,6/16/23,6/16/23,Sin Limpieza/batch_267.pdf,batch_267.pdf,.,19.0,BOCA SERVICIOS VETERINARIOS,BOCA SERVICIOS VETERINARIOS,,,18.45,-69.6,manual_override,0.6,Other,Female,3.0,1.0.0
0b3e300295b091b46d2fb0ed15f4c91d,0b3e300295b091b46d2fb0ed15f4c91d,377cfc1dae7171cfe75d,IDEXX,baseline_historico,2023-07-19,7/19/23,7/19/23,Sin Limpieza/batch_268.pdf,batch_268.pdf,.,1.0,BOCA SERVICIOS VETERINARIOS,BOCA SERVICIOS VETERINARIOS,,,18.45,-69.6,manual_override,0.6,Pomeranian,Male,3.0,1.0.0
8476d4e849506318844cd4d3c6797388,8476d4e849506318844cd4d3c6797388,143b38a2962152ae554a,IDEXX,baseline_historico,2023-07-19,7/19/23,7/19/23,Sin Limpieza/batch_268.pdf,batch_268.pdf,.,3.0,BOCA SERVICIOS VETERINARIOS,BOCA SERVICIOS VETERINARIOS,,,18.45,-69.6,manual_override,0.6,Chihuahua,Female,6.0,1.0.0
1e627c6d100f7272846e9e773abe95a8,1e627c6d100f7272846e9e773abe95a8,0ca51ec4d2043ca6c0f4,IDEXX,baseline_historico,2023-07-19,7/19/23,7/19/23,Sin Limpieza/batch_268.pdf,batch_268.pdf,.,5.0,BOCA SERVICIOS VETERINARIOS,BOCA SERVICIOS VETERINARIOS,,,18.45,-69.6,manual_override,0.6,Other,Female,5.0,1.0.0
2db90f614fa830adcc84e69df57fbad9,2db90f614fa830adcc84e69df57fbad9,14bb764a863a50ce8af2,IDEXX,baseline_historico,2023-07-19,7/19/23,7/19/23,Sin Limpieza/batch_268.pdf,batch_268.pdf,.,7.0,BOCA SERVICIOS VETERINARIOS,BOCA SERVICIOS VETERINARIOS,,,18.45,-69.6,manual_override,0.6,Other,Male,,1.0.0
407d275f9fb4e2da3cfe9395da99f143,407d275f9fb4e2da3cfe9395da99f143,bad3ff1937965edd172b,IDEXX,baseline_historico,2023-07-19,7/19/23,7/19/23,Sin Limpieza/batch_268.pdf,batch_268.pdf,.,9.0,BOCA SERVICIOS VETERINARIOS,BOCA SERVICIOS VETERINARIOS,,,18.45,-69.6,manual_override,0.6,Other,Female,4.0,1.0.0
a18639948417cc8d6615f4d341c0621f,a18639948417cc8d6615f4d341c0621f,a389cacd2bcfe0413ce9,IDEXX,baseline_historico,2023-07-19,7/19/23,7/19/23,Sin Limpieza/batch_268.pdf,batch_268.pdf,.,11.0,BOCA SERVICIOS VETERINARIOS,BOCA SERVICIOS VETERINARIOS,,,18.45,-69.6,manual_override,0.6,Belgian Sheepdog,Female,10.0,1.0.0
030652398317f1ef4de2b01ad93b4045,030652398317f1ef4de2b01ad93b4045,148e5bc4f25a9d8cec8f,IDEXX,baseline_historico,2023-07-18,7/18/23,7/18/23,Sin Limpieza/batch_268.pdf,batch_268.pdf,.,13.0,BOCA SERVICIOS VETERINARIOS,BOCA SERVICIOS VETERINARIOS,,,18.45,-69.6,manual_override,0.6,Rottweiler,Female,6.0,1.0.0
4c2876b6072e548a8b819dbe5890ae4e,4c2876b6072e548a8b819dbe5890ae4e,b089e1b2301e093a1159,IDEXX,baseline_historico,2023-07-18,7/18/23,7/18/23,Sin Limpieza/batch_268.pdf,batch_268.pdf,.,15.0,BOCA SERVICIOS VETERINARIOS,BOCA SERVICIOS VETERINARIOS,,,18.45,-69.6,manual_override,0.6,Other,Male,11.0,1.0.0
ed15c456b51ea564f5b2dbfc39035433,ed15c456b51ea564f5b2dbfc39035433,4a2b0143eddfbb5751e6,IDEXX,baseline_historico,2023-07-13,7/13/23,7/13/23,Sin Limpieza/batch_268.pdf,batch_268.pdf,.,19.0,BOCA SERVICIOS VETERINARIOS,BOCA SERVICIOS VETERINARIOS,,,18.45,-69.6,manual_override,0.6,Chihuahua,Female,8.0,1.0.0
aafc234e966b6582b0972e83991c2b03,aafc234e966b6582b0972e83991c2b03,ef2be322f14fdeb2160b,IDEXX,baseline_historico,2023-06-15,6/15/23,6/15/23,Sin Limpieza/batch_269.pdf,batch_269.pdf,.,1.0,BOCA SERVICIOS VETERINARIOS,BOCA SERVICIOS VETERINARIOS,,,18.45,-69.6,manual_override,0.6,Mixed,Female,8.0,1.0.0
9b300c0af25c5eac2c76327c148e8484,9b300c0af25c5eac2c76327c148e8484,88087cfb3bef60e36280,IDEXX,baseline_historico,2023-06-14,6/14/23,6/14/23,Sin Limpieza/batch_269.pdf,batch_269.pdf,.,3.0,BOCA SERVICIOS VETERINARIOS,BOCA SERVICIOS VETERINARIOS,,,18.45,-69.6,manual_override,0.6,Other,Male,2.0,1.0.0
b330ea2d3bc91b48efd1b62ffe09eccb,b330ea2d3bc91b48efd1b62ffe09eccb,cba9c75e108b86cafa9c,IDEXX,baseline_historico,2023-06-14,6/14/23,6/14/23,Sin Limpieza/batch_269.pdf,batch_269.pdf,.,5.0,BOCA SERVICIOS VETERINARIOS,BOCA SERVICIOS VETERINARIOS,,,18.45,-69.6,manual_override,0.6,Mixed,Male,10.0,1.0.0
bdf6afd0c6ac708abf2ce22ca3d8bd8d,bdf6afd0c6ac708abf2ce22ca3d8bd8d,1816ae58109d55dba73a,IDEXX,baseline_historico,2023-06-14,6/14/23,6/14/23,Sin Limpieza/batch_269.pdf,batch_269.pdf,.,7.0,BOCA SERVICIOS VETERINARIOS,BOCA SERVICIOS VETERINARIOS,,,18.45,-69.6,manual_override,0.6,Other,Male,3.0,1.0.0
f5e6d8b383d06cfeeb80694f37b3549e,f5e6d8b383d06cfeeb80694f37b3549e,854e55e6227d0b9b5800,IDEXX,baseline_historico,2023-06-07,6/7/23,6/7/23,Sin Limpieza/batch_269.pdf,batch_269.pdf,.,9.0,BOCA SERVICIOS VETERINARIOS,BOCA SERVICIOS VETERINARIOS,,,18.45,-69.6,manual_override,0.6,Bulldog,Female,5.0,1.0.0
e6b109281044487ee752fa9e37081b52,e6b109281044487ee752fa9e37081b52,c08b82058ea3399be744,IDEXX,baseline_historico,2023-06-07,6/7/23,6/7/23,Sin Limpieza/batch_269.pdf,batch_269.pdf,.,11.0,BOCA SERVICIOS VETERINARIOS,BOCA SERVICIOS VETERINARIOS,,,18.45,-69.6,manual_override,0.6,Golden Retriever,Female,,1.0.0
d599daba761408b2681ed3c063c0728a,d599daba761408b2681ed3c063c0728a,93ba024cebc0ac85d442,IDEXX,baseline_historico,2023-06-07,6/7/23,6/7/23,Sin Limpieza/batch_269.pdf,batch_269.pdf,.,13.0,BOCA SERVICIOS VETERINARIOS,BOCA SERVICIOS VETERINARIOS,,,18.45,-69.6,manual_override,0.6,Dachshund,Female,13.0,1.0.0
ec8ea89f35638d944d9c8908a347dc18,ec8ea89f35638d944d9c8908a347dc18,fefe0b661d8a417dd63b,IDEXX,baseline_historico,2023-06-07,6/7/23,6/7/23,Sin Limpieza/batch_269.pdf,batch_269.pdf,.,15.0,BOCA SERVICIOS VETERINARIOS,BOCA SERVICIOS VETERINARIOS,,,18.45,-69.6,manual_override,0.6,Chihuahua,Female,6.0,1.0.0
3952599f9317e1e5c30473f38757f56a,3952599f9317e1e5c30473f38757f56a,56dcd55df64bbd01f45f,IDEXX,baseline_historico,2023-06-07,6/7/23,6/7/23,Sin Limpieza/batch_269.pdf,batch_269.pdf,.,17.0,BOCA SERVICIOS VETERINARIOS,BOCA SERVICIOS VETERINARIOS,,,18.45,-69.6,manual_override,0.6,Mixed,Female,5.0,1.0.0
792fe479199080a2499a3d9f32423f62,792fe479199080a2499a3d9f32423f62,9eee211dbe19bd6668cf,IDEXX,baseline_historico,2023-06-06,6/6/23,6/6/23,Sin Limpieza/batch_269.pdf,batch_269.pdf,.,19.0,BOCA SERVICIOS VETERINARIOS,BOCA SERVICIOS VETERINARIOS,,,18.45,-69.6,manual_override,0.6,French Bulldog,Female,3.0,1.0.0
45a2e7ce5e7c1e81fa94db3e19b76edc,45a2e7ce5e7c1e81fa94db3e19b76edc,7dabdf1240e71d85a1ed,IDEXX,baseline_historico,2025-12-15,12/15/25,12/15/25,Sin Limpieza/batch_27.pdf,batch_27.pdf,.,1.0,BOCA SERVICIOS VETERINARIOS,BOCA SERVICIOS VETERINARIOS,,,18.45,-69.6,manual_override,0.6,"Canine, Mixed Breed",Female,3.0,1.0.0
845023c1dfda9f03fac9306884920e03,845023c1dfda9f03fac9306884920e03,fb05d8a845a6e50f5a13,IDEXX,baseline_historico,2025-12-15,12/15/25,12/15/25,Sin Limpieza/batch_27.pdf,batch_27.pdf,.,3.0,BOCA SERVICIOS VETERINARIOS,BOCA SERVICIOS VETERINARIOS,,,18.45,-69.6,manual_override,0.6,Pug,Female,,1.0.0
c387fa53e8a9cfc7c415cf55ce4118d1,c387fa53e8a9cfc7c415cf55ce4118d1,b8d52478f9737ae3b18a,IDEXX,baseline_historico,2025-12-13,12/13/25,12/13/25,Sin Limpieza/batch_27.pdf,batch_27.pdf,.,7.0,BOCA SERVICIOS VETERINARIOS,BOCA SERVICIOS VETERINARIOS,,,18.45,-69.6,manual_override,0.6,Shih Tzu,Male,,1.0.0
67634214059eb12dc45f9b7359aaf7f4,67634214059eb12dc45f9b7359aaf7f4,7959655b6f26e36822eb,IDEXX,baseline_historico,2025-12-13,12/13/25,12/13/25,Sin Limpieza/batch_27.pdf,batch_27.pdf,.,9.0,BOCA SERVICIOS VETERINARIOS,BOCA SERVICIOS VETERINARIOS,,,18.45,-69.6,manual_override,0.6,German Shepherd,Male,2.0,1.0.0
578cc9b712af774cc3d4aa26234642a0,578cc9b712af774cc3d4aa26234642a0,c69e9cd737c145813fa8,IDEXX,baseline_historico,2025-12-12,12/12/25,12/12/25,Sin Limpieza/batch_27.pdf,batch_27.pdf,.,11.0,BOCA SERVICIOS VETERINARIOS,BOCA SERVICIOS VETERINARIOS,,,18.45,-69.6,manual_override,0.6,Golden Retriever,Male,9.0,1.0.0
2f95cfe1fa8f94d82cd482135ad336dd,2f95cfe1fa8f94d82cd482135ad336dd,a37928395a971dca3b00,IDEXX,baseline_historico,2025-12-12,12/12/25,12/12/25,Sin Limpieza/batch_27.pdf,batch_27.pdf,.,13.0,BOCA SERVICIOS VETERINARIOS,BOCA SERVICIOS VETERINARIOS,,,18.45,-69.6,manual_override,0.6,"Cocker Spaniel, American",Female,12.0,1.0.0
844d142ffa4bc0bbe3814017ac6c3fbe,844d142ffa4bc0bbe3814017ac6c3fbe,2468b45ec3349c13ae77,IDEXX,baseline_historico,2025-12-12,12/12/25,12/12/25,Sin Limpieza/batch_27.pdf,batch_27.pdf,.,15.0,BOCA SERVICIOS VETERINARIOS,BOCA SERVICIOS VETERINARIOS,,,18.45,-69.6,manual_override,0.6,"Canine, Mixed Breed",Male,,1.0.0
e6e026ee337ac3b808414b15afc89375,e6e026ee337ac3b808414b15afc89375,ac589e31146307117864,IDEXX,baseline_historico,2025-12-11,12/11/25,12/11/25,Sin Limpieza/batch_27.pdf,batch_27.pdf,.,17.0,BOCA SERVICIOS VETERINARIOS,BOCA SERVICIOS VETERINARIOS,,,18.45,-69.6,manual_override,0.6,Siberian Husky,Male,,1.0.0
d320d84dbbde985e3d69f82ab2ac946d,d320d84dbbde985e3d69f82ab2ac946d,d0a229911b72b5ba6c3f,IDEXX,baseline_historico,2023-07-04,7/4/23,7/4/23,Sin Limpieza/batch_270.pdf,batch_270.pdf,.,1.0,BOCA SERVICIOS VETERINARIOS,BOCA SERVICIOS VETERINARIOS,,,18.45,-69.6,manual_override,0.6,Other,Female,2.0,1.0.0
b13d0ba2c015c7bdcfe56987959da865,b13d0ba2c015c7bdcfe56987959da865,5c6dcf422e5fc2590411,IDEXX,baseline_historico,2023-07-04,7/4/23,7/4/23,Sin Limpieza/batch_270.pdf,batch_270.pdf,.,3.0,BOCA SERVICIOS VETERINARIOS,BOCA SERVICIOS VETERINARIOS,,,18.45,-69.6,manual_override,0.6,Mixed,Male,6.0,1.0.0
a3afa9dbbafb53659a2bd7f0245b98b4,a3afa9dbbafb53659a2bd7f0245b98b4,a1c764c71679f796120a,IDEXX,baseline_historico,2023-07-03,7/3/23,7/3/23,Sin Limpieza/batch_270.pdf,batch_270.pdf,.,7.0,BOCA SERVICIOS VETERINARIOS,BOCA SERVICIOS VETERINARIOS,,,18.45,-69.6,manual_override,0.6,Yorkshire Terrier,Female,4.0,1.0.0
5210cbdc3fec4110055a22e1735ee4be,5210cbdc3fec4110055a22e1735ee4be,f03a25b3d65d83f7eb4e,IDEXX,baseline_historico,2023-07-02,7/2/23,7/2/23,Sin Limpieza/batch_270.pdf,batch_270.pdf,.,9.0,BOCA SERVICIOS VETERINARIOS,BOCA SERVICIOS VETERINARIOS,,,18.45,-69.6,manual_override,0.6,Poodle,Female,17.0,1.0.0
b8562ce2bcf50570b1e4f211fc1aac81,b8562ce2bcf50570b1e4f211fc1aac81,30c8201b098ee5c7ef91,IDEXX,baseline_historico,2023-07-01,7/1/23,7/1/23,Sin Limpieza/batch_270.pdf,batch_270.pdf,.,11.0,BOCA SERVICIOS VETERINARIOS,BOCA SERVICIOS VETERINARIOS,,,18.45,-69.6,manual_override,0.6,Other,Male,,1.0.0
34ab72d99b792c111052059896ee45ab,34ab72d99b792c111052059896ee45ab,35438219c19090139302,IDEXX,baseline_historico,2023-07-01,7/1/23,7/1/23,Sin Limpieza/batch_270.pdf,batch_270.pdf,.,13.0,BOCA SERVICIOS VETERINARIOS,BOCA SERVICIOS VETERINARIOS,,,18.45,-69.6,manual_override,0.6,Siberian Husky,Female,5.0,1.0.0
4722118281db139bfb41b2dab920cf69,4722118281db139bfb41b2dab920cf69,b4ef2759e85a35f33775,IDEXX,baseline_historico,2023-06-29,6/29/23,6/29/23,Sin Limpieza/batch_270.pdf,batch_270.pdf,.,15.0,BOCA SERVICIOS VETERINARIOS,BOCA SERVICIOS VETERINARIOS,,,18.45,-69.6,manual_override,0.6,Other,Male,,1.0.0
8677b62de03b7a0e8cb0daf11b6eda83,8677b62de03b7a0e8cb0daf11b6eda83,c58c5cfae3c29d15924b,IDEXX,baseline_historico,2023-06-27,6/27/23,6/27/23,Sin Limpieza/batch_270.pdf,batch_270.pdf,.,17.0,BOCA SERVICIOS VETERINARIOS,BOCA SERVICIOS VETERINARIOS,,,18.45,-69.6,manual_override,0.6,Siberian Husky,Male,5.0,1.0.0
cb901fea3fd3e389f7930a84bc82b203,cb901fea3fd3e389f7930a84bc82b203,d18001881669ca95892a,IDEXX,baseline_historico,2023-02-06,2/6/23,2/6/23,Sin Limpieza/batch_271.pdf,batch_271.pdf,.,1.0,BOCA SERVICIOS VETERINARIOS,BOCA SERVICIOS VETERINARIOS,,,18.45,-69.6,manual_override,0.6,Siberian Husky,Male,,1.0.0
73f1cfff36dee6151e1bd7ce9dd06095,73f1cfff36dee6151e1bd7ce9dd06095,78aa64f68d14b712921c,IDEXX,baseline_historico,2023-02-06,2/6/23,2/6/23,Sin Limpieza/batch_271.pdf,batch_271.pdf,.,3.0,BOCA SERVICIOS VETERINARIOS,BOCA SERVICIOS VETERINARIOS,,,18.45,-69.6,manual_override,0.6,Mixed,Male,,1.0.0
a013a4c2f0595f5e14a4b0f63bfc8ffc,a013a4c2f0595f5e14a4b0f63bfc8ffc,fbe38127eb84e734512e,IDEXX,baseline_historico,2023-02-06,2/6/23,2/6/23,Sin Limpieza/batch_271.pdf,batch_271.pdf,.,5.0,BOCA SERVICIOS VETERINARIOS,BOCA SERVICIOS VETERINARIOS,,,18.45,-69.6,manual_override,0.6,American Staffordshire Terrier,Male,3.0,1.0.0
cc5d4f3504eb72e77ec2b67182e49055,cc5d4f3504eb72e77ec2b67182e49055,6a99819fd81bf122cf4d,IDEXX,baseline_historico,2023-02-06,2/6/23,2/6/23,Sin Limpieza/batch_271.pdf,batch_271.pdf,.,7.0,BOCA SERVICIOS VETERINARIOS,BOCA SERVICIOS VETERINARIOS,,,18.45,-69.6,manual_override,0.6,Yorkshire Terrier,Male,,1.0.0
de404e61f55f578e332b2efcb6534a0a,de404e61f55f578e332b2efcb6534a0a,0b7319633a630fc51a2b,IDEXX,baseline_historico,2023-02-06,2/6/23,2/6/23,Sin Limpieza/batch_271.pdf,batch_271.pdf,.,11.0,BOCA SERVICIOS VETERINARIOS,BOCA SERVICIOS VETERINARIOS,,,18.45,-69.6,manual_override,0.6,Yorkshire Terrier,Female,5.0,1.0.0
b3cfeae65eb76eef847ce99f5df02905,b3cfeae65eb76eef847ce99f5df02905,ab64dfef559df25912b1,IDEXX,baseline_historico,2023-02-06,2/6/23,2/6/23,Sin Limpieza/batch_271.pdf,batch_271.pdf,.,13.0,BOCA SERVICIOS VETERINARIOS,BOCA SERVICIOS VETERINARIOS,,,18.45,-69.6,manual_override,0.6,Mixed,Male,9.0,1.0.0
752f3599516757d08a5f3b09ae8e1388,752f3599516757d08a5f3b09ae8e1388,6b931de37beda4f7fa7d,IDEXX,baseline_historico,2023-02-05,2/5/23,2/5/23,Sin Limpieza/batch_271.pdf,batch_271.pdf,.,15.0,BOCA SERVICIOS VETERINARIOS,BOCA SERVICIOS VETERINARIOS,,,18.45,-69.6,manual_override,0.6,Mixed,Male,10.0,1.0.0
11da35a6fc65f4f07c72b149a1d33316,11da35a6fc65f4f07c72b149a1d33316,703ca002ea807414ec2e,IDEXX,baseline_historico,2023-02-04,2/4/23,2/4/23,Sin Limpieza/batch_271.pdf,batch_271.pdf,.,17.0,BOCA SERVICIOS VETERINARIOS,BOCA SERVICIOS VETERINARIOS,,,18.45,-69.6,manual_override,0.6,Doberman Pinscher,Male,3.0,1.0.0
a8ffbc40e6f5fbb441a10ce632eb0a7b,a8ffbc40e6f5fbb441a10ce632eb0a7b,3b64ecf1aee184c3d8eb,IDEXX,baseline_historico,2023-02-04,2/4/23,2/4/23,Sin Limpieza/batch_271.pdf,batch_271.pdf,.,19.0,BOCA SERVICIOS VETERINARIOS,BOCA SERVICIOS VETERINARIOS,,,18.45,-69.6,manual_override,0.6,Bulldog,Female,8.0,1.0.0
1eff6672cb56d76cc295c78d6ba2a0c6,1eff6672cb56d76cc295c78d6ba2a0c6,174768d0a3de97b963f9,IDEXX,baseline_historico,2023-04-09,4/9/23,4/9/23,Sin Limpieza/batch_272.pdf,batch_272.pdf,.,1.0,BOCA SERVICIOS VETERINARIOS,BOCA SERVICIOS VETERINARIOS,,,18.45,-69.6,manual_override,0.6,French Bulldog,Female,3.0,1.0.0
ade1bc97e71707f9b0a6cdc127f0bf36,ade1bc97e71707f9b0a6cdc127f0bf36,2c3960b895ade8bdd95d,IDEXX,baseline_historico,2023-04-08,4/8/23,4/8/23,Sin Limpieza/batch_272.pdf,batch_272.pdf,.,3.0,BOCA SERVICIOS VETERINARIOS,BOCA SERVICIOS VETERINARIOS,,,18.45,-69.6,manual_override,0.6,Chihuahua,Female,,1.0.0
21e47f6aeaa539f2c01d645153d081f9,21e47f6aeaa539f2c01d645153d081f9,1895f585a4ab53bef03a,IDEXX,baseline_historico,2023-04-07,4/7/23,4/7/23,Sin Limpieza/batch_272.pdf,batch_272.pdf,.,5.0,BOCA SERVICIOS VETERINARIOS,BOCA SERVICIOS VETERINARIOS,,,18.45,-69.6,manual_override,0.6,Toy Fox Terrier,Male,6.0,1.0.0
560aeecdae03c8cd3cad9adffa2a3ed2,560aeecdae03c8cd3cad9adffa2a3ed2,0fcd1c2243c4bbe6eb54,IDEXX,baseline_historico,2023-04-05,4/5/23,4/5/23,Sin Limpieza/batch_272.pdf,batch_272.pdf,.,7.0,BOCA SERVICIOS VETERINARIOS,BOCA SERVICIOS VETERINARIOS,,,18.45,-69.6,manual_override,0.6,Other,Male,6.0,1.0.0
36b48592955a3d064bd52f42e20c5c10,36b48592955a3d064bd52f42e20c5c10,7791859792e261cc605d,IDEXX,baseline_historico,2023-04-05,4/5/23,4/5/23,Sin Limpieza/batch_272.pdf,batch_272.pdf,.,11.0,BOCA SERVICIOS VETERINARIOS,BOCA SERVICIOS VETERINARIOS,,,18.45,-69.6,manual_override,0.6,Other,Female,14.0,1.0.0
7d94bec00c1cfc166dcc7673a18a3c04,7d94bec00c1cfc166dcc7673a18a3c04,bf5e67104f7aca7b3ca4,IDEXX,baseline_historico,2023-04-05,4/5/23,4/5/23,Sin Limpieza/batch_272.pdf,batch_272.pdf,.,13.0,BOCA SERVICIOS VETERINARIOS,BOCA SERVICIOS VETERINARIOS,,,18.45,-69.6,manual_override,0.6,Other,Female,,1.0.0
024e141fe04bef405665fe64ab00e319,024e141fe04bef405665fe64ab00e319,389e6d484b8663a11cbe,IDEXX,baseline_historico,2023-04-03,4/3/23,4/3/23,Sin Limpieza/batch_272.pdf,batch_272.pdf,.,15.0,BOCA SERVICIOS VETERINARIOS,BOCA SERVICIOS VETERINARIOS,,,18.45,-69.6,manual_override,0.6,Doberman Pinscher,Male,6.0,1.0.0
c0181ea3e7261409092e49f9ccf55ca6,c0181ea3e7261409092e49f9ccf55ca6,c9c99bd6ececaaef8c94,IDEXX,baseline_historico,2023-04-03,4/3/23,4/3/23,Sin Limpieza/batch_272.pdf,batch_272.pdf,.,17.0,BOCA SERVICIOS VETERINARIOS,BOCA SERVICIOS VETERINARIOS,,,18.45,-69.6,manual_override,0.6,Yorkshire Terrier,Male,3.0,1.0.0
a929f19af9b99135f89537cfa2339c24,a929f19af9b99135f89537cfa2339c24,3b64ecf1aee184c3d8eb,IDEXX,baseline_historico,2023-02-21,2/21/23,2/21/23,Sin Limpieza/batch_273.pdf,batch_273.pdf,.,1.0,BOCA SERVICIOS VETERINARIOS,BOCA SERVICIOS VETERINARIOS,,,18.45,-69.6,manual_override,0.6,Bulldog,Female,8.0,1.0.0
0788c63b4e47efdf47687cd841224c18,0788c63b4e47efdf47687cd841224c18,373e0c42d990519de004,IDEXX,baseline_historico,2023-02-21,2/21/23,2/21/23,Sin Limpieza/batch_273.pdf,batch_273.pdf,.,3.0,BOCA SERVICIOS VETERINARIOS,BOCA SERVICIOS VETERINARIOS,,,18.45,-69.6,manual_override,0.6,French Bulldog,Male,13.0,1.0.0
689c280c5e6a9c8f1a99974f796a5c2c,689c280c5e6a9c8f1a99974f796a5c2c,6b3c001a779703b01f38,IDEXX,baseline_historico,2023-02-21,2/21/23,2/21/23,Sin Limpieza/batch_273.pdf,batch_273.pdf,.,5.0,BOCA SERVICIOS VETERINARIOS,BOCA SERVICIOS VETERINARIOS,,,18.45,-69.6,manual_override,0.6,French Bulldog,Male,,1.0.0
0598127da9a64d09ff7b5ceab27dbe6a,0598127da9a64d09ff7b5ceab27dbe6a,bf5e67104f7aca7b3ca4,IDEXX,baseline_historico,2023-02-21,2/21/23,2/21/23,Sin Limpieza/batch_273.pdf,batch_273.pdf,.,7.0,BOCA SERVICIOS VETERINARIOS,BOCA SERVICIOS VETERINARIOS,,,18.45,-69.6,manual_override,0.6,Other,Female,,1.0.0
72d9249ca0a3d17c3d3f4202cd17832d,72d9249ca0a3d17c3d3f4202cd17832d,7d7ba94d3278e8c0c61b,IDEXX,baseline_historico,2023-02-20,2/20/23,2/20/23,Sin Limpieza/batch_273.pdf,batch_273.pdf,.,9.0,BOCA SERVICIOS VETERINARIOS,BOCA SERVICIOS VETERINARIOS,,,18.45,-69.6,manual_override,0.6,Chihuahua,Female,,1.0.0
de0efdb4680580339d48e4c90eb5d3f7,de0efdb4680580339d48e4c90eb5d3f7,27926d9239e65b4a2054,IDEXX,baseline_historico,2023-02-17,2/17/23,2/17/23,Sin Limpieza/batch_273.pdf,batch_273.pdf,.,11.0,BOCA SERVICIOS VETERINARIOS,BOCA SERVICIOS VETERINARIOS,,,18.45,-69.6,manual_override,0.6,Wirehaired Fox Terrier,Male,12.0,1.0.0
66f467395387b946624bd63b51d93691,66f467395387b946624bd63b51d93691,13fd262cc50dbafea94f,IDEXX,baseline_historico,2023-02-16,2/16/23,2/16/23,Sin Limpieza/batch_273.pdf,batch_273.pdf,.,13.0,BOCA SERVICIOS VETERINARIOS,BOCA SERVICIOS VETERINARIOS,,,18.45,-69.6,manual_override,0.6,Other,Male,,1.0.0
34aaee22a8156a101b30bffd294bb7a8,34aaee22a8156a101b30bffd294bb7a8,87167189fc03e93cae2a,IDEXX,baseline_historico,2023-02-15,2/15/23,2/15/23,Sin Limpieza/batch_273.pdf,batch_273.pdf,.,15.0,BOCA SERVICIOS VETERINARIOS,BOCA SERVICIOS VETERINARIOS,,,18.45,-69.6,manual_override,0.6,French Bulldog,Female,,1.0.0
71d243be9c99cf8260f9306c39cbbb55,71d243be9c99cf8260f9306c39cbbb55,2dc329769257d712feaa,IDEXX,baseline_historico,2023-02-14,2/14/23,2/14/23,Sin Limpieza/batch_273.pdf,batch_273.pdf,.,17.0,BOCA SERVICIOS VETERINARIOS,BOCA SERVICIOS VETERINARIOS,,,18.45,-69.6,manual_override,0.6,Chihuahua,Female,,1.0.0
ac7686bfb6dadd7dc434bb953b6e8815,ac7686bfb6dadd7dc434bb953b6e8815,409f559fc1792407d78d,IDEXX,baseline_historico,2023-02-14,2/14/23,2/14/23,Sin Limpieza/batch_273.pdf,batch_273.pdf,.,19.0,BOCA SERVICIOS VETERINARIOS,BOCA SERVICIOS VETERINARIOS,,,18.45,-69.6,manual_override,0.6,Mixed,Male,,1.0.0
61e1f310de76e70b238954f7c0a9e901,61e1f310de76e70b238954f7c0a9e901,1c1324794da057dc396b,IDEXX,baseline_historico,2023-06-05,6/5/23,6/5/23,Sin Limpieza/batch_274.pdf,batch_274.pdf,.,1.0,BOCA SERVICIOS VETERINARIOS,BOCA SERVICIOS VETERINARIOS,,,18.45,-69.6,manual_override,0.6,Chihuahua,Female,15.0,1.0.0
b8a3bc113f5152a8611c260606309ac8,b8a3bc113f5152a8611c260606309ac8,323774bee5be035a3038,IDEXX,baseline_historico,2023-06-05,6/5/23,6/5/23,Sin Limpieza/batch_274.pdf,batch_274.pdf,.,3.0,BOCA SERVICIOS VETERINARIOS,BOCA SERVICIOS VETERINARIOS,,,18.45,-69.6,manual_override,0.6,Yorkshire Terrier,Female,3.0,1.0.0
069f221eb2deb261e12966f0ad1f8844,069f221eb2deb261e12966f0ad1f8844,8afb354d20ea39c291e3,IDEXX,baseline_historico,2023-06-05,6/5/23,6/5/23,Sin Limpieza/batch_274.pdf,batch_274.pdf,.,5.0,BOCA SERVICIOS VETERINARIOS,BOCA SERVICIOS VETERINARIOS,,,18.45,-69.6,manual_override,0.6,Poodle,Male,13.0,1.0.0
f13f9b4e8b2d12503ec7c783ef8dbfa5,f13f9b4e8b2d12503ec7c783ef8dbfa5,b4a1eb12a15a95fbd7b3,IDEXX,baseline_historico,2023-06-05,6/5/23,6/5/23,Sin Limpieza/batch_274.pdf,batch_274.pdf,.,9.0,BOCA SERVICIOS VETERINARIOS,BOCA SERVICIOS VETERINARIOS,,,18.45,-69.6,manual_override,0.6,Labrador Retriever,Male,4.0,1.0.0
6595933578fd98ded316dce2d22d468e,6595933578fd98ded316dce2d22d468e,ff3d43b6001d24629653,IDEXX,baseline_historico,2023-05-03,5/3/23,5/3/23,Sin Limpieza/batch_275.pdf,batch_275.pdf,.,1.0,BOCA SERVICIOS VETERINARIOS,BOCA SERVICIOS VETERINARIOS,,,18.45,-69.6,manual_override,0.6,Other,Male,,1.0.0
065f9d2863434fd0ed01f10912bd7b94,065f9d2863434fd0ed01f10912bd7b94,3e8f68b9290e38ba4109,IDEXX,baseline_historico,2023-05-03,5/3/23,5/3/23,Sin Limpieza/batch_275.pdf,batch_275.pdf,.,3.0,BOCA SERVICIOS VETERINARIOS,BOCA SERVICIOS VETERINARIOS,,,18.45,-69.6,manual_override,0.6,Other,Female,,1.0.0
85540b7ca2f729719f49230a0dd7ced2,85540b7ca2f729719f49230a0dd7ced2,e3b5a6e3ff6f2cd48e71,IDEXX,baseline_historico,2023-05-02,5/2/23,5/2/23,Sin Limpieza/batch_275.pdf,batch_275.pdf,.,5.0,BOCA SERVICIOS VETERINARIOS,BOCA SERVICIOS VETERINARIOS,,,18.45,-69.6,manual_override,0.6,French Bulldog,Male,4.0,1.0.0
b0f07c4608a67038177adf062503c8ee,b0f07c4608a67038177adf062503c8ee,d0e5474f432d810f9c4a,IDEXX,baseline_historico,2023-04-30,4/30/23,4/30/23,Sin Limpieza/batch_275.pdf,batch_275.pdf,.,7.0,BOCA SERVICIOS VETERINARIOS,BOCA SERVICIOS VETERINARIOS,,,18.45,-69.6,manual_override,0.6,Other,Female,,1.0.0
30893e76340f15b2fb4f64a11d0c9489,30893e76340f15b2fb4f64a11d0c9489,22eebebb6ed93d5e2862,IDEXX,baseline_historico,2023-04-29,4/29/23,4/29/23,Sin Limpieza/batch_275.pdf,batch_275.pdf,.,9.0,BOCA SERVICIOS VETERINARIOS,BOCA SERVICIOS VETERINARIOS,,,18.45,-69.6,manual_override,0.6,Chihuahua,Female,10.0,1.0.0
3260612cbcc656a8773a6b244a287893,3260612cbcc656a8773a6b244a287893,f629a19b70e790eaa849,IDEXX,baseline_historico,2023-04-28,4/28/23,4/28/23,Sin Limpieza/batch_275.pdf,batch_275.pdf,.,11.0,BOCA SERVICIOS VETERINARIOS,BOCA SERVICIOS VETERINARIOS,,,18.45,-69.6,manual_override,0.6,Pug,Male,,1.0.0
021901da12e0ce28b1106531f69b4b1f,021901da12e0ce28b1106531f69b4b1f,22eebebb6ed93d5e2862,IDEXX,baseline_historico,2023-04-27,4/27/23,4/27/23,Sin Limpieza/batch_275.pdf,batch_275.pdf,.,13.0,BOCA SERVICIOS VETERINARIOS,BOCA SERVICIOS VETERINARIOS,,,18.45,-69.6,manual_override,0.6,Chihuahua,Female,10.0,1.0.0
8e9530a001167b666ab64a4514560658,8e9530a001167b666ab64a4514560658,f629a19b70e790eaa849,IDEXX,baseline_historico,2023-04-26,4/26/23,4/26/23,Sin Limpieza/batch_275.pdf,batch_275.pdf,.,15.0,BOCA SERVICIOS VETERINARIOS,BOCA SERVICIOS VETERINARIOS,,,18.45,-69.6,manual_override,0.6,Pug,Male,,1.0.0
e6082ec67614d15ec7b509fa8a4d2999,e6082ec67614d15ec7b509fa8a4d2999,f6c673822abe1d040ecd,IDEXX,baseline_historico,2023-04-26,4/26/23,4/26/23,Sin Limpieza/batch_275.pdf,batch_275.pdf,.,17.0,BOCA SERVICIOS VETERINARIOS,BOCA SERVICIOS VETERINARIOS,,,18.45,-69.6,manual_override,0.6,French Bulldog,Female,3.0,1.0.0
45b23c190489cdb082c6ad0a3a7e8d3d,45b23c190489cdb082c6ad0a3a7e8d3d,16997a6104a3b0e561aa,IDEXX,baseline_historico,2023-04-26,4/26/23,4/26/23,Sin Limpieza/batch_275.pdf,batch_275.pdf,.,19.0,BOCA SERVICIOS VETERINARIOS,BOCA SERVICIOS VETERINARIOS,,,18.45,-69.6,manual_override,0.6,Other,Male,,1.0.0
b2fac371279f844fb288d963c7617ce1,b2fac371279f844fb288d963c7617ce1,8594f71b385292615f83,IDEXX,baseline_historico,2023-08-01,8/1/23,8/1/23,Sin Limpieza/batch_276.pdf,batch_276.pdf,.,1.0,BOCA SERVICIOS VETERINARIOS,BOCA SERVICIOS VETERINARIOS,,,18.45,-69.6,manual_override,0.6,French Bulldog,Male,,1.0.0
8e3b8dcb0b1b58346d1e16003f4fafd7,8e3b8dcb0b1b58346d1e16003f4fafd7,ee8386ba33ede4e23cbe,IDEXX,baseline_historico,2023-07-31,7/31/23,7/31/23,Sin Limpieza/batch_276.pdf,batch_276.pdf,.,3.0,BOCA SERVICIOS VETERINARIOS,BOCA SERVICIOS VETERINARIOS,,,18.45,-69.6,manual_override,0.6,Mixed,Female,4.0,1.0.0
ea894104fa9c5cf56f01a653e401f130,ea894104fa9c5cf56f01a653e401f130,310b874b873cf5185efa,IDEXX,baseline_historico,2023-07-30,7/30/23,7/30/23,Sin Limpieza/batch_276.pdf,batch_276.pdf,.,5.0,BOCA SERVICIOS VETERINARIOS,BOCA SERVICIOS VETERINARIOS,,,18.45,-69.6,manual_override,0.6,Chihuahua,Female,9.0,1.0.0
eb0005ff13667b370abae6660948e19e,eb0005ff13667b370abae6660948e19e,f1cf72c8e20810fbd5f4,IDEXX,baseline_historico,2023-07-29,7/29/23,7/29/23,Sin Limpieza/batch_276.pdf,batch_276.pdf,.,7.0,BOCA SERVICIOS VETERINARIOS,BOCA SERVICIOS VETERINARIOS,,,18.45,-69.6,manual_override,0.6,French Bulldog,Female,3.0,1.0.0
e5310f05fcc208c17a70aaa11b3699e4,e5310f05fcc208c17a70aaa11b3699e4,a181a18cbb50726cdd8a,IDEXX,baseline_historico,2023-07-29,7/29/23,7/29/23,Sin Limpieza/batch_276.pdf,batch_276.pdf,.,9.0,BOCA SERVICIOS VETERINARIOS,BOCA SERVICIOS VETERINARIOS,,,18.45,-69.6,manual_override,0.6,Poodle,Male,17.0,1.0.0
e93b2b4ce5d568f0b91a3b42f6872dbb,e93b2b4ce5d568f0b91a3b42f6872dbb,ef4b0d534a326758f9db,IDEXX,baseline_historico,2023-07-28,7/28/23,7/28/23,Sin Limpieza/batch_276.pdf,batch_276.pdf,.,11.0,BOCA SERVICIOS VETERINARIOS,BOCA SERVICIOS VETERINARIOS,,,18.45,-69.6,manual_override,0.6,Shih Tzu,Female,8.0,1.0.0
cb51951b9aaca003edb24b47e079d788,cb51951b9aaca003edb24b47e079d788,97afde1cb4da610ffdcc,IDEXX,baseline_historico,2023-07-28,7/28/23,7/28/23,Sin Limpieza/batch_276.pdf,batch_276.pdf,.,13.0,BOCA SERVICIOS VETERINARIOS,BOCA SERVICIOS VETERINARIOS,,,18.45,-69.6,manual_override,0.6,Pug,Female,12.0,1.0.0
c98c510b3866ba9bafe6ce2a0e0e3708,c98c510b3866ba9bafe6ce2a0e0e3708,4b13d14a282114842afd,IDEXX,baseline_historico,2023-07-27,7/27/23,7/27/23,Sin Limpieza/batch_276.pdf,batch_276.pdf,.,15.0,PUENTE VET BOCA SERVICIOS VETERINARIOS,PUENTE VET BOCA SERVICIOS VETERINARIOS,,,18.45,-69.6,manual_override,0.6,Mixed,Female,4.0,1.0.0
d23132044ab3954750ee6727367fd018,d23132044ab3954750ee6727367fd018,221e9ef02c799ff2557c,IDEXX,baseline_historico,2023-07-27,7/27/23,7/27/23,Sin Limpieza/batch_276.pdf,batch_276.pdf,.,17.0,BOCA SERVICIOS VETERINARIOS,BOCA SERVICIOS VETERINARIOS,,,18.45,-69.6,manual_override,0.6,Doberman Pinscher,Male,,1.0.0
4b7b3139367c27a12e3e8f72d1c98b92,4b7b3139367c27a12e3e8f72d1c98b92,ad20f576b3c4b8797827,IDEXX,baseline_historico,2023-07-27,7/27/23,7/27/23,Sin Limpieza/batch_276.pdf,batch_276.pdf,.,19.0,BOCA SERVICIOS VETERINARIOS,BOCA SERVICIOS VETERINARIOS,,,18.45,-69.6,manual_override,0.6,Doberman Pinscher,Male,2.0,1.0.0
09fdac5544fbc6c76533b342afe75db5,09fdac5544fbc6c76533b342afe75db5,fba00830d0465bb37efc,IDEXX,baseline_historico,2023-06-04,6/4/23,6/4/23,Sin Limpieza/batch_277.pdf,batch_277.pdf,.,1.0,BOCA SERVICIOS VETERINARIOS,BOCA SERVICIOS VETERINARIOS,,,18.45,-69.6,manual_override,0.6,"Cocker Spaniel, American",Female,3.0,1.0.0
b8f1af87d80cba480b9f4f692d4bf0a4,b8f1af87d80cba480b9f4f692d4bf0a4,afa88806b9c05947d3da,IDEXX,baseline_historico,2023-06-02,6/2/23,6/2/23,Sin Limpieza/batch_277.pdf,batch_277.pdf,.,3.0,BOCA SERVICIOS VETERINARIOS,BOCA SERVICIOS VETERINARIOS,,,18.45,-69.6,manual_override,0.6,Other,Female,4.0,1.0.0
f85834fbbe7e98a6d63f0f47b5dbcb37,f85834fbbe7e98a6d63f0f47b5dbcb37,c1c1991989422424d5fd,IDEXX,baseline_historico,2023-06-02,6/2/23,6/2/23,Sin Limpieza/batch_277.pdf,batch_277.pdf,.,5.0,BOCA SERVICIOS VETERINARIOS,BOCA SERVICIOS VETERINARIOS,,,18.45,-69.6,manual_override,0.6,Bulldog,Male,,1.0.0
70373bc29da321b6e7b705dbfcaa5dc6,70373bc29da321b6e7b705dbfcaa5dc6,cf2a4592f1d73d1d57c8,IDEXX,baseline_historico,2023-06-01,6/1/23,6/1/23,Sin Limpieza/batch_277.pdf,batch_277.pdf,.,7.0,BOCA SERVICIOS VETERINARIOS,BOCA SERVICIOS VETERINARIOS,,,18.45,-69.6,manual_override,0.6,Shih Tzu,Female,3.0,1.0.0
72b904300ecbd5febaeba9fb319024e4,72b904300ecbd5febaeba9fb319024e4,9de1dbf38cbd905e7939,IDEXX,baseline_historico,2023-05-31,5/31/23,5/31/23,Sin Limpieza/batch_277.pdf,batch_277.pdf,.,9.0,BOCA SERVICIOS VETERINARIOS,BOCA SERVICIOS VETERINARIOS,,,18.45,-69.6,manual_override,0.6,Pomeranian,Male,3.0,1.0.0
f72c114b7138444fbbe76ea437d934ba,f72c114b7138444fbbe76ea437d934ba,afa0771e1bcd4ad97621,IDEXX,baseline_historico,2023-05-31,5/31/23,5/31/23,Sin Limpieza/batch_277.pdf,batch_277.pdf,.,11.0,BOCA SERVICIOS VETERINARIOS,BOCA SERVICIOS VETERINARIOS,,,18.45,-69.6,manual_override,0.6,Doberman Pinscher,Male,7.0,1.0.0
e216f9d29c594fc0c98bb12421e86e85,e216f9d29c594fc0c98bb12421e86e85,e5a19c3504f3cdab5571,IDEXX,baseline_historico,2023-05-31,5/31/23,5/31/23,Sin Limpieza/batch_277.pdf,batch_277.pdf,.,13.0,BOCA SERVICIOS VETERINARIOS,BOCA SERVICIOS VETERINARIOS,,,18.45,-69.6,manual_override,0.6,Rottweiler,Female,4.0,1.0.0
88d27735de6e3b8817d1c9ef61d66ae8,88d27735de6e3b8817d1c9ef61d66ae8,81ff1e312185f0a76151,IDEXX,baseline_historico,2023-05-31,5/31/23,5/31/23,Sin Limpieza/batch_277.pdf,batch_277.pdf,.,15.0,BOCA SERVICIOS VETERINARIOS,BOCA SERVICIOS VETERINARIOS,,,18.45,-69.6,manual_override,0.6,Other,Female,,1.0.0
add724e6475e1533e9ef0c941ce19581,add724e6475e1533e9ef0c941ce19581,91d9a1e7653832ec2051,IDEXX,baseline_historico,2023-05-30,5/30/23,5/30/23,Sin Limpieza/batch_277.pdf,batch_277.pdf,.,17.0,BOCA SERVICIOS VETERINARIOS,BOCA SERVICIOS VETERINARIOS,,,18.45,-69.6,manual_override,0.6,Siberian Husky,Male,3.0,1.0.0
b692f33284128cdd8893ed41c3c47965,b692f33284128cdd8893ed41c3c47965,30c8201b098ee5c7ef91,IDEXX,baseline_historico,2023-05-30,5/30/23,5/30/23,Sin Limpieza/batch_277.pdf,batch_277.pdf,.,19.0,BOCA SERVICIOS VETERINARIOS,BOCA SERVICIOS VETERINARIOS,,,18.45,-69.6,manual_override,0.6,Other,Male,,1.0.0
ec978e5fd21eee5504210eb3c75fb52c,ec978e5fd21eee5504210eb3c75fb52c,4ac2ef06c17bea620635,IDEXX,baseline_historico,2023-03-13,3/13/23,3/13/23,Sin Limpieza/batch_278.pdf,batch_278.pdf,.,1.0,BOCA SERVICIOS VETERINARIOS,BOCA SERVICIOS VETERINARIOS,,,18.45,-69.6,manual_override,0.6,American Staffordshire Terrier,Female,3.0,1.0.0
7e8179b3d34bd1f5dddab38ed5cb8736,7e8179b3d34bd1f5dddab38ed5cb8736,16997a6104a3b0e561aa,IDEXX,baseline_historico,2023-03-11,3/11/23,3/11/23,Sin Limpieza/batch_278.pdf,batch_278.pdf,.,5.0,BOCA SERVICIOS VETERINARIOS,BOCA SERVICIOS VETERINARIOS,,,18.45,-69.6,manual_override,0.6,Other,Male,,1.0.0
446a59e7d96caf9743e332caca0b7b52,446a59e7d96caf9743e332caca0b7b52,4ac2ef06c17bea620635,IDEXX,baseline_historico,2023-03-11,3/11/23,3/11/23,Sin Limpieza/batch_278.pdf,batch_278.pdf,.,7.0,BOCA SERVICIOS VETERINARIOS,BOCA SERVICIOS VETERINARIOS,,,18.45,-69.6,manual_override,0.6,American Staffordshire Terrier,Female,3.0,1.0.0
f2bacb3bfa6517a4406a4c60e6517fc4,f2bacb3bfa6517a4406a4c60e6517fc4,3ed6dae5e055f94393d9,IDEXX,baseline_historico,2023-03-10,3/10/23,3/10/23,Sin Limpieza/batch_278.pdf,batch_278.pdf,.,9.0,BOCA SERVICIOS VETERINARIOS,BOCA SERVICIOS VETERINARIOS,,,18.45,-69.6,manual_override,0.6,Siberian Husky,Female,3.0,1.0.0
49b5d7bbfc3fe7dd806b867b98a2b678,49b5d7bbfc3fe7dd806b867b98a2b678,76a491b29a4e3c97378e,IDEXX,baseline_historico,2023-03-10,3/10/23,3/10/23,Sin Limpieza/batch_278.pdf,batch_278.pdf,.,11.0,BOCA SERVICIOS VETERINARIOS,BOCA SERVICIOS VETERINARIOS,,,18.45,-69.6,manual_override,0.6,Other,Female,,1.0.0
54c754a8d4842268101cdc15037ea66a,54c754a8d4842268101cdc15037ea66a,c5c9c0a089e957920669,IDEXX,baseline_historico,2023-03-10,3/10/23,3/10/23,Sin Limpieza/batch_278.pdf,batch_278.pdf,.,13.0,BOCA SERVICIOS VETERINARIOS,BOCA SERVICIOS VETERINARIOS,,,18.45,-69.6,manual_override,0.6,Siberian Husky,Male,8.0,1.0.0
2069fbd5466c8ab54e91ab4ac86a3d05,2069fbd5466c8ab54e91ab4ac86a3d05,ba1e463d44828557a733,IDEXX,baseline_historico,2023-03-10,3/10/23,3/10/23,Sin Limpieza/batch_278.pdf,batch_278.pdf,.,15.0,BOCA SERVICIOS VETERINARIOS,BOCA SERVICIOS VETERINARIOS,,,18.45,-69.6,manual_override,0.6,Doberman Pinscher,Female,6.0,1.0.0
4e42f0b56ce80ce1d7503b89fcfc68b8,4e42f0b56ce80ce1d7503b89fcfc68b8,43d5f222ea68e59fd3d8,IDEXX,baseline_historico,2023-03-10,3/10/23,3/10/23,Sin Limpieza/batch_278.pdf,batch_278.pdf,.,17.0,BOCA SERVICIOS VETERINARIOS,BOCA SERVICIOS VETERINARIOS,,,18.45,-69.6,manual_override,0.6,Mixed,Male,,1.0.0
d5608846bce9224fcf9c90b88beb5373,d5608846bce9224fcf9c90b88beb5373,3e265e38ca5c3e579505,IDEXX,baseline_historico,2023-03-09,3/9/23,3/9/23,Sin Limpieza/batch_278.pdf,batch_278.pdf,.,19.0,BOCA SERVICIOS VETERINARIOS,BOCA SERVICIOS VETERINARIOS,,,18.45,-69.6,manual_override,0.6,Bulldog,Female,,1.0.0
7128b6aa0860a315294eeb26630dddee,7128b6aa0860a315294eeb26630dddee,b07cc2008110081fd2f0,IDEXX,baseline_historico,2023-03-04,3/4/23,3/4/23,Sin Limpieza/batch_279.pdf,batch_279.pdf,.,3.0,BOCA SERVICIOS VETERINARIOS,BOCA SERVICIOS VETERINARIOS,,,18.45,-69.6,manual_override,0.6,French Bulldog,Male,12.0,1.0.0
ed05d852482963ba6fea5bee5649ca9e,ed05d852482963ba6fea5bee5649ca9e,cc2e8894f06452b53097,IDEXX,baseline_historico,2023-03-03,3/3/23,3/3/23,Sin Limpieza/batch_279.pdf,batch_279.pdf,.,5.0,BOCA SERVICIOS VETERINARIOS,BOCA SERVICIOS VETERINARIOS,,,18.45,-69.6,manual_override,0.6,Chihuahua,Male,,1.0.0
701afd2dc9add8ad7b610a3b90a6e5ff,701afd2dc9add8ad7b610a3b90a6e5ff,7d68a7c7e924aeb94fa4,IDEXX,baseline_historico,2023-03-03,3/3/23,3/3/23,Sin Limpieza/batch_279.pdf,batch_279.pdf,.,7.0,BOCA SERVICIOS VETERINARIOS,BOCA SERVICIOS VETERINARIOS,,,18.45,-69.6,manual_override,0.6,Other,Male,,1.0.0
fae34218dedb98dd5d8fae880a120c92,fae34218dedb98dd5d8fae880a120c92,5c0851cf5db9f1ed89df,IDEXX,baseline_historico,2023-03-03,3/3/23,3/3/23,Sin Limpieza/batch_279.pdf,batch_279.pdf,.,9.0,BOCA SERVICIOS VETERINARIOS,BOCA SERVICIOS VETERINARIOS,,,18.45,-69.6,manual_override,0.6,Other,Female,,1.0.0
c4a17d454597819a1e96a23ded505e4b,c4a17d454597819a1e96a23ded505e4b,4a2b0143eddfbb5751e6,IDEXX,baseline_historico,2023-03-03,3/3/23,3/3/23,Sin Limpieza/batch_279.pdf,batch_279.pdf,.,11.0,BOCA SERVICIOS VETERINARIOS,BOCA SERVICIOS VETERINARIOS,,,18.45,-69.6,manual_override,0.6,Chihuahua,Female,8.0,1.0.0
36db763b7e761fecf12c0aac5ef874c5,36db763b7e761fecf12c0aac5ef874c5,d8bb375541118eb1ee37,IDEXX,baseline_historico,2026-01-20,1/20/26,1/20/26,Sin Limpieza/batch_28.pdf,batch_28.pdf,.,1.0,BOCA SERVICIOS VETERINARIOS,BOCA SERVICIOS VETERINARIOS,,,18.45,-69.6,manual_override,0.6,French Bulldog,Female,0.58,1.0.0
851a6d0c68b484a82b20ade47a8d715e,851a6d0c68b484a82b20ade47a8d715e,409f559fc1792407d78d,IDEXX,baseline_historico,2026-01-20,1/20/26,1/20/26,Sin Limpieza/batch_28.pdf,batch_28.pdf,.,3.0,BOCA SERVICIOS VETERINARIOS,BOCA SERVICIOS VETERINARIOS,,,18.45,-69.6,manual_override,0.6,"Canine, Mixed Breed",Male,,1.0.0
edcadd6e76cb92658c960f15c2e6006e,edcadd6e76cb92658c960f15c2e6006e,b9f69c56153a0e5be783,IDEXX,baseline_historico,2026-01-20,1/20/26,1/20/26,Sin Limpieza/batch_28.pdf,batch_28.pdf,.,5.0,BOCA SERVICIOS VETERINARIOS,BOCA SERVICIOS VETERINARIOS,,,18.45,-69.6,manual_override,0.6,"Canine, Mixed Breed",,4.0,1.0.0
f4b65b7b87165b75fb67c9d1ba876c62,f4b65b7b87165b75fb67c9d1ba876c62,1a2308a6621fc2810e19,IDEXX,baseline_historico,2026-01-20,1/20/26,1/20/26,Sin Limpieza/batch_28.pdf,batch_28.pdf,.,7.0,BOCA SERVICIOS VETERINARIOS,BOCA SERVICIOS VETERINARIOS,,,18.45,-69.6,manual_override,0.6,Doberman Pinscher,Male,4.0,1.0.0
119b924a1926cb99a6fe91ca7a5c8b8d,119b924a1926cb99a6fe91ca7a5c8b8d,53d2838b6dd068cde280,IDEXX,baseline_historico,2023-03-22,3/22/23,3/22/23,Sin Limpieza/batch_280.pdf,batch_280.pdf,.,1.0,BOCA SERVICIOS VETERINARIOS,BOCA SERVICIOS VETERINARIOS,,,18.45,-69.6,manual_override,0.6,Dachshund,Female,,1.0.0
5291c95df5c68708e4b1ae1f6a856e23,5291c95df5c68708e4b1ae1f6a856e23,5f50675804207175b980,IDEXX,baseline_historico,2023-03-21,3/21/23,3/21/23,Sin Limpieza/batch_280.pdf,batch_280.pdf,.,3.0,BOCA SERVICIOS VETERINARIOS,BOCA SERVICIOS VETERINARIOS,,,18.45,-69.6,manual_override,0.6,Chihuahua,Male,9.0,1.0.0
ecf56880338b871be71c1d2b5322aa7a,ecf56880338b871be71c1d2b5322aa7a,16997a6104a3b0e561aa,IDEXX,baseline_historico,2023-03-21,3/21/23,3/21/23,Sin Limpieza/batch_280.pdf,batch_280.pdf,.,5.0,BOCA SERVICIOS VETERINARIOS,BOCA SERVICIOS VETERINARIOS,,,18.45,-69.6,manual_override,0.6,Other,Male,,1.0.0
1dd1ba2cf1639cc1d8d3dce29cdac280,1dd1ba2cf1639cc1d8d3dce29cdac280,71eff30d5c45485304be,IDEXX,baseline_historico,2023-03-21,3/21/23,3/21/23,Sin Limpieza/batch_280.pdf,batch_280.pdf,.,7.0,BOCA SERVICIOS VETERINARIOS,BOCA SERVICIOS VETERINARIOS,,,18.45,-69.6,manual_override,0.6,Mixed,Female,,1.0.0
e4e111c5114bc50e019d6c6de7fc0588,e4e111c5114bc50e019d6c6de7fc0588,fc80e8b3606c7d7acaee,IDEXX,baseline_historico,2023-03-20,3/20/23,3/20/23,Sin Limpieza/batch_280.pdf,batch_280.pdf,.,11.0,BOCA SERVICIOS VETERINARIOS,BOCA SERVICIOS VETERINARIOS,,,18.45,-69.6,manual_override,0.6,Pomeranian,Female,3.0,1.0.0
0f53f28007518d26ac36196a0b5d6539,0f53f28007518d26ac36196a0b5d6539,eb7a3c87594c86f5b79a,IDEXX,baseline_historico,2023-03-13,3/13/23,3/13/23,Sin Limpieza/batch_280.pdf,batch_280.pdf,.,13.0,BOCA SERVICIOS VETERINARIOS,BOCA SERVICIOS VETERINARIOS,,,18.45,-69.6,manual_override,0.6,Mixed,Male,4.0,1.0.0
9b4c51042bf6f903b10876459566a941,9b4c51042bf6f903b10876459566a941,22eebebb6ed93d5e2862,IDEXX,baseline_historico,2023-03-13,3/13/23,3/13/23,Sin Limpieza/batch_280.pdf,batch_280.pdf,.,17.0,BOCA SERVICIOS VETERINARIOS,BOCA SERVICIOS VETERINARIOS,,,18.45,-69.6,manual_override,0.6,Chihuahua,Female,,1.0.0
55b4e4bd6fcbeb72c241670b97249f30,55b4e4bd6fcbeb72c241670b97249f30,906d8b3fe862cd732a46,IDEXX,baseline_historico,2023-07-13,7/13/23,7/13/23,Sin Limpieza/batch_281.pdf,batch_281.pdf,.,1.0,BOCA SERVICIOS VETERINARIOS,BOCA SERVICIOS VETERINARIOS,,,18.45,-69.6,manual_override,0.6,Siberian Husky,Female,,1.0.0
8de96e9f3e260fc4801ae0666e841a8e,8de96e9f3e260fc4801ae0666e841a8e,40e9c7f5d5dcd036d2c7,IDEXX,baseline_historico,2023-07-13,7/13/23,7/13/23,Sin Limpieza/batch_281.pdf,batch_281.pdf,.,3.0,BOCA SERVICIOS VETERINARIOS,BOCA SERVICIOS VETERINARIOS,,,18.45,-69.6,manual_override,0.6,Yorkshire Terrier,Female,,1.0.0
4b329268a7f6ea34e53ad9c74aaa6f8b,4b329268a7f6ea34e53ad9c74aaa6f8b,abe30588f3ab9de95b68,IDEXX,baseline_historico,2023-07-13,7/13/23,7/13/23,Sin Limpieza/batch_281.pdf,batch_281.pdf,.,5.0,BOCA SERVICIOS VETERINARIOS,BOCA SERVICIOS VETERINARIOS,,,18.45,-69.6,manual_override,0.6,Pug,Male,,1.0.0
07aac212ec7cecee3b6cbbf7c1c3f17a,07aac212ec7cecee3b6cbbf7c1c3f17a,f37cf94bee46b93d2fe8,IDEXX,baseline_historico,2023-07-13,7/13/23,7/13/23,Sin Limpieza/batch_281.pdf,batch_281.pdf,.,7.0,BOCA SERVICIOS VETERINARIOS,BOCA SERVICIOS VETERINARIOS,,,18.45,-69.6,manual_override,0.6,Mixed,Female,10.0,1.0.0
7477afa232e0a1977811e2e95d41d5f7,7477afa232e0a1977811e2e95d41d5f7,97b99f59a01e2d7e73cf,IDEXX,baseline_historico,2023-07-12,7/12/23,7/12/23,Sin Limpieza/batch_281.pdf,batch_281.pdf,.,9.0,BOCA SERVICIOS VETERINARIOS,BOCA SERVICIOS VETERINARIOS,,,18.45,-69.6,manual_override,0.6,Chihuahua,Male,5.0,1.0.0
1ac51ef528b9865a413dd5e74e7d96c2,1ac51ef528b9865a413dd5e74e7d96c2,4151e138901327ebf722,IDEXX,baseline_historico,2023-07-12,7/12/23,7/12/23,Sin Limpieza/batch_281.pdf,batch_281.pdf,.,11.0,BOCA SERVICIOS VETERINARIOS,BOCA SERVICIOS VETERINARIOS,,,18.45,-69.6,manual_override,0.6,"Cocker Spaniel, American",Female,3.0,1.0.0
cd54175984a2befc83d700e55d01e85a,cd54175984a2befc83d700e55d01e85a,289673411af08bd8670e,IDEXX,baseline_historico,2023-07-11,7/11/23,7/11/23,Sin Limpieza/batch_281.pdf,batch_281.pdf,.,13.0,BOCA SERVICIOS VETERINARIOS,BOCA SERVICIOS VETERINARIOS,,,18.45,-69.6,manual_override,0.6,Mixed,Male,5.0,1.0.0
2bff65d8cc0736446ed9da6dd882d8d4,2bff65d8cc0736446ed9da6dd882d8d4,9bad3cd8de0b8574009b,IDEXX,baseline_historico,2023-07-11,7/11/23,7/11/23,Sin Limpieza/batch_281.pdf,batch_281.pdf,.,15.0,BOCA SERVICIOS VETERINARIOS,BOCA SERVICIOS VETERINARIOS,,,18.45,-69.6,manual_override,0.6,Rottweiler,Female,12.0,1.0.0
39bb0c4fbffe432511abf7da5bcc1f29,39bb0c4fbffe432511abf7da5bcc1f29,c5ce96f955756480e1a1,IDEXX,baseline_historico,2023-07-10,7/10/23,7/10/23,Sin Limpieza/batch_281.pdf,batch_281.pdf,.,17.0,BOCA SERVICIOS VETERINARIOS,BOCA SERVICIOS VETERINARIOS,,,18.45,-69.6,manual_override,0.6,French Bulldog,Female,10.0,1.0.0
8dc45584a5053ea5fcab33376d47689f,8dc45584a5053ea5fcab33376d47689f,08ae7daf8b9161b32695,IDEXX,baseline_historico,2023-02-03,2/3/23,2/3/23,Sin Limpieza/batch_282.pdf,batch_282.pdf,.,1.0,BOCA SERVICIOS VETERINARIOS,BOCA SERVICIOS VETERINARIOS,,,18.45,-69.6,manual_override,0.6,Mixed,Female,3.0,1.0.0
fe4a5f4d3389dc68fc9a3f2101d25c75,fe4a5f4d3389dc68fc9a3f2101d25c75,c5d0c19129381c3e92aa,IDEXX,baseline_historico,2023-02-03,2/3/23,2/3/23,Sin Limpieza/batch_282.pdf,batch_282.pdf,.,5.0,BOCA SERVICIOS VETERINARIOS,BOCA SERVICIOS VETERINARIOS,,,18.45,-69.6,manual_override,0.6,Chihuahua,Female,13.0,1.0.0
55a6db13b2d17b5f83ceb9444e3ed806,55a6db13b2d17b5f83ceb9444e3ed806,b23f9f4e2859690cb002,IDEXX,baseline_historico,2023-02-02,2/2/23,2/2/23,Sin Limpieza/batch_282.pdf,batch_282.pdf,.,7.0,BOCA SERVICIOS VETERINARIOS,BOCA SERVICIOS VETERINARIOS,,,18.45,-69.6,manual_override,0.6,Affenpinscher,Female,6.0,1.0.0
be90a938d4fbd3a6f06bbdc7d8f3dfd2,be90a938d4fbd3a6f06bbdc7d8f3dfd2,e0a1e85b6c8de65f75ca,IDEXX,baseline_historico,2023-02-02,2/2/23,2/2/23,Sin Limpieza/batch_282.pdf,batch_282.pdf,.,9.0,BOCA SERVICIOS VETERINARIOS,BOCA SERVICIOS VETERINARIOS,,,18.45,-69.6,manual_override,0.6,Pug,Female,,1.0.0
a0f4992ddbbcf2d352cb20a849b3d119,a0f4992ddbbcf2d352cb20a849b3d119,ac3dd2fb09ed70a5886d,IDEXX,baseline_historico,2023-02-02,2/2/23,2/2/23,Sin Limpieza/batch_282.pdf,batch_282.pdf,.,11.0,BOCA SERVICIOS VETERINARIOS,BOCA SERVICIOS VETERINARIOS,,,18.45,-69.6,manual_override,0.6,Beagle,Male,9.0,1.0.0
7e2c47a131784bf7daf99106b53bcebb,7e2c47a131784bf7daf99106b53bcebb,8fbfb89f667cea12828c,IDEXX,baseline_historico,2023-02-01,2/1/23,2/1/23,Sin Limpieza/batch_282.pdf,batch_282.pdf,.,13.0,BOCA SERVICIOS VETERINARIOS,BOCA SERVICIOS VETERINARIOS,,,18.45,-69.6,manual_override,0.6,Mixed,Female,6.0,1.0.0
5ca6043f5cf8d231eb1e83217c9137ac,5ca6043f5cf8d231eb1e83217c9137ac,26d1143e830cf7531c9f,IDEXX,baseline_historico,2023-02-01,2/1/23,2/1/23,Sin Limpieza/batch_282.pdf,batch_282.pdf,.,15.0,BOCA SERVICIOS VETERINARIOS,BOCA SERVICIOS VETERINARIOS,,,18.45,-69.6,manual_override,0.6,Yorkshire Terrier,Female,,1.0.0
4301b9e4f1fee9c72252391f3a1ca89d,4301b9e4f1fee9c72252391f3a1ca89d,8ad1b0bc65d384c1cdae,IDEXX,baseline_historico,2023-02-01,2/1/23,2/1/23,Sin Limpieza/batch_282.pdf,batch_282.pdf,.,17.0,BOCA SERVICIOS VETERINARIOS,BOCA SERVICIOS VETERINARIOS,,,18.45,-69.6,manual_override,0.6,Cavalier King Charles Spaniel,Female,,1.0.0
afd5b071b27a2cd39c7b8065787d8c02,afd5b071b27a2cd39c7b8065787d8c02,490caaf47d2db843e20a,IDEXX,baseline_historico,2022-12-05,12/5/22,12/5/22,Sin Limpieza/batch_283.pdf,batch_283.pdf,.,1.0,BOCA SERVICIOS VETERINARIOS,BOCA SERVICIOS VETERINARIOS,,,18.45,-69.6,manual_override,0.6,Poodle,Female,14.0,1.0.0
e6ab63536f4d9ab2bf3d801a4ccd189f,e6ab63536f4d9ab2bf3d801a4ccd189f,3453495b5c3b551ad643,IDEXX,baseline_historico,2022-12-05,12/5/22,12/5/22,Sin Limpieza/batch_283.pdf,batch_283.pdf,.,3.0,BOCA SERVICIOS VETERINARIOS,BOCA SERVICIOS VETERINARIOS,,,18.45,-69.6,manual_override,0.6,Pomeranian,Male,4.0,1.0.0
18f055b769290b941084e3d096f65a73,18f055b769290b941084e3d096f65a73,213cf0c367c355404d67,IDEXX,baseline_historico,2022-12-04,12/4/22,12/4/22,Sin Limpieza/batch_283.pdf,batch_283.pdf,.,5.0,BOCA SERVICIOS VETERINARIOS,BOCA SERVICIOS VETERINARIOS,,,18.45,-69.6,manual_override,0.6,Yorkshire Terrier,Female,,1.0.0
efb34956476891bdba4ce1ffda23af9e,efb34956476891bdba4ce1ffda23af9e,64a66ac6a992c48157c1,IDEXX,baseline_historico,2022-12-03,12/3/22,12/3/22,Sin Limpieza/batch_283.pdf,batch_283.pdf,.,7.0,BOCA SERVICIOS VETERINARIOS,BOCA SERVICIOS VETERINARIOS,,,18.45,-69.6,manual_override,0.6,Mixed,Female,,1.0.0
7dbd27269ad7db0eac69fe88195c2314,7dbd27269ad7db0eac69fe88195c2314,53d2838b6dd068cde280,IDEXX,baseline_historico,2022-12-03,12/3/22,12/3/22,Sin Limpieza/batch_283.pdf,batch_283.pdf,.,9.0,BOCA SERVICIOS VETERINARIOS,BOCA SERVICIOS VETERINARIOS,,,18.45,-69.6,manual_override,0.6,Dachshund,Female,,1.0.0
8e1e9fce5335c48dfe26bb9725492056,8e1e9fce5335c48dfe26bb9725492056,dd770dafce41600d5327,IDEXX,baseline_historico,2022-12-03,12/3/22,12/3/22,Sin Limpieza/batch_283.pdf,batch_283.pdf,.,11.0,BOCA SERVICIOS VETERINARIOS,BOCA SERVICIOS VETERINARIOS,,,18.45,-69.6,manual_override,0.6,Siberian Husky,Male,7.0,1.0.0
332b55339b0e1d03ad42225c0ad3cb17,332b55339b0e1d03ad42225c0ad3cb17,e3e4ffd2a8f327e80edd,IDEXX,baseline_historico,2022-12-02,12/2/22,12/2/22,Sin Limpieza/batch_283.pdf,batch_283.pdf,.,13.0,BOCA SERVICIOS VETERINARIOS,BOCA SERVICIOS VETERINARIOS,,,18.45,-69.6,manual_override,0.6,German Shepherd,Male,7.0,1.0.0
037227d66e4a5ed27af404f3228f74bd,037227d66e4a5ed27af404f3228f74bd,6d1386c23fd84e0eacf5,IDEXX,baseline_historico,2022-11-24,11/24/22,11/24/22,Sin Limpieza/batch_284.pdf,batch_284.pdf,.,1.0,BOCA SERVICIOS VETERINARIOS,BOCA SERVICIOS VETERINARIOS,,,18.45,-69.6,manual_override,0.6,Pomeranian,Female,,1.0.0
914e1810b82683f5ddb557f8d190f651,914e1810b82683f5ddb557f8d190f651,ea41c49156c96ba250f2,IDEXX,baseline_historico,2022-11-24,11/24/22,11/24/22,Sin Limpieza/batch_284.pdf,batch_284.pdf,.,3.0,BOCA SERVICIOS VETERINARIOS,BOCA SERVICIOS VETERINARIOS,,,18.45,-69.6,manual_override,0.6,Chihuahua,Female,6.0,1.0.0
ac9ce5ed9fd3d124a0283ef2e1f1fd31,ac9ce5ed9fd3d124a0283ef2e1f1fd31,816b8acfba5ab6eb2a21,IDEXX,baseline_historico,2023-01-30,1/30/23,1/30/23,Sin Limpieza/batch_285.pdf,batch_285.pdf,.,1.0,BOCA SERVICIOS VETERINARIOS,BOCA SERVICIOS VETERINARIOS,,,18.45,-69.6,manual_override,0.6,Other,Male,,1.0.0
d86c3d3a494d9366a114e6b12fce333e,d86c3d3a494d9366a114e6b12fce333e,dfb41940306c645e33c9,IDEXX,baseline_historico,2023-01-29,1/29/23,1/29/23,Sin Limpieza/batch_285.pdf,batch_285.pdf,.,3.0,BOCA SERVICIOS VETERINARIOS,BOCA SERVICIOS VETERINARIOS,,,18.45,-69.6,manual_override,0.6,Yorkshire Terrier,Female,,1.0.0
6839bc6dca2a28d7aa97ceb0f383da2d,6839bc6dca2a28d7aa97ceb0f383da2d,3d95b5823e2b6db3179b,IDEXX,baseline_historico,2023-01-28,1/28/23,1/28/23,Sin Limpieza/batch_285.pdf,batch_285.pdf,.,5.0,BOCA SERVICIOS VETERINARIOS,BOCA SERVICIOS VETERINARIOS,,,18.45,-69.6,manual_override,0.6,Mixed,Male,5.0,1.0.0
c93ee898a33282d146a8d6e9058460cd,c93ee898a33282d146a8d6e9058460cd,249e03358c15fad07d02,IDEXX,baseline_historico,2023-01-28,1/28/23,1/28/23,Sin Limpieza/batch_285.pdf,batch_285.pdf,.,7.0,BOCA SERVICIOS VETERINARIOS,BOCA SERVICIOS VETERINARIOS,,,18.45,-69.6,manual_override,0.6,Pomeranian,Female,,1.0.0
c2697699a2cdaff94feea42c56eb22c1,c2697699a2cdaff94feea42c56eb22c1,3b64ecf1aee184c3d8eb,IDEXX,baseline_historico,2023-01-28,1/28/23,1/28/23,Sin Limpieza/batch_285.pdf,batch_285.pdf,.,9.0,BOCA SERVICIOS VETERINARIOS,BOCA SERVICIOS VETERINARIOS,,,18.45,-69.6,manual_override,0.6,Bulldog,Female,8.0,1.0.0
b9cffec6823168bd121cd214444e6193,b9cffec6823168bd121cd214444e6193,cd586b4d1265451d9d72,IDEXX,baseline_historico,2023-01-28,1/28/23,1/28/23,Sin Limpieza/batch_285.pdf,batch_285.pdf,.,11.0,BOCA SERVICIOS VETERINARIOS,BOCA SERVICIOS VETERINARIOS,,,18.45,-69.6,manual_override,0.6,"Cocker Spaniel, American",Female,7.0,1.0.0
f1f7a8f00cd380c708313e187e94145e,f1f7a8f00cd380c708313e187e94145e,602e10aa945fd77a2c47,IDEXX,baseline_historico,2023-01-27,1/27/23,1/27/23,Sin Limpieza/batch_285.pdf,batch_285.pdf,.,13.0,BOCA SERVICIOS VETERINARIOS,BOCA SERVICIOS VETERINARIOS,,,18.45,-69.6,manual_override,0.6,Other,Female,,1.0.0
83fa5cae62acaaad1323f109a7be4d94,83fa5cae62acaaad1323f109a7be4d94,d0fd5a925da3a0763f04,IDEXX,baseline_historico,2023-01-26,1/26/23,1/26/23,Sin Limpieza/batch_285.pdf,batch_285.pdf,.,15.0,BOCA SERVICIOS VETERINARIOS,BOCA SERVICIOS VETERINARIOS,,,18.45,-69.6,manual_override,0.6,Mixed,Male,5.0,1.0.0
c892b12e4c788e67ea97fbc05c3f05de,c892b12e4c788e67ea97fbc05c3f05de,40e9c7f5d5dcd036d2c7,IDEXX,baseline_historico,2023-01-26,1/26/23,1/26/23,Sin Limpieza/batch_285.pdf,batch_285.pdf,.,17.0,BOCA SERVICIOS VETERINARIOS,BOCA SERVICIOS VETERINARIOS,,,18.45,-69.6,manual_override,0.6,Yorkshire Terrier,Female,,1.0.0
30708cd4e77dad776073b737335ac7cd,30708cd4e77dad776073b737335ac7cd,e0a1e85b6c8de65f75ca,IDEXX,baseline_historico,2023-01-26,1/26/23,1/26/23,Sin Limpieza/batch_286.pdf,batch_286.pdf,.,1.0,BOCA SERVICIOS VETERINARIOS,BOCA SERVICIOS VETERINARIOS,,,18.45,-69.6,manual_override,0.6,Pug,Female,,1.0.0
1bec50558ed858d183c5c8b6854f6136,1bec50558ed858d183c5c8b6854f6136,8f14ab0cc37caa21a950,IDEXX,baseline_historico,2023-01-25,1/25/23,1/25/23,Sin Limpieza/batch_286.pdf,batch_286.pdf,.,3.0,BOCA SERVICIOS VETERINARIOS,BOCA SERVICIOS VETERINARIOS,,,18.45,-69.6,manual_override,0.6,Mixed,Male,6.0,1.0.0
2616572e2b55d85d38d9fce82348726b,2616572e2b55d85d38d9fce82348726b,7eb10e67007d042ca60a,IDEXX,baseline_historico,2023-01-25,1/25/23,1/25/23,Sin Limpieza/batch_286.pdf,batch_286.pdf,.,5.0,BOCA SERVICIOS VETERINARIOS,BOCA SERVICIOS VETERINARIOS,,,18.45,-69.6,manual_override,0.6,Other,Female,,1.0.0
2286742d32006a54383f7e52c841964b,2286742d32006a54383f7e52c841964b,3b64ecf1aee184c3d8eb,IDEXX,baseline_historico,2023-01-21,1/21/23,1/21/23,Sin Limpieza/batch_286.pdf,batch_286.pdf,.,7.0,BOCA SERVICIOS VETERINARIOS,BOCA SERVICIOS VETERINARIOS,,,18.45,-69.6,manual_override,0.6,Bulldog,Female,8.0,1.0.0
a59848891d822d47eac6df095e36a9b5,a59848891d822d47eac6df095e36a9b5,58217bde7339935a51c8,IDEXX,baseline_historico,2023-01-20,1/20/23,1/20/23,Sin Limpieza/batch_286.pdf,batch_286.pdf,.,9.0,BOCA SERVICIOS VETERINARIOS,BOCA SERVICIOS VETERINARIOS,,,18.45,-69.6,manual_override,0.6,French Bulldog,Male,,1.0.0
1b425350f4195e3c9c0d0cdaa8cf72ba,1b425350f4195e3c9c0d0cdaa8cf72ba,62ef9e4ee9e15634f49d,IDEXX,baseline_historico,2023-01-20,1/20/23,1/20/23,Sin Limpieza/batch_286.pdf,batch_286.pdf,.,11.0,BOCA SERVICIOS VETERINARIOS,BOCA SERVICIOS VETERINARIOS,,,18.45,-69.6,manual_override,0.6,Golden Retriever,Female,,1.0.0
5cac2588e63262da54d89b87b7af64fc,5cac2588e63262da54d89b87b7af64fc,5af446dbd9bfb3d3dc63,IDEXX,baseline_historico,2023-01-20,1/20/23,1/20/23,Sin Limpieza/batch_286.pdf,batch_286.pdf,.,13.0,BOCA SERVICIOS VETERINARIOS,BOCA SERVICIOS VETERINARIOS,,,18.45,-69.6,manual_override,0.6,Dachshund,Male,8.0,1.0.0
2da76d949934c8f6b688a59a6feab1b9,2da76d949934c8f6b688a59a6feab1b9,12afde5f3fd67a26c8d9,IDEXX,baseline_historico,2023-01-20,1/20/23,1/20/23,Sin Limpieza/batch_286.pdf,batch_286.pdf,.,15.0,BOCA SERVICIOS VETERINARIOS,BOCA SERVICIOS VETERINARIOS,,,18.45,-69.6,manual_override,0.6,"Schnauzer, Standard",Male,,1.0.0
4216f07ddbb61dded2ceb1442f12369a,4216f07ddbb61dded2ceb1442f12369a,a9d69a0bb6667b5a7404,IDEXX,baseline_historico,2023-01-20,1/20/23,1/20/23,Sin Limpieza/batch_286.pdf,batch_286.pdf,.,17.0,BOCA SERVICIOS VETERINARIOS,BOCA SERVICIOS VETERINARIOS,,,18.45,-69.6,manual_override,0.6,Mixed,Female,9.0,1.0.0
640a4f6f28eb3444b10f11a29d1926a2,640a4f6f28eb3444b10f11a29d1926a2,8a2358673c072669294d,IDEXX,baseline_historico,2023-01-20,1/20/23,1/20/23,Sin Limpieza/batch_286.pdf,batch_286.pdf,.,19.0,BOCA SERVICIOS VETERINARIOS,BOCA SERVICIOS VETERINARIOS,,,18.45,-69.6,manual_override,0.6,Mixed,Male,,1.0.0
7b14a7329c34b9f4ac697143c9aa7f46,7b14a7329c34b9f4ac697143c9aa7f46,f6d1419a1ad5834c5822,IDEXX,baseline_historico,2022-12-14,12/14/22,12/14/22,Sin Limpieza/batch_287.pdf,batch_287.pdf,.,1.0,BOCA SERVICIOS VETERINARIOS,BOCA SERVICIOS VETERINARIOS,,,18.45,-69.6,manual_override,0.6,Siberian Husky,Male,,1.0.0
9cda5e5390cf0976566b0e62abc4992f,9cda5e5390cf0976566b0e62abc4992f,114ee21e069af526d37b,IDEXX,baseline_historico,2022-12-14,12/14/22,12/14/22,Sin Limpieza/batch_287.pdf,batch_287.pdf,.,3.0,BOCA SERVICIOS VETERINARIOS,BOCA SERVICIOS VETERINARIOS,,,18.45,-69.6,manual_override,0.6,Poodle,Female,13.0,1.0.0
a0a0136ac88d4261ceadb84b2857d784,a0a0136ac88d4261ceadb84b2857d784,f410d6ccb56399c53618,IDEXX,baseline_historico,2022-12-14,12/14/22,12/14/22,Sin Limpieza/batch_287.pdf,batch_287.pdf,.,5.0,BOCA SERVICIOS VETERINARIOS,BOCA SERVICIOS VETERINARIOS,,,18.45,-69.6,manual_override,0.6,Bulldog,Female,,1.0.0
a73875a58685a475b03c12b71ee9bbab,a73875a58685a475b03c12b71ee9bbab,409f559fc1792407d78d,IDEXX,baseline_historico,2022-12-13,12/13/22,12/13/22,Sin Limpieza/batch_287.pdf,batch_287.pdf,.,7.0,BOCA SERVICIOS VETERINARIOS,BOCA SERVICIOS VETERINARIOS,,,18.45,-69.6,manual_override,0.6,Mixed,Male,,1.0.0
657a00cddec6b979f6fe0d57663c04a0,657a00cddec6b979f6fe0d57663c04a0,114ee21e069af526d37b,IDEXX,baseline_historico,2022-12-13,12/13/22,12/13/22,Sin Limpieza/batch_287.pdf,batch_287.pdf,.,9.0,BOCA SERVICIOS VETERINARIOS,BOCA SERVICIOS VETERINARIOS,,,18.45,-69.6,manual_override,0.6,Poodle,Female,13.0,1.0.0
1fbf7839292868a46a079a22b4657aed,1fbf7839292868a46a079a22b4657aed,193b7a4371b5ce1270ca,IDEXX,baseline_historico,2022-12-12,12/12/22,12/12/22,Sin Limpieza/batch_287.pdf,batch_287.pdf,.,11.0,BOCA SERVICIOS VETERINARIOS,BOCA SERVICIOS VETERINARIOS,,,18.45,-69.6,manual_override,0.6,Chow Chow,Female,,1.0.0
b5f2f025c3e9e71eb138ec7d00edf5e1,b5f2f025c3e9e71eb138ec7d00edf5e1,6ed015ac943763666791,IDEXX,baseline_historico,2022-12-12,12/12/22,12/12/22,Sin Limpieza/batch_287.pdf,batch_287.pdf,.,13.0,BOCA SERVICIOS VETERINARIOS,BOCA SERVICIOS VETERINARIOS,,,18.45,-69.6,manual_override,0.6,Chihuahua,Female,3.0,1.0.0
0bf20f42fa0e443f35e7781f6b6f0abf,0bf20f42fa0e443f35e7781f6b6f0abf,73fcd1b379b06ada3b7c,IDEXX,baseline_historico,2022-12-10,12/10/22,12/10/22,Sin Limpieza/batch_287.pdf,batch_287.pdf,.,15.0,BOCA SERVICIOS VETERINARIOS,BOCA SERVICIOS VETERINARIOS,,,18.45,-69.6,manual_override,0.6,Other,Male,5.0,1.0.0
c153f1801f600fa94d105c019dd7d99c,c153f1801f600fa94d105c019dd7d99c,cafa09d04853a8ff8dc9,IDEXX,baseline_historico,2022-12-10,12/10/22,12/10/22,Sin Limpieza/batch_287.pdf,batch_287.pdf,.,17.0,BOCA SERVICIOS VETERINARIOS,BOCA SERVICIOS VETERINARIOS,,,18.45,-69.6,manual_override,0.6,Yorkshire Terrier,Female,,1.0.0
0e145b41c2514ac57cbc176d8213e694,0e145b41c2514ac57cbc176d8213e694,c60c85bbcca95d8a420f,IDEXX,baseline_historico,2022-12-05,12/5/22,12/5/22,Sin Limpieza/batch_287.pdf,batch_287.pdf,.,19.0,BOCA SERVICIOS VETERINARIOS,BOCA SERVICIOS VETERINARIOS,,,18.45,-69.6,manual_override,0.6,Mixed,Female,6.0,1.0.0
d53d6e51a04874fe79c4ca55d0798f60,d53d6e51a04874fe79c4ca55d0798f60,d7908003561e960c54da,IDEXX,baseline_historico,2022-12-21,12/21/22,12/21/22,Sin Limpieza/batch_288.pdf,batch_288.pdf,.,1.0,BOCA SERVICIOS VETERINARIOS,BOCA SERVICIOS VETERINARIOS,,,18.45,-69.6,manual_override,0.6,Other,Female,9.0,1.0.0
30a019e20d8275fd714939f8bdcd46b4,30a019e20d8275fd714939f8bdcd46b4,8660978621a5636157d3,IDEXX,baseline_historico,2022-12-21,12/21/22,12/21/22,Sin Limpieza/batch_288.pdf,batch_288.pdf,.,5.0,BOCA SERVICIOS VETERINARIOS,BOCA SERVICIOS VETERINARIOS,,,18.45,-69.6,manual_override,0.6,Doberman Pinscher,Male,3.0,1.0.0
2d63e02929e58ec2d9551505f3cf6c5d,2d63e02929e58ec2d9551505f3cf6c5d,0913b10043aa602de71e,IDEXX,baseline_historico,2022-12-20,12/20/22,12/20/22,Sin Limpieza/batch_288.pdf,batch_288.pdf,.,7.0,BOCA SERVICIOS VETERINARIOS,BOCA SERVICIOS VETERINARIOS,,,18.45,-69.6,manual_override,0.6,German Shepherd,Male,,1.0.0
2723c38f6c000be53e3fbc9d971757dd,2723c38f6c000be53e3fbc9d971757dd,f6d1419a1ad5834c5822,IDEXX,baseline_historico,2022-12-19,12/19/22,12/19/22,Sin Limpieza/batch_288.pdf,batch_288.pdf,.,11.0,BOCA SERVICIOS VETERINARIOS,BOCA SERVICIOS VETERINARIOS,,,18.45,-69.6,manual_override,0.6,Siberian Husky,Male,,1.0.0
726b00b5d9e41b99ec5c65df321b6fd1,726b00b5d9e41b99ec5c65df321b6fd1,49ae79898ebbb9bff6ec,IDEXX,baseline_historico,2022-12-19,12/19/22,12/19/22,Sin Limpieza/batch_288.pdf,batch_288.pdf,.,13.0,BOCA SERVICIOS VETERINARIOS,BOCA SERVICIOS VETERINARIOS,,,18.45,-69.6,manual_override,0.6,Pug,Female,,1.0.0
b189fdbdd12d9f4dfe02a299cbabca64,b189fdbdd12d9f4dfe02a299cbabca64,780900a39c071236b054,IDEXX,baseline_historico,2022-12-19,12/19/22,12/19/22,Sin Limpieza/batch_288.pdf,batch_288.pdf,.,17.0,BOCA SERVICIOS VETERINARIOS,BOCA SERVICIOS VETERINARIOS,,,18.45,-69.6,manual_override,0.6,Golden Retriever,Female,,1.0.0
2f0a3d000bef872139352faa8efc9e7e,2f0a3d000bef872139352faa8efc9e7e,26662485999baf418406,IDEXX,baseline_historico,2022-12-18,12/18/22,12/18/22,Sin Limpieza/batch_288.pdf,batch_288.pdf,.,19.0,BOCA SERVICIOS VETERINARIOS,BOCA SERVICIOS VETERINARIOS,,,18.45,-69.6,manual_override,0.6,Mixed,Male,3.0,1.0.0
afae234f141713e4bb2b332070d449f9,afae234f141713e4bb2b332070d449f9,eff6b2a85cc881af3e6a,IDEXX,baseline_historico,2022-12-17,12/17/22,12/17/22,Sin Limpieza/batch_289.pdf,batch_289.pdf,.,1.0,BOCA SERVICIOS VETERINARIOS,BOCA SERVICIOS VETERINARIOS,,,18.45,-69.6,manual_override,0.6,Mixed,Male,3.0,1.0.0
9a4d5f1e4c8df7ccd44ca86b11f714f5,9a4d5f1e4c8df7ccd44ca86b11f714f5,27006f50959f2c8d4a80,IDEXX,baseline_historico,2022-12-17,12/17/22,12/17/22,Sin Limpieza/batch_289.pdf,batch_289.pdf,.,3.0,BOCA SERVICIOS VETERINARIOS,BOCA SERVICIOS VETERINARIOS,,,18.45,-69.6,manual_override,0.6,Rottweiler,Male,,1.0.0
d28e1caa2fdc684c9f8c41d37316151d,d28e1caa2fdc684c9f8c41d37316151d,41ebe77e2b660bc99127,IDEXX,baseline_historico,2022-12-17,12/17/22,12/17/22,Sin Limpieza/batch_289.pdf,batch_289.pdf,.,5.0,BOCA SERVICIOS VETERINARIOS,BOCA SERVICIOS VETERINARIOS,,,18.45,-69.6,manual_override,0.6,Chihuahua,Female,,1.0.0
b28df928bf495998c6d8676a1198ba4e,b28df928bf495998c6d8676a1198ba4e,23aadc5e2cfdda1747a2,IDEXX,baseline_historico,2022-12-15,12/15/22,12/15/22,Sin Limpieza/batch_289.pdf,batch_289.pdf,.,7.0,BOCA SERVICIOS VETERINARIOS,BOCA SERVICIOS VETERINARIOS,,,18.45,-69.6,manual_override,0.6,Chihuahua,Male,6.0,1.0.0
aa53ee3466403c8be33791790be34788,aa53ee3466403c8be33791790be34788,3c013d96cd403028d044,IDEXX,baseline_historico,2022-12-15,12/15/22,12/15/22,Sin Limpieza/batch_289.pdf,batch_289.pdf,.,9.0,BOCA SERVICIOS VETERINARIOS,BOCA SERVICIOS VETERINARIOS,,,18.45,-69.6,manual_override,0.6,Other,Female,,1.0.0
34493c8639432cabb348f60d671017cf,34493c8639432cabb348f60d671017cf,ba0408fcc4fc79502ba4,IDEXX,baseline_historico,2022-12-15,12/15/22,12/15/22,Sin Limpieza/batch_289.pdf,batch_289.pdf,.,11.0,BOCA SERVICIOS VETERINARIOS,BOCA SERVICIOS VETERINARIOS,,,18.45,-69.6,manual_override,0.6,Collie,Female,,1.0.0
40f986d7d0f145ed84c71a37b81c89f2,40f986d7d0f145ed84c71a37b81c89f2,dcda4403d862335e37ac,IDEXX,baseline_historico,2022-12-15,12/15/22,12/15/22,Sin Limpieza/batch_289.pdf,batch_289.pdf,.,13.0,BOCA SERVICIOS VETERINARIOS,BOCA SERVICIOS VETERINARIOS,,,18.45,-69.6,manual_override,0.6,Collie,Female,,1.0.0
9fbc66f2d35d84f5f028fee3b9100e11,9fbc66f2d35d84f5f028fee3b9100e11,c24c9a9a58f7ce7e530a,IDEXX,baseline_historico,2022-12-15,12/15/22,12/15/22,Sin Limpieza/batch_289.pdf,batch_289.pdf,.,15.0,BOCA SERVICIOS VETERINARIOS,BOCA SERVICIOS VETERINARIOS,,,18.45,-69.6,manual_override,0.6,Chow Chow,Female,,1.0.0
ea6a9545ff6969f88c9249c11a4cb49a,ea6a9545ff6969f88c9249c11a4cb49a,41ebe77e2b660bc99127,IDEXX,baseline_historico,2022-12-14,12/14/22,12/14/22,Sin Limpieza/batch_289.pdf,batch_289.pdf,.,17.0,BOCA SERVICIOS VETERINARIOS,BOCA SERVICIOS VETERINARIOS,,,18.45,-69.6,manual_override,0.6,Chihuahua,Female,,1.0.0
872a254ac4ebd2aefaee084d238d2a7b,872a254ac4ebd2aefaee084d238d2a7b,4b73e74c9087ef7375de,IDEXX,baseline_historico,2022-12-14,12/14/22,12/14/22,Sin Limpieza/batch_289.pdf,batch_289.pdf,.,19.0,BOCA SERVICIOS VETERINARIOS,BOCA SERVICIOS VETERINARIOS,,,18.45,-69.6,manual_override,0.6,Mixed,Male,11.0,1.0.0
c1a23ecc52aec81e9a0395e7329cd261,c1a23ecc52aec81e9a0395e7329cd261,03d1926578d262fa2643,IDEXX,baseline_historico,2026-01-31,1/31/26,1/31/26,Sin Limpieza/batch_29.pdf,batch_29.pdf,.,1.0,BOCA SERVICIOS VETERINARIOS,BOCA SERVICIOS VETERINARIOS,,,18.45,-69.6,manual_override,0.6,Yorkshire Terrier,,9.0,1.0.0
f7107cf626f691dd3613b868502793b7,f7107cf626f691dd3613b868502793b7,3965e4c10c10156f67a8,IDEXX,baseline_historico,2026-01-30,1/30/26,1/30/26,Sin Limpieza/batch_29.pdf,batch_29.pdf,.,3.0,BOCA SERVICIOS VETERINARIOS,BOCA SERVICIOS VETERINARIOS,,,18.45,-69.6,manual_override,0.6,"Canine, Mixed Breed",Female,7.0,1.0.0
50634bb6b5d1d25d8b0c40b776e4f0b1,50634bb6b5d1d25d8b0c40b776e4f0b1,52d755dd58ab034a1982,IDEXX,baseline_historico,2026-01-30,1/30/26,1/30/26,Sin Limpieza/batch_29.pdf,batch_29.pdf,.,5.0,BOCA SERVICIOS VETERINARIOS,BOCA SERVICIOS VETERINARIOS,,,18.45,-69.6,manual_override,0.6,Pomeranian,Female,11.0,1.0.0
06a3f2f3cb8f73be59d8ebf6d7b6116b,06a3f2f3cb8f73be59d8ebf6d7b6116b,99b45d33c5af117a37e2,IDEXX,baseline_historico,2026-01-30,1/30/26,1/30/26,Sin Limpieza/batch_29.pdf,batch_29.pdf,.,7.0,BOCA SERVICIOS VETERINARIOS,BOCA SERVICIOS VETERINARIOS,,,18.45,-69.6,manual_override,0.6,Chihuahua,Male,16.0,1.0.0
e48a2033284cf12f8944e4a40e002af4,e48a2033284cf12f8944e4a40e002af4,868b1fea51ddd809b549,IDEXX,baseline_historico,2026-01-29,1/29/26,1/29/26,Sin Limpieza/batch_29.pdf,batch_29.pdf,.,9.0,BOCA SERVICIOS VETERINARIOS,BOCA SERVICIOS VETERINARIOS,,,18.45,-69.6,manual_override,0.6,"Canine, Mixed Breed",Female,1.0,1.0.0
8a9851360d3c676691c6a898dc920076,8a9851360d3c676691c6a898dc920076,3965e4c10c10156f67a8,IDEXX,baseline_historico,2026-01-29,1/29/26,1/29/26,Sin Limpieza/batch_29.pdf,batch_29.pdf,.,11.0,BOCA SERVICIOS VETERINARIOS,BOCA SERVICIOS VETERINARIOS,,,18.45,-69.6,manual_override,0.6,"Canine, Mixed Breed",Female,7.0,1.0.0
617105c0825660cfe283fde86ab581c8,617105c0825660cfe283fde86ab581c8,c34b6cb2261786de5aa1,IDEXX,baseline_historico,2026-01-29,1/29/26,1/29/26,Sin Limpieza/batch_29.pdf,batch_29.pdf,.,13.0,BOCA SERVICIOS VETERINARIOS,BOCA SERVICIOS VETERINARIOS,,,18.45,-69.6,manual_override,0.6,Pug,Male,5.0,1.0.0
c818c7673af57cbf11da3c763b1bf2f8,c818c7673af57cbf11da3c763b1bf2f8,0baf4966d86989fd017f,IDEXX,baseline_historico,2026-01-29,1/29/26,1/29/26,Sin Limpieza/batch_29.pdf,batch_29.pdf,.,15.0,BOCA SERVICIOS VETERINARIOS,BOCA SERVICIOS VETERINARIOS,,,18.45,-69.6,manual_override,0.6,Bulldog,Female,9.0,1.0.0
b8cc70d95b0c739ac14da3b5bd1c9bbe,b8cc70d95b0c739ac14da3b5bd1c9bbe,b20ef19240c9a2584373,IDEXX,baseline_historico,2026-01-29,1/29/26,1/29/26,Sin Limpieza/batch_29.pdf,batch_29.pdf,.,17.0,BOCA SERVICIOS VETERINARIOS,BOCA SERVICIOS VETERINARIOS,,,18.45,-69.6,manual_override,0.6,"Canine, Mixed Breed",Male,,1.0.0
38664644c60e9c687cadfcb3ad4956fc,38664644c60e9c687cadfcb3ad4956fc,c83fc699a3ae805f12cf,IDEXX,baseline_historico,2026-01-29,1/29/26,1/29/26,Sin Limpieza/batch_29.pdf,batch_29.pdf,.,19.0,BOCA SERVICIOS VETERINARIOS,BOCA SERVICIOS VETERINARIOS,,,18.45,-69.6,manual_override,0.6,Rottweiler,Female,9.0,1.0.0
2146b2fe622471695a22ddfbf50e472f,2146b2fe622471695a22ddfbf50e472f,456f02087020ec350188,IDEXX,baseline_historico,2022-12-30,12/30/22,12/30/22,Sin Limpieza/batch_290.pdf,batch_290.pdf,.,3.0,BOCA SERVICIOS VETERINARIOS,BOCA SERVICIOS VETERINARIOS,,,18.45,-69.6,manual_override,0.6,Golden Retriever,Female,,1.0.0
373b2d53aa14ac410bbf0f39071e77b1,373b2d53aa14ac410bbf0f39071e77b1,d8a519a5b0f1a58a69b8,IDEXX,baseline_historico,2022-12-26,12/26/22,12/26/22,Sin Limpieza/batch_290.pdf,batch_290.pdf,.,9.0,BOCA SERVICIOS VETERINARIOS,BOCA SERVICIOS VETERINARIOS,,,18.45,-69.6,manual_override,0.6,Boston Terrier,Female,,1.0.0
c231f929974a63fd5edef3611b3e3180,c231f929974a63fd5edef3611b3e3180,d13b90c49e238b62af70,IDEXX,baseline_historico,2022-12-26,12/26/22,12/26/22,Sin Limpieza/batch_290.pdf,batch_290.pdf,.,11.0,BOCA SERVICIOS VETERINARIOS,BOCA SERVICIOS VETERINARIOS,,,18.45,-69.6,manual_override,0.6,Siberian Husky,Male,,1.0.0
b2fa59f614577cdd4a494a7717278b8c,b2fa59f614577cdd4a494a7717278b8c,6fa1752fd121d8b121b8,IDEXX,baseline_historico,2022-12-26,12/26/22,12/26/22,Sin Limpieza/batch_290.pdf,batch_290.pdf,.,13.0,BOCA SERVICIOS VETERINARIOS,BOCA SERVICIOS VETERINARIOS,,,18.45,-69.6,manual_override,0.6,Shih Tzu,Male,,1.0.0
acff7f1cf53c90ba64311e257df5bf0e,acff7f1cf53c90ba64311e257df5bf0e,60b8f3643b9ba3a1fd45,IDEXX,baseline_historico,2022-12-23,12/23/22,12/23/22,Sin Limpieza/batch_290.pdf,batch_290.pdf,.,15.0,BOCA SERVICIOS VETERINARIOS,BOCA SERVICIOS VETERINARIOS,,,18.45,-69.6,manual_override,0.6,Siberian Husky,Female,,1.0.0
20385b09d536d67829718c54460f74dc,20385b09d536d67829718c54460f74dc,26d1143e830cf7531c9f,IDEXX,baseline_historico,2022-12-22,12/22/22,12/22/22,Sin Limpieza/batch_290.pdf,batch_290.pdf,.,17.0,BOCA SERVICIOS VETERINARIOS,BOCA SERVICIOS VETERINARIOS,,,18.45,-69.6,manual_override,0.6,Yorkshire Terrier,Female,,1.0.0
3758468f948682299a94976ccd931803,3758468f948682299a94976ccd931803,018afac517ae8f24b75a,IDEXX,baseline_historico,2022-12-22,12/22/22,12/22/22,Sin Limpieza/batch_290.pdf,batch_290.pdf,.,19.0,BOCA SERVICIOS VETERINARIOS,BOCA SERVICIOS VETERINARIOS,,,18.45,-69.6,manual_override,0.6,Rottweiler,Male,10.0,1.0.0
262ed6da35c596cad4b7b2425fdb6b4c,262ed6da35c596cad4b7b2425fdb6b4c,27926d9239e65b4a2054,IDEXX,baseline_historico,2023-01-13,1/13/23,1/13/23,Sin Limpieza/batch_291.pdf,batch_291.pdf,.,1.0,BOCA SERVICIOS VETERINARIOS,BOCA SERVICIOS VETERINARIOS,,,18.45,-69.6,manual_override,0.6,Wirehaired Fox Terrier,Male,12.0,1.0.0
c518ded8b2e9036ea1f55ada383267df,c518ded8b2e9036ea1f55ada383267df,249e03358c15fad07d02,IDEXX,baseline_historico,2023-01-12,1/12/23,1/12/23,Sin Limpieza/batch_291.pdf,batch_291.pdf,.,3.0,BOCA SERVICIOS VETERINARIOS,BOCA SERVICIOS VETERINARIOS,,,18.45,-69.6,manual_override,0.6,Pomeranian,Female,,1.0.0
f102042ae10b09b79d71629020abbe10,f102042ae10b09b79d71629020abbe10,d0fd5a925da3a0763f04,IDEXX,baseline_historico,2023-01-11,1/11/23,1/11/23,Sin Limpieza/batch_291.pdf,batch_291.pdf,.,5.0,BOCA SERVICIOS VETERINARIOS,BOCA SERVICIOS VETERINARIOS,,,18.45,-69.6,manual_override,0.6,Mixed,Male,5.0,1.0.0
20f656d17e822297d11b217bcdadb0ee,20f656d17e822297d11b217bcdadb0ee,6b3c001a779703b01f38,IDEXX,baseline_historico,2023-01-11,1/11/23,1/11/23,Sin Limpieza/batch_291.pdf,batch_291.pdf,.,7.0,BOCA SERVICIOS VETERINARIOS,BOCA SERVICIOS VETERINARIOS,,,18.45,-69.6,manual_override,0.6,French Bulldog,Male,,1.0.0
5b02e4d38bb999cebfd1b8b626199435,5b02e4d38bb999cebfd1b8b626199435,7ba9eb4509d6ad65c8e7,IDEXX,baseline_historico,2023-01-11,1/11/23,1/11/23,Sin Limpieza/batch_291.pdf,batch_291.pdf,.,9.0,BOCA SERVICIOS VETERINARIOS,BOCA SERVICIOS VETERINARIOS,,,18.45,-69.6,manual_override,0.6,Other,Male,,1.0.0
c744bf38bdb2f13627c35ebcb4aeafec,c744bf38bdb2f13627c35ebcb4aeafec,4b73e74c9087ef7375de,IDEXX,baseline_historico,2023-01-11,1/11/23,1/11/23,Sin Limpieza/batch_291.pdf,batch_291.pdf,.,11.0,BOCA SERVICIOS VETERINARIOS,BOCA SERVICIOS VETERINARIOS,,,18.45,-69.6,manual_override,0.6,Mixed,Male,11.0,1.0.0
76ea5c4ed87bfb40a2ec83423cfd503f,76ea5c4ed87bfb40a2ec83423cfd503f,eff6b2a85cc881af3e6a,IDEXX,baseline_historico,2023-01-11,1/11/23,1/11/23,Sin Limpieza/batch_291.pdf,batch_291.pdf,.,13.0,BOCA SERVICIOS VETERINARIOS,BOCA SERVICIOS VETERINARIOS,,,18.45,-69.6,manual_override,0.6,Mixed,Male,3.0,1.0.0
c30f1d9a163de4b5162f4e23405d764e,c30f1d9a163de4b5162f4e23405d764e,efe7faef6871728a345d,IDEXX,baseline_historico,2023-01-10,1/10/23,1/10/23,Sin Limpieza/batch_291.pdf,batch_291.pdf,.,15.0,BOCA SERVICIOS VETERINARIOS,BOCA SERVICIOS VETERINARIOS,,,18.45,-69.6,manual_override,0.6,Bulldog,Female,,1.0.0
b9a94f81950667c0747332f7cce1263d,b9a94f81950667c0747332f7cce1263d,3da70e0255f333062b5b,IDEXX,baseline_historico,2023-01-10,1/10/23,1/10/23,Sin Limpieza/batch_291.pdf,batch_291.pdf,.,17.0,BOCA SERVICIOS VETERINARIOS,BOCA SERVICIOS VETERINARIOS,,,18.45,-69.6,manual_override,0.6,Wirehaired Fox Terrier,Male,,1.0.0
df913f5613265e09b34b81ef55702d5e,df913f5613265e09b34b81ef55702d5e,f4f943debe93eb45ca48,IDEXX,baseline_historico,2023-01-10,1/10/23,1/10/23,Sin Limpieza/batch_291.pdf,batch_291.pdf,.,19.0,BOCA SERVICIOS VETERINARIOS,BOCA SERVICIOS VETERINARIOS,,,18.45,-69.6,manual_override,0.6,Poodle,Female,7.0,1.0.0
695b1dbb451c8acaecfd32789cda3954,695b1dbb451c8acaecfd32789cda3954,cbfce5ba7851d2075bbe,IDEXX,baseline_historico,2023-01-20,1/20/23,1/20/23,Sin Limpieza/batch_292.pdf,batch_292.pdf,.,1.0,BOCA SERVICIOS VETERINARIOS,BOCA SERVICIOS VETERINARIOS,,,18.45,-69.6,manual_override,0.6,German Shepherd,Male,,1.0.0
1a9b0d067d190c5d31be125fa75bd98a,1a9b0d067d190c5d31be125fa75bd98a,3b64ecf1aee184c3d8eb,IDEXX,baseline_historico,2023-01-20,1/20/23,1/20/23,Sin Limpieza/batch_292.pdf,batch_292.pdf,.,3.0,BOCA SERVICIOS VETERINARIOS,BOCA SERVICIOS VETERINARIOS,,,18.45,-69.6,manual_override,0.6,Bulldog,Female,8.0,1.0.0
3871a7e05bc9990a808745fca634b030,3871a7e05bc9990a808745fca634b030,c91cee04b7446fa9d643,IDEXX,baseline_historico,2023-01-19,1/19/23,1/19/23,Sin Limpieza/batch_292.pdf,batch_292.pdf,.,5.0,BOCA SERVICIOS VETERINARIOS,BOCA SERVICIOS VETERINARIOS,,,18.45,-69.6,manual_override,0.6,Chihuahua,Female,,1.0.0
2c9f75142013e46c3b157550ab572737,2c9f75142013e46c3b157550ab572737,3a9a19f96b5cd5a3815b,IDEXX,baseline_historico,2023-01-19,1/19/23,1/19/23,Sin Limpieza/batch_292.pdf,batch_292.pdf,.,7.0,BOCA SERVICIOS VETERINARIOS,BOCA SERVICIOS VETERINARIOS,,,18.45,-69.6,manual_override,0.6,American Staffordshire Terrier,Male,,1.0.0
4d2ffb954bb9b50becf5a8702b83ccfa,4d2ffb954bb9b50becf5a8702b83ccfa,c5c9c0a089e957920669,IDEXX,baseline_historico,2023-01-19,1/19/23,1/19/23,Sin Limpieza/batch_292.pdf,batch_292.pdf,.,9.0,BOCA SERVICIOS VETERINARIOS,BOCA SERVICIOS VETERINARIOS,,,18.45,-69.6,manual_override,0.6,Siberian Husky,Male,8.0,1.0.0
48dbc62f9f445c8f443f32ca2de1b5c0,48dbc62f9f445c8f443f32ca2de1b5c0,460938bf7fcadf843d8c,IDEXX,baseline_historico,2023-01-18,1/18/23,1/18/23,Sin Limpieza/batch_292.pdf,batch_292.pdf,.,11.0,BOCA SERVICIOS VETERINARIOS,BOCA SERVICIOS VETERINARIOS,,,18.45,-69.6,manual_override,0.6,Mixed,Female,,1.0.0
7a8cd3e693c444277c3bac4216bed4a8,7a8cd3e693c444277c3bac4216bed4a8,27ee3c4fecde78b2c100,IDEXX,baseline_historico,2023-01-18,1/18/23,1/18/23,Sin Limpieza/batch_292.pdf,batch_292.pdf,.,13.0,BOCA SERVICIOS VETERINARIOS,BOCA SERVICIOS VETERINARIOS,,,18.45,-69.6,manual_override,0.6,Mixed,Female,,1.0.0
85778e8fb5c2db921040773f62d7ec50,85778e8fb5c2db921040773f62d7ec50,12afde5f3fd67a26c8d9,IDEXX,baseline_historico,2023-01-18,1/18/23,1/18/23,Sin Limpieza/batch_292.pdf,batch_292.pdf,.,15.0,BOCA SERVICIOS VETERINARIOS,BOCA SERVICIOS VETERINARIOS,,,18.45,-69.6,manual_override,0.6,"Schnauzer, Standard",Male,,1.0.0
8175fd801953ac7f1676ad95d98f902f,8175fd801953ac7f1676ad95d98f902f,e61d02ed1403ae7473f5,IDEXX,baseline_historico,2023-01-18,1/18/23,1/18/23,Sin Limpieza/batch_292.pdf,batch_292.pdf,.,17.0,BOCA SERVICIOS VETERINARIOS,BOCA SERVICIOS VETERINARIOS,,,18.45,-69.6,manual_override,0.6,Mixed,Male,,1.0.0
377a8cabd5b4bc43fea3fec33df0bc30,377a8cabd5b4bc43fea3fec33df0bc30,62ef9e4ee9e15634f49d,IDEXX,baseline_historico,2023-01-17,1/17/23,1/17/23,Sin Limpieza/batch_292.pdf,batch_292.pdf,.,19.0,BOCA SERVICIOS VETERINARIOS,BOCA SERVICIOS VETERINARIOS,,,18.45,-69.6,manual_override,0.6,Golden Retriever,Female,,1.0.0
ca715b45ff4244f46aa098830533c35a,ca715b45ff4244f46aa098830533c35a,4b3fd405df09e2939d9e,IDEXX,baseline_historico,2022-11-30,11/30/22,11/30/22,Sin Limpieza/batch_293.pdf,batch_293.pdf,.,1.0,BOCA SERVICIOS VETERINARIOS,BOCA SERVICIOS VETERINARIOS,,,18.45,-69.6,manual_override,0.6,American Staffordshire Terrier,Male,4.0,1.0.0
51643a8d1465b37908731fb02263b098,51643a8d1465b37908731fb02263b098,bf5e67104f7aca7b3ca4,IDEXX,baseline_historico,2022-11-29,11/29/22,11/29/22,Sin Limpieza/batch_294.pdf,batch_294.pdf,.,1.0,BOCA SERVICIOS VETERINARIOS,BOCA SERVICIOS VETERINARIOS,,,18.45,-69.6,manual_override,0.6,Other,Female,,1.0.0
6fdd8bdbda2355c9cec22912019c7749,6fdd8bdbda2355c9cec22912019c7749,3a629503006e774e6c17,IDEXX,baseline_historico,2022-11-28,11/28/22,11/28/22,Sin Limpieza/batch_294.pdf,batch_294.pdf,.,3.0,BOCA SERVICIOS VETERINARIOS,BOCA SERVICIOS VETERINARIOS,,,18.45,-69.6,manual_override,0.6,American Staffordshire Terrier,Female,7.0,1.0.0
5cc29a9715330ebc127a9a50798e4909,5cc29a9715330ebc127a9a50798e4909,c957f574ddee54b10836,IDEXX,baseline_historico,2022-11-28,11/28/22,11/28/22,Sin Limpieza/batch_294.pdf,batch_294.pdf,.,5.0,BOCA SERVICIOS VETERINARIOS,BOCA SERVICIOS VETERINARIOS,,,18.45,-69.6,manual_override,0.6,Maltese,Female,6.0,1.0.0
bbf510c008c25c6ab8e5dde529d84125,bbf510c008c25c6ab8e5dde529d84125,3e8a37cbbf927ceb8e96,IDEXX,baseline_historico,2022-11-27,11/27/22,11/27/22,Sin Limpieza/batch_294.pdf,batch_294.pdf,.,7.0,BOCA SERVICIOS VETERINARIOS,BOCA SERVICIOS VETERINARIOS,,,18.45,-69.6,manual_override,0.6,Pomeranian,Male,4.0,1.0.0
eb466a709e8baf5f53b97ee6446683f4,eb466a709e8baf5f53b97ee6446683f4,9f6645032a53e3458573,IDEXX,baseline_historico,2022-11-27,11/27/22,11/27/22,Sin Limpieza/batch_294.pdf,batch_294.pdf,.,9.0,BOCA SERVICIOS VETERINARIOS,BOCA SERVICIOS VETERINARIOS,,,18.45,-69.6,manual_override,0.6,Chihuahua,Female,,1.0.0
d6df75940515069f6ba767c2e1ba94b6,d6df75940515069f6ba767c2e1ba94b6,5fcb7659f3a709fefc75,IDEXX,baseline_historico,2022-11-26,11/26/22,11/26/22,Sin Limpieza/batch_294.pdf,batch_294.pdf,.,11.0,BOCA SERVICIOS VETERINARIOS,BOCA SERVICIOS VETERINARIOS,,,18.45,-69.6,manual_override,0.6,Shih Tzu,Male,,1.0.0
8b2705746711b1c97c539219ea0cca21,8b2705746711b1c97c539219ea0cca21,fd58aa87ae5b3e33cb86,IDEXX,baseline_historico,2022-11-26,11/26/22,11/26/22,Sin Limpieza/batch_294.pdf,batch_294.pdf,.,13.0,BOCA SERVICIOS VETERINARIOS,BOCA SERVICIOS VETERINARIOS,,,18.45,-69.6,manual_override,0.6,Bulldog,Male,6.0,1.0.0
c3c5ba985225690a3813f55ce1b30b6a,c3c5ba985225690a3813f55ce1b30b6a,ea41c49156c96ba250f2,IDEXX,baseline_historico,2022-11-26,11/26/22,11/26/22,Sin Limpieza/batch_294.pdf,batch_294.pdf,.,15.0,BOCA SERVICIOS VETERINARIOS,BOCA SERVICIOS VETERINARIOS,,,18.45,-69.6,manual_override,0.6,Chihuahua,Female,6.0,1.0.0
be1460324cbeb90ce94ad5439c90340b,be1460324cbeb90ce94ad5439c90340b,182605ec3c39ecf82fc0,IDEXX,baseline_historico,2022-11-25,11/25/22,11/25/22,Sin Limpieza/batch_294.pdf,batch_294.pdf,.,17.0,BOCA SERVICIOS VETERINARIOS,BOCA SERVICIOS VETERINARIOS,,,18.45,-69.6,manual_override,0.6,Boxer,Female,,1.0.0
0f3b5857907bfca84ffb218a3d615b4b,0f3b5857907bfca84ffb218a3d615b4b,8e7b0fa578767371be8c,IDEXX,baseline_historico,2022-11-24,11/24/22,11/24/22,Sin Limpieza/batch_294.pdf,batch_294.pdf,.,19.0,BOCA SERVICIOS VETERINARIOS,BOCA SERVICIOS VETERINARIOS,,,18.45,-69.6,manual_override,0.6,Mixed,Female,13.0,1.0.0
46903e875f69af8c38fcc826a1fb9db0,46903e875f69af8c38fcc826a1fb9db0,288ef0c06efcd0544cf5,IDEXX,baseline_historico,2023-01-17,1/17/23,1/17/23,Sin Limpieza/batch_295.pdf,batch_295.pdf,.,1.0,BOCA SERVICIOS VETERINARIOS,BOCA SERVICIOS VETERINARIOS,,,18.45,-69.6,manual_override,0.6,Doberman Pinscher,Male,3.0,1.0.0
d2fec63bae1971be8e34ab2cf41e65f0,d2fec63bae1971be8e34ab2cf41e65f0,5a365ebf2cf686860272,IDEXX,baseline_historico,2023-01-14,1/14/23,1/14/23,Sin Limpieza/batch_295.pdf,batch_295.pdf,.,3.0,BOCA SERVICIOS VETERINARIOS,BOCA SERVICIOS VETERINARIOS,,,18.45,-69.6,manual_override,0.6,Chihuahua,Female,,1.0.0
45447720698d317300c84f60007bff95,45447720698d317300c84f60007bff95,0ba56ad2f37de33a1189,IDEXX,baseline_historico,2023-01-14,1/14/23,1/14/23,Sin Limpieza/batch_295.pdf,batch_295.pdf,.,5.0,BOCA SERVICIOS VETERINARIOS,BOCA SERVICIOS VETERINARIOS,,,18.45,-69.6,manual_override,0.6,Bulldog,Male,6.0,1.0.0
0811bd5145abbdd690fc76b4441563a2,0811bd5145abbdd690fc76b4441563a2,985462264f79d09029c1,IDEXX,baseline_historico,2023-01-14,1/14/23,1/14/23,Sin Limpieza/batch_295.pdf,batch_295.pdf,.,7.0,BOCA SERVICIOS VETERINARIOS,BOCA SERVICIOS VETERINARIOS,,,18.45,-69.6,manual_override,0.6,Pomeranian,Male,6.0,1.0.0
9a883e7eb3090e40663e4b8c7b0450fc,9a883e7eb3090e40663e4b8c7b0450fc,69514d45ed58db82a4be,IDEXX,baseline_historico,2023-01-14,1/14/23,1/14/23,Sin Limpieza/batch_295.pdf,batch_295.pdf,.,9.0,BOCA SERVICIOS VETERINARIOS,BOCA SERVICIOS VETERINARIOS,,,18.45,-69.6,manual_override,0.6,Doberman Pinscher,Male,3.0,1.0.0
9cdabad6d680cfeb135f4d72f8a46ee9,9cdabad6d680cfeb135f4d72f8a46ee9,63fc755e64c90c4cfc4c,IDEXX,baseline_historico,2023-01-14,1/14/23,1/14/23,Sin Limpieza/batch_295.pdf,batch_295.pdf,.,11.0,BOCA SERVICIOS VETERINARIOS,BOCA SERVICIOS VETERINARIOS,,,18.45,-69.6,manual_override,0.6,Siberian Husky,Male,,1.0.0
8ff7465f3a463732c7718b4d0b1cdfbe,8ff7465f3a463732c7718b4d0b1cdfbe,de0a2dd1f6d8191e1ef3,IDEXX,baseline_historico,2023-01-14,1/14/23,1/14/23,Sin Limpieza/batch_295.pdf,batch_295.pdf,.,13.0,BOCA SERVICIOS VETERINARIOS,BOCA SERVICIOS VETERINARIOS,,,18.45,-69.6,manual_override,0.6,Siberian Husky,Male,,1.0.0
7fd0eabe418ca1bb7cb4ab0e07d5ffa5,7fd0eabe418ca1bb7cb4ab0e07d5ffa5,63ebd371fe012d5a62f3,IDEXX,baseline_historico,2023-01-14,1/14/23,1/14/23,Sin Limpieza/batch_295.pdf,batch_295.pdf,.,15.0,BOCA SERVICIOS VETERINARIOS,BOCA SERVICIOS VETERINARIOS,,,18.45,-69.6,manual_override,0.6,Chihuahua,Male,,1.0.0
4ebdb57feea22c4a494643511adaffa7,4ebdb57feea22c4a494643511adaffa7,e61d02ed1403ae7473f5,IDEXX,baseline_historico,2023-01-14,1/14/23,1/14/23,Sin Limpieza/batch_295.pdf,batch_295.pdf,.,17.0,BOCA SERVICIOS VETERINARIOS,BOCA SERVICIOS VETERINARIOS,,,18.45,-69.6,manual_override,0.6,Mixed,Male,,1.0.0
f5546cb62ccd17c64a0aadd365472cab,f5546cb62ccd17c64a0aadd365472cab,e586a027e09f42aae1b2,IDEXX,baseline_historico,2023-01-13,1/13/23,1/13/23,Sin Limpieza/batch_295.pdf,batch_295.pdf,.,19.0,BOCA SERVICIOS VETERINARIOS,BOCA SERVICIOS VETERINARIOS,,,18.45,-69.6,manual_override,0.6,Mixed,Male,5.0,1.0.0
8baef813d072a40867431186f13ba2f3,8baef813d072a40867431186f13ba2f3,49ae79898ebbb9bff6ec,IDEXX,baseline_historico,2023-01-10,1/10/23,1/10/23,Sin Limpieza/batch_296.pdf,batch_296.pdf,.,1.0,BOCA SERVICIOS VETERINARIOS,BOCA SERVICIOS VETERINARIOS,,,18.45,-69.6,manual_override,0.6,Pug,Female,,1.0.0
bd614947cd04dda72b06fcc327f0c4a3,bd614947cd04dda72b06fcc327f0c4a3,73fcd1b379b06ada3b7c,IDEXX,baseline_historico,2023-01-07,1/7/23,1/7/23,Sin Limpieza/batch_296.pdf,batch_296.pdf,.,3.0,BOCA SERVICIOS VETERINARIOS,BOCA SERVICIOS VETERINARIOS,,,18.45,-69.6,manual_override,0.6,Other,Male,5.0,1.0.0
ac15f045e5e3f9d1253e003a0202abb7,ac15f045e5e3f9d1253e003a0202abb7,a794e625f7f5d5231222,IDEXX,baseline_historico,2023-01-06,1/6/23,1/6/23,Sin Limpieza/batch_296.pdf,batch_296.pdf,.,5.0,BOCA SERVICIOS VETERINARIOS,BOCA SERVICIOS VETERINARIOS,,,18.45,-69.6,manual_override,0.6,Siberian Husky,Male,,1.0.0
2ba220b9a536314d4c6bc61353794905,2ba220b9a536314d4c6bc61353794905,62ef9e4ee9e15634f49d,IDEXX,baseline_historico,2023-01-06,1/6/23,1/6/23,Sin Limpieza/batch_296.pdf,batch_296.pdf,.,7.0,BOCA SERVICIOS VETERINARIOS,BOCA SERVICIOS VETERINARIOS,,,18.45,-69.6,manual_override,0.6,Golden Retriever,Female,,1.0.0
bd7c29a081cd71e542341cebad477299,bd7c29a081cd71e542341cebad477299,64cc7accca99bd53be7b,IDEXX,baseline_historico,2023-01-05,1/5/23,1/5/23,Sin Limpieza/batch_296.pdf,batch_296.pdf,.,13.0,BOCA SERVICIOS VETERINARIOS,BOCA SERVICIOS VETERINARIOS,,,18.45,-69.6,manual_override,0.6,Cavalier King Charles Spaniel,Male,,1.0.0
d2b6d4031910063fd4a7967cabcf6f03,d2b6d4031910063fd4a7967cabcf6f03,e6547789f127967d943a,IDEXX,baseline_historico,2023-01-05,1/5/23,1/5/23,Sin Limpieza/batch_296.pdf,batch_296.pdf,.,15.0,BOCA SERVICIOS VETERINARIOS,BOCA SERVICIOS VETERINARIOS,,,18.45,-69.6,manual_override,0.6,Mixed,Female,13.0,1.0.0
c7a74896d9798de702ece9c238d759b8,c7a74896d9798de702ece9c238d759b8,acabdf76f3f2787f82e0,IDEXX,baseline_historico,2023-01-04,1/4/23,1/4/23,Sin Limpieza/batch_296.pdf,batch_296.pdf,.,17.0,BOCA SERVICIOS VETERINARIOS,BOCA SERVICIOS VETERINARIOS,,,18.45,-69.6,manual_override,0.6,Pomeranian,Female,,1.0.0
6322b18035d3943ec5e3365ee768c740,6322b18035d3943ec5e3365ee768c740,0804c19f066cb6241326,IDEXX,baseline_historico,2023-01-04,1/4/23,1/4/23,Sin Limpieza/batch_298.pdf,batch_298.pdf,.,1.0,BOCA SERVICIOS VETERINARIOS,BOCA SERVICIOS VETERINARIOS,,,18.45,-69.6,manual_override,0.6,Mixed,Female,,1.0.0
9a0750c552dbcd004219b51f02f853fe,9a0750c552dbcd004219b51f02f853fe,59e831ce9d9d60be7908,IDEXX,baseline_historico,2023-01-03,1/3/23,1/3/23,Sin Limpieza/batch_298.pdf,batch_298.pdf,.,3.0,BOCA SERVICIOS VETERINARIOS,BOCA SERVICIOS VETERINARIOS,,,18.45,-69.6,manual_override,0.6,Mixed,Male,7.0,1.0.0
aee48d76220faa8beb1c648368f64a05,aee48d76220faa8beb1c648368f64a05,cfb7d95edd824ac5d561,IDEXX,baseline_historico,2026-02-19,2/19/26,2/19/26,Sin Limpieza/batch_3.pdf,batch_3.pdf,.,1.0,BOCA SERVICIOS VETERINARIOS,BOCA SERVICIOS VETERINARIOS,,,18.45,-69.6,manual_override,0.6,"Canine, Other",Male,0.25,1.0.0
5f04c474afe694a95d96f6a915b3a7b2,5f04c474afe694a95d96f6a915b3a7b2,0f9f1a71de9357c6134e,IDEXX,baseline_historico,2026-02-19,2/19/26,2/19/26,Sin Limpieza/batch_3.pdf,batch_3.pdf,.,3.0,BOCA SERVICIOS VETERINARIOS,BOCA SERVICIOS VETERINARIOS,,,18.45,-69.6,manual_override,0.6,"Canine, Mixed Breed",Female,0.92,1.0.0
d8b12760c643e4f1e19cf246759b5fc7,d8b12760c643e4f1e19cf246759b5fc7,cac147a28af58716b8ea,IDEXX,baseline_historico,2026-02-19,2/19/26,2/19/26,Sin Limpieza/batch_3.pdf,batch_3.pdf,.,5.0,BOCA SERVICIOS VETERINARIOS,BOCA SERVICIOS VETERINARIOS,,,18.45,-69.6,manual_override,0.6,Miniature Pinscher,Female,2.0,1.0.0
a517c1123d3f6bbbe430e3e4e2d4fdf9,a517c1123d3f6bbbe430e3e4e2d4fdf9,45db6af9c68768b4c6c4,IDEXX,baseline_historico,2026-02-17,2/17/26,2/17/26,Sin Limpieza/batch_3.pdf,batch_3.pdf,.,11.0,BOCA SERVICIOS VETERINARIOS,BOCA SERVICIOS VETERINARIOS,,,18.45,-69.6,manual_override,0.6,Belgian Malinois,Female,,1.0.0
367f418e995de8b3b2678999c2f3a1d8,367f418e995de8b3b2678999c2f3a1d8,bc5320c76ec53d1a1767,IDEXX,baseline_historico,2026-02-17,2/17/26,2/17/26,Sin Limpieza/batch_3.pdf,batch_3.pdf,.,13.0,BOCA SERVICIOS VETERINARIOS,BOCA SERVICIOS VETERINARIOS,,,18.45,-69.6,manual_override,0.6,"Canine, Mixed Breed",Female,1.0,1.0.0
871099a6839ba41a45d69c135ca091de,871099a6839ba41a45d69c135ca091de,f8ce72e4338a19063ae5,IDEXX,baseline_historico,2026-02-16,2/16/26,2/16/26,Sin Limpieza/batch_3.pdf,batch_3.pdf,.,15.0,BOCA SERVICIOS VETERINARIOS,BOCA SERVICIOS VETERINARIOS,,,18.45,-69.6,manual_override,0.6,Chihuahua,Female,15.0,1.0.0
33185bb0e05d6374ddc62a0b75d92067,33185bb0e05d6374ddc62a0b75d92067,e3d3c39a1ce718033a1b,IDEXX,baseline_historico,2026-02-16,2/16/26,2/16/26,Sin Limpieza/batch_3.pdf,batch_3.pdf,.,17.0,BOCA SERVICIOS VETERINARIOS,BOCA SERVICIOS VETERINARIOS,,,18.45,-69.6,manual_override,0.6,"Canine, Mixed Breed",Male,9.0,1.0.0
06a9de10f1671cf4d9a770333a1e2d54,06a9de10f1671cf4d9a770333a1e2d54,8b8ffae7965d77f2c124,IDEXX,baseline_historico,2026-01-27,1/27/26,1/27/26,Sin Limpieza/batch_30.pdf,batch_30.pdf,.,3.0,BOCA SERVICIOS VETERINARIOS,BOCA SERVICIOS VETERINARIOS,,,18.45,-69.6,manual_override,0.6,"Canine, Other DATE OF RESULT: 1/27/26",Female,2.0,1.0.0
d44615b5a67b09aec627225168853b34,d44615b5a67b09aec627225168853b34,b70a826e725b99efc767,IDEXX,baseline_historico,2026-01-27,1/27/26,1/27/26,Sin Limpieza/batch_30.pdf,batch_30.pdf,.,5.0,BOCA SERVICIOS VETERINARIOS,BOCA SERVICIOS VETERINARIOS,,,18.45,-69.6,manual_override,0.6,Yorkshire Terrier,Male,7.0,1.0.0
ea30cafcb26b047f021059f28210a71e,ea30cafcb26b047f021059f28210a71e,28c8b57ced588a730066,IDEXX,baseline_historico,2026-01-27,1/27/26,1/27/26,Sin Limpieza/batch_30.pdf,batch_30.pdf,.,9.0,BOCA SERVICIOS VETERINARIOS,BOCA SERVICIOS VETERINARIOS,,,18.45,-69.6,manual_override,0.6,Chow Chow,Male,13.0,1.0.0
b29280eab5d5fb57a89fc18141b53e91,b29280eab5d5fb57a89fc18141b53e91,1da60902a3b0bdd98a4d,IDEXX,baseline_historico,2026-01-26,1/26/26,1/26/26,Sin Limpieza/batch_30.pdf,batch_30.pdf,.,11.0,BOCA SERVICIOS VETERINARIOS,BOCA SERVICIOS VETERINARIOS,,,18.45,-69.6,manual_override,0.6,"Canine, Mixed Breed",Male,3.0,1.0.0
f03587a48e859a8df99a905185ab1e9a,f03587a48e859a8df99a905185ab1e9a,4f0b5c778a54422a54aa,IDEXX,baseline_historico,2026-01-25,1/25/26,1/25/26,Sin Limpieza/batch_30.pdf,batch_30.pdf,.,13.0,BOCA SERVICIOS VETERINARIOS,BOCA SERVICIOS VETERINARIOS,,,18.45,-69.6,manual_override,0.6,Yorkshire Terrier,Female,4.0,1.0.0
28210f8000afdfca48e3a941a65363f0,28210f8000afdfca48e3a941a65363f0,d889b89d67c79c2a0ef2,IDEXX,baseline_historico,2026-01-24,1/24/26,1/24/26,Sin Limpieza/batch_30.pdf,batch_30.pdf,.,15.0,BOCA SERVICIOS VETERINARIOS,BOCA SERVICIOS VETERINARIOS,,,18.45,-69.6,manual_override,0.6,Chihuahua,Male,17.0,1.0.0
5ce89b113c3dcee2cc98044e6743d4f2,5ce89b113c3dcee2cc98044e6743d4f2,88522a4808e7d4aa145b,IDEXX,baseline_historico,2026-01-24,1/24/26,1/24/26,Sin Limpieza/batch_30.pdf,batch_30.pdf,.,17.0,BOCA SERVICIOS VETERINARIOS,BOCA SERVICIOS VETERINARIOS,,,18.45,-69.6,manual_override,0.6,Yorkshire Terrier,Female,3.0,1.0.0
6aa5785c77ee5dae885343e983b73c74,6aa5785c77ee5dae885343e983b73c74,fb5e399ee57e373102a2,IDEXX,baseline_historico,2026-01-24,1/24/26,1/24/26,Sin Limpieza/batch_30.pdf,batch_30.pdf,.,19.0,BOCA SERVICIOS VETERINARIOS,BOCA SERVICIOS VETERINARIOS,,,18.45,-69.6,manual_override,0.6,Bulldog,Female,0.75,1.0.0
83c4dd4619315dc2b5f4fa9949dccc6d,83c4dd4619315dc2b5f4fa9949dccc6d,c964741e82c9d61ad6c9,IDEXX,baseline_historico,2026-01-19,1/19/26,1/19/26,Sin Limpieza/batch_31.pdf,batch_31.pdf,.,1.0,BOCA SERVICIOS VETERINARIOS,BOCA SERVICIOS VETERINARIOS,,,18.45,-69.6,manual_override,0.6,Mixed,Male,7.0,1.0.0
c28d203a02786c04120f73419ca1a0dc,c28d203a02786c04120f73419ca1a0dc,137c1e9300f5c896eace,IDEXX,baseline_historico,2026-01-10,1/10/26,1/10/26,Sin Limpieza/batch_31.pdf,batch_31.pdf,.,3.0,BOCA SERVICIOS VETERINARIOS,BOCA SERVICIOS VETERINARIOS,,,18.45,-69.6,manual_override,0.6,Doberman Pinscher,Male,3.0,1.0.0
c043557911f5361c3cf803ae7be729b2,c043557911f5361c3cf803ae7be729b2,f3bf568cf6e2675b4071,IDEXX,baseline_historico,2026-01-09,1/9/26,1/9/26,Sin Limpieza/batch_31.pdf,batch_31.pdf,.,5.0,BOCA SERVICIOS VETERINARIOS,BOCA SERVICIOS VETERINARIOS,,,18.45,-69.6,manual_override,0.6,"Canine, Mixed Breed",Male,0.92,1.0.0
693447a02acbda88cc33ae338e1c16fe,693447a02acbda88cc33ae338e1c16fe,0e9f2137446a12f3fc5a,IDEXX,baseline_historico,2026-01-09,1/9/26,1/9/26,Sin Limpieza/batch_31.pdf,batch_31.pdf,.,7.0,BOCA SERVICIOS VETERINARIOS,BOCA SERVICIOS VETERINARIOS,,,18.45,-69.6,manual_override,0.6,German Shepherd,Female,1.0,1.0.0
d76c577b155373501e489e962b6a376e,d76c577b155373501e489e962b6a376e,4c191484f98430fbde70,IDEXX,baseline_historico,2026-01-09,1/9/26,1/9/26,Sin Limpieza/batch_31.pdf,batch_31.pdf,.,11.0,BOCA SERVICIOS VETERINARIOS,BOCA SERVICIOS VETERINARIOS,,,18.45,-69.6,manual_override,0.6,Golden Retriever,Male,6.0,1.0.0
53be949a53145e0e2d43641b36a0e59a,53be949a53145e0e2d43641b36a0e59a,2ba5e50af0426ef5ed74,IDEXX,baseline_historico,2026-01-08,1/8/26,1/8/26,Sin Limpieza/batch_31.pdf,batch_31.pdf,.,13.0,BOCA SERVICIOS VETERINARIOS,BOCA SERVICIOS VETERINARIOS,,,18.45,-69.6,manual_override,0.6,German Shepherd,Female,6.0,1.0.0
10d2124022a1f453a04a426816198cd6,10d2124022a1f453a04a426816198cd6,a61ba34421b0b911a077,IDEXX,baseline_historico,2026-01-08,1/8/26,1/8/26,Sin Limpieza/batch_31.pdf,batch_31.pdf,.,15.0,BOCA SERVICIOS VETERINARIOS,BOCA SERVICIOS VETERINARIOS,,,18.45,-69.6,manual_override,0.6,Doberman Pinscher,Female,5.0,1.0.0
fd29b436aa548ec1280c1e8732119582,fd29b436aa548ec1280c1e8732119582,be014600211d4007b7f8,IDEXX,baseline_historico,2026-01-08,1/8/26,1/8/26,Sin Limpieza/batch_31.pdf,batch_31.pdf,.,17.0,BOCA SERVICIOS VETERINARIOS,BOCA SERVICIOS VETERINARIOS,,,18.45,-69.6,manual_override,0.6,Shih Tzu,Female,1.0,1.0.0
e733a918fb84f1f601dae66952785c9f,e733a918fb84f1f601dae66952785c9f,9560cd8e61f44ba604f6,IDEXX,baseline_historico,2026-01-08,1/8/26,1/8/26,Sin Limpieza/batch_31.pdf,batch_31.pdf,.,19.0,BOCA SERVICIOS VETERINARIOS,BOCA SERVICIOS VETERINARIOS,,,18.45,-69.6,manual_override,0.6,Doberman Pinscher,Female,10.0,1.0.0
d1a09d17398aa12eea88e05d7e76a9e8,d1a09d17398aa12eea88e05d7e76a9e8,61d71b743f155050bcf1,IDEXX,baseline_historico,2026-01-13,1/13/26,1/13/26,Sin Limpieza/batch_32.pdf,batch_32.pdf,.,5.0,BOCA SERVICIOS VETERINARIOS,BOCA SERVICIOS VETERINARIOS,,,18.45,-69.6,manual_override,0.6,"santo domingo, do 0000 DATE OF RECEIPT: 1/13/26",,,1.0.0
4470553b6946ea24ef82880ed11c8dfd,4470553b6946ea24ef82880ed11c8dfd,eeb801f7b64695893cde,IDEXX,baseline_historico,2026-01-13,1/13/26,1/13/26,Sin Limpieza/batch_32.pdf,batch_32.pdf,.,7.0,BOCA SERVICIOS VETERINARIOS,BOCA SERVICIOS VETERINARIOS,,,18.45,-69.6,manual_override,0.6,"Canine, Mixed Breed",Female,,1.0.0
86b1d1dfb6e4c55fc4e4e1c763b38b61,86b1d1dfb6e4c55fc4e4e1c763b38b61,ba19b60ef68f90a2b56d,IDEXX,baseline_historico,2026-01-13,1/13/26,1/13/26,Sin Limpieza/batch_32.pdf,batch_32.pdf,.,11.0,BOCA SERVICIOS VETERINARIOS,BOCA SERVICIOS VETERINARIOS,,,18.45,-69.6,manual_override,0.6,Yorkshire Terrier,Female,,1.0.0
1a3ef9558c7c948c9246f90d733853e8,1a3ef9558c7c948c9246f90d733853e8,abcad55579cb4173788a,IDEXX,baseline_historico,2026-01-13,1/13/26,1/13/26,Sin Limpieza/batch_32.pdf,batch_32.pdf,.,13.0,BOCA SERVICIOS VETERINARIOS,BOCA SERVICIOS VETERINARIOS,,,18.45,-69.6,manual_override,0.6,Dachshund,Female,7.0,1.0.0
1076a99f399beee66a13ddb8d6e93744,1076a99f399beee66a13ddb8d6e93744,e23eb0db5502e7184027,IDEXX,baseline_historico,2026-01-13,1/13/26,1/13/26,Sin Limpieza/batch_32.pdf,batch_32.pdf,.,17.0,BOCA SERVICIOS VETERINARIOS,BOCA SERVICIOS VETERINARIOS,,,18.45,-69.6,manual_override,0.6,Pug,Male,,1.0.0
b9488129c8ef796b84a342ddf1c92a06,b9488129c8ef796b84a342ddf1c92a06,7fc0d848ae4daf388ae6,IDEXX,baseline_historico,2026-01-12,1/12/26,1/12/26,Sin Limpieza/batch_32.pdf,batch_32.pdf,.,19.0,BOCA SERVICIOS VETERINARIOS,BOCA SERVICIOS VETERINARIOS,,,18.45,-69.6,manual_override,0.6,"Canine, Other",Female,,1.0.0
a2ee78f33bf623c16a6781dd7c6b6c62,a2ee78f33bf623c16a6781dd7c6b6c62,af2e365ae8b8aaa5d11f,IDEXX,baseline_historico,2026-01-07,1/7/26,1/7/26,Sin Limpieza/batch_33.pdf,batch_33.pdf,.,1.0,BOCA SERVICIOS VETERINARIOS,BOCA SERVICIOS VETERINARIOS,,,18.45,-69.6,manual_override,0.6,German Shepherd,Male,4.0,1.0.0
a878579130cd823afe29a529c1b5d306,a878579130cd823afe29a529c1b5d306,9b5effe440aa02a8b51c,IDEXX,baseline_historico,2026-01-07,1/7/26,1/7/26,Sin Limpieza/batch_33.pdf,batch_33.pdf,.,3.0,BOCA SERVICIOS VETERINARIOS,BOCA SERVICIOS VETERINARIOS,,,18.45,-69.6,manual_override,0.6,Boxer,Female,,1.0.0
78b381fe7e1974929b355c83dd26ccf6,78b381fe7e1974929b355c83dd26ccf6,f58eb974fa42afb7be62,IDEXX,baseline_historico,2026-01-07,1/7/26,1/7/26,Sin Limpieza/batch_33.pdf,batch_33.pdf,.,5.0,BOCA SERVICIOS VETERINARIOS,BOCA SERVICIOS VETERINARIOS,,,18.45,-69.6,manual_override,0.6,French Bulldog,Male,10.0,1.0.0
c59765f61745fc88abbab33d3cc4ea8f,c59765f61745fc88abbab33d3cc4ea8f,2184c29efbe09b8c3028,IDEXX,baseline_historico,2026-01-07,1/7/26,1/7/26,Sin Limpieza/batch_33.pdf,batch_33.pdf,.,7.0,BOCA SERVICIOS VETERINARIOS,BOCA SERVICIOS VETERINARIOS,,,18.45,-69.6,manual_override,0.6,Labrador Retriever,Female,11.0,1.0.0
0fc00efaec163d424b86fc1e40271e09,0fc00efaec163d424b86fc1e40271e09,9467f98403d749f45fca,IDEXX,baseline_historico,2026-01-07,1/7/26,1/7/26,Sin Limpieza/batch_33.pdf,batch_33.pdf,.,9.0,BOCA SERVICIOS VETERINARIOS,BOCA SERVICIOS VETERINARIOS,,,18.45,-69.6,manual_override,0.6,Siberian Husky,Male,3.0,1.0.0
043c5cdd5e9ef72acf1820521a3bf9a6,043c5cdd5e9ef72acf1820521a3bf9a6,ede97a1a6b08bdcce811,IDEXX,baseline_historico,2026-01-07,1/7/26,1/7/26,Sin Limpieza/batch_33.pdf,batch_33.pdf,.,11.0,BOCA SERVICIOS VETERINARIOS,BOCA SERVICIOS VETERINARIOS,,,18.45,-69.6,manual_override,0.6,"Cocker Spaniel, American",Female,12.0,1.0.0
59a15bb9dd90bf0cc67629d8d0389fb5,59a15bb9dd90bf0cc67629d8d0389fb5,75159e8ca95e3cae523e,IDEXX,baseline_historico,2026-01-06,1/6/26,1/6/26,Sin Limpieza/batch_33.pdf,batch_33.pdf,.,13.0,BOCA SERVICIOS VETERINARIOS,BOCA SERVICIOS VETERINARIOS,,,18.45,-69.6,manual_override,0.6,Maltese,Female,15.0,1.0.0
cd84700824a43813ceb3ce92608619b3,cd84700824a43813ceb3ce92608619b3,389e6d484b8663a11cbe,IDEXX,baseline_historico,2026-01-06,1/6/26,1/6/26,Sin Limpieza/batch_33.pdf,batch_33.pdf,.,15.0,BOCA SERVICIOS VETERINARIOS,BOCA SERVICIOS VETERINARIOS,,,18.45,-69.6,manual_override,0.6,Doberman Pinscher,Male,6.0,1.0.0
bbb64b34b4019d9f96afb4936ca76ef5,bbb64b34b4019d9f96afb4936ca76ef5,cde18167afdf2e82e8b6,IDEXX,baseline_historico,2026-01-06,1/6/26,1/6/26,Sin Limpieza/batch_33.pdf,batch_33.pdf,.,17.0,BOCA SERVICIOS VETERINARIOS,BOCA SERVICIOS VETERINARIOS,,,18.45,-69.6,manual_override,0.6,Shih Tzu,Male,7.0,1.0.0
df8a44c3376ed1f84282faec25f0fdfe,df8a44c3376ed1f84282faec25f0fdfe,3bf954c3cda02f9388d5,IDEXX,baseline_historico,2026-01-06,1/6/26,1/6/26,Sin Limpieza/batch_33.pdf,batch_33.pdf,.,19.0,BOCA SERVICIOS VETERINARIOS,BOCA SERVICIOS VETERINARIOS,,,18.45,-69.6,manual_override,0.6,Yorkshire Terrier,Male,7.0,1.0.0
9090bbfdf7e2a7a5828e98ca8215600b,9090bbfdf7e2a7a5828e98ca8215600b,454150468215a4d42015,IDEXX,baseline_historico,2025-12-08,12/8/25,12/8/25,Sin Limpieza/batch_34.pdf,batch_34.pdf,.,1.0,BOCA SERVICIOS VETERINARIOS,BOCA SERVICIOS VETERINARIOS,,,18.45,-69.6,manual_override,0.6,Pug,Male,5.0,1.0.0
4f0526480b554bc970afa852d9d85798,4f0526480b554bc970afa852d9d85798,cc76a04c6eda471cc10d,IDEXX,baseline_historico,2025-12-08,12/8/25,12/8/25,Sin Limpieza/batch_34.pdf,batch_34.pdf,.,3.0,BOCA SERVICIOS VETERINARIOS,BOCA SERVICIOS VETERINARIOS,,,18.45,-69.6,manual_override,0.6,"Canine, Mixed Breed",Female,7.0,1.0.0
0e6ebd25d12a208b8153888ee34ce421,0e6ebd25d12a208b8153888ee34ce421,77eb268ac3713f636a4d,IDEXX,baseline_historico,2025-12-07,12/7/25,12/7/25,Sin Limpieza/batch_34.pdf,batch_34.pdf,.,5.0,BOCA SERVICIOS VETERINARIOS,BOCA SERVICIOS VETERINARIOS,,,18.45,-69.6,manual_override,0.6,"Canine, Mixed Breed",Male,8.0,1.0.0
35807650452954e311fe8c5ac22ed896,35807650452954e311fe8c5ac22ed896,8b8ffae7965d77f2c124,IDEXX,baseline_historico,2025-12-06,12/6/25,12/6/25,Sin Limpieza/batch_34.pdf,batch_34.pdf,.,7.0,BOCA SERVICIOS VETERINARIOS,BOCA SERVICIOS VETERINARIOS,,,18.45,-69.6,manual_override,0.6,"Canine, Other DATE OF RESULT: 12/6/25",Female,2.0,1.0.0
a3f9fee3c1340d2d79fb1f54a4292857,a3f9fee3c1340d2d79fb1f54a4292857,42c984a112b480bb861b,IDEXX,baseline_historico,2025-12-06,12/6/25,12/6/25,Sin Limpieza/batch_34.pdf,batch_34.pdf,.,9.0,BOCA SERVICIOS VETERINARIOS,BOCA SERVICIOS VETERINARIOS,,,18.45,-69.6,manual_override,0.6,French Bulldog,Female,,1.0.0
b7b167766979b272b30bf12f2e7797c8,b7b167766979b272b30bf12f2e7797c8,f104db49098dff312aed,IDEXX,baseline_historico,2025-12-05,12/5/25,12/5/25,Sin Limpieza/batch_34.pdf,batch_34.pdf,.,11.0,BOCA SERVICIOS VETERINARIOS,BOCA SERVICIOS VETERINARIOS,,,18.45,-69.6,manual_override,0.6,Shih Tzu,Female,2.0,1.0.0
69234062927b3030af5efc3c9bd3c01a,69234062927b3030af5efc3c9bd3c01a,71f2829e1858a9c61ebd,IDEXX,baseline_historico,2025-12-05,12/5/25,12/5/25,Sin Limpieza/batch_34.pdf,batch_34.pdf,.,13.0,BOCA SERVICIOS VETERINARIOS,BOCA SERVICIOS VETERINARIOS,,,18.45,-69.6,manual_override,0.6,"Canine, Mixed Breed",Female,,1.0.0
7a46f398341a1c0420abcdbbfe397026,7a46f398341a1c0420abcdbbfe397026,ac7f74a4a55a4c123719,IDEXX,baseline_historico,2025-12-05,12/5/25,12/5/25,Sin Limpieza/batch_34.pdf,batch_34.pdf,.,15.0,BOCA SERVICIOS VETERINARIOS,BOCA SERVICIOS VETERINARIOS,,,18.45,-69.6,manual_override,0.6,German Shepherd,Male,1.0,1.0.0
1da82f3310765d39db98915fde697b62,1da82f3310765d39db98915fde697b62,27c434586dc6ca5ffda3,IDEXX,baseline_historico,2025-12-04,12/4/25,12/4/25,Sin Limpieza/batch_34.pdf,batch_34.pdf,.,17.0,BOCA SERVICIOS VETERINARIOS,BOCA SERVICIOS VETERINARIOS,,,18.45,-69.6,manual_override,0.6,"Canine, Mixed Breed",Male,1.0,1.0.0
8bc18f91e35ea21736a94c4ee5f3102c,8bc18f91e35ea21736a94c4ee5f3102c,7e30b7b8ef6764a21bd1,IDEXX,baseline_historico,2025-12-04,12/4/25,12/4/25,Sin Limpieza/batch_34.pdf,batch_34.pdf,.,19.0,BOCA SERVICIOS VETERINARIOS,BOCA SERVICIOS VETERINARIOS,,,18.45,-69.6,manual_override,0.6,"Canine, Mixed Breed",,1.0,1.0.0
42bccaae67ad0f23dd20370121b181ce,42bccaae67ad0f23dd20370121b181ce,648be81b7ee129d76f7c,IDEXX,baseline_historico,2025-10-18,10/18/25,10/18/25,Sin Limpieza/batch_35.pdf,batch_35.pdf,.,1.0,BOCA SERVICIOS VETERINARIOS,BOCA SERVICIOS VETERINARIOS,,,18.45,-69.6,manual_override,0.6,Chihuahua,Female,14.0,1.0.0
2a8e76dcd2a6bb8ec59d6b7921166745,2a8e76dcd2a6bb8ec59d6b7921166745,ca38eb9a176f56809dc9,IDEXX,baseline_historico,2025-10-18,10/18/25,10/18/25,Sin Limpieza/batch_35.pdf,batch_35.pdf,.,3.0,BOCA SERVICIOS VETERINARIOS,BOCA SERVICIOS VETERINARIOS,,,18.45,-69.6,manual_override,0.6,Pomeranian,Male,3.0,1.0.0
fa0bf2d138e2882b398161aeae2a954f,fa0bf2d138e2882b398161aeae2a954f,487185f10fc073d201e3,IDEXX,baseline_historico,2025-10-18,10/18/25,10/18/25,Sin Limpieza/batch_35.pdf,batch_35.pdf,.,5.0,BOCA SERVICIOS VETERINARIOS,BOCA SERVICIOS VETERINARIOS,,,18.45,-69.6,manual_override,0.6,Chihuahua,Female,,1.0.0
a11994a82e24ae3e30ce782efda168e4,a11994a82e24ae3e30ce782efda168e4,8a7dd9097dd5af10fba5,IDEXX,baseline_historico,2025-10-18,10/18/25,10/18/25,Sin Limpieza/batch_35.pdf,batch_35.pdf,.,7.0,BOCA SERVICIOS VETERINARIOS,BOCA SERVICIOS VETERINARIOS,,,18.45,-69.6,manual_override,0.6,German Shepherd,Male,11.0,1.0.0
a516eae2ca943333049f9e36b5b02a84,a516eae2ca943333049f9e36b5b02a84,84bb4ab0407be3fac2d1,IDEXX,baseline_historico,2025-10-17,10/17/25,10/17/25,Sin Limpieza/batch_35.pdf,batch_35.pdf,.,9.0,BOCA SERVICIOS VETERINARIOS,BOCA SERVICIOS VETERINARIOS,,,18.45,-69.6,manual_override,0.6,Chihuahua,Male,14.0,1.0.0
cedf4ed4da2d632b136a967e85c04363,cedf4ed4da2d632b136a967e85c04363,9d195ae746f1e0dcdd9d,IDEXX,baseline_historico,2025-10-17,10/17/25,10/17/25,Sin Limpieza/batch_35.pdf,batch_35.pdf,.,11.0,BOCA SERVICIOS VETERINARIOS,BOCA SERVICIOS VETERINARIOS,,,18.45,-69.6,manual_override,0.6,Chihuahua,Female,13.0,1.0.0
e385ffefd28d429271757bea889f2dbd,e385ffefd28d429271757bea889f2dbd,d76a9a7a619697ac12eb,IDEXX,baseline_historico,2025-10-17,10/17/25,10/17/25,Sin Limpieza/batch_35.pdf,batch_35.pdf,.,15.0,BOCA SERVICIOS VETERINARIOS,BOCA SERVICIOS VETERINARIOS,,,18.45,-69.6,manual_override,0.6,Shih Tzu,Female,0.58,1.0.0
15910be0964b2e21930f4e898cd1e31c,15910be0964b2e21930f4e898cd1e31c,67c3700d5969722d0289,IDEXX,baseline_historico,2025-10-16,10/16/25,10/16/25,Sin Limpieza/batch_35.pdf,batch_35.pdf,.,17.0,BOCA SERVICIOS VETERINARIOS,BOCA SERVICIOS VETERINARIOS,,,18.45,-69.6,manual_override,0.6,Pomeranian,Female,5.0,1.0.0
9989a548a6291475be8d0c0afa0cf809,9989a548a6291475be8d0c0afa0cf809,543340bb082a1995dd0a,IDEXX,baseline_historico,2025-10-16,10/16/25,10/16/25,Sin Limpieza/batch_35.pdf,batch_35.pdf,.,19.0,BOCA SERVICIOS VETERINARIOS,BOCA SERVICIOS VETERINARIOS,,,18.45,-69.6,manual_override,0.6,Chihuahua,Female,14.0,1.0.0
e1b081877a8b4836459ca43c37ecb636,e1b081877a8b4836459ca43c37ecb636,7719feeecef366dfd00d,IDEXX,baseline_historico,2025-11-05,11/5/25,11/5/25,Sin Limpieza/batch_36.pdf,batch_36.pdf,.,1.0,BOCA SERVICIOS VETERINARIOS,BOCA SERVICIOS VETERINARIOS,,,18.45,-69.6,manual_override,0.6,Golden Retriever,Male,10.0,1.0.0
cffc674c3c51b9a6f8a6602115d28630,cffc674c3c51b9a6f8a6602115d28630,828dba91d58b1ee2027a,IDEXX,baseline_historico,2025-11-04,11/4/25,11/4/25,Sin Limpieza/batch_36.pdf,batch_36.pdf,.,3.0,BOCA SERVICIOS VETERINARIOS,BOCA SERVICIOS VETERINARIOS,,,18.45,-69.6,manual_override,0.6,Collie,Female,,1.0.0
4cd9e69b7e90235a33a24901ad36fbbd,4cd9e69b7e90235a33a24901ad36fbbd,bef4a779d5efb80a7703,IDEXX,baseline_historico,2025-11-03,11/3/25,11/3/25,Sin Limpieza/batch_36.pdf,batch_36.pdf,.,5.0,BOCA SERVICIOS VETERINARIOS,BOCA SERVICIOS VETERINARIOS,,,18.45,-69.6,manual_override,0.6,Akita,Female,3.0,1.0.0
44ca84cfc9e3565820cdb58b82207a68,44ca84cfc9e3565820cdb58b82207a68,c6e8e8efee65d9b11015,IDEXX,baseline_historico,2025-11-03,11/3/25,11/3/25,Sin Limpieza/batch_36.pdf,batch_36.pdf,.,9.0,BOCA SERVICIOS VETERINARIOS,BOCA SERVICIOS VETERINARIOS,,,18.45,-69.6,manual_override,0.6,"Canine, Mixed Breed",Female,12.0,1.0.0
7b545609b7c16d91dd0f5a7ab8424654,7b545609b7c16d91dd0f5a7ab8424654,7cdb24957a6a92419a6f,IDEXX,baseline_historico,2025-11-03,11/3/25,11/3/25,Sin Limpieza/batch_36.pdf,batch_36.pdf,.,11.0,BOCA SERVICIOS VETERINARIOS,BOCA SERVICIOS VETERINARIOS,,,18.45,-69.6,manual_override,0.6,Chihuahua,Female,3.0,1.0.0
04031de9a2bfa499209ad8c9c8a10d2c,04031de9a2bfa499209ad8c9c8a10d2c,35a21253f4b45b70441f,IDEXX,baseline_historico,2025-11-02,11/2/25,11/2/25,Sin Limpieza/batch_36.pdf,batch_36.pdf,.,13.0,BOCA SERVICIOS VETERINARIOS,BOCA SERVICIOS VETERINARIOS,,,18.45,-69.6,manual_override,0.6,"Canine, Other",Male,8.0,1.0.0
3d5cff4c1eaf26bbc4420afdfd52a636,3d5cff4c1eaf26bbc4420afdfd52a636,be2b5f5c9d5be818bea2,IDEXX,baseline_historico,2025-11-02,11/2/25,11/2/25,Sin Limpieza/batch_36.pdf,batch_36.pdf,.,15.0,BOCA SERVICIOS VETERINARIOS,BOCA SERVICIOS VETERINARIOS,,,18.45,-69.6,manual_override,0.6,Siberian Husky,Male,8.0,1.0.0
a3fcdd35f923c87e10655d1a0499578e,a3fcdd35f923c87e10655d1a0499578e,78aa64f68d14b712921c,IDEXX,baseline_historico,2025-11-01,11/1/25,11/1/25,Sin Limpieza/batch_36.pdf,batch_36.pdf,.,17.0,BOCA SERVICIOS VETERINARIOS,BOCA SERVICIOS VETERINARIOS,,,18.45,-69.6,manual_override,0.6,"Canine, Mixed Breed",Male,,1.0.0
162447f16fc9702e54a64f6aefc1f801,162447f16fc9702e54a64f6aefc1f801,bfa9764fd774ce8d6f75,IDEXX,baseline_historico,2025-10-31,10/31/25,10/31/25,Sin Limpieza/batch_36.pdf,batch_36.pdf,.,19.0,BOCA SERVICIOS VETERINARIOS,BOCA SERVICIOS VETERINARIOS,,,18.45,-69.6,manual_override,0.6,"Canine, Other",Female,,1.0.0
8ffe3e145393e975213b5fb50a820b56,8ffe3e145393e975213b5fb50a820b56,8b8e8c9d7a8bbe4966e5,IDEXX,baseline_historico,2025-11-12,11/12/25,11/12/25,Sin Limpieza/batch_37.pdf,batch_37.pdf,.,3.0,BOCA SERVICIOS VETERINARIOS,BOCA SERVICIOS VETERINARIOS,,,18.45,-69.6,manual_override,0.6,"Canine, Mixed Breed",Male,,1.0.0
7b9fa7e3a25acc25b0fa9f03a41ae743,7b9fa7e3a25acc25b0fa9f03a41ae743,8bc0d939c6357b8df647,IDEXX,baseline_historico,2025-11-12,11/12/25,11/12/25,Sin Limpieza/batch_37.pdf,batch_37.pdf,.,5.0,BOCA SERVICIOS VETERINARIOS,BOCA SERVICIOS VETERINARIOS,,,18.45,-69.6,manual_override,0.6,Chihuahua,Male,17.0,1.0.0
2600db80406424387e37205ec70c3455,2600db80406424387e37205ec70c3455,380a706237c644580730,IDEXX,baseline_historico,2025-11-12,11/12/25,11/12/25,Sin Limpieza/batch_37.pdf,batch_37.pdf,.,7.0,BOCA SERVICIOS VETERINARIOS,BOCA SERVICIOS VETERINARIOS,,,18.45,-69.6,manual_override,0.6,"Canine, Other",Male,6.0,1.0.0
84b20dc074e55441ba25564606f00d9f,84b20dc074e55441ba25564606f00d9f,380a706237c644580730,IDEXX,baseline_historico,2025-11-11,11/11/25,11/11/25,Sin Limpieza/batch_37.pdf,batch_37.pdf,.,9.0,BOCA SERVICIOS VETERINARIOS,BOCA SERVICIOS VETERINARIOS,,,18.45,-69.6,manual_override,0.6,"Canine, Other",Male,6.0,1.0.0
77f3832f7f36ebc19475047cc4239927,77f3832f7f36ebc19475047cc4239927,4b73e74c9087ef7375de,IDEXX,baseline_historico,2025-11-11,11/11/25,11/11/25,Sin Limpieza/batch_37.pdf,batch_37.pdf,.,11.0,BOCA SERVICIOS VETERINARIOS,BOCA SERVICIOS VETERINARIOS,,,18.45,-69.6,manual_override,0.6,"Canine, Other",Male,8.0,1.0.0
911415e05ebc911327b60308691afe6c,911415e05ebc911327b60308691afe6c,ebb05c22b8e7ad46c68c,IDEXX,baseline_historico,2025-11-11,11/11/25,11/11/25,Sin Limpieza/batch_37.pdf,batch_37.pdf,.,15.0,BOCA SERVICIOS VETERINARIOS,BOCA SERVICIOS VETERINARIOS,,,18.45,-69.6,manual_override,0.6,"Canine, Mixed Breed",Male,8.0,1.0.0
ba29ede3723c8cd6f82433699dfc062f,ba29ede3723c8cd6f82433699dfc062f,f1561216d7440b73b506,IDEXX,baseline_historico,2025-11-11,11/11/25,11/11/25,Sin Limpieza/batch_37.pdf,batch_37.pdf,.,17.0,BOCA SERVICIOS VETERINARIOS,BOCA SERVICIOS VETERINARIOS,,,18.45,-69.6,manual_override,0.6,"Canine, Mixed Breed",Female,,1.0.0
d56485220f62b2df3815d750c72dc262,d56485220f62b2df3815d750c72dc262,cac72671e00b91e3846d,IDEXX,baseline_historico,2025-10-04,10/4/25,10/4/25,Sin Limpieza/batch_38.pdf,batch_38.pdf,.,1.0,BOCA SERVICIOS VETERINARIOS,BOCA SERVICIOS VETERINARIOS,,,18.45,-69.6,manual_override,0.6,Chihuahua,Female,12.0,1.0.0
662175dd2cdd0198f30471a1c788faa6,662175dd2cdd0198f30471a1c788faa6,ee024ad6f3fdbab43606,IDEXX,baseline_historico,2025-10-04,10/4/25,10/4/25,Sin Limpieza/batch_38.pdf,batch_38.pdf,.,3.0,BOCA SERVICIOS VETERINARIOS,BOCA SERVICIOS VETERINARIOS,,,18.45,-69.6,manual_override,0.6,Bulldog,Male,3.0,1.0.0
3391ec2014e6a5e62b1e057e1b344fcd,3391ec2014e6a5e62b1e057e1b344fcd,84e56139ee41eb648519,IDEXX,baseline_historico,2025-10-03,10/3/25,10/3/25,Sin Limpieza/batch_38.pdf,batch_38.pdf,.,5.0,BOCA SERVICIOS VETERINARIOS,BOCA SERVICIOS VETERINARIOS,,,18.45,-69.6,manual_override,0.6,"Canine, Other",Male,,1.0.0
0fa5731034eb1ce5c1fbaf985d629f3c,0fa5731034eb1ce5c1fbaf985d629f3c,898e2eb988baf9c09bbf,IDEXX,baseline_historico,2025-10-03,10/3/25,10/3/25,Sin Limpieza/batch_38.pdf,batch_38.pdf,.,7.0,BOCA SERVICIOS VETERINARIOS,BOCA SERVICIOS VETERINARIOS,,,18.45,-69.6,manual_override,0.6,"Canine, Other",Male,,1.0.0
2e0ad056582055b605e8338d6058e6cf,2e0ad056582055b605e8338d6058e6cf,0f5c4424a64461d60628,IDEXX,baseline_historico,2025-10-03,10/3/25,10/3/25,Sin Limpieza/batch_38.pdf,batch_38.pdf,.,9.0,BOCA SERVICIOS VETERINARIOS,BOCA SERVICIOS VETERINARIOS,,,18.45,-69.6,manual_override,0.6,Chihuahua,Male,14.0,1.0.0
e902bd42d82716b3b558d7afe6023fc9,e902bd42d82716b3b558d7afe6023fc9,2d10067aece95b5f286b,IDEXX,baseline_historico,2025-10-03,10/3/25,10/3/25,Sin Limpieza/batch_38.pdf,batch_38.pdf,.,13.0,BOCA SERVICIOS VETERINARIOS,BOCA SERVICIOS VETERINARIOS,,,18.45,-69.6,manual_override,0.6,Pug,Female,1.0,1.0.0
3f40dae08cc68dade9a024e2cbc3facd,3f40dae08cc68dade9a024e2cbc3facd,f2d15b80464e78194dd5,IDEXX,baseline_historico,2025-10-03,10/3/25,10/3/25,Sin Limpieza/batch_38.pdf,batch_38.pdf,.,15.0,BOCA SERVICIOS VETERINARIOS,BOCA SERVICIOS VETERINARIOS,,,18.45,-69.6,manual_override,0.6,Chihuahua,Female,3.0,1.0.0
d872de6b941cf7fcbf7e24a394f86f4d,d872de6b941cf7fcbf7e24a394f86f4d,b039633ed5f55a6923b8,IDEXX,baseline_historico,2025-10-02,10/2/25,10/2/25,Sin Limpieza/batch_38.pdf,batch_38.pdf,.,17.0,BOCA SERVICIOS VETERINARIOS,BOCA SERVICIOS VETERINARIOS,,,18.45,-69.6,manual_override,0.6,"Canine, Mixed Breed",Male,2.0,1.0.0
d5560c39d136a0b278d04909fd36b9f9,d5560c39d136a0b278d04909fd36b9f9,884568382aaa3c412248,IDEXX,baseline_historico,2025-10-02,10/2/25,10/2/25,Sin Limpieza/batch_38.pdf,batch_38.pdf,.,19.0,BOCA SERVICIOS VETERINARIOS,BOCA SERVICIOS VETERINARIOS,,,18.45,-69.6,manual_override,0.6,"Canine, Mixed Breed",Female,2.0,1.0.0
0d4a6af5714fa45e2e2aab164a882965,0d4a6af5714fa45e2e2aab164a882965,d8e380a50026dd9bcd58,IDEXX,baseline_historico,2025-09-30,9/30/25,9/30/25,Sin Limpieza/batch_39.pdf,batch_39.pdf,.,1.0,BOCA SERVICIOS VETERINARIOS,BOCA SERVICIOS VETERINARIOS,,,18.45,-69.6,manual_override,0.6,"Canine, Mixed Breed",Female,1.0,1.0.0
e9a8b334b2b9ee2f313bdb9113fc6586,e9a8b334b2b9ee2f313bdb9113fc6586,683e6179c8312b31fff3,IDEXX,baseline_historico,2025-09-30,9/30/25,9/30/25,Sin Limpieza/batch_39.pdf,batch_39.pdf,.,3.0,BOCA SERVICIOS VETERINARIOS,BOCA SERVICIOS VETERINARIOS,,,18.45,-69.6,manual_override,0.6,"Canine, Mixed Breed",Female,7.0,1.0.0
b6845850134fc51b59d7c91bbf4fe57a,b6845850134fc51b59d7c91bbf4fe57a,8e21c9dd8b8981c5ffe9,IDEXX,baseline_historico,2025-09-30,9/30/25,9/30/25,Sin Limpieza/batch_39.pdf,batch_39.pdf,.,5.0,BOCA SERVICIOS VETERINARIOS,BOCA SERVICIOS VETERINARIOS,,,18.45,-69.6,manual_override,0.6,"Canine, Mixed Breed",Male,5.0,1.0.0
a83401c4b85292b913542316e2fa3379,a83401c4b85292b913542316e2fa3379,38224f62379fbff8d9f4,IDEXX,baseline_historico,2025-09-30,9/30/25,9/30/25,Sin Limpieza/batch_39.pdf,batch_39.pdf,.,7.0,BOCA SERVICIOS VETERINARIOS,BOCA SERVICIOS VETERINARIOS,,,18.45,-69.6,manual_override,0.6,Pug,Female,4.0,1.0.0
a92ba05454a6ef4ab3cd7e8ef9ed7752,a92ba05454a6ef4ab3cd7e8ef9ed7752,3fead74c90d02ba52734,IDEXX,baseline_historico,2025-09-30,9/30/25,9/30/25,Sin Limpieza/batch_39.pdf,batch_39.pdf,.,9.0,BOCA SERVICIOS VETERINARIOS,BOCA SERVICIOS VETERINARIOS,,,18.45,-69.6,manual_override,0.6,"Canine, Mixed Breed",Male,,1.0.0
417ef1f6e743d02588db4ab7142aa33c,417ef1f6e743d02588db4ab7142aa33c,5840ed8363a8c02a5c8d,IDEXX,baseline_historico,2025-09-30,9/30/25,9/30/25,Sin Limpieza/batch_39.pdf,batch_39.pdf,.,11.0,BOCA SERVICIOS VETERINARIOS,BOCA SERVICIOS VETERINARIOS,,,18.45,-69.6,manual_override,0.6,"Canine, Mixed Breed",Female,1.0,1.0.0
dfdfad18c73f2037e4e2c62c2eff25a4,dfdfad18c73f2037e4e2c62c2eff25a4,dac315c0b040f3b97e2c,IDEXX,baseline_historico,2025-09-29,9/29/25,9/29/25,Sin Limpieza/batch_39.pdf,batch_39.pdf,.,13.0,BOCA SERVICIOS VETERINARIOS,BOCA SERVICIOS VETERINARIOS,,,18.45,-69.6,manual_override,0.6,Shih Tzu,Male,,1.0.0
f3e64be120846a65d4102f98bca97058,f3e64be120846a65d4102f98bca97058,0e7ad1c076e67d378cd4,IDEXX,baseline_historico,2025-09-29,9/29/25,9/29/25,Sin Limpieza/batch_39.pdf,batch_39.pdf,.,15.0,BOCA SERVICIOS VETERINARIOS,BOCA SERVICIOS VETERINARIOS,,,18.45,-69.6,manual_override,0.6,Bulldog,Female,4.0,1.0.0
76caa99680b03dc87552c77e4f08c8b9,76caa99680b03dc87552c77e4f08c8b9,62c0143d83b552ac04cd,IDEXX,baseline_historico,2025-09-29,9/29/25,9/29/25,Sin Limpieza/batch_39.pdf,batch_39.pdf,.,17.0,BOCA SERVICIOS VETERINARIOS,BOCA SERVICIOS VETERINARIOS,,,18.45,-69.6,manual_override,0.6,German Shepherd,Male,,1.0.0
69a80c3253c95fb906220853609b6a43,69a80c3253c95fb906220853609b6a43,0b473477aab9a1edbc67,IDEXX,baseline_historico,2026-01-16,1/16/26,1/16/26,Sin Limpieza/batch_4.pdf,batch_4.pdf,.,1.0,BOCA SERVICIOS VETERINARIOS,BOCA SERVICIOS VETERINARIOS,,,18.45,-69.6,manual_override,0.6,"Canine, Mixed Breed",Female,2.0,1.0.0
3a8bc2fcda089d9581bdfe2366a4467b,3a8bc2fcda089d9581bdfe2366a4467b,b450b60121dea077b46b,IDEXX,baseline_historico,2026-01-15,1/15/26,1/15/26,Sin Limpieza/batch_4.pdf,batch_4.pdf,.,3.0,BOCA SERVICIOS VETERINARIOS,BOCA SERVICIOS VETERINARIOS,,,18.45,-69.6,manual_override,0.6,Yorkshire Terrier,Male,,1.0.0
eb3f64c664f6c5d8a178b926f19023e8,eb3f64c664f6c5d8a178b926f19023e8,2a0b6a0b91da31ad95f1,IDEXX,baseline_historico,2026-01-15,1/15/26,1/15/26,Sin Limpieza/batch_4.pdf,batch_4.pdf,.,5.0,BOCA SERVICIOS VETERINARIOS,BOCA SERVICIOS VETERINARIOS,,,18.45,-69.6,manual_override,0.6,Belgian Sheepdog,Female,,1.0.0
4f5179595b95a573ce3f19d96d820620,4f5179595b95a573ce3f19d96d820620,e6ca44cd1360a37ef637,IDEXX,baseline_historico,2026-01-15,1/15/26,1/15/26,Sin Limpieza/batch_4.pdf,batch_4.pdf,.,9.0,BOCA SERVICIOS VETERINARIOS,BOCA SERVICIOS VETERINARIOS,,,18.45,-69.6,manual_override,0.6,"Canine, Other",Male,6.0,1.0.0
f4eaaa03a429040507962e6230287b6b,f4eaaa03a429040507962e6230287b6b,3c60d3424ae059b26cea,IDEXX,baseline_historico,2026-01-14,1/14/26,1/14/26,Sin Limpieza/batch_4.pdf,batch_4.pdf,.,11.0,BOCA SERVICIOS VETERINARIOS,BOCA SERVICIOS VETERINARIOS,,,18.45,-69.6,manual_override,0.6,"Canine, Mixed Breed",Male,12.0,1.0.0
d78c8313a3226d6bb20c2f54eef6a10a,d78c8313a3226d6bb20c2f54eef6a10a,e9d5415818b37404387f,IDEXX,baseline_historico,2026-01-14,1/14/26,1/14/26,Sin Limpieza/batch_4.pdf,batch_4.pdf,.,13.0,BOCA SERVICIOS VETERINARIOS,BOCA SERVICIOS VETERINARIOS,,,18.45,-69.6,manual_override,0.6,"santo domingo, do 0000 DATE OF RECEIPT: 1/14/26",Female,3.0,1.0.0
83347cad126a87cb982e1c7807fbbd93,83347cad126a87cb982e1c7807fbbd93,d4607728314b20723a6c,IDEXX,baseline_historico,2026-01-14,1/14/26,1/14/26,Sin Limpieza/batch_4.pdf,batch_4.pdf,.,15.0,BOCA SERVICIOS VETERINARIOS,BOCA SERVICIOS VETERINARIOS,,,18.45,-69.6,manual_override,0.6,"Canine, Other",Female,3.0,1.0.0
a29562efc87c04f3c8951c85c57f36e0,a29562efc87c04f3c8951c85c57f36e0,20ff5e70e7158d76c6e4,IDEXX,baseline_historico,2026-01-14,1/14/26,1/14/26,Sin Limpieza/batch_4.pdf,batch_4.pdf,.,19.0,BOCA SERVICIOS VETERINARIOS,BOCA SERVICIOS VETERINARIOS,,,18.45,-69.6,manual_override,0.6,Chihuahua,Female,10.0,1.0.0
297ee3b6a3b496652d60399014fd5e4f,297ee3b6a3b496652d60399014fd5e4f,5c5c32e5d6e1f57e558c,IDEXX,baseline_historico,2025-09-27,9/27/25,9/27/25,Sin Limpieza/batch_40.pdf,batch_40.pdf,.,1.0,BOCA SERVICIOS VETERINARIOS,BOCA SERVICIOS VETERINARIOS,,,18.45,-69.6,manual_override,0.6,"Canine, Mixed Breed",Male,,1.0.0
7bf0fdd848e1a563bc8e4e9ef662129f,7bf0fdd848e1a563bc8e4e9ef662129f,1aaf839dc781d8ecea7f,IDEXX,baseline_historico,2025-09-26,9/26/25,9/26/25,Sin Limpieza/batch_40.pdf,batch_40.pdf,.,3.0,BOCA SERVICIOS VETERINARIOS,BOCA SERVICIOS VETERINARIOS,,,18.45,-69.6,manual_override,0.6,"Canine, Mixed Breed",Female,,1.0.0
3854e0bb65741cbb3e7e24a00830a52c,3854e0bb65741cbb3e7e24a00830a52c,2096c867c0b1ced90dee,IDEXX,baseline_historico,2025-09-26,9/26/25,9/26/25,Sin Limpieza/batch_40.pdf,batch_40.pdf,.,5.0,BOCA SERVICIOS VETERINARIOS,BOCA SERVICIOS VETERINARIOS,,,18.45,-69.6,manual_override,0.6,"Canine, Mixed Breed",Male,7.0,1.0.0
bf7db86ec332131bce5610fa2d69b150,bf7db86ec332131bce5610fa2d69b150,83025b1511e31920d9be,IDEXX,baseline_historico,2025-09-26,9/26/25,9/26/25,Sin Limpieza/batch_40.pdf,batch_40.pdf,.,9.0,BOCA SERVICIOS VETERINARIOS,BOCA SERVICIOS VETERINARIOS,,,18.45,-69.6,manual_override,0.6,Labrador Retriever,Male,,1.0.0
27591983ce3676c0d760f10acee82b68,27591983ce3676c0d760f10acee82b68,bcb669ba8a14fa3de525,IDEXX,baseline_historico,2025-09-26,9/26/25,9/26/25,Sin Limpieza/batch_40.pdf,batch_40.pdf,.,11.0,BOCA SERVICIOS VETERINARIOS,BOCA SERVICIOS VETERINARIOS,,,18.45,-69.6,manual_override,0.6,"Canine, Mixed Breed",Male,4.0,1.0.0
3679bde8ae5bc1656bfd8c16150998ce,3679bde8ae5bc1656bfd8c16150998ce,1eba7aec8f96f115999a,IDEXX,baseline_historico,2025-09-25,9/25/25,9/25/25,Sin Limpieza/batch_40.pdf,batch_40.pdf,.,13.0,BOCA SERVICIOS VETERINARIOS,BOCA SERVICIOS VETERINARIOS,,,18.45,-69.6,manual_override,0.6,Boxer,Female,,1.0.0
768526ee6080565ac933e0235ef7f7f9,768526ee6080565ac933e0235ef7f7f9,ce7cb6d67ab7ced119b0,IDEXX,baseline_historico,2025-09-25,9/25/25,9/25/25,Sin Limpieza/batch_40.pdf,batch_40.pdf,.,15.0,BOCA SERVICIOS VETERINARIOS,BOCA SERVICIOS VETERINARIOS,,,18.45,-69.6,manual_override,0.6,"Canine, Other",Male,3.0,1.0.0
0495330414d6425c7840d5d5ed0ec177,0495330414d6425c7840d5d5ed0ec177,83c1f4ec1077035c6af7,IDEXX,baseline_historico,2025-09-25,9/25/25,9/25/25,Sin Limpieza/batch_40.pdf,batch_40.pdf,.,17.0,BOCA SERVICIOS VETERINARIOS,BOCA SERVICIOS VETERINARIOS,,,18.45,-69.6,manual_override,0.6,Yorkshire Terrier,Female,11.0,1.0.0
08800abde3278b69609c12f90df91d69,08800abde3278b69609c12f90df91d69,c140997b32fe1108fd37,IDEXX,baseline_historico,2025-09-25,9/25/25,9/25/25,Sin Limpieza/batch_40.pdf,batch_40.pdf,.,19.0,BOCA SERVICIOS VETERINARIOS,BOCA SERVICIOS VETERINARIOS,,,18.45,-69.6,manual_override,0.6,Chihuahua,Male,12.0,1.0.0
cc40c0ba83eff7efef1cc2d33ca0bbba,cc40c0ba83eff7efef1cc2d33ca0bbba,9793decd9dc5ec08be89,IDEXX,baseline_historico,2025-10-31,10/31/25,10/31/25,Sin Limpieza/batch_41.pdf,batch_41.pdf,.,1.0,BOCA SERVICIOS VETERINARIOS,BOCA SERVICIOS VETERINARIOS,,,18.45,-69.6,manual_override,0.6,"Canine, Mixed Breed",Female,,1.0.0
9804fcb64188d8b976b3fb9c11cd4628,9804fcb64188d8b976b3fb9c11cd4628,c38a5289d50195ca3abf,IDEXX,baseline_historico,2025-10-31,10/31/25,10/31/25,Sin Limpieza/batch_41.pdf,batch_41.pdf,.,3.0,BOCA SERVICIOS VETERINARIOS,BOCA SERVICIOS VETERINARIOS,,,18.45,-69.6,manual_override,0.6,Belgian Sheepdog,Male,0.5,1.0.0
0c257d64a8eb37b5af9a2d7c43ec3347,0c257d64a8eb37b5af9a2d7c43ec3347,d0c4a78e0afb6d6489db,IDEXX,baseline_historico,2025-10-30,10/30/25,10/30/25,Sin Limpieza/batch_41.pdf,batch_41.pdf,.,5.0,BOCA SERVICIOS VETERINARIOS,BOCA SERVICIOS VETERINARIOS,,,18.45,-69.6,manual_override,0.6,"Canine, Mixed Breed",Male,6.0,1.0.0
a6d320c5dd450a28fe472bf9e803e15e,a6d320c5dd450a28fe472bf9e803e15e,ea41d090842d20e7498d,IDEXX,baseline_historico,2025-10-30,10/30/25,10/30/25,Sin Limpieza/batch_41.pdf,batch_41.pdf,.,7.0,BOCA SERVICIOS VETERINARIOS,BOCA SERVICIOS VETERINARIOS,,,18.45,-69.6,manual_override,0.6,"Canine, Other",Female,7.0,1.0.0
84709c13e53fff1d677dd63905942f41,84709c13e53fff1d677dd63905942f41,641be2e97d03a5a0ff8e,IDEXX,baseline_historico,2025-10-30,10/30/25,10/30/25,Sin Limpieza/batch_41.pdf,batch_41.pdf,.,9.0,BOCA SERVICIOS VETERINARIOS,BOCA SERVICIOS VETERINARIOS,,,18.45,-69.6,manual_override,0.6,"Canine, Other",Male,9.0,1.0.0
334ce755c678ddfb2954b1fc80234e22,334ce755c678ddfb2954b1fc80234e22,40e9c7f5d5dcd036d2c7,IDEXX,baseline_historico,2025-10-30,10/30/25,10/30/25,Sin Limpieza/batch_41.pdf,batch_41.pdf,.,11.0,BOCA SERVICIOS VETERINARIOS,BOCA SERVICIOS VETERINARIOS,,,18.45,-69.6,manual_override,0.6,Yorkshire Terrier,Female,,1.0.0
3ca250a590463d59db5daad2925b5273,3ca250a590463d59db5daad2925b5273,7c8cee27dccac9afcc96,IDEXX,baseline_historico,2025-10-30,10/30/25,10/30/25,Sin Limpieza/batch_41.pdf,batch_41.pdf,.,13.0,BOCA SERVICIOS VETERINARIOS,BOCA SERVICIOS VETERINARIOS,,,18.45,-69.6,manual_override,0.6,"Canine, Mixed Breed",Male,4.0,1.0.0
81d33be2ea02a8899c485d38952111b7,81d33be2ea02a8899c485d38952111b7,48b0508453c0139d2a9a,IDEXX,baseline_historico,2025-10-30,10/30/25,10/30/25,Sin Limpieza/batch_41.pdf,batch_41.pdf,.,15.0,BOCA SERVICIOS VETERINARIOS,BOCA SERVICIOS VETERINARIOS,,,18.45,-69.6,manual_override,0.6,Chihuahua,Female,7.0,1.0.0
0d68bc886ab885d36da030e9c4441f3e,0d68bc886ab885d36da030e9c4441f3e,d2de822fc9698c849502,IDEXX,baseline_historico,2025-10-30,10/30/25,10/30/25,Sin Limpieza/batch_41.pdf,batch_41.pdf,.,17.0,BOCA SERVICIOS VETERINARIOS,BOCA SERVICIOS VETERINARIOS,,,18.45,-69.6,manual_override,0.6,"Canine, Mixed Breed",Female,5.0,1.0.0
1ae1f94d3c90a67fa0cbd0e08394959a,1ae1f94d3c90a67fa0cbd0e08394959a,67c3700d5969722d0289,IDEXX,baseline_historico,2025-10-27,10/27/25,10/27/25,Sin Limpieza/batch_42.pdf,batch_42.pdf,.,1.0,BOCA SERVICIOS VETERINARIOS,BOCA SERVICIOS VETERINARIOS,,,18.45,-69.6,manual_override,0.6,Pomeranian,Female,5.0,1.0.0
0ddc3d151b86bb709c770510c20a1fbd,0ddc3d151b86bb709c770510c20a1fbd,811abf29b942f32ddb49,IDEXX,baseline_historico,2025-10-22,10/22/25,10/22/25,Sin Limpieza/batch_42.pdf,batch_42.pdf,.,3.0,BOCA SERVICIOS VETERINARIOS,BOCA SERVICIOS VETERINARIOS,,,18.45,-69.6,manual_override,0.6,German Shepherd,Female,1.0,1.0.0
1f0b871da661c1748a83918402a434aa,1f0b871da661c1748a83918402a434aa,0418e0da75028ceead73,IDEXX,baseline_historico,2025-10-22,10/22/25,10/22/25,Sin Limpieza/batch_42.pdf,batch_42.pdf,.,7.0,BOCA SERVICIOS VETERINARIOS,BOCA SERVICIOS VETERINARIOS,,,18.45,-69.6,manual_override,0.6,"Canine, Mixed Breed",Male,,1.0.0
d58991162930f0e59cdbbc4c0dcf4cad,d58991162930f0e59cdbbc4c0dcf4cad,045efa0f97523df2ea1e,IDEXX,baseline_historico,2025-10-22,10/22/25,10/22/25,Sin Limpieza/batch_42.pdf,batch_42.pdf,.,9.0,BOCA SERVICIOS VETERINARIOS,BOCA SERVICIOS VETERINARIOS,,,18.45,-69.6,manual_override,0.6,Bull Terrier,Female,,1.0.0
5ff8a39f0b07499b8535226a30fcab98,5ff8a39f0b07499b8535226a30fcab98,8ff07bd1b0e5879976d5,IDEXX,baseline_historico,2025-10-22,10/22/25,10/22/25,Sin Limpieza/batch_42.pdf,batch_42.pdf,.,11.0,BOCA SERVICIOS VETERINARIOS,BOCA SERVICIOS VETERINARIOS,,,18.45,-69.6,manual_override,0.6,Siberian Husky,Female,4.0,1.0.0
3cbd0bb60cea516d0f80ca2a7d3b31dc,3cbd0bb60cea516d0f80ca2a7d3b31dc,265dffe2b7372413b797,IDEXX,baseline_historico,2025-10-22,10/22/25,10/22/25,Sin Limpieza/batch_42.pdf,batch_42.pdf,.,13.0,BOCA SERVICIOS VETERINARIOS,BOCA SERVICIOS VETERINARIOS,,,18.45,-69.6,manual_override,0.6,Bull Terrier,Male,6.0,1.0.0
86d7b9f67ba3cfc17a4667539a9819e1,86d7b9f67ba3cfc17a4667539a9819e1,830a32d22d10ba3f54c8,IDEXX,baseline_historico,2025-10-21,10/21/25,10/21/25,Sin Limpieza/batch_42.pdf,batch_42.pdf,.,15.0,BOCA SERVICIOS VETERINARIOS,BOCA SERVICIOS VETERINARIOS,,,18.45,-69.6,manual_override,0.6,"Canine, Other",Male,0.5,1.0.0
a063d288afcc6f29ead2d2085e3b2ac5,a063d288afcc6f29ead2d2085e3b2ac5,2cfbf28aa3a352bf5f8e,IDEXX,baseline_historico,2025-10-21,10/21/25,10/21/25,Sin Limpieza/batch_42.pdf,batch_42.pdf,.,17.0,BOCA SERVICIOS VETERINARIOS,BOCA SERVICIOS VETERINARIOS,,,18.45,-69.6,manual_override,0.6,Siberian Husky,Male,0.75,1.0.0
8a1e8b13f24f5d252227516a3ec65a80,8a1e8b13f24f5d252227516a3ec65a80,06150701e9183c293bc0,IDEXX,baseline_historico,2025-10-21,10/21/25,10/21/25,Sin Limpieza/batch_42.pdf,batch_42.pdf,.,19.0,BOCA SERVICIOS VETERINARIOS,BOCA SERVICIOS VETERINARIOS,,,18.45,-69.6,manual_override,0.6,Pomeranian,Male,,1.0.0
3c48d9aabb9f6ff5b363c8557543b5f6,3c48d9aabb9f6ff5b363c8557543b5f6,5ae3e5851810aa43ac53,IDEXX,baseline_historico,2025-10-02,10/2/25,10/2/25,Sin Limpieza/batch_43.pdf,batch_43.pdf,.,1.0,BOCA SERVICIOS VETERINARIOS,BOCA SERVICIOS VETERINARIOS,,,18.45,-69.6,manual_override,0.6,"Canine, Mixed Breed",,,1.0.0
db842ef11848d19ae54a52862714973f,db842ef11848d19ae54a52862714973f,2fae7a54887d03670a1f,IDEXX,baseline_historico,2025-10-02,10/2/25,10/2/25,Sin Limpieza/batch_43.pdf,batch_43.pdf,.,3.0,BOCA SERVICIOS VETERINARIOS,BOCA SERVICIOS VETERINARIOS,,,18.45,-69.6,manual_override,0.6,"Canine, Mixed Breed",Male,10.0,1.0.0
6b905454948cda9c8e236869fc96dea5,6b905454948cda9c8e236869fc96dea5,4e08a461a28da74594d2,IDEXX,baseline_historico,2025-10-02,10/2/25,10/2/25,Sin Limpieza/batch_43.pdf,batch_43.pdf,.,7.0,BOCA SERVICIOS VETERINARIOS,BOCA SERVICIOS VETERINARIOS,,,18.45,-69.6,manual_override,0.6,Bearded Collie,Male,4.0,1.0.0
b786fa57bcf12d4a457a0568805c0ddb,b786fa57bcf12d4a457a0568805c0ddb,c964741e82c9d61ad6c9,IDEXX,baseline_historico,2025-10-02,10/2/25,10/2/25,Sin Limpieza/batch_43.pdf,batch_43.pdf,.,9.0,BOCA SERVICIOS VETERINARIOS,BOCA SERVICIOS VETERINARIOS,,,18.45,-69.6,manual_override,0.6,"Canine, Mixed Breed",Male,7.0,1.0.0
8433a0ede613563812860b4cce220211,8433a0ede613563812860b4cce220211,56e06323500e614627f2,IDEXX,baseline_historico,2025-10-02,10/2/25,10/2/25,Sin Limpieza/batch_43.pdf,batch_43.pdf,.,11.0,BOCA SERVICIOS VETERINARIOS,BOCA SERVICIOS VETERINARIOS,,,18.45,-69.6,manual_override,0.6,German Shepherd,Male,,1.0.0
93343642135785d9b60aed4ff0b31624,93343642135785d9b60aed4ff0b31624,a53b21b6aef3a779c8dc,IDEXX,baseline_historico,2025-10-01,10/1/25,10/1/25,Sin Limpieza/batch_43.pdf,batch_43.pdf,.,13.0,BOCA SERVICIOS VETERINARIOS,BOCA SERVICIOS VETERINARIOS,,,18.45,-69.6,manual_override,0.6,French Bulldog,Female,4.0,1.0.0
67d37483b700d4574782cf152a29543b,67d37483b700d4574782cf152a29543b,7b68b3a5cb7800f39572,IDEXX,baseline_historico,2025-10-01,10/1/25,10/1/25,Sin Limpieza/batch_43.pdf,batch_43.pdf,.,15.0,BOCA SERVICIOS VETERINARIOS,BOCA SERVICIOS VETERINARIOS,,,18.45,-69.6,manual_override,0.6,"Canine, Other",Female,,1.0.0
1df58fed636a83cb2903c6d2db1cd724,1df58fed636a83cb2903c6d2db1cd724,87fe34ec8a5b3bf2968e,IDEXX,baseline_historico,2025-10-01,10/1/25,10/1/25,Sin Limpieza/batch_43.pdf,batch_43.pdf,.,17.0,BOCA SERVICIOS VETERINARIOS,BOCA SERVICIOS VETERINARIOS,,,18.45,-69.6,manual_override,0.6,Shih Tzu,Female,,1.0.0
34466dca6c4b73f64ff117ad7ffa6c1c,34466dca6c4b73f64ff117ad7ffa6c1c,a3687db927c7911fa7cd,IDEXX,baseline_historico,2025-10-01,10/1/25,10/1/25,Sin Limpieza/batch_43.pdf,batch_43.pdf,.,19.0,BOCA SERVICIOS VETERINARIOS,BOCA SERVICIOS VETERINARIOS,,,18.45,-69.6,manual_override,0.6,"Canine, Mixed Breed",Female,5.0,1.0.0
2e676f12b3e6b8a81f1d4c2691fe96de,2e676f12b3e6b8a81f1d4c2691fe96de,b039633ed5f55a6923b8,IDEXX,baseline_historico,2025-10-06,10/6/25,10/6/25,Sin Limpieza/batch_44.pdf,batch_44.pdf,.,3.0,BOCA SERVICIOS VETERINARIOS,BOCA SERVICIOS VETERINARIOS,,,18.45,-69.6,manual_override,0.6,"Canine, Mixed Breed",Male,2.0,1.0.0
0080cc0987560c6432c7a4ea05164d41,0080cc0987560c6432c7a4ea05164d41,4bd828aa936b0e8c162c,IDEXX,baseline_historico,2025-10-06,10/6/25,10/6/25,Sin Limpieza/batch_44.pdf,batch_44.pdf,.,5.0,BOCA SERVICIOS VETERINARIOS,BOCA SERVICIOS VETERINARIOS,,,18.45,-69.6,manual_override,0.6,"Canine, Other",Male,,1.0.0
23509249da4bd8b27c48ac4b5d04394f,23509249da4bd8b27c48ac4b5d04394f,10a6bb19406c15206b2a,IDEXX,baseline_historico,2025-10-06,10/6/25,10/6/25,Sin Limpieza/batch_44.pdf,batch_44.pdf,.,7.0,BOCA SERVICIOS VETERINARIOS,BOCA SERVICIOS VETERINARIOS,,,18.45,-69.6,manual_override,0.6,Akita,Male,7.0,1.0.0
94ad1f018069aa954660a8f8f6579844,94ad1f018069aa954660a8f8f6579844,648734b9d6587eda17a7,IDEXX,baseline_historico,2025-10-06,10/6/25,10/6/25,Sin Limpieza/batch_44.pdf,batch_44.pdf,.,9.0,BOCA SERVICIOS VETERINARIOS,BOCA SERVICIOS VETERINARIOS,,,18.45,-69.6,manual_override,0.6,Maltese,Male,9.0,1.0.0
57cdd52403a427fd1e3eb67981c2ecf0,57cdd52403a427fd1e3eb67981c2ecf0,56e06323500e614627f2,IDEXX,baseline_historico,2025-10-06,10/6/25,10/6/25,Sin Limpieza/batch_44.pdf,batch_44.pdf,.,11.0,BOCA SERVICIOS VETERINARIOS,BOCA SERVICIOS VETERINARIOS,,,18.45,-69.6,manual_override,0.6,German Shepherd,Male,,1.0.0
4af383a76d42f4e91e50e176539a1b1f,4af383a76d42f4e91e50e176539a1b1f,138001793d577199efab,IDEXX,baseline_historico,2025-10-05,10/5/25,10/5/25,Sin Limpieza/batch_44.pdf,batch_44.pdf,.,13.0,BOCA SERVICIOS VETERINARIOS,BOCA SERVICIOS VETERINARIOS,,,18.45,-69.6,manual_override,0.6,Chow Chow,Male,11.0,1.0.0
c725da465584ca55a92dc568108901f5,c725da465584ca55a92dc568108901f5,b039633ed5f55a6923b8,IDEXX,baseline_historico,2025-10-04,10/4/25,10/4/25,Sin Limpieza/batch_44.pdf,batch_44.pdf,.,15.0,BOCA SERVICIOS VETERINARIOS,BOCA SERVICIOS VETERINARIOS,,,18.45,-69.6,manual_override,0.6,"Canine, Mixed Breed",Male,2.0,1.0.0
45f714cec017b6057d55f722c9f0a5df,45f714cec017b6057d55f722c9f0a5df,1eba7aec8f96f115999a,IDEXX,baseline_historico,2025-10-04,10/4/25,10/4/25,Sin Limpieza/batch_44.pdf,batch_44.pdf,.,17.0,BOCA SERVICIOS VETERINARIOS,BOCA SERVICIOS VETERINARIOS,,,18.45,-69.6,manual_override,0.6,Boxer,Female,,1.0.0
be3ca12edc392ffa94b478a0234267fd,be3ca12edc392ffa94b478a0234267fd,f4574f61354cb65138d9,IDEXX,baseline_historico,2025-10-04,10/4/25,10/4/25,Sin Limpieza/batch_44.pdf,batch_44.pdf,.,19.0,BOCA SERVICIOS VETERINARIOS,BOCA SERVICIOS VETERINARIOS,,,18.45,-69.6,manual_override,0.6,"Canine, Other",Female,6.0,1.0.0
70ccac8c9b62ce0758c85c5c8b9cee0b,70ccac8c9b62ce0758c85c5c8b9cee0b,51af5d83e49064cd01fc,IDEXX,baseline_historico,2025-09-20,9/20/25,9/20/25,Sin Limpieza/batch_45.pdf,batch_45.pdf,.,1.0,BOCA SERVICIOS VETERINARIOS,BOCA SERVICIOS VETERINARIOS,,,18.45,-69.6,manual_override,0.6,Chihuahua,Female,7.0,1.0.0
70b52d1f6f4bf0062296b6a68a8d8eac,70b52d1f6f4bf0062296b6a68a8d8eac,fc101b76fc57766ac4c1,IDEXX,baseline_historico,2025-09-19,9/19/25,9/19/25,Sin Limpieza/batch_45.pdf,batch_45.pdf,.,3.0,BOCA SERVICIOS VETERINARIOS,BOCA SERVICIOS VETERINARIOS,,,18.45,-69.6,manual_override,0.6,Chihuahua,Female,3.0,1.0.0
b3fc4f9c45ebf7118fac9cd31470f9a0,b3fc4f9c45ebf7118fac9cd31470f9a0,48d4cef5e41d37915370,IDEXX,baseline_historico,2025-09-19,9/19/25,9/19/25,Sin Limpieza/batch_45.pdf,batch_45.pdf,.,5.0,BOCA SERVICIOS VETERINARIOS,BOCA SERVICIOS VETERINARIOS,,,18.45,-69.6,manual_override,0.6,Chihuahua,Female,10.0,1.0.0
db1953ab6a15eadeaf26817c9f98438f,db1953ab6a15eadeaf26817c9f98438f,44bd89c383ad7494bd96,IDEXX,baseline_historico,2025-09-18,9/18/25,9/18/25,Sin Limpieza/batch_45.pdf,batch_45.pdf,.,7.0,BOCA SERVICIOS VETERINARIOS,BOCA SERVICIOS VETERINARIOS,,,18.45,-69.6,manual_override,0.6,"Canine, Mixed Breed",Female,0.67,1.0.0
3c786007a32dab880d077db9dad15187,3c786007a32dab880d077db9dad15187,97bc627a5a4106abdc23,IDEXX,baseline_historico,2025-10-21,10/21/25,10/21/25,Sin Limpieza/batch_46.pdf,batch_46.pdf,.,1.0,BOCA SERVICIOS VETERINARIOS,BOCA SERVICIOS VETERINARIOS,,,18.45,-69.6,manual_override,0.6,German Shepherd,Female,0.42,1.0.0
dcd9e2e92d607d21e0fad634ea3a6f73,dcd9e2e92d607d21e0fad634ea3a6f73,a0a13f7e35c852715570,IDEXX,baseline_historico,2025-10-20,10/20/25,10/20/25,Sin Limpieza/batch_46.pdf,batch_46.pdf,.,3.0,BOCA SERVICIOS VETERINARIOS,BOCA SERVICIOS VETERINARIOS,,,18.45,-69.6,manual_override,0.6,Miniature Schnauzer,Female,8.0,1.0.0
e63ed162b318eb696e24eb60315b4f0e,e63ed162b318eb696e24eb60315b4f0e,d2de822fc9698c849502,IDEXX,baseline_historico,2025-10-20,10/20/25,10/20/25,Sin Limpieza/batch_46.pdf,batch_46.pdf,.,5.0,BOCA SERVICIOS VETERINARIOS,BOCA SERVICIOS VETERINARIOS,,,18.45,-69.6,manual_override,0.6,"Canine, Mixed Breed",Female,5.0,1.0.0
ba581b3f6ec504979540c7448ce5ece6,ba581b3f6ec504979540c7448ce5ece6,9cba440ffa4b960e276a,IDEXX,baseline_historico,2025-10-20,10/20/25,10/20/25,Sin Limpieza/batch_46.pdf,batch_46.pdf,.,7.0,BOCA SERVICIOS VETERINARIOS,BOCA SERVICIOS VETERINARIOS,,,18.45,-69.6,manual_override,0.6,"Canine, Mixed Breed",Male,,1.0.0
be994226012ec4fcf3682142cd5cd931,be994226012ec4fcf3682142cd5cd931,ed66e4e30705295eafd3,IDEXX,baseline_historico,2025-10-20,10/20/25,10/20/25,Sin Limpieza/batch_46.pdf,batch_46.pdf,.,9.0,BOCA SERVICIOS VETERINARIOS,BOCA SERVICIOS VETERINARIOS,,,18.45,-69.6,manual_override,0.6,"Canine, Other",Male,,1.0.0
ee75402fe8675970af116a5f5542ad9e,ee75402fe8675970af116a5f5542ad9e,ed66e4e30705295eafd3,IDEXX,baseline_historico,2025-10-19,10/19/25,10/19/25,Sin Limpieza/batch_46.pdf,batch_46.pdf,.,11.0,BOCA SERVICIOS VETERINARIOS,BOCA SERVICIOS VETERINARIOS,,,18.45,-69.6,manual_override,0.6,"Canine, Other",Male,,1.0.0
450d80a790cf8f3d40b6e2e6b247c407,450d80a790cf8f3d40b6e2e6b247c407,25ad1a187032d792da3c,IDEXX,baseline_historico,2025-10-24,10/24/25,10/24/25,Sin Limpieza/batch_47.pdf,batch_47.pdf,.,1.0,BOCA SERVICIOS VETERINARIOS,BOCA SERVICIOS VETERINARIOS,,,18.45,-69.6,manual_override,0.6,"Canine, Other",Male,0.42,1.0.0
1028473ea2658c129776a15e142a22c4,1028473ea2658c129776a15e142a22c4,cf666d227bc0027f61d2,IDEXX,baseline_historico,2025-10-23,10/23/25,10/23/25,Sin Limpieza/batch_47.pdf,batch_47.pdf,.,3.0,BOCA SERVICIOS VETERINARIOS,BOCA SERVICIOS VETERINARIOS,,,18.45,-69.6,manual_override,0.6,"Canine, Mixed Breed",Male,3.0,1.0.0
49a2935365d1c1d90beaa21e969a110e,49a2935365d1c1d90beaa21e969a110e,af96c3af1ba8cd2c0bb2,IDEXX,baseline_historico,2025-10-23,10/23/25,10/23/25,Sin Limpieza/batch_47.pdf,batch_47.pdf,.,5.0,BOCA SERVICIOS VETERINARIOS,BOCA SERVICIOS VETERINARIOS,,,18.45,-69.6,manual_override,0.6,"Canine, Mixed Breed",Female,6.0,1.0.0
bbdbf0c0f13574f66c42d1dadc9f3d81,bbdbf0c0f13574f66c42d1dadc9f3d81,36676d382218bff83613,IDEXX,baseline_historico,2025-10-23,10/23/25,10/23/25,Sin Limpieza/batch_47.pdf,batch_47.pdf,.,7.0,BOCA SERVICIOS VETERINARIOS,BOCA SERVICIOS VETERINARIOS,,,18.45,-69.6,manual_override,0.6,"Canine, Other",Male,2.0,1.0.0
8c640015911213ef489dbdbebd6759b8,8c640015911213ef489dbdbebd6759b8,a063dab42252a91a584e,IDEXX,baseline_historico,2025-10-23,10/23/25,10/23/25,Sin Limpieza/batch_47.pdf,batch_47.pdf,.,9.0,BOCA SERVICIOS VETERINARIOS,BOCA SERVICIOS VETERINARIOS,,,18.45,-69.6,manual_override,0.6,Golden Retriever,Female,1.0,1.0.0
dddc15f11094e2d5d011b0b233a46119,dddc15f11094e2d5d011b0b233a46119,bef4a779d5efb80a7703,IDEXX,baseline_historico,2025-10-23,10/23/25,10/23/25,Sin Limpieza/batch_47.pdf,batch_47.pdf,.,11.0,BOCA SERVICIOS VETERINARIOS,BOCA SERVICIOS VETERINARIOS,,,18.45,-69.6,manual_override,0.6,Akita,Female,3.0,1.0.0
1f4c8a67274f9ddb9326ed54cd5ed6a4,1f4c8a67274f9ddb9326ed54cd5ed6a4,1e9ee4e70895ffec0b7f,IDEXX,baseline_historico,2025-10-23,10/23/25,10/23/25,Sin Limpieza/batch_47.pdf,batch_47.pdf,.,17.0,BOCA SERVICIOS VETERINARIOS,BOCA SERVICIOS VETERINARIOS,,,18.45,-69.6,manual_override,0.6,"Canine, Mixed Breed",Female,2.0,1.0.0
9a539d8b93d0ec10b58445723914f3ad,9a539d8b93d0ec10b58445723914f3ad,787b12d763f3b7b78d2d,IDEXX,baseline_historico,2025-11-07,11/7/25,11/7/25,Sin Limpieza/batch_48.pdf,batch_48.pdf,.,1.0,BOCA SERVICIOS VETERINARIOS,BOCA SERVICIOS VETERINARIOS,,,18.45,-69.6,manual_override,0.6,Yorkshire Terrier,Female,7.0,1.0.0
3e1c3cdecf750d2f2701593650f33a6c,3e1c3cdecf750d2f2701593650f33a6c,f82f71ad628e83d898aa,IDEXX,baseline_historico,2025-11-07,11/7/25,11/7/25,Sin Limpieza/batch_48.pdf,batch_48.pdf,.,3.0,BOCA SERVICIOS VETERINARIOS,BOCA SERVICIOS VETERINARIOS,,,18.45,-69.6,manual_override,0.6,"santo domingo, do 0000 DATE OF RECEIPT: 11/7/25",,8.0,1.0.0
31ffa820afaf1a4fccc4c50ec48cedc3,31ffa820afaf1a4fccc4c50ec48cedc3,4e56607042ced007e368,IDEXX,baseline_historico,2025-11-05,11/5/25,11/5/25,Sin Limpieza/batch_48.pdf,batch_48.pdf,.,5.0,BOCA SERVICIOS VETERINARIOS,BOCA SERVICIOS VETERINARIOS,,,18.45,-69.6,manual_override,0.6,Pointer,Male,1.0,1.0.0
52e898ab65dc047ea39b3fbc1c91f3b7,52e898ab65dc047ea39b3fbc1c91f3b7,04f620f8ff5183c36fff,IDEXX,baseline_historico,2025-11-05,11/5/25,11/5/25,Sin Limpieza/batch_48.pdf,batch_48.pdf,.,7.0,BOCA SERVICIOS VETERINARIOS,BOCA SERVICIOS VETERINARIOS,,,18.45,-69.6,manual_override,0.6,"Cocker Spaniel, American",Male,1.0,1.0.0
a0bffba67412016cafbb9db244cbd027,a0bffba67412016cafbb9db244cbd027,c69e9cd737c145813fa8,IDEXX,baseline_historico,2025-11-05,11/5/25,11/5/25,Sin Limpieza/batch_48.pdf,batch_48.pdf,.,13.0,BOCA SERVICIOS VETERINARIOS,BOCA SERVICIOS VETERINARIOS,,,18.45,-69.6,manual_override,0.6,Golden Retriever,Male,9.0,1.0.0
149815d59d14bfd4f28a2a290d2666c1,149815d59d14bfd4f28a2a290d2666c1,0a4abb35a78a470a9f5d,IDEXX,baseline_historico,2025-11-05,11/5/25,11/5/25,Sin Limpieza/batch_48.pdf,batch_48.pdf,.,15.0,BOCA SERVICIOS VETERINARIOS,BOCA SERVICIOS VETERINARIOS,,,18.45,-69.6,manual_override,0.6,Doberman Pinscher,Female,,1.0.0
a321966d79d773de0e06463d93c98492,a321966d79d773de0e06463d93c98492,870e9a5254b97516b2fc,IDEXX,baseline_historico,2025-11-10,11/10/25,11/10/25,Sin Limpieza/batch_49.pdf,batch_49.pdf,.,3.0,BOCA SERVICIOS VETERINARIOS,BOCA SERVICIOS VETERINARIOS,,,18.45,-69.6,manual_override,0.6,French Bulldog,Male,,1.0.0
37699382f304efbea949382de18c154f,37699382f304efbea949382de18c154f,5e5c8b792659f341aacb,IDEXX,baseline_historico,2025-11-07,11/7/25,11/7/25,Sin Limpieza/batch_49.pdf,batch_49.pdf,.,5.0,BOCA SERVICIOS VETERINARIOS,BOCA SERVICIOS VETERINARIOS,,,18.45,-69.6,manual_override,0.6,Bulldog,Female,5.0,1.0.0
18c9a3ab94d0a40768b738e61e1b6baa,18c9a3ab94d0a40768b738e61e1b6baa,e6dd834cf9daeb1ce222,IDEXX,baseline_historico,2025-11-07,11/7/25,11/7/25,Sin Limpieza/batch_49.pdf,batch_49.pdf,.,7.0,BOCA SERVICIOS VETERINARIOS,BOCA SERVICIOS VETERINARIOS,,,18.45,-69.6,manual_override,0.6,"Canine, Mixed Breed",Male,1.0,1.0.0
4b1d3f7c3b2d38f5124a159919c8bdd9,4b1d3f7c3b2d38f5124a159919c8bdd9,d2f183d0521840a31764,IDEXX,baseline_historico,2025-11-07,11/7/25,11/7/25,Sin Limpieza/batch_49.pdf,batch_49.pdf,.,9.0,BOCA SERVICIOS VETERINARIOS,BOCA SERVICIOS VETERINARIOS,,,18.45,-69.6,manual_override,0.6,Bulldog,Male,8.0,1.0.0
b64da899c9d9ca7ef949b02b9245c25f,b64da899c9d9ca7ef949b02b9245c25f,a019612623e22bd9898c,IDEXX,baseline_historico,2025-11-07,11/7/25,11/7/25,Sin Limpieza/batch_49.pdf,batch_49.pdf,.,11.0,BOCA SERVICIOS VETERINARIOS,BOCA SERVICIOS VETERINARIOS,,,18.45,-69.6,manual_override,0.6,Belgian Malinois,Male,,1.0.0
9fba2808a3b814460c7aaf559b43b3fb,9fba2808a3b814460c7aaf559b43b3fb,b84966ae4d944581adc1,IDEXX,baseline_historico,2025-11-07,11/7/25,11/7/25,Sin Limpieza/batch_49.pdf,batch_49.pdf,.,13.0,BOCA SERVICIOS VETERINARIOS,BOCA SERVICIOS VETERINARIOS,,,18.45,-69.6,manual_override,0.6,"Canine, Other",Male,7.0,1.0.0
d71392cf0162e2c4c3b4c1aa2848992e,d71392cf0162e2c4c3b4c1aa2848992e,288fa0860fea8b0f36c0,IDEXX,baseline_historico,2025-11-07,11/7/25,11/7/25,Sin Limpieza/batch_49.pdf,batch_49.pdf,.,15.0,BOCA SERVICIOS VETERINARIOS,BOCA SERVICIOS VETERINARIOS,,,18.45,-69.6,manual_override,0.6,"Canine, Mixed Breed",Male,,1.0.0
2013e6577c799868eb2ae5f07cf5582f,2013e6577c799868eb2ae5f07cf5582f,d67da8210459866b137d,IDEXX,baseline_historico,2025-11-07,11/7/25,11/7/25,Sin Limpieza/batch_49.pdf,batch_49.pdf,.,17.0,BOCA SERVICIOS VETERINARIOS,BOCA SERVICIOS VETERINARIOS,,,18.45,-69.6,manual_override,0.6,Shih Tzu DATE OF RESULT: 11/7/25,Male,1.0,1.0.0
5cbb19ffc12c8d71458a0f3879caa1ca,5cbb19ffc12c8d71458a0f3879caa1ca,6aa3bfd4deec2de313b5,IDEXX,baseline_historico,2025-11-07,11/7/25,11/7/25,Sin Limpieza/batch_49.pdf,batch_49.pdf,.,19.0,BOCA SERVICIOS VETERINARIOS,BOCA SERVICIOS VETERINARIOS,,,18.45,-69.6,manual_override,0.6,"Canine, Mixed Breed",Male,,1.0.0
77500e64f5619827a0250f92cb416425,77500e64f5619827a0250f92cb416425,9817d8ddae122939b62b,IDEXX,baseline_historico,2025-12-24,12/24/25,12/24/25,Sin Limpieza/batch_5.pdf,batch_5.pdf,.,1.0,BOCA SERVICIOS VETERINARIOS,BOCA SERVICIOS VETERINARIOS,,,18.45,-69.6,manual_override,0.6,Poodle,Female,0.5,1.0.0
a0579acc398bbc0507dd8c3af330779b,a0579acc398bbc0507dd8c3af330779b,2184c29efbe09b8c3028,IDEXX,baseline_historico,2025-12-22,12/22/25,12/22/25,Sin Limpieza/batch_5.pdf,batch_5.pdf,.,3.0,BOCA SERVICIOS VETERINARIOS,BOCA SERVICIOS VETERINARIOS,,,18.45,-69.6,manual_override,0.6,Labrador Retriever,Female,11.0,1.0.0
5742e868410ef5309bb2b4f734dee8f3,5742e868410ef5309bb2b4f734dee8f3,cc76a04c6eda471cc10d,IDEXX,baseline_historico,2025-12-22,12/22/25,12/22/25,Sin Limpieza/batch_5.pdf,batch_5.pdf,.,5.0,BOCA SERVICIOS VETERINARIOS,BOCA SERVICIOS VETERINARIOS,,,18.45,-69.6,manual_override,0.6,"Canine, Mixed Breed",Female,7.0,1.0.0
a4d10c59486bca8437d859b7a0c5b62c,a4d10c59486bca8437d859b7a0c5b62c,2468b45ec3349c13ae77,IDEXX,baseline_historico,2025-12-20,12/20/25,12/20/25,Sin Limpieza/batch_5.pdf,batch_5.pdf,.,7.0,BOCA SERVICIOS VETERINARIOS,BOCA SERVICIOS VETERINARIOS,,,18.45,-69.6,manual_override,0.6,"Canine, Mixed Breed",Male,,1.0.0
8e0ce99033cfb910135d782e89a5b8ef,8e0ce99033cfb910135d782e89a5b8ef,40e9c7f5d5dcd036d2c7,IDEXX,baseline_historico,2025-12-20,12/20/25,12/20/25,Sin Limpieza/batch_5.pdf,batch_5.pdf,.,11.0,BOCA SERVICIOS VETERINARIOS,BOCA SERVICIOS VETERINARIOS,,,18.45,-69.6,manual_override,0.6,Yorkshire Terrier,Female,,1.0.0
4519af8df2e5706893eed53d08c44602,4519af8df2e5706893eed53d08c44602,b20ef19240c9a2584373,IDEXX,baseline_historico,2025-09-25,9/25/25,9/25/25,Sin Limpieza/batch_50.pdf,batch_50.pdf,.,3.0,BOCA SERVICIOS VETERINARIOS,BOCA SERVICIOS VETERINARIOS,,,18.45,-69.6,manual_override,0.6,"Canine, Mixed Breed",Male,,1.0.0
6408e353f2e9fcac7973a531e95289f6,6408e353f2e9fcac7973a531e95289f6,3610837d7830951b651f,IDEXX,baseline_historico,2025-09-25,9/25/25,9/25/25,Sin Limpieza/batch_50.pdf,batch_50.pdf,.,5.0,BOCA SERVICIOS VETERINARIOS,BOCA SERVICIOS VETERINARIOS,,,18.45,-69.6,manual_override,0.6,Shih Tzu,Male,2.0,1.0.0
e8f0bbf0a9014b33a4f2fa66770a85e3,e8f0bbf0a9014b33a4f2fa66770a85e3,ba738baaa6e47b6246af,IDEXX,baseline_historico,2025-09-25,9/25/25,9/25/25,Sin Limpieza/batch_50.pdf,batch_50.pdf,.,7.0,BOCA SERVICIOS VETERINARIOS,BOCA SERVICIOS VETERINARIOS,,,18.45,-69.6,manual_override,0.6,Pomeranian,Male,,1.0.0
80150e9a515522e8ff69247ab5f35240,80150e9a515522e8ff69247ab5f35240,da84f89a43f8d706dfdd,IDEXX,baseline_historico,2025-09-23,9/23/25,9/23/25,Sin Limpieza/batch_50.pdf,batch_50.pdf,.,9.0,BOCA SERVICIOS VETERINARIOS,BOCA SERVICIOS VETERINARIOS,,,18.45,-69.6,manual_override,0.6,Yorkshire Terrier,Female,2.0,1.0.0
38046b977f99567e2626d14f7aad4478,38046b977f99567e2626d14f7aad4478,2c5afdd051682f81fc51,IDEXX,baseline_historico,2025-09-23,9/23/25,9/23/25,Sin Limpieza/batch_50.pdf,batch_50.pdf,.,11.0,BOCA SERVICIOS VETERINARIOS,BOCA SERVICIOS VETERINARIOS,,,18.45,-69.6,manual_override,0.6,"Canine, Mixed Breed",,8.0,1.0.0
d2b6905571ae42995b59b6609369c2e1,d2b6905571ae42995b59b6609369c2e1,9a0f3d23b8945b7ca095,IDEXX,baseline_historico,2025-09-22,9/22/25,9/22/25,Sin Limpieza/batch_50.pdf,batch_50.pdf,.,13.0,BOCA SERVICIOS VETERINARIOS,BOCA SERVICIOS VETERINARIOS,,,18.45,-69.6,manual_override,0.6,Jack Russell Terrier,Female,11.0,1.0.0
8068f754c59513843bf5987d094339d7,8068f754c59513843bf5987d094339d7,13df3fa255c5a3af0aee,IDEXX,baseline_historico,2025-09-22,9/22/25,9/22/25,Sin Limpieza/batch_50.pdf,batch_50.pdf,.,15.0,BOCA SERVICIOS VETERINARIOS,BOCA SERVICIOS VETERINARIOS,,,18.45,-69.6,manual_override,0.6,"Cocker Spaniel, American",Female,2.0,1.0.0
5a0439fdfaef6a50726273d1904495a8,5a0439fdfaef6a50726273d1904495a8,f543e3a5c30227a8c9e2,IDEXX,baseline_historico,2025-09-20,9/20/25,9/20/25,Sin Limpieza/batch_50.pdf,batch_50.pdf,.,17.0,BOCA SERVICIOS VETERINARIOS,BOCA SERVICIOS VETERINARIOS,,,18.45,-69.6,manual_override,0.6,Chihuahua,Female,6.0,1.0.0
b8fab71d036764637dd59adf54816225,b8fab71d036764637dd59adf54816225,fdc4702065b2b2690d35,IDEXX,baseline_historico,2025-10-29,10/29/25,10/29/25,Sin Limpieza/batch_51.pdf,batch_51.pdf,.,1.0,BOCA SERVICIOS VETERINARIOS,BOCA SERVICIOS VETERINARIOS,,,18.45,-69.6,manual_override,0.6,"Canine, Other",Male,5.0,1.0.0
9ab6288a1481b733764af8c7eb11d853,9ab6288a1481b733764af8c7eb11d853,062afb5e432e2c06e638,IDEXX,baseline_historico,2025-10-29,10/29/25,10/29/25,Sin Limpieza/batch_51.pdf,batch_51.pdf,.,3.0,BOCA SERVICIOS VETERINARIOS,BOCA SERVICIOS VETERINARIOS,,,18.45,-69.6,manual_override,0.6,Golden Retriever,Male,0.42,1.0.0
e1ab50686843437d0ba3a800b6076c8b,e1ab50686843437d0ba3a800b6076c8b,b089132c20733f87a601,IDEXX,baseline_historico,2025-10-28,10/28/25,10/28/25,Sin Limpieza/batch_51.pdf,batch_51.pdf,.,5.0,BOCA SERVICIOS VETERINARIOS,BOCA SERVICIOS VETERINARIOS,,,18.45,-69.6,manual_override,0.6,Chihuahua,Female,3.0,1.0.0
77cdbba4fca0d8d7311901526538c4ae,77cdbba4fca0d8d7311901526538c4ae,d5624415e5be99df27a4,IDEXX,baseline_historico,2025-10-28,10/28/25,10/28/25,Sin Limpieza/batch_51.pdf,batch_51.pdf,.,7.0,BOCA SERVICIOS VETERINARIOS,BOCA SERVICIOS VETERINARIOS,,,18.45,-69.6,manual_override,0.6,"Canine, Mixed Breed",Female,6.0,1.0.0
855f575be67f64bace676f3b2ca3c6de,855f575be67f64bace676f3b2ca3c6de,3a5737aedc7d22792b0f,IDEXX,baseline_historico,2025-10-28,10/28/25,10/28/25,Sin Limpieza/batch_51.pdf,batch_51.pdf,.,9.0,BOCA SERVICIOS VETERINARIOS,BOCA SERVICIOS VETERINARIOS,,,18.45,-69.6,manual_override,0.6,Australian Shepherd,Male,4.0,1.0.0
41ab1e1230758fda651c5ebd640509dc,41ab1e1230758fda651c5ebd640509dc,d48b0ae8c625392d3d91,IDEXX,baseline_historico,2025-10-28,10/28/25,10/28/25,Sin Limpieza/batch_51.pdf,batch_51.pdf,.,11.0,BOCA SERVICIOS VETERINARIOS,BOCA SERVICIOS VETERINARIOS,,,18.45,-69.6,manual_override,0.6,German Shepherd,Male,1.0,1.0.0
a6f4c5bcf6e8d781f9b35ad3e2398b93,a6f4c5bcf6e8d781f9b35ad3e2398b93,877529146ef701f0a618,IDEXX,baseline_historico,2025-10-27,10/27/25,10/27/25,Sin Limpieza/batch_51.pdf,batch_51.pdf,.,13.0,BOCA SERVICIOS VETERINARIOS,BOCA SERVICIOS VETERINARIOS,,,18.45,-69.6,manual_override,0.6,Shih Tzu,Female,3.0,1.0.0
41c1ef37ecb1134a93499c4a3b654c60,41c1ef37ecb1134a93499c4a3b654c60,512e7fd73baa482381ce,IDEXX,baseline_historico,2025-10-27,10/27/25,10/27/25,Sin Limpieza/batch_51.pdf,batch_51.pdf,.,15.0,BOCA SERVICIOS VETERINARIOS,BOCA SERVICIOS VETERINARIOS,,,18.45,-69.6,manual_override,0.6,"Canine, Mixed Breed",Female,6.0,1.0.0
c92916b0e089aebb8c7fccdcc15c3eef,c92916b0e089aebb8c7fccdcc15c3eef,2fce19b85704a9ce2ae0,IDEXX,baseline_historico,2025-10-26,10/26/25,10/26/25,Sin Limpieza/batch_51.pdf,batch_51.pdf,.,17.0,BOCA SERVICIOS VETERINARIOS,BOCA SERVICIOS VETERINARIOS,,,18.45,-69.6,manual_override,0.6,Bulldog,Female,,1.0.0
e5bde18128bf1c9d137e9669cab4f165,e5bde18128bf1c9d137e9669cab4f165,d1fa3de394e6665a3311,IDEXX,baseline_historico,2025-10-26,10/26/25,10/26/25,Sin Limpieza/batch_51.pdf,batch_51.pdf,.,19.0,BOCA SERVICIOS VETERINARIOS,BOCA SERVICIOS VETERINARIOS,,,18.45,-69.6,manual_override,0.6,"Canine, Mixed Breed",Male,9.0,1.0.0
b7eb5e418a63c43cf940048fad3aee15,b7eb5e418a63c43cf940048fad3aee15,a453ef0901baf316b846,IDEXX,baseline_historico,2025-10-15,10/15/25,10/15/25,Sin Limpieza/batch_52.pdf,batch_52.pdf,.,1.0,BOCA SERVICIOS VETERINARIOS,BOCA SERVICIOS VETERINARIOS,,,18.45,-69.6,manual_override,0.6,"Canine, Other",Female,2.0,1.0.0
8675be3468a506bac3d3293e2e713c57,8675be3468a506bac3d3293e2e713c57,48d4cef5e41d37915370,IDEXX,baseline_historico,2025-10-15,10/15/25,10/15/25,Sin Limpieza/batch_52.pdf,batch_52.pdf,.,3.0,BOCA SERVICIOS VETERINARIOS,BOCA SERVICIOS VETERINARIOS,,,18.45,-69.6,manual_override,0.6,Chihuahua,Female,10.0,1.0.0
ef8f449330a5cc340f421210b08e84e8,ef8f449330a5cc340f421210b08e84e8,a3c32a8109451b0e1345,IDEXX,baseline_historico,2025-10-15,10/15/25,10/15/25,Sin Limpieza/batch_52.pdf,batch_52.pdf,.,5.0,BOCA SERVICIOS VETERINARIOS,BOCA SERVICIOS VETERINARIOS,,,18.45,-69.6,manual_override,0.6,Golden Retriever,Female,5.0,1.0.0
d77fbe9d073ac09878dac2a496f22ea0,d77fbe9d073ac09878dac2a496f22ea0,a453ef0901baf316b846,IDEXX,baseline_historico,2025-10-14,10/14/25,10/14/25,Sin Limpieza/batch_52.pdf,batch_52.pdf,.,7.0,BOCA SERVICIOS VETERINARIOS,BOCA SERVICIOS VETERINARIOS,,,18.45,-69.6,manual_override,0.6,"Canine, Other",Female,2.0,1.0.0
06c537f69e0738141e364a7af7a313aa,06c537f69e0738141e364a7af7a313aa,235d2317b40e4704116f,IDEXX,baseline_historico,2025-10-14,10/14/25,10/14/25,Sin Limpieza/batch_52.pdf,batch_52.pdf,.,9.0,BOCA SERVICIOS VETERINARIOS,BOCA SERVICIOS VETERINARIOS,,,18.45,-69.6,manual_override,0.6,Chihuahua,Female,6.0,1.0.0
ae784fdf3d2345a2538c8b93adf2461a,ae784fdf3d2345a2538c8b93adf2461a,55279ded80a750983dac,IDEXX,baseline_historico,2025-10-14,10/14/25,10/14/25,Sin Limpieza/batch_52.pdf,batch_52.pdf,.,11.0,BOCA SERVICIOS VETERINARIOS,BOCA SERVICIOS VETERINARIOS,,,18.45,-69.6,manual_override,0.6,"Canine, Other",Male,5.0,1.0.0
d757632ab9feaa4ef5fee0f8312536b0,d757632ab9feaa4ef5fee0f8312536b0,8b8ea9e5a6125db61ad8,IDEXX,baseline_historico,2025-10-13,10/13/25,10/13/25,Sin Limpieza/batch_52.pdf,batch_52.pdf,.,13.0,BOCA SERVICIOS VETERINARIOS,BOCA SERVICIOS VETERINARIOS,,,18.45,-69.6,manual_override,0.6,German Shepherd,Male,,1.0.0
3821f03c3c517a5a55df3909ea550e48,3821f03c3c517a5a55df3909ea550e48,c6180d43f8751329263c,IDEXX,baseline_historico,2025-10-13,10/13/25,10/13/25,Sin Limpieza/batch_52.pdf,batch_52.pdf,.,15.0,BOCA SERVICIOS VETERINARIOS,BOCA SERVICIOS VETERINARIOS,,,18.45,-69.6,manual_override,0.6,"Canine, Other",Female,4.0,1.0.0
fb065f5fc2c251c496cfaa44c7e6af08,fb065f5fc2c251c496cfaa44c7e6af08,f6a877b180390a16a4e2,IDEXX,baseline_historico,2025-10-13,10/13/25,10/13/25,Sin Limpieza/batch_52.pdf,batch_52.pdf,.,17.0,BOCA SERVICIOS VETERINARIOS,BOCA SERVICIOS VETERINARIOS,,,18.45,-69.6,manual_override,0.6,Chihuahua,Male,18.0,1.0.0
ac89066234c917456b0a8ba82e7341cf,ac89066234c917456b0a8ba82e7341cf,d99cb2b0c25a5719f54e,IDEXX,baseline_historico,2025-10-13,10/13/25,10/13/25,Sin Limpieza/batch_52.pdf,batch_52.pdf,.,19.0,BOCA SERVICIOS VETERINARIOS,BOCA SERVICIOS VETERINARIOS,,,18.45,-69.6,manual_override,0.6,Chihuahua,Female,12.0,1.0.0
0f9be15bb779610ad54ce5477e246956,0f9be15bb779610ad54ce5477e246956,d57c11f7e65afcf35630,IDEXX,baseline_historico,2025-11-15,11/15/25,11/15/25,Sin Limpieza/batch_53.pdf,batch_53.pdf,.,1.0,BOCA SERVICIOS VETERINARIOS,BOCA SERVICIOS VETERINARIOS,,,18.45,-69.6,manual_override,0.6,"Canine, Mixed Breed",Female,,1.0.0
2479bf3cd72707b78ae70c3ac07838f9,2479bf3cd72707b78ae70c3ac07838f9,3f9fe7b63121741b38f0,IDEXX,baseline_historico,2025-11-15,11/15/25,11/15/25,Sin Limpieza/batch_53.pdf,batch_53.pdf,.,3.0,BOCA SERVICIOS VETERINARIOS,BOCA SERVICIOS VETERINARIOS,,,18.45,-69.6,manual_override,0.6,"Canine, Mixed Breed",Male,,1.0.0
9ff7d288becc6820fe685dd168f08aa7,9ff7d288becc6820fe685dd168f08aa7,256f2dbb4f9a1ea76743,IDEXX,baseline_historico,2025-11-15,11/15/25,11/15/25,Sin Limpieza/batch_53.pdf,batch_53.pdf,.,5.0,BOCA SERVICIOS VETERINARIOS,BOCA SERVICIOS VETERINARIOS,,,18.45,-69.6,manual_override,0.6,Mixed,Male,,1.0.0
8670c8ffbcdf8284ff2e89ab1f5fbe0a,8670c8ffbcdf8284ff2e89ab1f5fbe0a,14bf85abd98c2242db1e,IDEXX,baseline_historico,2025-11-14,11/14/25,11/14/25,Sin Limpieza/batch_53.pdf,batch_53.pdf,.,11.0,BOCA SERVICIOS VETERINARIOS,BOCA SERVICIOS VETERINARIOS,,,18.45,-69.6,manual_override,0.6,Pomeranian,Female,1.0,1.0.0
b354807bbc3b7a95b40b5ec2405c4b15,b354807bbc3b7a95b40b5ec2405c4b15,a988a3bb4bfc661de6d3,IDEXX,baseline_historico,2025-11-14,11/14/25,11/14/25,Sin Limpieza/batch_53.pdf,batch_53.pdf,.,13.0,BOCA SERVICIOS VETERINARIOS,BOCA SERVICIOS VETERINARIOS,,,18.45,-69.6,manual_override,0.6,"Canine, Mixed Breed",Male,,1.0.0
709922c3903c79cb4720e776af6c4a78,709922c3903c79cb4720e776af6c4a78,409f559fc1792407d78d,IDEXX,baseline_historico,2025-11-14,11/14/25,11/14/25,Sin Limpieza/batch_53.pdf,batch_53.pdf,.,15.0,BOCA SERVICIOS VETERINARIOS,BOCA SERVICIOS VETERINARIOS,,,18.45,-69.6,manual_override,0.6,"Canine, Mixed Breed",Male,,1.0.0
32a954a41fca7137c2ffba9b33d2be7f,32a954a41fca7137c2ffba9b33d2be7f,ac7f74a4a55a4c123719,IDEXX,baseline_historico,2025-11-14,11/14/25,11/14/25,Sin Limpieza/batch_53.pdf,batch_53.pdf,.,17.0,BOCA SERVICIOS VETERINARIOS,BOCA SERVICIOS VETERINARIOS,,,18.45,-69.6,manual_override,0.6,German Shepherd,Male,1.0,1.0.0
e6720a73537bed075a715d358f32c0cc,e6720a73537bed075a715d358f32c0cc,2468b45ec3349c13ae77,IDEXX,baseline_historico,2025-11-13,11/13/25,11/13/25,Sin Limpieza/batch_53.pdf,batch_53.pdf,.,19.0,BOCA SERVICIOS VETERINARIOS,BOCA SERVICIOS VETERINARIOS,,,18.45,-69.6,manual_override,0.6,"Canine, Mixed Breed",Male,,1.0.0
f7d8e24cc16465cd9ec63fec542fc00b,f7d8e24cc16465cd9ec63fec542fc00b,cdeda6c9496bf4ae50b3,IDEXX,baseline_historico,2025-10-25,10/25/25,10/25/25,Sin Limpieza/batch_54.pdf,batch_54.pdf,.,1.0,BOCA SERVICIOS VETERINARIOS,BOCA SERVICIOS VETERINARIOS,,,18.45,-69.6,manual_override,0.6,Yorkshire Terrier,Female,5.0,1.0.0
d67274726be46e12bd8544627ddb3f96,d67274726be46e12bd8544627ddb3f96,636e6e1bd167e9f83bbf,IDEXX,baseline_historico,2025-10-25,10/25/25,10/25/25,Sin Limpieza/batch_54.pdf,batch_54.pdf,.,3.0,BOCA SERVICIOS VETERINARIOS,BOCA SERVICIOS VETERINARIOS,,,18.45,-69.6,manual_override,0.6,"Canine, Mixed Breed",Female,0.42,1.0.0
384d98ebddb47beef6020e3bb6f0820e,384d98ebddb47beef6020e3bb6f0820e,d99cb2b0c25a5719f54e,IDEXX,baseline_historico,2025-10-25,10/25/25,10/25/25,Sin Limpieza/batch_54.pdf,batch_54.pdf,.,5.0,BOCA SERVICIOS VETERINARIOS,BOCA SERVICIOS VETERINARIOS,,,18.45,-69.6,manual_override,0.6,Chihuahua,Female,12.0,1.0.0
d71df822bc40fd028d4af32cc68d1575,d71df822bc40fd028d4af32cc68d1575,931a5fb63ed4941ffa4b,IDEXX,baseline_historico,2025-10-25,10/25/25,10/25/25,Sin Limpieza/batch_54.pdf,batch_54.pdf,.,7.0,BOCA SERVICIOS VETERINARIOS,BOCA SERVICIOS VETERINARIOS,,,18.45,-69.6,manual_override,0.6,Bulldog,Female,3.0,1.0.0
a973989749b66d2b7048dfe7d38c1423,a973989749b66d2b7048dfe7d38c1423,811abf29b942f32ddb49,IDEXX,baseline_historico,2025-10-25,10/25/25,10/25/25,Sin Limpieza/batch_54.pdf,batch_54.pdf,.,9.0,BOCA SERVICIOS VETERINARIOS,BOCA SERVICIOS VETERINARIOS,,,18.45,-69.6,manual_override,0.6,German Shepherd,Female,1.0,1.0.0
4eabe0e94e931bbc9e918887b694855e,4eabe0e94e931bbc9e918887b694855e,5e5eac7bc279446089f4,IDEXX,baseline_historico,2025-10-24,10/24/25,10/24/25,Sin Limpieza/batch_54.pdf,batch_54.pdf,.,11.0,BOCA SERVICIOS VETERINARIOS,BOCA SERVICIOS VETERINARIOS,,,18.45,-69.6,manual_override,0.6,"Canine, Mixed Breed",Female,1.0,1.0.0
20eadec9a2ff21908b6a35741e946db2,20eadec9a2ff21908b6a35741e946db2,8dc77928087aee35c2a5,IDEXX,baseline_historico,2025-10-24,10/24/25,10/24/25,Sin Limpieza/batch_54.pdf,batch_54.pdf,.,13.0,BOCA SERVICIOS VETERINARIOS,BOCA SERVICIOS VETERINARIOS,,,18.45,-69.6,manual_override,0.6,"Canine, Mixed Breed",Female,,1.0.0
0a9d568137cef143fe20f2735e954fb5,0a9d568137cef143fe20f2735e954fb5,211dac27393f427cf2b0,IDEXX,baseline_historico,2025-10-24,10/24/25,10/24/25,Sin Limpieza/batch_54.pdf,batch_54.pdf,.,15.0,BOCA SERVICIOS VETERINARIOS,BOCA SERVICIOS VETERINARIOS,,,18.45,-69.6,manual_override,0.6,Chihuahua,,,1.0.0
4b2b9e5ee0794fbe98a2c43fc949a12e,4b2b9e5ee0794fbe98a2c43fc949a12e,c69e9cd737c145813fa8,IDEXX,baseline_historico,2025-10-24,10/24/25,10/24/25,Sin Limpieza/batch_54.pdf,batch_54.pdf,.,17.0,BOCA SERVICIOS VETERINARIOS,BOCA SERVICIOS VETERINARIOS,,,18.45,-69.6,manual_override,0.6,Golden Retriever,Male,9.0,1.0.0
e6513146ee1d1b47eb960eb2f33e61fc,e6513146ee1d1b47eb960eb2f33e61fc,5e5eac7bc279446089f4,IDEXX,baseline_historico,2025-11-18,11/18/25,11/18/25,Sin Limpieza/batch_55.pdf,batch_55.pdf,.,1.0,BOCA SERVICIOS VETERINARIOS,BOCA SERVICIOS VETERINARIOS,,,18.45,-69.6,manual_override,0.6,"Canine, Mixed Breed",Female,1.0,1.0.0
343803204946ae84e743f13f5f6c7463,343803204946ae84e743f13f5f6c7463,a0a7bed2c6ca6716bb87,IDEXX,baseline_historico,2025-11-18,11/18/25,11/18/25,Sin Limpieza/batch_55.pdf,batch_55.pdf,.,3.0,BOCA SERVICIOS VETERINARIOS,BOCA SERVICIOS VETERINARIOS,,,18.45,-69.6,manual_override,0.6,Bull Terrier,Male,2.0,1.0.0
b529d4e973a08bf3ba59cd1cc193c703,b529d4e973a08bf3ba59cd1cc193c703,a6b765b7ab2bcd4ffc7a,IDEXX,baseline_historico,2025-11-18,11/18/25,11/18/25,Sin Limpieza/batch_55.pdf,batch_55.pdf,.,5.0,BOCA SERVICIOS VETERINARIOS,BOCA SERVICIOS VETERINARIOS,,,18.45,-69.6,manual_override,0.6,Yorkshire Terrier,Male,16.0,1.0.0
a1e291282d517b041aaa7e88f1784989,a1e291282d517b041aaa7e88f1784989,55db5ceb6b93f00302ce,IDEXX,baseline_historico,2025-11-18,11/18/25,11/18/25,Sin Limpieza/batch_55.pdf,batch_55.pdf,.,7.0,BOCA SERVICIOS VETERINARIOS,BOCA SERVICIOS VETERINARIOS,,,18.45,-69.6,manual_override,0.6,B,Male,8.0,1.0.0
bc41957081601f75308af61c0cfad8c0,bc41957081601f75308af61c0cfad8c0,06b801d0394e113de8a8,IDEXX,baseline_historico,2025-11-18,11/18/25,11/18/25,Sin Limpieza/batch_55.pdf,batch_55.pdf,.,9.0,BOCA SERVICIOS VETERINARIOS,BOCA SERVICIOS VETERINARIOS,,,18.45,-69.6,manual_override,0.6,German Shepherd,Male,8.0,1.0.0
af9db21ae4f3288af30f81d2d0ec5df6,af9db21ae4f3288af30f81d2d0ec5df6,a70bc6078b53fd3c33e1,IDEXX,baseline_historico,2025-11-18,11/18/25,11/18/25,Sin Limpieza/batch_55.pdf,batch_55.pdf,.,11.0,BOCA SERVICIOS VETERINARIOS,BOCA SERVICIOS VETERINARIOS,,,18.45,-69.6,manual_override,0.6,"Canine, Mixed Breed",Male,0.5,1.0.0
ea2d46bf733d768227c13d5c3d73bc48,ea2d46bf733d768227c13d5c3d73bc48,e6c99641f8fba84c6109,IDEXX,baseline_historico,2025-11-17,11/17/25,11/17/25,Sin Limpieza/batch_55.pdf,batch_55.pdf,.,13.0,BOCA SERVICIOS VETERINARIOS,BOCA SERVICIOS VETERINARIOS,,,18.45,-69.6,manual_override,0.6,"Canine, Mixed Breed",Male,,1.0.0
1e6495f83b9854ee0ef6ddf7af5cf7a9,1e6495f83b9854ee0ef6ddf7af5cf7a9,8e82409d6f47fa5fa057,IDEXX,baseline_historico,2025-11-17,11/17/25,11/17/25,Sin Limpieza/batch_55.pdf,batch_55.pdf,.,15.0,BOCA SERVICIOS VETERINARIOS,BOCA SERVICIOS VETERINARIOS,,,18.45,-69.6,manual_override,0.6,Bull Terrier,Female,5.0,1.0.0
d87b3eb6bacd8b6f26555fea7c3057d4,d87b3eb6bacd8b6f26555fea7c3057d4,d736bed43ca2ad76ff9c,IDEXX,baseline_historico,2025-11-17,11/17/25,11/17/25,Sin Limpieza/batch_55.pdf,batch_55.pdf,.,17.0,BOCA SERVICIOS VETERINARIOS,BOCA SERVICIOS VETERINARIOS,,,18.45,-69.6,manual_override,0.6,Shih Tzu,Male,11.0,1.0.0
ad651164a04363f3f1ad555a71db30e6,ad651164a04363f3f1ad555a71db30e6,bc3f400e28bf23bdd976,IDEXX,baseline_historico,2025-11-17,11/17/25,11/17/25,Sin Limpieza/batch_55.pdf,batch_55.pdf,.,19.0,BOCA SERVICIOS VETERINARIOS,BOCA SERVICIOS VETERINARIOS,,,18.45,-69.6,manual_override,0.6,"Canine, Mixed Breed",Female,0.5,1.0.0
e411d4bfeb847845c5105fcaa47904d5,e411d4bfeb847845c5105fcaa47904d5,8b3d6b2b4bc9b7b519f8,IDEXX,baseline_historico,2025-11-14,11/14/25,11/14/25,Sin Limpieza/batch_56.pdf,batch_56.pdf,.,1.0,BOCA SERVICIOS VETERINARIOS,BOCA SERVICIOS VETERINARIOS,,,18.45,-69.6,manual_override,0.6,German Shepherd,Male,3.0,1.0.0
84e5a306e4e404387fda27779be03279,84e5a306e4e404387fda27779be03279,0b4d55e6f8dd11c16320,IDEXX,baseline_historico,2025-11-13,11/13/25,11/13/25,Sin Limpieza/batch_56.pdf,batch_56.pdf,.,3.0,BOCA SERVICIOS VETERINARIOS,BOCA SERVICIOS VETERINARIOS,,,18.45,-69.6,manual_override,0.6,"Canine, Mixed Breed",Female,0.92,1.0.0
90ba4418bd4aba52c91b31e01c896aca,90ba4418bd4aba52c91b31e01c896aca,7f88860826cb24179934,IDEXX,baseline_historico,2025-11-13,11/13/25,11/13/25,Sin Limpieza/batch_56.pdf,batch_56.pdf,.,5.0,BOCA SERVICIOS VETERINARIOS,BOCA SERVICIOS VETERINARIOS,,,18.45,-69.6,manual_override,0.6,Pomeranian,Female,8.0,1.0.0
a47b902056b3a53741412dfcb4812b77,a47b902056b3a53741412dfcb4812b77,1fa318d53619b0d37339,IDEXX,baseline_historico,2025-11-13,11/13/25,11/13/25,Sin Limpieza/batch_56.pdf,batch_56.pdf,.,7.0,BOCA SERVICIOS VETERINARIOS,BOCA SERVICIOS VETERINARIOS,,,18.45,-69.6,manual_override,0.6,"Canine, Other",Female,,1.0.0
7c2ae0893a7ee58900384a19c146168a,7c2ae0893a7ee58900384a19c146168a,5edd0d59bb47589e09a7,IDEXX,baseline_historico,2025-11-12,11/12/25,11/12/25,Sin Limpieza/batch_56.pdf,batch_56.pdf,.,9.0,BOCA SERVICIOS VETERINARIOS,BOCA SERVICIOS VETERINARIOS,,,18.45,-69.6,manual_override,0.6,"Canine, Mixed Breed",Female,,1.0.0
b6d1958efe22bef2f52dedb0499ad2e0,b6d1958efe22bef2f52dedb0499ad2e0,847d90651430b65f3022,IDEXX,baseline_historico,2025-11-12,11/12/25,11/12/25,Sin Limpieza/batch_56.pdf,batch_56.pdf,.,11.0,BOCA SERVICIOS VETERINARIOS,BOCA SERVICIOS VETERINARIOS,,,18.45,-69.6,manual_override,0.6,"Canine, Mixed Breed",Male,5.0,1.0.0
28564f6f5535107a1eb38c22d96e6326,28564f6f5535107a1eb38c22d96e6326,394a766cc87e57280bcc,IDEXX,baseline_historico,2025-11-12,11/12/25,11/12/25,Sin Limpieza/batch_56.pdf,batch_56.pdf,.,13.0,BOCA SERVICIOS VETERINARIOS,BOCA SERVICIOS VETERINARIOS,,,18.45,-69.6,manual_override,0.6,"Canine, Mixed Breed",Male,,1.0.0
dcae7f77dc0c7b9992418a016a14baf1,dcae7f77dc0c7b9992418a016a14baf1,dbc571cc80f143e60509,IDEXX,baseline_historico,2025-11-12,11/12/25,11/12/25,Sin Limpieza/batch_56.pdf,batch_56.pdf,.,15.0,BOCA SERVICIOS VETERINARIOS,BOCA SERVICIOS VETERINARIOS,,,18.45,-69.6,manual_override,0.6,"Canine, Mixed Breed",Male,,1.0.0
ee7332c2468c15e56f04645aedc880c0,ee7332c2468c15e56f04645aedc880c0,ce64668a5be51b0fcd45,IDEXX,baseline_historico,2025-11-12,11/12/25,11/12/25,Sin Limpieza/batch_56.pdf,batch_56.pdf,.,17.0,BOCA SERVICIOS VETERINARIOS,BOCA SERVICIOS VETERINARIOS,,,18.45,-69.6,manual_override,0.6,"Canine, Mixed Breed",Male,2.0,1.0.0
28a9752db7bb4fed534a845fa01db2ce,28a9752db7bb4fed534a845fa01db2ce,1be988d0b6235c2ebd81,IDEXX,baseline_historico,2025-11-12,11/12/25,11/12/25,Sin Limpieza/batch_56.pdf,batch_56.pdf,.,19.0,BOCA SERVICIOS VETERINARIOS,BOCA SERVICIOS VETERINARIOS,,,18.45,-69.6,manual_override,0.6,German Shepherd,Male,,1.0.0
6bf44052c4b9ca0e95042ac10604fac2,6bf44052c4b9ca0e95042ac10604fac2,8cc15b881ca6015f4783,IDEXX,baseline_historico,2025-10-13,10/13/25,10/13/25,Sin Limpieza/batch_57.pdf,batch_57.pdf,.,1.0,BOCA SERVICIOS VETERINARIOS,BOCA SERVICIOS VETERINARIOS,,,18.45,-69.6,manual_override,0.6,"Canine, Mixed Breed",Female,6.0,1.0.0
059f509a919a98a007bc829b3b88956f,059f509a919a98a007bc829b3b88956f,a53b21b6aef3a779c8dc,IDEXX,baseline_historico,2025-10-13,10/13/25,10/13/25,Sin Limpieza/batch_57.pdf,batch_57.pdf,.,3.0,BOCA SERVICIOS VETERINARIOS,BOCA SERVICIOS VETERINARIOS,,,18.45,-69.6,manual_override,0.6,French Bulldog,Female,4.0,1.0.0
86a47c07599c4f320950ab6cc3ed6f38,86a47c07599c4f320950ab6cc3ed6f38,925ca6ac7a5a5ddf0613,IDEXX,baseline_historico,2025-10-13,10/13/25,10/13/25,Sin Limpieza/batch_57.pdf,batch_57.pdf,.,5.0,BOCA SERVICIOS VETERINARIOS,BOCA SERVICIOS VETERINARIOS,,,18.45,-69.6,manual_override,0.6,Maltese,Female,4.0,1.0.0
aa155adc06b6ca0562a2f2666518f7c7,aa155adc06b6ca0562a2f2666518f7c7,18f42a2875b9f6d5f7a8,IDEXX,baseline_historico,2025-10-10,10/10/25,10/10/25,Sin Limpieza/batch_57.pdf,batch_57.pdf,.,9.0,BOCA SERVICIOS VETERINARIOS,BOCA SERVICIOS VETERINARIOS,,,18.45,-69.6,manual_override,0.6,Dachshund,Female,3.0,1.0.0
3ffb8271581245026d7ec60b9f07ee03,3ffb8271581245026d7ec60b9f07ee03,1769ffc7ca0cc30b8411,IDEXX,baseline_historico,2025-10-10,10/10/25,10/10/25,Sin Limpieza/batch_57.pdf,batch_57.pdf,.,11.0,BOCA SERVICIOS VETERINARIOS,BOCA SERVICIOS VETERINARIOS,,,18.45,-69.6,manual_override,0.6,"Canine, Other",Male,,1.0.0
65ecb3648f13426c20c0dfb8d18a6666,65ecb3648f13426c20c0dfb8d18a6666,48baed98d96ee02db772,IDEXX,baseline_historico,2025-10-10,10/10/25,10/10/25,Sin Limpieza/batch_57.pdf,batch_57.pdf,.,13.0,BOCA SERVICIOS VETERINARIOS,BOCA SERVICIOS VETERINARIOS,,,18.45,-69.6,manual_override,0.6,"Canine, Mixed Breed",Male,8.0,1.0.0
3b206a5783b0f30afa7c72f9b85c8071,3b206a5783b0f30afa7c72f9b85c8071,9d195ae746f1e0dcdd9d,IDEXX,baseline_historico,2025-10-10,10/10/25,10/10/25,Sin Limpieza/batch_57.pdf,batch_57.pdf,.,15.0,BOCA SERVICIOS VETERINARIOS,BOCA SERVICIOS VETERINARIOS,,,18.45,-69.6,manual_override,0.6,Chihuahua,Female,13.0,1.0.0
f83a819e5f3b41e0bc38f346cd9c4e8b,f83a819e5f3b41e0bc38f346cd9c4e8b,ef7573931958ac052be1,IDEXX,baseline_historico,2025-10-10,10/10/25,10/10/25,Sin Limpieza/batch_57.pdf,batch_57.pdf,.,17.0,BOCA SERVICIOS VETERINARIOS,BOCA SERVICIOS VETERINARIOS,,,18.45,-69.6,manual_override,0.6,Australian Shepherd,Male,,1.0.0
4dbb4b92ccd388a3f280285d43948ce0,4dbb4b92ccd388a3f280285d43948ce0,48d4cef5e41d37915370,IDEXX,baseline_historico,2025-09-29,9/29/25,9/29/25,Sin Limpieza/batch_58.pdf,batch_58.pdf,.,5.0,BOCA SERVICIOS VETERINARIOS,BOCA SERVICIOS VETERINARIOS,,,18.45,-69.6,manual_override,0.6,Chihuahua,Female,10.0,1.0.0
c00d63234bcdc35d40f8fce3e8893293,c00d63234bcdc35d40f8fce3e8893293,cba9c75e108b86cafa9c,IDEXX,baseline_historico,2025-09-29,9/29/25,9/29/25,Sin Limpieza/batch_58.pdf,batch_58.pdf,.,7.0,BOCA SERVICIOS VETERINARIOS,BOCA SERVICIOS VETERINARIOS,,,18.45,-69.6,manual_override,0.6,"Canine, Mixed Breed",Male,10.0,1.0.0
eb62d7232114f8d3c97ba26a2f85a47f,eb62d7232114f8d3c97ba26a2f85a47f,8ce4ef30bef595f3ce4a,IDEXX,baseline_historico,2025-08-13,8/13/25,8/13/25,Sin Limpieza/batch_59.pdf,batch_59.pdf,.,1.0,BOCA SERVICIOS VETERINARIOS,BOCA SERVICIOS VETERINARIOS,,,18.45,-69.6,manual_override,0.6,Siberian Husky,Female,,1.0.0
8f210087cc38a03573b1ce84c1d97ee9,8f210087cc38a03573b1ce84c1d97ee9,246d172c52b48a2b00be,IDEXX,baseline_historico,2025-08-13,8/13/25,8/13/25,Sin Limpieza/batch_59.pdf,batch_59.pdf,.,3.0,BOCA SERVICIOS VETERINARIOS,BOCA SERVICIOS VETERINARIOS,,,18.45,-69.6,manual_override,0.6,Yorkshire Terrier,Male,13.0,1.0.0
e3e0749347cfaa4cab17ffd7da3d6c3d,e3e0749347cfaa4cab17ffd7da3d6c3d,107686901e224f07700c,IDEXX,baseline_historico,2025-08-12,8/12/25,8/12/25,Sin Limpieza/batch_59.pdf,batch_59.pdf,.,5.0,BOCA SERVICIOS VETERINARIOS,BOCA SERVICIOS VETERINARIOS,,,18.45,-69.6,manual_override,0.6,Belgian Malinois,Female,11.0,1.0.0
4953ed9169e333bdedb5a39a479d03f3,4953ed9169e333bdedb5a39a479d03f3,a7eeec03e2b31dc91e36,IDEXX,baseline_historico,2025-08-12,8/12/25,8/12/25,Sin Limpieza/batch_59.pdf,batch_59.pdf,.,7.0,BOCA SERVICIOS VETERINARIOS,BOCA SERVICIOS VETERINARIOS,,,18.45,-69.6,manual_override,0.6,Pomeranian,Female,,1.0.0
0db45db9c7c0b3051b4e1d6d08e7f15f,0db45db9c7c0b3051b4e1d6d08e7f15f,d8bb375541118eb1ee37,IDEXX,baseline_historico,2025-08-11,8/11/25,8/11/25,Sin Limpieza/batch_59.pdf,batch_59.pdf,.,9.0,BOCA SERVICIOS VETERINARIOS,BOCA SERVICIOS VETERINARIOS,,,18.45,-69.6,manual_override,0.6,French Bulldog,Female,0.58,1.0.0
c9eada669004a4ff3d75369db938ebfa,c9eada669004a4ff3d75369db938ebfa,323774bee5be035a3038,IDEXX,baseline_historico,2025-08-11,8/11/25,8/11/25,Sin Limpieza/batch_59.pdf,batch_59.pdf,.,11.0,BOCA SERVICIOS VETERINARIOS,BOCA SERVICIOS VETERINARIOS,,,18.45,-69.6,manual_override,0.6,Yorkshire Terrier,Female,3.0,1.0.0
11129a7ca768cb72fd9ae03a180b0126,11129a7ca768cb72fd9ae03a180b0126,a622624ac0a86456b816,IDEXX,baseline_historico,2025-08-09,8/9/25,8/9/25,Sin Limpieza/batch_59.pdf,batch_59.pdf,.,15.0,BOCA SERVICIOS VETERINARIOS,BOCA SERVICIOS VETERINARIOS,,,18.45,-69.6,manual_override,0.6,French Bulldog,Female,,1.0.0
7cc92134dad740f1c0c66209aecbd7bb,7cc92134dad740f1c0c66209aecbd7bb,009271d8d70a6296f0b3,IDEXX,baseline_historico,2025-08-09,8/9/25,8/9/25,Sin Limpieza/batch_59.pdf,batch_59.pdf,.,17.0,BOCA SERVICIOS VETERINARIOS,BOCA SERVICIOS VETERINARIOS,,,18.45,-69.6,manual_override,0.6,Chihuahua,Male,,1.0.0
5bb2f8ceb69f74b891c21912a2f494c6,5bb2f8ceb69f74b891c21912a2f494c6,d02180af224b220d8a0e,IDEXX,baseline_historico,2025-08-09,8/9/25,8/9/25,Sin Limpieza/batch_59.pdf,batch_59.pdf,.,19.0,BOCA SERVICIOS VETERINARIOS,BOCA SERVICIOS VETERINARIOS,,,18.45,-69.6,manual_override,0.6,"Canine, Mixed Breed",Female,4.0,1.0.0
c05577abf488455d735e383eb3c0e5f5,c05577abf488455d735e383eb3c0e5f5,1f2d785dbfe6eeb379d7,IDEXX,baseline_historico,2026-02-16,2/16/26,2/16/26,Sin Limpieza/batch_6.pdf,batch_6.pdf,.,1.0,BOCA SERVICIOS VETERINARIOS,BOCA SERVICIOS VETERINARIOS,,,18.45,-69.6,manual_override,0.6,Chihuahua,Male,0.5,1.0.0
b4e7d7f7fc33ec6cdbd3bb6a5c6e2404,b4e7d7f7fc33ec6cdbd3bb6a5c6e2404,e1018467941618e6986b,IDEXX,baseline_historico,2026-02-16,2/16/26,2/16/26,Sin Limpieza/batch_6.pdf,batch_6.pdf,.,3.0,BOCA SERVICIOS VETERINARIOS,BOCA SERVICIOS VETERINARIOS,,,18.45,-69.6,manual_override,0.6,Shih Tzu,Female,5.0,1.0.0
a4c71945c644fd7866c35ec1a300e1dd,a4c71945c644fd7866c35ec1a300e1dd,198a2703638fd375cdfd,IDEXX,baseline_historico,2026-02-15,2/15/26,2/15/26,Sin Limpieza/batch_6.pdf,batch_6.pdf,.,5.0,BOCA SERVICIOS VETERINARIOS,BOCA SERVICIOS VETERINARIOS,,,18.45,-69.6,manual_override,0.6,Shih Tzu,Male,1.0,1.0.0
d0b3c36a2c3407d6d71ac8c5ba324ede,d0b3c36a2c3407d6d71ac8c5ba324ede,4e54ff24fb840f74e4b0,IDEXX,baseline_historico,2026-02-15,2/15/26,2/15/26,Sin Limpieza/batch_6.pdf,batch_6.pdf,.,7.0,BOCA SERVICIOS VETERINARIOS,BOCA SERVICIOS VETERINARIOS,,,18.45,-69.6,manual_override,0.6,Yorkshire Terrier,Female,10.0,1.0.0
03957a306929963c53f068145d48fc5b,03957a306929963c53f068145d48fc5b,0f9f1a71de9357c6134e,IDEXX,baseline_historico,2026-02-14,2/14/26,2/14/26,Sin Limpieza/batch_6.pdf,batch_6.pdf,.,11.0,BOCA SERVICIOS VETERINARIOS,BOCA SERVICIOS VETERINARIOS,,,18.45,-69.6,manual_override,0.6,"Canine, Mixed Breed",Female,0.92,1.0.0
c194634008d5a5bef9f93210626eec42,c194634008d5a5bef9f93210626eec42,bbd2b8fd866a6394a6d6,IDEXX,baseline_historico,2026-02-13,2/13/26,2/13/26,Sin Limpieza/batch_6.pdf,batch_6.pdf,.,15.0,BOCA SERVICIOS VETERINARIOS,BOCA SERVICIOS VETERINARIOS,,,18.45,-69.6,manual_override,0.6,American Staffordshire Terrier,Female,6.0,1.0.0
f96569107b088627cd69e2783ca60ef0,f96569107b088627cd69e2783ca60ef0,f958bc0eb53b64eecbac,IDEXX,baseline_historico,2026-02-13,2/13/26,2/13/26,Sin Limpieza/batch_6.pdf,batch_6.pdf,.,17.0,BOCA SERVICIOS VETERINARIOS,BOCA SERVICIOS VETERINARIOS,,,18.45,-69.6,manual_override,0.6,Siberian Husky,Male,,1.0.0
565f111abe6139ff5d312f2e906e32c9,565f111abe6139ff5d312f2e906e32c9,51af5d83e49064cd01fc,IDEXX,baseline_historico,2025-09-17,9/17/25,9/17/25,Sin Limpieza/batch_60.pdf,batch_60.pdf,.,1.0,BOCA SERVICIOS VETERINARIOS,BOCA SERVICIOS VETERINARIOS,,,18.45,-69.6,manual_override,0.6,Chihuahua,Female,7.0,1.0.0
7ce2494e29c33284e9d6015edccedb0e,7ce2494e29c33284e9d6015edccedb0e,2da4f4035d36f6aa01c7,IDEXX,baseline_historico,2025-09-12,9/12/25,9/12/25,Sin Limpieza/batch_60.pdf,batch_60.pdf,.,3.0,BOCA SERVICIOS VETERINARIOS,BOCA SERVICIOS VETERINARIOS,,,18.45,-69.6,manual_override,0.6,French Bulldog,Male,,1.0.0
9d8cac2d5355791dee82ed360a10c6b3,9d8cac2d5355791dee82ed360a10c6b3,4ab5202dcba51db83f2f,IDEXX,baseline_historico,2025-09-11,9/11/25,9/11/25,Sin Limpieza/batch_60.pdf,batch_60.pdf,.,9.0,BOCA SERVICIOS VETERINARIOS,BOCA SERVICIOS VETERINARIOS,,,18.45,-69.6,manual_override,0.6,Doberman Pinscher,Female,,1.0.0
6e5cb51fd2b1af2ed643573e305cedf2,6e5cb51fd2b1af2ed643573e305cedf2,3e62df1e654b9f9851bc,IDEXX,baseline_historico,2025-09-11,9/11/25,9/11/25,Sin Limpieza/batch_60.pdf,batch_60.pdf,.,11.0,BOCA SERVICIOS VETERINARIOS,BOCA SERVICIOS VETERINARIOS,,,18.45,-69.6,manual_override,0.6,French Bulldog,Female,8.0,1.0.0
a143285af2a73efa6306e02b36cbde9a,a143285af2a73efa6306e02b36cbde9a,26b6c99cbfd0521fa25e,IDEXX,baseline_historico,2025-09-10,9/10/25,9/10/25,Sin Limpieza/batch_60.pdf,batch_60.pdf,.,17.0,BOCA SERVICIOS VETERINARIOS,BOCA SERVICIOS VETERINARIOS,,,18.45,-69.6,manual_override,0.6,Shih Tzu,Female,7.0,1.0.0
7bc75abcc84374bc0777b43a77b8a946,7bc75abcc84374bc0777b43a77b8a946,b5d4525ac35100bee77c,IDEXX,baseline_historico,2025-09-10,9/10/25,9/10/25,Sin Limpieza/batch_60.pdf,batch_60.pdf,.,19.0,BOCA SERVICIOS VETERINARIOS,BOCA SERVICIOS VETERINARIOS,,,18.45,-69.6,manual_override,0.6,"Canine, Mixed Breed",Female,,1.0.0
45e34a01ca868496b80fd47ab926ba61,45e34a01ca868496b80fd47ab926ba61,b1e3a5eab5ddaf27c68e,IDEXX,baseline_historico,2025-07-24,7/24/25,7/24/25,Sin Limpieza/batch_61.pdf,batch_61.pdf,.,1.0,BOCA SERVICIOS VETERINARIOS,BOCA SERVICIOS VETERINARIOS,,,18.45,-69.6,manual_override,0.6,Poodle,Female,6.0,1.0.0
95bfb3486cc076eb194d134df5f8daa4,95bfb3486cc076eb194d134df5f8daa4,b660914d9f3887a64bd3,IDEXX,baseline_historico,2025-07-21,7/21/25,7/21/25,Sin Limpieza/batch_61.pdf,batch_61.pdf,.,3.0,BOCA SERVICIOS VETERINARIOS,BOCA SERVICIOS VETERINARIOS,,,18.45,-69.6,manual_override,0.6,Miniature Pinscher,Female,3.0,1.0.0
f9a472aec5fb39485d78a29d7661ebcb,f9a472aec5fb39485d78a29d7661ebcb,426d69d9652128c26850,IDEXX,baseline_historico,2025-07-21,7/21/25,7/21/25,Sin Limpieza/batch_61.pdf,batch_61.pdf,.,5.0,BOCA SERVICIOS VETERINARIOS,BOCA SERVICIOS VETERINARIOS,,,18.45,-69.6,manual_override,0.6,"Canine, Other",Female,,1.0.0
f6ddc6b0ae5ac44e3d948de24edba579,f6ddc6b0ae5ac44e3d948de24edba579,fd9af50331a26ee31b75,IDEXX,baseline_historico,2025-07-21,7/21/25,7/21/25,Sin Limpieza/batch_61.pdf,batch_61.pdf,.,7.0,BOCA SERVICIOS VETERINARIOS,BOCA SERVICIOS VETERINARIOS,,,18.45,-69.6,manual_override,0.6,Chihuahua,Male,11.0,1.0.0
e1e56528c846a0526a1af98ed4b8dfab,e1e56528c846a0526a1af98ed4b8dfab,87354fa2cfe5fa14c7fa,IDEXX,baseline_historico,2025-07-19,7/19/25,7/19/25,Sin Limpieza/batch_61.pdf,batch_61.pdf,.,9.0,BOCA SERVICIOS VETERINARIOS,BOCA SERVICIOS VETERINARIOS,,,18.45,-69.6,manual_override,0.6,Shih Tzu,Female,,1.0.0
8a10b671b66c49b3c651c1b6d429fe42,8a10b671b66c49b3c651c1b6d429fe42,baabf2fc1d71ec247831,IDEXX,baseline_historico,2025-07-19,7/19/25,7/19/25,Sin Limpieza/batch_61.pdf,batch_61.pdf,.,11.0,BOCA SERVICIOS VETERINARIOS,BOCA SERVICIOS VETERINARIOS,,,18.45,-69.6,manual_override,0.6,Boxer,Male,3.0,1.0.0
b310b5fbfbe49e4d5446beeb77b8d416,b310b5fbfbe49e4d5446beeb77b8d416,7be5b8a7e57877c7ac8a,IDEXX,baseline_historico,2025-07-19,7/19/25,7/19/25,Sin Limpieza/batch_61.pdf,batch_61.pdf,.,13.0,BOCA SERVICIOS VETERINARIOS,BOCA SERVICIOS VETERINARIOS,,,18.45,-69.6,manual_override,0.6,French Bulldog,Female,,1.0.0
6afc54224d9bcad51ad961015771d10e,6afc54224d9bcad51ad961015771d10e,fd877c58d3d7235f7487,IDEXX,baseline_historico,2025-07-19,7/19/25,7/19/25,Sin Limpieza/batch_61.pdf,batch_61.pdf,.,15.0,BOCA SERVICIOS VETERINARIOS,BOCA SERVICIOS VETERINARIOS,,,18.45,-69.6,manual_override,0.6,"Canine, Other",Male,4.0,1.0.0
b39b8b7e4d48858d1da4a650e240abac,b39b8b7e4d48858d1da4a650e240abac,a42b5b04c7a0c4dbb90b,IDEXX,baseline_historico,2025-07-19,7/19/25,7/19/25,Sin Limpieza/batch_61.pdf,batch_61.pdf,.,17.0,BOCA SERVICIOS VETERINARIOS,BOCA SERVICIOS VETERINARIOS,,,18.45,-69.6,manual_override,0.6,Chihuahua,Male,5.0,1.0.0
2baec97b9a3e5bbe401ffcc8554637fd,2baec97b9a3e5bbe401ffcc8554637fd,172f992b153aecc59737,IDEXX,baseline_historico,2025-07-17,7/17/25,7/17/25,Sin Limpieza/batch_62.pdf,batch_62.pdf,.,1.0,BOCA SERVICIOS VETERINARIOS,BOCA SERVICIOS VETERINARIOS,,,18.45,-69.6,manual_override,0.6,Poodle,Male,,1.0.0
e61840231f72aa16470d21abbf344b41,e61840231f72aa16470d21abbf344b41,d598db3adb6b524b6fbb,IDEXX,baseline_historico,2025-07-17,7/17/25,7/17/25,Sin Limpieza/batch_62.pdf,batch_62.pdf,.,3.0,BOCA SERVICIOS VETERINARIOS,BOCA SERVICIOS VETERINARIOS,,,18.45,-69.6,manual_override,0.6,Bulldog,Male,,1.0.0
8d6a396f6fe9845e2ea29ced596f5ec1,8d6a396f6fe9845e2ea29ced596f5ec1,ba919d5409e0d6fe05f2,IDEXX,baseline_historico,2025-07-17,7/17/25,7/17/25,Sin Limpieza/batch_62.pdf,batch_62.pdf,.,7.0,BOCA SERVICIOS VETERINARIOS,BOCA SERVICIOS VETERINARIOS,,,18.45,-69.6,manual_override,0.6,"Canine, Other",Female,,1.0.0
6c49ac3201585857605bedff11b00ef9,6c49ac3201585857605bedff11b00ef9,8ce4ef30bef595f3ce4a,IDEXX,baseline_historico,2025-07-17,7/17/25,7/17/25,Sin Limpieza/batch_62.pdf,batch_62.pdf,.,9.0,BOCA SERVICIOS VETERINARIOS,BOCA SERVICIOS VETERINARIOS,,,18.45,-69.6,manual_override,0.6,Siberian Husky,Female,,1.0.0
057f992bc09da9e17a78eff28519631a,057f992bc09da9e17a78eff28519631a,0f42a2ffdb7714427c7c,IDEXX,baseline_historico,2025-07-16,7/16/25,7/16/25,Sin Limpieza/batch_62.pdf,batch_62.pdf,.,11.0,BOCA SERVICIOS VETERINARIOS,BOCA SERVICIOS VETERINARIOS,,,18.45,-69.6,manual_override,0.6,"Canine, Mixed Breed",Male,8.0,1.0.0
d52f5006a113634f7ab904b1e08e51d8,d52f5006a113634f7ab904b1e08e51d8,3f0af903806c65b43e37,IDEXX,baseline_historico,2025-07-16,7/16/25,7/16/25,Sin Limpieza/batch_62.pdf,batch_62.pdf,.,13.0,BOCA SERVICIOS VETERINARIOS,BOCA SERVICIOS VETERINARIOS,,,18.45,-69.6,manual_override,0.6,"Canine, Mixed Breed",Male,6.0,1.0.0
eb4b77f4755524502f0d85067cc1331e,eb4b77f4755524502f0d85067cc1331e,77e0446517b5472fd9d6,IDEXX,baseline_historico,2025-07-16,7/16/25,7/16/25,Sin Limpieza/batch_62.pdf,batch_62.pdf,.,15.0,BOCA SERVICIOS VETERINARIOS,BOCA SERVICIOS VETERINARIOS,,,18.45,-69.6,manual_override,0.6,Chihuahua,Female,2.0,1.0.0
f36318b5e7b0288d27ac0f36ee90c737,f36318b5e7b0288d27ac0f36ee90c737,44b62d7b4f2aea307314,IDEXX,baseline_historico,2025-07-16,7/16/25,7/16/25,Sin Limpieza/batch_62.pdf,batch_62.pdf,.,17.0,BOCA SERVICIOS VETERINARIOS,BOCA SERVICIOS VETERINARIOS,,,18.45,-69.6,manual_override,0.6,French Bulldog,Female,6.0,1.0.0
2fb2b8a9005ee1006f18fb5230c7fa10,2fb2b8a9005ee1006f18fb5230c7fa10,4e11e94be2e599004b17,IDEXX,baseline_historico,2025-07-16,7/16/25,7/16/25,Sin Limpieza/batch_62.pdf,batch_62.pdf,.,19.0,BOCA SERVICIOS VETERINARIOS,BOCA SERVICIOS VETERINARIOS,,,18.45,-69.6,manual_override,0.6,"Canine, Other",Female,,1.0.0
2b530ac435ba179920c7c55f036e50d8,2b530ac435ba179920c7c55f036e50d8,d3844c2c5795791f53e9,IDEXX,baseline_historico,2025-08-18,8/18/25,8/18/25,Sin Limpieza/batch_63.pdf,batch_63.pdf,.,1.0,BOCA SERVICIOS VETERINARIOS,BOCA SERVICIOS VETERINARIOS,,,18.45,-69.6,manual_override,0.6,"Canine, Mixed Breed",Male,,1.0.0
02ec3358499d2ed91de844a6e30d12cc,02ec3358499d2ed91de844a6e30d12cc,d4f30d8e4920d08a4e79,IDEXX,baseline_historico,2025-08-18,8/18/25,8/18/25,Sin Limpieza/batch_63.pdf,batch_63.pdf,.,3.0,BOCA SERVICIOS VETERINARIOS,BOCA SERVICIOS VETERINARIOS,,,18.45,-69.6,manual_override,0.6,"Canine, Other",Male,,1.0.0
588cba9135991eda18925614ba094775,588cba9135991eda18925614ba094775,85648a65c561a5ab891f,IDEXX,baseline_historico,2025-06-25,6/25/25,6/25/25,Sin Limpieza/batch_64.pdf,batch_64.pdf,.,1.0,BOCA SERVICIOS VETERINARIOS,BOCA SERVICIOS VETERINARIOS,,,18.45,-69.6,manual_override,0.6,"Canine, Mixed Breed",Female,,1.0.0
5ce5630762e0b90dc76db56a55bb828a,5ce5630762e0b90dc76db56a55bb828a,2fae7a54887d03670a1f,IDEXX,baseline_historico,2025-06-25,6/25/25,6/25/25,Sin Limpieza/batch_64.pdf,batch_64.pdf,.,3.0,BOCA SERVICIOS VETERINARIOS,BOCA SERVICIOS VETERINARIOS,,,18.45,-69.6,manual_override,0.6,"Canine, Mixed Breed",Male,10.0,1.0.0
08822eb698e9a8c982d29a00764bd084,08822eb698e9a8c982d29a00764bd084,a30171ab058ba4ea799a,IDEXX,baseline_historico,2025-06-24,6/24/25,6/24/25,Sin Limpieza/batch_64.pdf,batch_64.pdf,.,7.0,BOCA SERVICIOS VETERINARIOS,BOCA SERVICIOS VETERINARIOS,,,18.45,-69.6,manual_override,0.6,"Canine, Other",Female,0.75,1.0.0
b9dfb01f418dde0b44c5fef9e64e50bf,b9dfb01f418dde0b44c5fef9e64e50bf,3d2e679bd94ea256aaff,IDEXX,baseline_historico,2025-06-24,6/24/25,6/24/25,Sin Limpieza/batch_64.pdf,batch_64.pdf,.,9.0,BOCA SERVICIOS VETERINARIOS,BOCA SERVICIOS VETERINARIOS,,,18.45,-69.6,manual_override,0.6,Mastiff,Male,2.0,1.0.0
7f1663534d3ac66d072938b81d00bc57,7f1663534d3ac66d072938b81d00bc57,4ab5202dcba51db83f2f,IDEXX,baseline_historico,2025-06-24,6/24/25,6/24/25,Sin Limpieza/batch_64.pdf,batch_64.pdf,.,11.0,BOCA SERVICIOS VETERINARIOS,BOCA SERVICIOS VETERINARIOS,,,18.45,-69.6,manual_override,0.6,Doberman Pinscher,Female,,1.0.0
9ab6073ac79f8f834a1dfc47c94da407,9ab6073ac79f8f834a1dfc47c94da407,7bacb00d78a44a9b623b,IDEXX,baseline_historico,2025-06-24,6/24/25,6/24/25,Sin Limpieza/batch_64.pdf,batch_64.pdf,.,15.0,BOCA SERVICIOS VETERINARIOS,BOCA SERVICIOS VETERINARIOS,,,18.45,-69.6,manual_override,0.6,"Canine, Other",Male,0.92,1.0.0
6b6f73df6a763531c2f52e827df64794,6b6f73df6a763531c2f52e827df64794,6236a98679635771ab44,IDEXX,baseline_historico,2025-06-24,6/24/25,6/24/25,Sin Limpieza/batch_64.pdf,batch_64.pdf,.,17.0,BOCA SERVICIOS VETERINARIOS,BOCA SERVICIOS VETERINARIOS,,,18.45,-69.6,manual_override,0.6,"Canine, Other",Male,0.83,1.0.0
17d9a47a02aace308b7254faa78bfa72,17d9a47a02aace308b7254faa78bfa72,bbd662210d02eeee6a84,IDEXX,baseline_historico,2025-06-24,6/24/25,6/24/25,Sin Limpieza/batch_64.pdf,batch_64.pdf,.,19.0,BOCA SERVICIOS VETERINARIOS,BOCA SERVICIOS VETERINARIOS,,,18.45,-69.6,manual_override,0.6,French Bulldog,Female,,1.0.0
841b809f7087c2d56c19831999e7a886,841b809f7087c2d56c19831999e7a886,9c7989cb454083b73467,IDEXX,baseline_historico,2025-09-03,9/3/25,9/3/25,Sin Limpieza/batch_65.pdf,batch_65.pdf,.,1.0,BOCA SERVICIOS VETERINARIOS,BOCA SERVICIOS VETERINARIOS,,,18.45,-69.6,manual_override,0.6,Shih Tzu,Female,6.0,1.0.0
d12632ed582126b396ebbeff7add8dce,d12632ed582126b396ebbeff7add8dce,4de9e05da6fe71dc6d48,IDEXX,baseline_historico,2025-08-30,8/30/25,8/30/25,Sin Limpieza/batch_65.pdf,batch_65.pdf,.,3.0,BOCA SERVICIOS VETERINARIOS,BOCA SERVICIOS VETERINARIOS,,,18.45,-69.6,manual_override,0.6,B,Female,6.0,1.0.0
9702f4daf246cfe86fc0001f132f7da1,9702f4daf246cfe86fc0001f132f7da1,6340034abd2b6e9bc4ad,IDEXX,baseline_historico,2025-08-30,8/30/25,8/30/25,Sin Limpieza/batch_65.pdf,batch_65.pdf,.,5.0,BOCA SERVICIOS VETERINARIOS,BOCA SERVICIOS VETERINARIOS,,,18.45,-69.6,manual_override,0.6,"santo domingo, do 0000 DATE OF RECEIPT: 8/30/25",Male,2.0,1.0.0
b0090088139f3044ee264555a5b8bcc1,b0090088139f3044ee264555a5b8bcc1,112b4501143577a9ee41,IDEXX,baseline_historico,2025-08-29,8/29/25,8/29/25,Sin Limpieza/batch_65.pdf,batch_65.pdf,.,7.0,BOCA SERVICIOS VETERINARIOS,BOCA SERVICIOS VETERINARIOS,,,18.45,-69.6,manual_override,0.6,German Shepherd,Male,4.0,1.0.0
4cdfa2d646c6391f72fec58d9bdb9f16,4cdfa2d646c6391f72fec58d9bdb9f16,0922366afca439c099ea,IDEXX,baseline_historico,2025-08-29,8/29/25,8/29/25,Sin Limpieza/batch_65.pdf,batch_65.pdf,.,9.0,BOCA SERVICIOS VETERINARIOS,BOCA SERVICIOS VETERINARIOS,,,18.45,-69.6,manual_override,0.6,Siberian Husky,Male,5.0,1.0.0
52728e26f04571864ea9f8016e3c96b8,52728e26f04571864ea9f8016e3c96b8,d03623df31c3fedf074a,IDEXX,baseline_historico,2025-08-29,8/29/25,8/29/25,Sin Limpieza/batch_65.pdf,batch_65.pdf,.,11.0,BOCA SERVICIOS VETERINARIOS,BOCA SERVICIOS VETERINARIOS,,,18.45,-69.6,manual_override,0.6,Pug,Female,1.0,1.0.0
2cfc597584a154179e7bf7a426fb796f,2cfc597584a154179e7bf7a426fb796f,e871dc88cfed14b645c5,IDEXX,baseline_historico,2025-08-29,8/29/25,8/29/25,Sin Limpieza/batch_65.pdf,batch_65.pdf,.,13.0,BOCA SERVICIOS VETERINARIOS,BOCA SERVICIOS VETERINARIOS,,,18.45,-69.6,manual_override,0.6,Poodle,Male,2.0,1.0.0
2b5379ab86ea919761efc1f56f93aec0,2b5379ab86ea919761efc1f56f93aec0,7a570d93e620c2976980,IDEXX,baseline_historico,2025-08-29,8/29/25,8/29/25,Sin Limpieza/batch_65.pdf,batch_65.pdf,.,15.0,BOCA SERVICIOS VETERINARIOS,BOCA SERVICIOS VETERINARIOS,,,18.45,-69.6,manual_override,0.6,Bulldog,Female,3.0,1.0.0
c34829247a62d5c37a12c87c271d8acd,c34829247a62d5c37a12c87c271d8acd,0dce5240b1b5051e17a7,IDEXX,baseline_historico,2025-08-28,8/28/25,8/28/25,Sin Limpieza/batch_65.pdf,batch_65.pdf,.,17.0,BOCA SERVICIOS VETERINARIOS,BOCA SERVICIOS VETERINARIOS,,,18.45,-69.6,manual_override,0.6,Pomeranian,Female,2.0,1.0.0
9bb86451382cb91c0661bd1c3a863943,9bb86451382cb91c0661bd1c3a863943,20ff5e70e7158d76c6e4,IDEXX,baseline_historico,2025-08-08,8/8/25,8/8/25,Sin Limpieza/batch_66.pdf,batch_66.pdf,.,3.0,BOCA SERVICIOS VETERINARIOS,BOCA SERVICIOS VETERINARIOS,,,18.45,-69.6,manual_override,0.6,Chihuahua,Female,10.0,1.0.0
39260255a166ee105b607fbf4ae3a455,39260255a166ee105b607fbf4ae3a455,a99db957e459b85f96a9,IDEXX,baseline_historico,2025-08-08,8/8/25,8/8/25,Sin Limpieza/batch_66.pdf,batch_66.pdf,.,5.0,BOCA SERVICIOS VETERINARIOS,BOCA SERVICIOS VETERINARIOS,,,18.45,-69.6,manual_override,0.6,Chihuahua,Male,5.0,1.0.0
8efb98867fc25420dfdd6dc32f777fbb,8efb98867fc25420dfdd6dc32f777fbb,7da9bfc325c2ade8b225,IDEXX,baseline_historico,2025-08-08,8/8/25,8/8/25,Sin Limpieza/batch_66.pdf,batch_66.pdf,.,7.0,BOCA SERVICIOS VETERINARIOS,BOCA SERVICIOS VETERINARIOS,,,18.45,-69.6,manual_override,0.6,Siberian Husky,Female,,1.0.0
db8a1c71ba8f33114774e1fc241fe0cb,db8a1c71ba8f33114774e1fc241fe0cb,88522a4808e7d4aa145b,IDEXX,baseline_historico,2025-08-07,8/7/25,8/7/25,Sin Limpieza/batch_66.pdf,batch_66.pdf,.,9.0,BOCA SERVICIOS VETERINARIOS,BOCA SERVICIOS VETERINARIOS,,,18.45,-69.6,manual_override,0.6,Yorkshire Terrier,Female,3.0,1.0.0
70c8c272cbc56ef1fabe64ace01ca1a4,70c8c272cbc56ef1fabe64ace01ca1a4,08316af8873f1d625e56,IDEXX,baseline_historico,2025-08-06,8/6/25,8/6/25,Sin Limpieza/batch_66.pdf,batch_66.pdf,.,11.0,BOCA SERVICIOS VETERINARIOS,BOCA SERVICIOS VETERINARIOS,,,18.45,-69.6,manual_override,0.6,Golden Retriever,Female,,1.0.0
3784bf267966adda9e03c0956b62dd40,3784bf267966adda9e03c0956b62dd40,5811cc5b8f740167e584,IDEXX,baseline_historico,2025-08-05,8/5/25,8/5/25,Sin Limpieza/batch_66.pdf,batch_66.pdf,.,13.0,BOCA SERVICIOS VETERINARIOS,BOCA SERVICIOS VETERINARIOS,,,18.45,-69.6,manual_override,0.6,Boxer,Male,,1.0.0
99523cd9f6c857eeb8a34418039a4490,99523cd9f6c857eeb8a34418039a4490,426d69d9652128c26850,IDEXX,baseline_historico,2025-08-05,8/5/25,8/5/25,Sin Limpieza/batch_66.pdf,batch_66.pdf,.,15.0,BOCA SERVICIOS VETERINARIOS,BOCA SERVICIOS VETERINARIOS,,,18.45,-69.6,manual_override,0.6,"Canine, Other",Female,,1.0.0
318ab256d785a3a7da3e247224239e33,318ab256d785a3a7da3e247224239e33,c56663be82ad147fdae5,IDEXX,baseline_historico,2025-08-05,8/5/25,8/5/25,Sin Limpieza/batch_66.pdf,batch_66.pdf,.,17.0,BOCA SERVICIOS VETERINARIOS,BOCA SERVICIOS VETERINARIOS,,,18.45,-69.6,manual_override,0.6,Rottweiler,Male,3.0,1.0.0
a0f4acb6ca70f7fda879d76fe83e0f07,a0f4acb6ca70f7fda879d76fe83e0f07,69cc9177bb93af581aec,IDEXX,baseline_historico,2025-08-05,8/5/25,8/5/25,Sin Limpieza/batch_66.pdf,batch_66.pdf,.,19.0,BOCA SERVICIOS VETERINARIOS,BOCA SERVICIOS VETERINARIOS,,,18.45,-69.6,manual_override,0.6,Doberman Pinscher,Male,,1.0.0
239bed67f57f7646135cc44066538c65,239bed67f57f7646135cc44066538c65,a9d69a0bb6667b5a7404,IDEXX,baseline_historico,2025-09-17,9/17/25,9/17/25,Sin Limpieza/batch_67.pdf,batch_67.pdf,.,1.0,BOCA SERVICIOS VETERINARIOS,BOCA SERVICIOS VETERINARIOS,,,18.45,-69.6,manual_override,0.6,"Canine, Other",Female,,1.0.0
8cb9a3e688f8bad335a4b153c882b027,8cb9a3e688f8bad335a4b153c882b027,ae346a49f3ea833e4757,IDEXX,baseline_historico,2025-09-17,9/17/25,9/17/25,Sin Limpieza/batch_67.pdf,batch_67.pdf,.,5.0,BOCA SERVICIOS VETERINARIOS,BOCA SERVICIOS VETERINARIOS,,,18.45,-69.6,manual_override,0.6,"Canine, Mixed Breed",Male,5.0,1.0.0
2f9c106287f82c4c78a5cf03a35e1346,2f9c106287f82c4c78a5cf03a35e1346,b20ef19240c9a2584373,IDEXX,baseline_historico,2025-09-17,9/17/25,9/17/25,Sin Limpieza/batch_67.pdf,batch_67.pdf,.,7.0,BOCA SERVICIOS VETERINARIOS,BOCA SERVICIOS VETERINARIOS,,,18.45,-69.6,manual_override,0.6,"Canine, Mixed Breed",Male,,1.0.0
1ce649717af4fa598d827aadf46dae9d,1ce649717af4fa598d827aadf46dae9d,38f9a2e8bcef2b452e6c,IDEXX,baseline_historico,2025-09-17,9/17/25,9/17/25,Sin Limpieza/batch_67.pdf,batch_67.pdf,.,9.0,BOCA SERVICIOS VETERINARIOS,BOCA SERVICIOS VETERINARIOS,,,18.45,-69.6,manual_override,0.6,Chihuahua,Male,8.0,1.0.0
d57fa62da83aba52ffc9311b5b3ec2b6,d57fa62da83aba52ffc9311b5b3ec2b6,261e2ddd603455da4e65,IDEXX,baseline_historico,2025-09-16,9/16/25,9/16/25,Sin Limpieza/batch_67.pdf,batch_67.pdf,.,11.0,BOCA SERVICIOS VETERINARIOS,BOCA SERVICIOS VETERINARIOS,,,18.45,-69.6,manual_override,0.6,Belgian Malinois,Female,,1.0.0
35238ba47de3bd98271579d84976db9f,35238ba47de3bd98271579d84976db9f,5c865c856df603616afb,IDEXX,baseline_historico,2025-09-16,9/16/25,9/16/25,Sin Limpieza/batch_67.pdf,batch_67.pdf,.,13.0,BOCA SERVICIOS VETERINARIOS,BOCA SERVICIOS VETERINARIOS,,,18.45,-69.6,manual_override,0.6,"Canine, Mixed Breed",Female,4.0,1.0.0
a416fb969c610392a374a1ec1e31df48,a416fb969c610392a374a1ec1e31df48,f2a113c229b676927735,IDEXX,baseline_historico,2025-09-16,9/16/25,9/16/25,Sin Limpieza/batch_67.pdf,batch_67.pdf,.,15.0,BOCA SERVICIOS VETERINARIOS,BOCA SERVICIOS VETERINARIOS,,,18.45,-69.6,manual_override,0.6,"Canine, Mixed Breed",Male,,1.0.0
046158c92bd2315fdde1cacfb4eeef46,046158c92bd2315fdde1cacfb4eeef46,48d4cef5e41d37915370,IDEXX,baseline_historico,2025-09-16,9/16/25,9/16/25,Sin Limpieza/batch_67.pdf,batch_67.pdf,.,17.0,BOCA SERVICIOS VETERINARIOS,BOCA SERVICIOS VETERINARIOS,,,18.45,-69.6,manual_override,0.6,Chihuahua,Female,10.0,1.0.0
713e9f8dd6479ea76bb636b320b7fa7d,713e9f8dd6479ea76bb636b320b7fa7d,bf095c38f50bce58c0c5,IDEXX,baseline_historico,2025-09-16,9/16/25,9/16/25,Sin Limpieza/batch_67.pdf,batch_67.pdf,.,19.0,BOCA SERVICIOS VETERINARIOS,BOCA SERVICIOS VETERINARIOS,,,18.45,-69.6,manual_override,0.6,Golden Retriever,,5.0,1.0.0
7a34ea74bb9e7456057410ab8f24ce9b,7a34ea74bb9e7456057410ab8f24ce9b,4324ba7c984a768f0701,IDEXX,baseline_historico,2025-09-16,9/16/25,9/16/25,Sin Limpieza/batch_68.pdf,batch_68.pdf,.,1.0,BOCA SERVICIOS VETERINARIOS,BOCA SERVICIOS VETERINARIOS,,,18.45,-69.6,manual_override,0.6,Golden Retriever,Male,0.75,1.0.0
750b5cc0b7a6512fae7e8427794a1209,750b5cc0b7a6512fae7e8427794a1209,c695ce678a0e4cbe767f,IDEXX,baseline_historico,2025-09-15,9/15/25,9/15/25,Sin Limpieza/batch_68.pdf,batch_68.pdf,.,3.0,BOCA SERVICIOS VETERINARIOS,BOCA SERVICIOS VETERINARIOS,,,18.45,-69.6,manual_override,0.6,Pomeranian,Female,4.0,1.0.0
4fcdf867caecdd233a8bd1d4dd80b3e2,4fcdf867caecdd233a8bd1d4dd80b3e2,b1b1713c643df840b63b,IDEXX,baseline_historico,2025-09-15,9/15/25,9/15/25,Sin Limpieza/batch_68.pdf,batch_68.pdf,.,5.0,BOCA SERVICIOS VETERINARIOS,BOCA SERVICIOS VETERINARIOS,,,18.45,-69.6,manual_override,0.6,"Canine, Mixed Breed",Female,14.0,1.0.0
2e4614bc79b368be2de32ada4bc0cbb1,2e4614bc79b368be2de32ada4bc0cbb1,c9e62e689a5b2d393731,IDEXX,baseline_historico,2025-09-15,9/15/25,9/15/25,Sin Limpieza/batch_68.pdf,batch_68.pdf,.,7.0,BOCA SERVICIOS VETERINARIOS,BOCA SERVICIOS VETERINARIOS,,,18.45,-69.6,manual_override,0.6,Siberian Husky,Male,4.0,1.0.0
b3b58d027c28dd7b69526d9277492650,b3b58d027c28dd7b69526d9277492650,5840ed8363a8c02a5c8d,IDEXX,baseline_historico,2025-09-15,9/15/25,9/15/25,Sin Limpieza/batch_68.pdf,batch_68.pdf,.,9.0,BOCA SERVICIOS VETERINARIOS,BOCA SERVICIOS VETERINARIOS,,,18.45,-69.6,manual_override,0.6,"Canine, Mixed Breed",Female,1.0,1.0.0
accc20b9dde7f20e41b727524715d96c,accc20b9dde7f20e41b727524715d96c,b80fca946c83cf8e51e7,IDEXX,baseline_historico,2025-09-13,9/13/25,9/13/25,Sin Limpieza/batch_68.pdf,batch_68.pdf,.,11.0,BOCA SERVICIOS VETERINARIOS,BOCA SERVICIOS VETERINARIOS,,,18.45,-69.6,manual_override,0.6,Siberian Husky,Female,4.0,1.0.0
238d78c82c6de4907bc2e7d4bd06d078,238d78c82c6de4907bc2e7d4bd06d078,f2f89b632a2ddeecfd78,IDEXX,baseline_historico,2025-09-13,9/13/25,9/13/25,Sin Limpieza/batch_68.pdf,batch_68.pdf,.,15.0,BOCA SERVICIOS VETERINARIOS,BOCA SERVICIOS VETERINARIOS,,,18.45,-69.6,manual_override,0.6,Golden Retriever,Male,,1.0.0
cdc120c49c3abed761a8bc3dbe803483,cdc120c49c3abed761a8bc3dbe803483,b089e1b2301e093a1159,IDEXX,baseline_historico,2025-09-12,9/12/25,9/12/25,Sin Limpieza/batch_68.pdf,batch_68.pdf,.,17.0,BOCA SERVICIOS VETERINARIOS,BOCA SERVICIOS VETERINARIOS,,,18.45,-69.6,manual_override,0.6,German Shepherd,Male,12.0,1.0.0
56af804401827c570d1ed849817fd4b9,56af804401827c570d1ed849817fd4b9,a6c744c78ba0a36a7459,IDEXX,baseline_historico,2025-09-12,9/12/25,9/12/25,Sin Limpieza/batch_68.pdf,batch_68.pdf,.,19.0,BOCA SERVICIOS VETERINARIOS,BOCA SERVICIOS VETERINARIOS,,,18.45,-69.6,manual_override,0.6,Newfoundland,Female,,1.0.0
04f254f1f1709cfb98cdaab084162614,04f254f1f1709cfb98cdaab084162614,04e6f58970699efba35b,IDEXX,baseline_historico,2025-07-23,7/23/25,7/23/25,Sin Limpieza/batch_69.pdf,batch_69.pdf,.,1.0,BOCA SERVICIOS VETERINARIOS,BOCA SERVICIOS VETERINARIOS,,,18.45,-69.6,manual_override,0.6,Golden Retriever,Female,1.0,1.0.0
05a9660530e4bd51d8fdbd9c5e1acbc7,05a9660530e4bd51d8fdbd9c5e1acbc7,c4bbd76f0c85d24dc791,IDEXX,baseline_historico,2025-07-23,7/23/25,7/23/25,Sin Limpieza/batch_69.pdf,batch_69.pdf,.,3.0,BOCA SERVICIOS VETERINARIOS,BOCA SERVICIOS VETERINARIOS,,,18.45,-69.6,manual_override,0.6,"Canine, Other",Female,,1.0.0
4af9d1cb4be9002fd075f52c830921ea,4af9d1cb4be9002fd075f52c830921ea,b7234b7276d65f40c6ed,IDEXX,baseline_historico,2025-07-23,7/23/25,7/23/25,Sin Limpieza/batch_69.pdf,batch_69.pdf,.,5.0,BOCA SERVICIOS VETERINARIOS,BOCA SERVICIOS VETERINARIOS,,,18.45,-69.6,manual_override,0.6,Miniature Schnauzer,Female,13.0,1.0.0
37c963ca15d8a5bca2b7fbb397a03811,37c963ca15d8a5bca2b7fbb397a03811,95327044a90433044c16,IDEXX,baseline_historico,2025-07-23,7/23/25,7/23/25,Sin Limpieza/batch_69.pdf,batch_69.pdf,.,7.0,BOCA SERVICIOS VETERINARIOS,BOCA SERVICIOS VETERINARIOS,,,18.45,-69.6,manual_override,0.6,German Shepherd,Female,8.0,1.0.0
d858b68f3ec9a853e8a3290a7a3c83b3,d858b68f3ec9a853e8a3290a7a3c83b3,786a036f1dd7af951518,IDEXX,baseline_historico,2025-07-22,7/22/25,7/22/25,Sin Limpieza/batch_69.pdf,batch_69.pdf,.,9.0,BOCA SERVICIOS VETERINARIOS,BOCA SERVICIOS VETERINARIOS,,,18.45,-69.6,manual_override,0.6,Dachshund,Female,,1.0.0
6d3e51fcb0c4f0734dba6818e2063671,6d3e51fcb0c4f0734dba6818e2063671,49df806cbc829ed1de4a,IDEXX,baseline_historico,2025-07-22,7/22/25,7/22/25,Sin Limpieza/batch_69.pdf,batch_69.pdf,.,13.0,BOCA SERVICIOS VETERINARIOS,BOCA SERVICIOS VETERINARIOS,,,18.45,-69.6,manual_override,0.6,"Schnauzer, Standard",Female,,1.0.0
555ce4ad92f76f2cc67a020586d074f7,555ce4ad92f76f2cc67a020586d074f7,61c15b04ccb4cbee6f82,IDEXX,baseline_historico,2025-07-21,7/21/25,7/21/25,Sin Limpieza/batch_69.pdf,batch_69.pdf,.,17.0,BOCA SERVICIOS VETERINARIOS,BOCA SERVICIOS VETERINARIOS,,,18.45,-69.6,manual_override,0.6,Rottweiler,Female,1.0,1.0.0
c95e4ac24c7799922b4b6e5738d28fa2,c95e4ac24c7799922b4b6e5738d28fa2,baabf2fc1d71ec247831,IDEXX,baseline_historico,2025-07-21,7/21/25,7/21/25,Sin Limpieza/batch_69.pdf,batch_69.pdf,.,19.0,BOCA SERVICIOS VETERINARIOS,BOCA SERVICIOS VETERINARIOS,,,18.45,-69.6,manual_override,0.6,Boxer,Male,3.0,1.0.0
48c6b8869a6d2cacd597a79cc75e9cd8,48c6b8869a6d2cacd597a79cc75e9cd8,a20b0c395ffb9860c0b5,IDEXX,baseline_historico,2026-02-10,2/10/26,2/10/26,Sin Limpieza/batch_7.pdf,batch_7.pdf,.,1.0,BOCA SERVICIOS VETERINARIOS,BOCA SERVICIOS VETERINARIOS,,,18.45,-69.6,manual_override,0.6,Pomeranian,Female,2.0,1.0.0
5d9f06db8128c16ccb83769b03e12ac7,5d9f06db8128c16ccb83769b03e12ac7,46fff96e14afa38aec3c,IDEXX,baseline_historico,2026-02-09,2/9/26,2/9/26,Sin Limpieza/batch_7.pdf,batch_7.pdf,.,3.0,BOCA SERVICIOS VETERINARIOS,BOCA SERVICIOS VETERINARIOS,,,18.45,-69.6,manual_override,0.6,German Shepherd,Male,0.5,1.0.0
163cd29e1d94a30d58b63f3193e2ff36,163cd29e1d94a30d58b63f3193e2ff36,ca091bcf33f930ddc7c2,IDEXX,baseline_historico,2026-02-08,2/8/26,2/8/26,Sin Limpieza/batch_7.pdf,batch_7.pdf,.,5.0,BOCA SERVICIOS VETERINARIOS,BOCA SERVICIOS VETERINARIOS,,,18.45,-69.6,manual_override,0.6,"Canine, Other",Female,,1.0.0
668b4aa87854b213e87d264bae4a479f,668b4aa87854b213e87d264bae4a479f,bef4a779d5efb80a7703,IDEXX,baseline_historico,2026-02-07,2/7/26,2/7/26,Sin Limpieza/batch_7.pdf,batch_7.pdf,.,7.0,BOCA SERVICIOS VETERINARIOS,BOCA SERVICIOS VETERINARIOS,,,18.45,-69.6,manual_override,0.6,Akita,Female,3.0,1.0.0
55cc8769d0aab1021fa1c270eb5b8c0d,55cc8769d0aab1021fa1c270eb5b8c0d,f534a35c9d37a36b086a,IDEXX,baseline_historico,2026-02-07,2/7/26,2/7/26,Sin Limpieza/batch_7.pdf,batch_7.pdf,.,9.0,BOCA SERVICIOS VETERINARIOS,BOCA SERVICIOS VETERINARIOS,,,18.45,-69.6,manual_override,0.6,Shih Tzu,Female,13.0,1.0.0
edbe317507a9273b00191ad102b3e3a1,edbe317507a9273b00191ad102b3e3a1,1b54c82eeb907f20c545,IDEXX,baseline_historico,2026-02-07,2/7/26,2/7/26,Sin Limpieza/batch_7.pdf,batch_7.pdf,.,11.0,BOCA SERVICIOS VETERINARIOS,BOCA SERVICIOS VETERINARIOS,,,18.45,-69.6,manual_override,0.6,Pomeranian,Female,4.0,1.0.0
54005a61ad51890e7be5da1d9f762b5d,54005a61ad51890e7be5da1d9f762b5d,e89d1e9966eaa4043279,IDEXX,baseline_historico,2026-02-07,2/7/26,2/7/26,Sin Limpieza/batch_7.pdf,batch_7.pdf,.,13.0,BOCA SERVICIOS VETERINARIOS,BOCA SERVICIOS VETERINARIOS,,,18.45,-69.6,manual_override,0.6,French Bulldog,Female,5.0,1.0.0
6cb4fda3aa6c203646e74f45c1c9bf81,6cb4fda3aa6c203646e74f45c1c9bf81,1ad0b4f318d7ee31c3cc,IDEXX,baseline_historico,2026-02-06,2/6/26,2/6/26,Sin Limpieza/batch_7.pdf,batch_7.pdf,.,15.0,BOCA SERVICIOS VETERINARIOS,BOCA SERVICIOS VETERINARIOS,,,18.45,-69.6,manual_override,0.6,"Canine, Mixed Breed",Female,7.0,1.0.0
f45c61f092f2a1bcc11e7b40d7aca923,f45c61f092f2a1bcc11e7b40d7aca923,38443f333476f71fd76f,IDEXX,baseline_historico,2026-02-06,2/6/26,2/6/26,Sin Limpieza/batch_7.pdf,batch_7.pdf,.,17.0,BOCA SERVICIOS VETERINARIOS,BOCA SERVICIOS VETERINARIOS,,,18.45,-69.6,manual_override,0.6,Chihuahua,Male,2.0,1.0.0
e57c707e47bdd51745d2b5bcec024c97,e57c707e47bdd51745d2b5bcec024c97,4c191484f98430fbde70,IDEXX,baseline_historico,2026-02-05,2/5/26,2/5/26,Sin Limpieza/batch_7.pdf,batch_7.pdf,.,19.0,BOCA SERVICIOS VETERINARIOS,BOCA SERVICIOS VETERINARIOS,,,18.45,-69.6,manual_override,0.6,Golden Retriever,Male,6.0,1.0.0
c5a752531d5c0762969d8a7f42838a3b,c5a752531d5c0762969d8a7f42838a3b,6838f93c8ecbf581209e,IDEXX,baseline_historico,2025-08-04,8/4/25,8/4/25,Sin Limpieza/batch_70.pdf,batch_70.pdf,.,3.0,BOCA SERVICIOS VETERINARIOS,BOCA SERVICIOS VETERINARIOS,,,18.45,-69.6,manual_override,0.6,"Canine, Mixed Breed",Male,,1.0.0
fce1e87264b665659fa4ceeceb18572f,fce1e87264b665659fa4ceeceb18572f,7a71660ef2d7677572c3,IDEXX,baseline_historico,2025-08-04,8/4/25,8/4/25,Sin Limpieza/batch_70.pdf,batch_70.pdf,.,5.0,BOCA SERVICIOS VETERINARIOS,BOCA SERVICIOS VETERINARIOS,,,18.45,-69.6,manual_override,0.6,Golden Retriever,Male,2.0,1.0.0
2553b924d8842f01db96493bef8cf20c,2553b924d8842f01db96493bef8cf20c,fbe4a00592d60763b5b8,IDEXX,baseline_historico,2025-08-03,8/3/25,8/3/25,Sin Limpieza/batch_70.pdf,batch_70.pdf,.,7.0,BOCA SERVICIOS VETERINARIOS,BOCA SERVICIOS VETERINARIOS,,,18.45,-69.6,manual_override,0.6,Chihuahua,Female,2.0,1.0.0
2e42618ca5f2bf9839842b78eb77cf54,2e42618ca5f2bf9839842b78eb77cf54,69cc9177bb93af581aec,IDEXX,baseline_historico,2025-08-02,8/2/25,8/2/25,Sin Limpieza/batch_70.pdf,batch_70.pdf,.,9.0,BOCA SERVICIOS VETERINARIOS,BOCA SERVICIOS VETERINARIOS,,,18.45,-69.6,manual_override,0.6,Doberman Pinscher,Male,,1.0.0
3895dfcb4663b6fa001d8cb5e6fd4909,3895dfcb4663b6fa001d8cb5e6fd4909,de35d8fb3b2c3e4ce6ef,IDEXX,baseline_historico,2025-08-02,8/2/25,8/2/25,Sin Limpieza/batch_70.pdf,batch_70.pdf,.,11.0,BOCA SERVICIOS VETERINARIOS,BOCA SERVICIOS VETERINARIOS,,,18.45,-69.6,manual_override,0.6,Pug,Female,2.0,1.0.0
3879d6ef3ad19f93918f6460117e41cc,3879d6ef3ad19f93918f6460117e41cc,03e736cb780b94409318,IDEXX,baseline_historico,2025-08-01,8/1/25,8/1/25,Sin Limpieza/batch_70.pdf,batch_70.pdf,.,13.0,BOCA SERVICIOS VETERINARIOS,BOCA SERVICIOS VETERINARIOS,,,18.45,-69.6,manual_override,0.6,Yorkshire Terrier DATE OF RESULT: 8/1/25,Female,13.0,1.0.0
b32d7c45ee263972be08b5436ba03def,b32d7c45ee263972be08b5436ba03def,b691ef050b2b7430a4c6,IDEXX,baseline_historico,2025-08-01,8/1/25,8/1/25,Sin Limpieza/batch_70.pdf,batch_70.pdf,.,15.0,BOCA SERVICIOS VETERINARIOS,BOCA SERVICIOS VETERINARIOS,,,18.45,-69.6,manual_override,0.6,German Shepherd,Male,,1.0.0
1db9c9d8ca54a56dc9e7da23f1b32afb,1db9c9d8ca54a56dc9e7da23f1b32afb,5c5a03b1237db406411f,IDEXX,baseline_historico,2025-08-01,8/1/25,8/1/25,Sin Limpieza/batch_70.pdf,batch_70.pdf,.,17.0,BOCA SERVICIOS VETERINARIOS,BOCA SERVICIOS VETERINARIOS,,,18.45,-69.6,manual_override,0.6,"santo domingo, do 0000 DATE OF RECEIPT: 8/1/25",,1.0,1.0.0
0ac96eabf915a2b77568a77dae54084c,0ac96eabf915a2b77568a77dae54084c,3ad4fe1d98e91d832658,IDEXX,baseline_historico,2025-08-01,8/1/25,8/1/25,Sin Limpieza/batch_70.pdf,batch_70.pdf,.,19.0,BOCA SERVICIOS VETERINARIOS,BOCA SERVICIOS VETERINARIOS,,,18.45,-69.6,manual_override,0.6,Chihuahua,Male,11.0,1.0.0
69fa7b3ae2f648998962687c76dc9be6,69fa7b3ae2f648998962687c76dc9be6,f1a6f9877b74c07d6d7b,IDEXX,baseline_historico,2025-06-23,6/23/25,6/23/25,Sin Limpieza/batch_71.pdf,batch_71.pdf,.,1.0,BOCA SERVICIOS VETERINARIOS,BOCA SERVICIOS VETERINARIOS,,,18.45,-69.6,manual_override,0.6,Rottweiler,Female,1.0,1.0.0
6046aa4a6d028946accfe2130a1247c1,6046aa4a6d028946accfe2130a1247c1,f497142dccab7e65736e,IDEXX,baseline_historico,2025-06-23,6/23/25,6/23/25,Sin Limpieza/batch_71.pdf,batch_71.pdf,.,3.0,BOCA SERVICIOS VETERINARIOS,BOCA SERVICIOS VETERINARIOS,,,18.45,-69.6,manual_override,0.6,"Canine, Mixed Breed",Female,7.0,1.0.0
1ae4ca9e8cb6b8838841c05c790b6092,1ae4ca9e8cb6b8838841c05c790b6092,d9b9594d32abb5945e10,IDEXX,baseline_historico,2025-06-23,6/23/25,6/23/25,Sin Limpieza/batch_71.pdf,batch_71.pdf,.,5.0,BOCA SERVICIOS VETERINARIOS,BOCA SERVICIOS VETERINARIOS,,,18.45,-69.6,manual_override,0.6,"Canine, Other",Female,0.83,1.0.0
5bd1268e33bcdd05a18766a90f0a124e,5bd1268e33bcdd05a18766a90f0a124e,f8b8afe2ab44bb2d7c81,IDEXX,baseline_historico,2025-06-23,6/23/25,6/23/25,Sin Limpieza/batch_71.pdf,batch_71.pdf,.,7.0,BOCA SERVICIOS VETERINARIOS,BOCA SERVICIOS VETERINARIOS,,,18.45,-69.6,manual_override,0.6,Shih Tzu,Female,1.0,1.0.0
4d2d91d8413c510f38ffc9e8644fdfb6,4d2d91d8413c510f38ffc9e8644fdfb6,9af8024996c01b280a0f,IDEXX,baseline_historico,2025-06-23,6/23/25,6/23/25,Sin Limpieza/batch_71.pdf,batch_71.pdf,.,9.0,BOCA SERVICIOS VETERINARIOS,BOCA SERVICIOS VETERINARIOS,,,18.45,-69.6,manual_override,0.6,Shih Tzu,Male,1.0,1.0.0
91c98a7f7a73479d93823244d9678649,91c98a7f7a73479d93823244d9678649,e6c1a9f296c5345a28fe,IDEXX,baseline_historico,2025-06-23,6/23/25,6/23/25,Sin Limpieza/batch_71.pdf,batch_71.pdf,.,11.0,BOCA SERVICIOS VETERINARIOS,BOCA SERVICIOS VETERINARIOS,,,18.45,-69.6,manual_override,0.6,Bull Terrier,Female,,1.0.0
d5362a7212c8c89f0c7720f85fa45471,d5362a7212c8c89f0c7720f85fa45471,3795b1f95df8d9e7e8d9,IDEXX,baseline_historico,2025-06-22,6/22/25,6/22/25,Sin Limpieza/batch_71.pdf,batch_71.pdf,.,13.0,BOCA SERVICIOS VETERINARIOS,BOCA SERVICIOS VETERINARIOS,,,18.45,-69.6,manual_override,0.6,"Canine, Mixed Breed",Female,2.0,1.0.0
d62b98db65c49c5cb8e6b04c7012674a,d62b98db65c49c5cb8e6b04c7012674a,b633076c5faee5de0c26,IDEXX,baseline_historico,2025-06-21,6/21/25,6/21/25,Sin Limpieza/batch_71.pdf,batch_71.pdf,.,15.0,BOCA SERVICIOS VETERINARIOS,BOCA SERVICIOS VETERINARIOS,,,18.45,-69.6,manual_override,0.6,Pomeranian,Female,,1.0.0
1d27dc32a1841af83e76a0e398aca2bc,1d27dc32a1841af83e76a0e398aca2bc,97827ee812e391d93323,IDEXX,baseline_historico,2025-06-21,6/21/25,6/21/25,Sin Limpieza/batch_71.pdf,batch_71.pdf,.,17.0,BOCA SERVICIOS VETERINARIOS,BOCA SERVICIOS VETERINARIOS,,,18.45,-69.6,manual_override,0.6,"Canine, Mixed Breed",Female,8.0,1.0.0
2d30a1d2015d723ff80320c706e576f7,2d30a1d2015d723ff80320c706e576f7,e6c1a9f296c5345a28fe,IDEXX,baseline_historico,2025-06-20,6/20/25,6/20/25,Sin Limpieza/batch_71.pdf,batch_71.pdf,.,19.0,BOCA SERVICIOS VETERINARIOS,BOCA SERVICIOS VETERINARIOS,,,18.45,-69.6,manual_override,0.6,Bull Terrier,Female,,1.0.0
255ed4df069c5295a68e033a98961218,255ed4df069c5295a68e033a98961218,7278570d46ee55e354df,IDEXX,baseline_historico,2025-09-10,9/10/25,9/10/25,Sin Limpieza/batch_72.pdf,batch_72.pdf,.,1.0,BOCA SERVICIOS VETERINARIOS,BOCA SERVICIOS VETERINARIOS,,,18.45,-69.6,manual_override,0.6,Mixed,Male,4.0,1.0.0
45267af4ca5a2e7884be9f4797f4e2f3,45267af4ca5a2e7884be9f4797f4e2f3,e9cf0a49abfbe2a08b40,IDEXX,baseline_historico,2025-09-03,9/3/25,9/3/25,Sin Limpieza/batch_72.pdf,batch_72.pdf,.,3.0,BOCA SERVICIOS VETERINARIOS,BOCA SERVICIOS VETERINARIOS,,,18.45,-69.6,manual_override,0.6,French Bulldog,Male,1.0,1.0.0
8560b864aa6fefa3f893533a253ad040,8560b864aa6fefa3f893533a253ad040,b963468e943d37d42a53,IDEXX,baseline_historico,2025-09-02,9/2/25,9/2/25,Sin Limpieza/batch_72.pdf,batch_72.pdf,.,5.0,BOCA SERVICIOS VETERINARIOS,BOCA SERVICIOS VETERINARIOS,,,18.45,-69.6,manual_override,0.6,Pomeranian,Male,2.0,1.0.0
f69784705265b7e271f6b39a49a40793,f69784705265b7e271f6b39a49a40793,f8492ac19968aded1d6d,IDEXX,baseline_historico,2025-09-02,9/2/25,9/2/25,Sin Limpieza/batch_72.pdf,batch_72.pdf,.,7.0,BOCA SERVICIOS VETERINARIOS,BOCA SERVICIOS VETERINARIOS,,,18.45,-69.6,manual_override,0.6,Doberman Pinscher,Male,1.0,1.0.0
5a29dfde7031bbc0a7900e1946d1098f,5a29dfde7031bbc0a7900e1946d1098f,cff2f36b93ce927e6a35,IDEXX,baseline_historico,2025-09-02,9/2/25,9/2/25,Sin Limpieza/batch_72.pdf,batch_72.pdf,.,9.0,BOCA SERVICIOS VETERINARIOS,BOCA SERVICIOS VETERINARIOS,,,18.45,-69.6,manual_override,0.6,Doberman Pinscher,Male,1.0,1.0.0
452774cdac1c12acf989e4e00b12b6ca,452774cdac1c12acf989e4e00b12b6ca,e069166d2d6e0329715b,IDEXX,baseline_historico,2025-09-02,9/2/25,9/2/25,Sin Limpieza/batch_72.pdf,batch_72.pdf,.,11.0,BOCA SERVICIOS VETERINARIOS,BOCA SERVICIOS VETERINARIOS,,,18.45,-69.6,manual_override,0.6,Yorkshire Terrier,Female,1.0,1.0.0
2f82dbc5be3ccdac977c0e85fb8fbff5,2f82dbc5be3ccdac977c0e85fb8fbff5,5c865c856df603616afb,IDEXX,baseline_historico,2025-09-01,9/1/25,9/1/25,Sin Limpieza/batch_72.pdf,batch_72.pdf,.,13.0,BOCA SERVICIOS VETERINARIOS,BOCA SERVICIOS VETERINARIOS,,,18.45,-69.6,manual_override,0.6,"Canine, Mixed Breed",Female,4.0,1.0.0
a2d5ecd9aec0778f011b1f80a12f3de5,a2d5ecd9aec0778f011b1f80a12f3de5,8a0a7159fe21f3bf241c,IDEXX,baseline_historico,2025-09-01,9/1/25,9/1/25,Sin Limpieza/batch_72.pdf,batch_72.pdf,.,15.0,BOCA SERVICIOS VETERINARIOS,BOCA SERVICIOS VETERINARIOS,,,18.45,-69.6,manual_override,0.6,"Canine, Mixed Breed",Female,8.0,1.0.0
ea8223a1c2c36ffa6f17edc6ff6ff3bd,ea8223a1c2c36ffa6f17edc6ff6ff3bd,43e5452b1f3284cb04b4,IDEXX,baseline_historico,2025-09-01,9/1/25,9/1/25,Sin Limpieza/batch_72.pdf,batch_72.pdf,.,17.0,BOCA SERVICIOS VETERINARIOS,BOCA SERVICIOS VETERINARIOS,,,18.45,-69.6,manual_override,0.6,Chihuahua,Male,,1.0.0
408f433f98e4b1cc081621ba4fa339e3,408f433f98e4b1cc081621ba4fa339e3,f68b909f347d92ff22d7,IDEXX,baseline_historico,2025-06-21,6/21/25,6/21/25,Sin Limpieza/batch_73.pdf,batch_73.pdf,.,1.0,BOCA SERVICIOS VETERINARIOS,BOCA SERVICIOS VETERINARIOS,,,18.45,-69.6,manual_override,0.6,Mixed,Male,,1.0.0
a74fb158166ff573d2c3747050822caa,a74fb158166ff573d2c3747050822caa,3445f2c26d62904be420,IDEXX,baseline_historico,2025-06-20,6/20/25,6/20/25,Sin Limpieza/batch_73.pdf,batch_73.pdf,.,5.0,BOCA SERVICIOS VETERINARIOS,BOCA SERVICIOS VETERINARIOS,,,18.45,-69.6,manual_override,0.6,"Canine, Other",Female,5.0,1.0.0
c38a53964c67ddbcf68bec217e33e8c5,c38a53964c67ddbcf68bec217e33e8c5,d9b9594d32abb5945e10,IDEXX,baseline_historico,2025-06-20,6/20/25,6/20/25,Sin Limpieza/batch_73.pdf,batch_73.pdf,.,7.0,BOCA SERVICIOS VETERINARIOS,BOCA SERVICIOS VETERINARIOS,,,18.45,-69.6,manual_override,0.6,"Canine, Other",Female,0.83,1.0.0
baefbf8aa7eb477c48940e9f401b657b,baefbf8aa7eb477c48940e9f401b657b,1118e2fec339d36fcff3,IDEXX,baseline_historico,2025-06-20,6/20/25,6/20/25,Sin Limpieza/batch_73.pdf,batch_73.pdf,.,9.0,BOCA SERVICIOS VETERINARIOS,BOCA SERVICIOS VETERINARIOS,,,18.45,-69.6,manual_override,0.6,Siberian Husky,Female,,1.0.0
dad4944582f5fc7d691449001c09b974,dad4944582f5fc7d691449001c09b974,018a79bfd2a1e04d5c1e,IDEXX,baseline_historico,2025-06-20,6/20/25,6/20/25,Sin Limpieza/batch_73.pdf,batch_73.pdf,.,11.0,BOCA SERVICIOS VETERINARIOS,BOCA SERVICIOS VETERINARIOS,,,18.45,-69.6,manual_override,0.6,"Canine, Other",Female,,1.0.0
334134485abf7e96ffde3f7567f20954,334134485abf7e96ffde3f7567f20954,4b5056cc1658ddc3d6b9,IDEXX,baseline_historico,2025-06-20,6/20/25,6/20/25,Sin Limpieza/batch_73.pdf,batch_73.pdf,.,13.0,BOCA SERVICIOS VETERINARIOS,BOCA SERVICIOS VETERINARIOS,,,18.45,-69.6,manual_override,0.6,Golden Retriever,Female,5.0,1.0.0
b61bf21c4d48804a52568819b695f163,b61bf21c4d48804a52568819b695f163,3f0af903806c65b43e37,IDEXX,baseline_historico,2025-06-20,6/20/25,6/20/25,Sin Limpieza/batch_73.pdf,batch_73.pdf,.,15.0,BOCA SERVICIOS VETERINARIOS,BOCA SERVICIOS VETERINARIOS,,,18.45,-69.6,manual_override,0.6,"Canine, Mixed Breed",Male,6.0,1.0.0
4d67cfa7ede2905c26eeac51d129b827,4d67cfa7ede2905c26eeac51d129b827,658600c26f25b55085ee,IDEXX,baseline_historico,2025-06-20,6/20/25,6/20/25,Sin Limpieza/batch_73.pdf,batch_73.pdf,.,17.0,BOCA SERVICIOS VETERINARIOS,BOCA SERVICIOS VETERINARIOS,,,18.45,-69.6,manual_override,0.6,Dachshund,Female,1.0,1.0.0
e8aa790c69855f1952299d6886e5d7d3,e8aa790c69855f1952299d6886e5d7d3,f21adf13b3ffc231eb9b,IDEXX,baseline_historico,2025-06-20,6/20/25,6/20/25,Sin Limpieza/batch_73.pdf,batch_73.pdf,.,19.0,BOCA SERVICIOS VETERINARIOS,BOCA SERVICIOS VETERINARIOS,,,18.45,-69.6,manual_override,0.6,"Cocker Spaniel, American",Male,3.0,1.0.0
a3a920b62d5cddb8aeefc08f3a95a447,a3a920b62d5cddb8aeefc08f3a95a447,89701d7a58c4b26ec5e5,IDEXX,baseline_historico,2025-09-06,9/6/25,9/6/25,Sin Limpieza/batch_74.pdf,batch_74.pdf,.,1.0,BOCA SERVICIOS VETERINARIOS,BOCA SERVICIOS VETERINARIOS,,,18.45,-69.6,manual_override,0.6,Golden Retriever,Male,1.0,1.0.0
98780ef6eade1f2f1fd6fa65a09abeef,98780ef6eade1f2f1fd6fa65a09abeef,71b95e0f07a1c1bcce5c,IDEXX,baseline_historico,2025-07-31,7/31/25,7/31/25,Sin Limpieza/batch_74.pdf,batch_74.pdf,.,3.0,BOCA SERVICIOS VETERINARIOS,BOCA SERVICIOS VETERINARIOS,,,18.45,-69.6,manual_override,0.6,Pug,Female,1.0,1.0.0
1537d7d6048c4661616d6ff25ecd4dff,1537d7d6048c4661616d6ff25ecd4dff,38224f62379fbff8d9f4,IDEXX,baseline_historico,2025-07-31,7/31/25,7/31/25,Sin Limpieza/batch_74.pdf,batch_74.pdf,.,5.0,BOCA SERVICIOS VETERINARIOS,BOCA SERVICIOS VETERINARIOS,,,18.45,-69.6,manual_override,0.6,Pug,Female,4.0,1.0.0
bae1a5f88306fb7d60fed3d3179e0b53,bae1a5f88306fb7d60fed3d3179e0b53,89701d7a58c4b26ec5e5,IDEXX,baseline_historico,2025-07-31,7/31/25,7/31/25,Sin Limpieza/batch_74.pdf,batch_74.pdf,.,7.0,BOCA SERVICIOS VETERINARIOS,BOCA SERVICIOS VETERINARIOS,,,18.45,-69.6,manual_override,0.6,Golden Retriever,Male,1.0,1.0.0
1fb4675f13c3f0c4682bec8093a2748a,1fb4675f13c3f0c4682bec8093a2748a,785a409b94b27e1d8e5c,IDEXX,baseline_historico,2025-07-30,7/30/25,7/30/25,Sin Limpieza/batch_74.pdf,batch_74.pdf,.,9.0,BOCA SERVICIOS VETERINARIOS,BOCA SERVICIOS VETERINARIOS,,,18.45,-69.6,manual_override,0.6,Pug,Male,15.0,1.0.0
868d4c224fbd9e0db05307a783bbaf55,868d4c224fbd9e0db05307a783bbaf55,51b69e01bc8a0349b42a,IDEXX,baseline_historico,2025-07-30,7/30/25,7/30/25,Sin Limpieza/batch_74.pdf,batch_74.pdf,.,11.0,BOCA SERVICIOS VETERINARIOS,BOCA SERVICIOS VETERINARIOS,,,18.45,-69.6,manual_override,0.6,Pug,Female,4.0,1.0.0
71d64316452ba6babb0238b2037d4553,71d64316452ba6babb0238b2037d4553,b63785fc5aaa26a22b64,IDEXX,baseline_historico,2025-07-29,7/29/25,7/29/25,Sin Limpieza/batch_74.pdf,batch_74.pdf,.,13.0,BOCA SERVICIOS VETERINARIOS,BOCA SERVICIOS VETERINARIOS,,,18.45,-69.6,manual_override,0.6,Yorkshire Terrier,Female,1.0,1.0.0
25e3fb71802a9bde57f4b2fdc44d359d,25e3fb71802a9bde57f4b2fdc44d359d,79c37487f888c4417ce2,IDEXX,baseline_historico,2025-07-29,7/29/25,7/29/25,Sin Limpieza/batch_74.pdf,batch_74.pdf,.,15.0,BOCA SERVICIOS VETERINARIOS,BOCA SERVICIOS VETERINARIOS,,,18.45,-69.6,manual_override,0.6,Siberian Husky,Male,4.0,1.0.0
9261e9f78fe63384ed3e4f843b76fc1c,9261e9f78fe63384ed3e4f843b76fc1c,da84f89a43f8d706dfdd,IDEXX,baseline_historico,2025-07-29,7/29/25,7/29/25,Sin Limpieza/batch_74.pdf,batch_74.pdf,.,17.0,BOCA SERVICIOS VETERINARIOS,BOCA SERVICIOS VETERINARIOS,,,18.45,-69.6,manual_override,0.6,Yorkshire Terrier,Female,1.0,1.0.0
0e4219caab5bc7ddc56ba3ea89cf39f1,0e4219caab5bc7ddc56ba3ea89cf39f1,1ff40568622d427c7373,IDEXX,baseline_historico,2025-07-29,7/29/25,7/29/25,Sin Limpieza/batch_74.pdf,batch_74.pdf,.,19.0,BOCA SERVICIOS VETERINARIOS,BOCA SERVICIOS VETERINARIOS,,,18.45,-69.6,manual_override,0.6,Yorkshire Terrier,Male,7.0,1.0.0
ac9aee215f4e1f8e8003f351b6b78aa6,ac9aee215f4e1f8e8003f351b6b78aa6,ee448c61f79d50064b1f,IDEXX,baseline_historico,2025-06-30,6/30/25,6/30/25,Sin Limpieza/batch_75.pdf,batch_75.pdf,.,1.0,BOCA SERVICIOS VETERINARIOS,BOCA SERVICIOS VETERINARIOS,,,18.45,-69.6,manual_override,0.6,"Canine, Mixed Breed",Male,,1.0.0
d7e34c6ae8eadeac17eb2e6f4c7196ab,d7e34c6ae8eadeac17eb2e6f4c7196ab,85648a65c561a5ab891f,IDEXX,baseline_historico,2025-06-28,6/28/25,6/28/25,Sin Limpieza/batch_75.pdf,batch_75.pdf,.,3.0,BOCA SERVICIOS VETERINARIOS,BOCA SERVICIOS VETERINARIOS,,,18.45,-69.6,manual_override,0.6,"Canine, Mixed Breed",Female,,1.0.0
8745cf7311b0e0e5c75f6c8cebbcf5bf,8745cf7311b0e0e5c75f6c8cebbcf5bf,e67e33915ee52c0de17c,IDEXX,baseline_historico,2025-06-27,6/27/25,6/27/25,Sin Limpieza/batch_75.pdf,batch_75.pdf,.,5.0,BOCA SERVICIOS VETERINARIOS,BOCA SERVICIOS VETERINARIOS,,,18.45,-69.6,manual_override,0.6,Chihuahua,Female,,1.0.0
6cbe5e791f9c0f240e0ba0b5a6a9868f,6cbe5e791f9c0f240e0ba0b5a6a9868f,7873f7329276b0632e5f,IDEXX,baseline_historico,2025-06-27,6/27/25,6/27/25,Sin Limpieza/batch_75.pdf,batch_75.pdf,.,7.0,BOCA SERVICIOS VETERINARIOS,BOCA SERVICIOS VETERINARIOS,,,18.45,-69.6,manual_override,0.6,Pomeranian,Female,3.0,1.0.0
2314d295a8bfef8100230fafa56d2888,2314d295a8bfef8100230fafa56d2888,44c4614bf590641d5533,IDEXX,baseline_historico,2025-06-27,6/27/25,6/27/25,Sin Limpieza/batch_75.pdf,batch_75.pdf,.,9.0,BOCA SERVICIOS VETERINARIOS,BOCA SERVICIOS VETERINARIOS,,,18.45,-69.6,manual_override,0.6,"Canine, Other",Male,,1.0.0
b9a3d822db97e7b339a0be302e9f3fc7,b9a3d822db97e7b339a0be302e9f3fc7,1aaf839dc781d8ecea7f,IDEXX,baseline_historico,2025-06-27,6/27/25,6/27/25,Sin Limpieza/batch_75.pdf,batch_75.pdf,.,11.0,BOCA SERVICIOS VETERINARIOS,BOCA SERVICIOS VETERINARIOS,,,18.45,-69.6,manual_override,0.6,"Canine, Mixed Breed",Female,,1.0.0
cbbbd3d554b917298a51aa1fb3227e89,cbbbd3d554b917298a51aa1fb3227e89,045efa0f97523df2ea1e,IDEXX,baseline_historico,2025-06-27,6/27/25,6/27/25,Sin Limpieza/batch_75.pdf,batch_75.pdf,.,13.0,BOCA SERVICIOS VETERINARIOS,BOCA SERVICIOS VETERINARIOS,,,18.45,-69.6,manual_override,0.6,Bull Terrier,Female,,1.0.0
23597201c990a2ee95906d47fed23d5c,23597201c990a2ee95906d47fed23d5c,0573e95fec379f6128b7,IDEXX,baseline_historico,2025-06-26,6/26/25,6/26/25,Sin Limpieza/batch_75.pdf,batch_75.pdf,.,15.0,BOCA SERVICIOS VETERINARIOS,BOCA SERVICIOS VETERINARIOS,,,18.45,-69.6,manual_override,0.6,Doberman Pinscher,Female,1.0,1.0.0
a8da3329eeac66862040f3544b45e79f,a8da3329eeac66862040f3544b45e79f,cc3de9a0a68fab317932,IDEXX,baseline_historico,2025-06-26,6/26/25,6/26/25,Sin Limpieza/batch_75.pdf,batch_75.pdf,.,17.0,BOCA SERVICIOS VETERINARIOS,BOCA SERVICIOS VETERINARIOS,,,18.45,-69.6,manual_override,0.6,"Canine, Other",Male,,1.0.0
2ff3a058fb58739d9dfd0c4bd7bcc655,2ff3a058fb58739d9dfd0c4bd7bcc655,9954681f8a9d6a377087,IDEXX,baseline_historico,2025-06-26,6/26/25,6/26/25,Sin Limpieza/batch_75.pdf,batch_75.pdf,.,19.0,BOCA SERVICIOS VETERINARIOS,BOCA SERVICIOS VETERINARIOS,,,18.45,-69.6,manual_override,0.6,"Canine, Mixed Breed",Female,,1.0.0
fe95bff4c02747ea5b6021ff4abac339,fe95bff4c02747ea5b6021ff4abac339,d5f56178582f1d6d0854,IDEXX,baseline_historico,2025-06-17,6/17/25,6/17/25,Sin Limpieza/batch_76.pdf,batch_76.pdf,.,1.0,BOCA SERVICIOS VETERINARIOS,BOCA SERVICIOS VETERINARIOS,,,18.45,-69.6,manual_override,0.6,"Canine, Other",Male,1.0,1.0.0
2673f31b1de34122c7bddd0071a0000c,2673f31b1de34122c7bddd0071a0000c,3695e366a9f7a2302b85,IDEXX,baseline_historico,2025-06-17,6/17/25,6/17/25,Sin Limpieza/batch_76.pdf,batch_76.pdf,.,3.0,BOCA SERVICIOS VETERINARIOS,BOCA SERVICIOS VETERINARIOS,,,18.45,-69.6,manual_override,0.6,French Bulldog,Female,2.0,1.0.0
d48b22d65a0f9cfe5cbba8a6e300b9c4,d48b22d65a0f9cfe5cbba8a6e300b9c4,b9e93a1528bb6f27967b,IDEXX,baseline_historico,2025-06-17,6/17/25,6/17/25,Sin Limpieza/batch_76.pdf,batch_76.pdf,.,5.0,BOCA SERVICIOS VETERINARIOS,BOCA SERVICIOS VETERINARIOS,,,18.45,-69.6,manual_override,0.6,"Canine, Mixed Breed",Male,,1.0.0
6d3b0eea5ca6d00fc16af9c2b4782ec2,6d3b0eea5ca6d00fc16af9c2b4782ec2,9fd74c2720a183782496,IDEXX,baseline_historico,2025-06-17,6/17/25,6/17/25,Sin Limpieza/batch_76.pdf,batch_76.pdf,.,7.0,BOCA SERVICIOS VETERINARIOS,BOCA SERVICIOS VETERINARIOS,,,18.45,-69.6,manual_override,0.6,Staffordshire Bull Terrier,Female,,1.0.0
c00bcbd4a13b0aa858d549093d1db8d6,c00bcbd4a13b0aa858d549093d1db8d6,3d7ec79fed879456ead7,IDEXX,baseline_historico,2025-06-17,6/17/25,6/17/25,Sin Limpieza/batch_76.pdf,batch_76.pdf,.,9.0,BOCA SERVICIOS VETERINARIOS,BOCA SERVICIOS VETERINARIOS,,,18.45,-69.6,manual_override,0.6,Yorkshire Terrier,Male,2.0,1.0.0
a4a6f53692a95803c55dc332199f14f0,a4a6f53692a95803c55dc332199f14f0,e020975091c44c76b44b,IDEXX,baseline_historico,2025-06-17,6/17/25,6/17/25,Sin Limpieza/batch_76.pdf,batch_76.pdf,.,11.0,BOCA SERVICIOS VETERINARIOS,BOCA SERVICIOS VETERINARIOS,,,18.45,-69.6,manual_override,0.6,Bulldog,Male,1.0,1.0.0
3ddc99431b3e0fc128225d2c989ea55a,3ddc99431b3e0fc128225d2c989ea55a,263258d9a2a66f2567cf,IDEXX,baseline_historico,2025-06-17,6/17/25,6/17/25,Sin Limpieza/batch_76.pdf,batch_76.pdf,.,13.0,BOCA SERVICIOS VETERINARIOS,BOCA SERVICIOS VETERINARIOS,,,18.45,-69.6,manual_override,0.6,"Canine, Mixed Breed",Male,8.0,1.0.0
384781af54588817792bce14942361a2,384781af54588817792bce14942361a2,bbf31b89bb5250562f02,IDEXX,baseline_historico,2025-06-17,6/17/25,6/17/25,Sin Limpieza/batch_76.pdf,batch_76.pdf,.,15.0,BOCA SERVICIOS VETERINARIOS,BOCA SERVICIOS VETERINARIOS,,,18.45,-69.6,manual_override,0.6,Yorkshire Terrier,Female,5.0,1.0.0
da21d078fe2159cad2202f62ae0707ca,da21d078fe2159cad2202f62ae0707ca,8306d9b7fcc790454770,IDEXX,baseline_historico,2025-06-17,6/17/25,6/17/25,Sin Limpieza/batch_76.pdf,batch_76.pdf,.,17.0,BOCA SERVICIOS VETERINARIOS,BOCA SERVICIOS VETERINARIOS,,,18.45,-69.6,manual_override,0.6,Shih Tzu,Male,,1.0.0
994b028ef07591e0aeff536fb50a27c3,994b028ef07591e0aeff536fb50a27c3,92c372667006c6dc7f13,IDEXX,baseline_historico,2025-08-29,8/29/25,8/29/25,Sin Limpieza/batch_77.pdf,batch_77.pdf,.,1.0,BOCA SERVICIOS VETERINARIOS,BOCA SERVICIOS VETERINARIOS,,,18.45,-69.6,manual_override,0.6,Mixed,,5.0,1.0.0
3afc8c907c43fb25c8cfd9f344108a58,3afc8c907c43fb25c8cfd9f344108a58,45db6af9c68768b4c6c4,IDEXX,baseline_historico,2025-08-15,8/15/25,8/15/25,Sin Limpieza/batch_77.pdf,batch_77.pdf,.,3.0,BOCA SERVICIOS VETERINARIOS,BOCA SERVICIOS VETERINARIOS,,,18.45,-69.6,manual_override,0.6,Belgian Malinois,Female,,1.0.0
687e0efda69423c99efd4188a01c8c0f,687e0efda69423c99efd4188a01c8c0f,f05b927ebf5ef97ab315,IDEXX,baseline_historico,2025-08-15,8/15/25,8/15/25,Sin Limpieza/batch_77.pdf,batch_77.pdf,.,5.0,BOCA SERVICIOS VETERINARIOS,BOCA SERVICIOS VETERINARIOS,,,18.45,-69.6,manual_override,0.6,Boxer,Male,,1.0.0
1b0a3530419c7e5102ac9ec65275c160,1b0a3530419c7e5102ac9ec65275c160,af1602c5130457af3548,IDEXX,baseline_historico,2025-08-15,8/15/25,8/15/25,Sin Limpieza/batch_77.pdf,batch_77.pdf,.,7.0,BOCA SERVICIOS VETERINARIOS,BOCA SERVICIOS VETERINARIOS,,,18.45,-69.6,manual_override,0.6,"Canine, Other",Male,,1.0.0
246a1c33b1361ba8eadea2769d44de24,246a1c33b1361ba8eadea2769d44de24,de1d0bc441b79dc42e2b,IDEXX,baseline_historico,2025-08-14,8/14/25,8/14/25,Sin Limpieza/batch_77.pdf,batch_77.pdf,.,9.0,BOCA SERVICIOS VETERINARIOS,BOCA SERVICIOS VETERINARIOS,,,18.45,-69.6,manual_override,0.6,Chihuahua,Female,14.0,1.0.0
27ab1453823f4fb00f4e73c4704e49d2,27ab1453823f4fb00f4e73c4704e49d2,9f79e8e38f838df43091,IDEXX,baseline_historico,2025-08-13,8/13/25,8/13/25,Sin Limpieza/batch_77.pdf,batch_77.pdf,.,11.0,BOCA SERVICIOS VETERINARIOS,BOCA SERVICIOS VETERINARIOS,,,18.45,-69.6,manual_override,0.6,"Canine, Mixed Breed",Male,,1.0.0
2a22dccabd14ba2a59e628ae52d7b209,2a22dccabd14ba2a59e628ae52d7b209,7f681aa4c8cc856ff02f,IDEXX,baseline_historico,2025-08-13,8/13/25,8/13/25,Sin Limpieza/batch_77.pdf,batch_77.pdf,.,13.0,BOCA SERVICIOS VETERINARIOS,BOCA SERVICIOS VETERINARIOS,,,18.45,-69.6,manual_override,0.6,Chihuahua,Female,19.0,1.0.0
fc1bfb59ff48a12db28c0cf2d51dacda,fc1bfb59ff48a12db28c0cf2d51dacda,543340bb082a1995dd0a,IDEXX,baseline_historico,2025-08-13,8/13/25,8/13/25,Sin Limpieza/batch_77.pdf,batch_77.pdf,.,15.0,BOCA SERVICIOS VETERINARIOS,BOCA SERVICIOS VETERINARIOS,,,18.45,-69.6,manual_override,0.6,Chihuahua,Female,14.0,1.0.0
09ab785ea91958e17e13a2eb2ccf6700,09ab785ea91958e17e13a2eb2ccf6700,6ab2137917f3e1dfe495,IDEXX,baseline_historico,2025-08-13,8/13/25,8/13/25,Sin Limpieza/batch_77.pdf,batch_77.pdf,.,17.0,BOCA SERVICIOS VETERINARIOS,BOCA SERVICIOS VETERINARIOS,,,18.45,-69.6,manual_override,0.6,"Cocker Spaniel, American",Male,3.0,1.0.0
dc18d973da7cb57fc2c5ea3c834415b4,dc18d973da7cb57fc2c5ea3c834415b4,264f49a3c2ab54a91d91,IDEXX,baseline_historico,2025-08-13,8/13/25,8/13/25,Sin Limpieza/batch_77.pdf,batch_77.pdf,.,19.0,BOCA SERVICIOS VETERINARIOS,BOCA SERVICIOS VETERINARIOS,,,18.45,-69.6,manual_override,0.6,"Canine, Mixed Breed",Female,5.0,1.0.0
6cbcb1e31c87d91fdad5b851cf80898c,6cbcb1e31c87d91fdad5b851cf80898c,40e9c7f5d5dcd036d2c7,IDEXX,baseline_historico,2025-07-12,7/12/25,7/12/25,Sin Limpieza/batch_78.pdf,batch_78.pdf,.,1.0,BOCA SERVICIOS VETERINARIOS,BOCA SERVICIOS VETERINARIOS,,,18.45,-69.6,manual_override,0.6,Yorkshire Terrier,Female,,1.0.0
537655faa61864d3979b31fdd1819b61,537655faa61864d3979b31fdd1819b61,ec333b9acf736d989627,IDEXX,baseline_historico,2025-07-11,7/11/25,7/11/25,Sin Limpieza/batch_78.pdf,batch_78.pdf,.,3.0,BOCA SERVICIOS VETERINARIOS,BOCA SERVICIOS VETERINARIOS,,,18.45,-69.6,manual_override,0.6,Rottweiler,Male,2.0,1.0.0
1134d12a9aef8d750f842bd2604d0cec,1134d12a9aef8d750f842bd2604d0cec,f0bf3f6337f463d9692a,IDEXX,baseline_historico,2025-07-11,7/11/25,7/11/25,Sin Limpieza/batch_78.pdf,batch_78.pdf,.,5.0,BOCA SERVICIOS VETERINARIOS,BOCA SERVICIOS VETERINARIOS,,,18.45,-69.6,manual_override,0.6,Shih Tzu DATE OF RESULT: 7/11/25,Male,,1.0.0
bb0d6d0a7b0d009ecffb7493b405b20e,bb0d6d0a7b0d009ecffb7493b405b20e,c07c39c2afd45fbb67dc,IDEXX,baseline_historico,2025-07-11,7/11/25,7/11/25,Sin Limpieza/batch_78.pdf,batch_78.pdf,.,7.0,BOCA SERVICIOS VETERINARIOS,BOCA SERVICIOS VETERINARIOS,,,18.45,-69.6,manual_override,0.6,French Bulldog,Female,4.0,1.0.0
cdca6710d97b984caf62775a52f4b649,cdca6710d97b984caf62775a52f4b649,c95f81989ee2d1eb63fe,IDEXX,baseline_historico,2025-07-11,7/11/25,7/11/25,Sin Limpieza/batch_78.pdf,batch_78.pdf,.,9.0,BOCA SERVICIOS VETERINARIOS,BOCA SERVICIOS VETERINARIOS,,,18.45,-69.6,manual_override,0.6,French Bulldog,Female,5.0,1.0.0
44da5cedca5cfb16c0f7a7423f4e689f,44da5cedca5cfb16c0f7a7423f4e689f,2e06ea2b1380e4d396b1,IDEXX,baseline_historico,2025-07-11,7/11/25,7/11/25,Sin Limpieza/batch_78.pdf,batch_78.pdf,.,11.0,BOCA SERVICIOS VETERINARIOS,BOCA SERVICIOS VETERINARIOS,,,18.45,-69.6,manual_override,0.6,Belgian Sheepdog,Male,12.0,1.0.0
11ba2a9e4b24f62e920c5ca8a8d1cb02,11ba2a9e4b24f62e920c5ca8a8d1cb02,6273afe2634d7367c68a,IDEXX,baseline_historico,2025-07-10,7/10/25,7/10/25,Sin Limpieza/batch_78.pdf,batch_78.pdf,.,13.0,BOCA SERVICIOS VETERINARIOS,BOCA SERVICIOS VETERINARIOS,,,18.45,-69.6,manual_override,0.6,"Canine, Mixed Breed",Female,,1.0.0
86e2732735781ac277bfd3b53e7c3213,86e2732735781ac277bfd3b53e7c3213,bd7e080aecc2a042287d,IDEXX,baseline_historico,2025-07-09,7/9/25,7/9/25,Sin Limpieza/batch_78.pdf,batch_78.pdf,.,15.0,BOCA SERVICIOS VETERINARIOS,BOCA SERVICIOS VETERINARIOS,,,18.45,-69.6,manual_override,0.6,Yorkshire Terrier,Female,9.0,1.0.0
56b76c995c5b37d7d0bd852c83b681d1,56b76c995c5b37d7d0bd852c83b681d1,ef7573931958ac052be1,IDEXX,baseline_historico,2025-07-09,7/9/25,7/9/25,Sin Limpieza/batch_78.pdf,batch_78.pdf,.,17.0,BOCA SERVICIOS VETERINARIOS,BOCA SERVICIOS VETERINARIOS,,,18.45,-69.6,manual_override,0.6,Australian Shepherd,Male,,1.0.0
313f54a83e878804aafb4de77fe4da2c,313f54a83e878804aafb4de77fe4da2c,6e90758503989a981157,IDEXX,baseline_historico,2025-07-09,7/9/25,7/9/25,Sin Limpieza/batch_78.pdf,batch_78.pdf,.,19.0,BOCA SERVICIOS VETERINARIOS,BOCA SERVICIOS VETERINARIOS,,,18.45,-69.6,manual_override,0.6,"Canine, Mixed Breed",Male,0.83,1.0.0
fc5280ecfe804b0b8ede3fb224753b60,fc5280ecfe804b0b8ede3fb224753b60,5d3b8c7a57c868acc68f,IDEXX,baseline_historico,2025-07-15,7/15/25,7/15/25,Sin Limpieza/batch_79.pdf,batch_79.pdf,.,1.0,BOCA SERVICIOS VETERINARIOS,BOCA SERVICIOS VETERINARIOS,,,18.45,-69.6,manual_override,0.6,"Canine, Other",Female,,1.0.0
21e2b6e134b268da87fed3ec89324922,21e2b6e134b268da87fed3ec89324922,658600c26f25b55085ee,IDEXX,baseline_historico,2025-07-15,7/15/25,7/15/25,Sin Limpieza/batch_79.pdf,batch_79.pdf,.,3.0,BOCA SERVICIOS VETERINARIOS,BOCA SERVICIOS VETERINARIOS,,,18.45,-69.6,manual_override,0.6,Dachshund,Female,1.0,1.0.0
6d055b192fa4de2172e336a392c4c4a9,6d055b192fa4de2172e336a392c4c4a9,e020975091c44c76b44b,IDEXX,baseline_historico,2025-07-15,7/15/25,7/15/25,Sin Limpieza/batch_79.pdf,batch_79.pdf,.,5.0,BOCA SERVICIOS VETERINARIOS,BOCA SERVICIOS VETERINARIOS,,,18.45,-69.6,manual_override,0.6,Bulldog,Male,1.0,1.0.0
88ab8cb90b69f04e0419a96c9fc3c735,88ab8cb90b69f04e0419a96c9fc3c735,5811cc5b8f740167e584,IDEXX,baseline_historico,2025-07-15,7/15/25,7/15/25,Sin Limpieza/batch_79.pdf,batch_79.pdf,.,7.0,BOCA SERVICIOS VETERINARIOS,BOCA SERVICIOS VETERINARIOS,,,18.45,-69.6,manual_override,0.6,Boxer,Male,,1.0.0
d4e7ce454d80798517ce23dda04815ac,d4e7ce454d80798517ce23dda04815ac,2e06ea2b1380e4d396b1,IDEXX,baseline_historico,2025-07-15,7/15/25,7/15/25,Sin Limpieza/batch_79.pdf,batch_79.pdf,.,9.0,BOCA SERVICIOS VETERINARIOS,BOCA SERVICIOS VETERINARIOS,,,18.45,-69.6,manual_override,0.6,Belgian Sheepdog,Male,12.0,1.0.0
0fb5465b1a14bcc30cd36255a030fdb3,0fb5465b1a14bcc30cd36255a030fdb3,c08b82058ea3399be744,IDEXX,baseline_historico,2025-07-14,7/14/25,7/14/25,Sin Limpieza/batch_79.pdf,batch_79.pdf,.,11.0,BOCA SERVICIOS VETERINARIOS,BOCA SERVICIOS VETERINARIOS,,,18.45,-69.6,manual_override,0.6,Golden Retriever,Female,,1.0.0
3431821e14349a77bbb4c628d1e2f1b4,3431821e14349a77bbb4c628d1e2f1b4,61c15b04ccb4cbee6f82,IDEXX,baseline_historico,2025-07-14,7/14/25,7/14/25,Sin Limpieza/batch_79.pdf,batch_79.pdf,.,13.0,BOCA SERVICIOS VETERINARIOS,BOCA SERVICIOS VETERINARIOS,,,18.45,-69.6,manual_override,0.6,Rottweiler,Female,1.0,1.0.0
cd08ee18d81045371b62b70d06c9de73,cd08ee18d81045371b62b70d06c9de73,d598db3adb6b524b6fbb,IDEXX,baseline_historico,2025-07-14,7/14/25,7/14/25,Sin Limpieza/batch_79.pdf,batch_79.pdf,.,15.0,BOCA SERVICIOS VETERINARIOS,BOCA SERVICIOS VETERINARIOS,,,18.45,-69.6,manual_override,0.6,Bulldog,Male,,1.0.0
7ba6cfa4b86ae92990f1f83d818ab51b,7ba6cfa4b86ae92990f1f83d818ab51b,107686901e224f07700c,IDEXX,baseline_historico,2025-07-12,7/12/25,7/12/25,Sin Limpieza/batch_79.pdf,batch_79.pdf,.,17.0,BOCA SERVICIOS VETERINARIOS,BOCA SERVICIOS VETERINARIOS,,,18.45,-69.6,manual_override,0.6,Belgian Malinois,Female,11.0,1.0.0
431109a81ae0d19554d11bb720903f98,431109a81ae0d19554d11bb720903f98,d18b9eb82ea3a2f61f36,IDEXX,baseline_historico,2025-12-29,12/29/25,12/29/25,Sin Limpieza/batch_8.pdf,batch_8.pdf,.,1.0,BOCA SERVICIOS VETERINARIOS,BOCA SERVICIOS VETERINARIOS,,,18.45,-69.6,manual_override,0.6,"Canine, Mixed Breed",Male,1.0,1.0.0
7a1fcedd7ec7c2a8c4aae56a26a63bbf,7a1fcedd7ec7c2a8c4aae56a26a63bbf,666454e12106e524553c,IDEXX,baseline_historico,2025-12-27,12/27/25,12/27/25,Sin Limpieza/batch_8.pdf,batch_8.pdf,.,5.0,BOCA SERVICIOS VETERINARIOS,BOCA SERVICIOS VETERINARIOS,,,18.45,-69.6,manual_override,0.6,"Cocker Spaniel, American",Male,0.92,1.0.0
bf0250c0626870105b7961ee554aa670,bf0250c0626870105b7961ee554aa670,958441ccbc699917d032,IDEXX,baseline_historico,2025-12-27,12/27/25,12/27/25,Sin Limpieza/batch_8.pdf,batch_8.pdf,.,7.0,BOCA SERVICIOS VETERINARIOS,BOCA SERVICIOS VETERINARIOS,,,18.45,-69.6,manual_override,0.6,Yorkshire Terrier,Female,,1.0.0
919859a34b451ca90ddac30e948b681e,919859a34b451ca90ddac30e948b681e,ed66e4e30705295eafd3,IDEXX,baseline_historico,2025-12-27,12/27/25,12/27/25,Sin Limpieza/batch_8.pdf,batch_8.pdf,.,9.0,BOCA SERVICIOS VETERINARIOS,BOCA SERVICIOS VETERINARIOS,,,18.45,-69.6,manual_override,0.6,"Canine, Other",Male,,1.0.0
e69ca22c34c0f5f141a69ed008b7edeb,e69ca22c34c0f5f141a69ed008b7edeb,6aa3bfd4deec2de313b5,IDEXX,baseline_historico,2025-12-26,12/26/25,12/26/25,Sin Limpieza/batch_8.pdf,batch_8.pdf,.,11.0,BOCA SERVICIOS VETERINARIOS,BOCA SERVICIOS VETERINARIOS,,,18.45,-69.6,manual_override,0.6,"Canine, Mixed Breed",Male,,1.0.0
a574a1a754727ec9a1f7ba964cd8eae0,a574a1a754727ec9a1f7ba964cd8eae0,d18b9eb82ea3a2f61f36,IDEXX,baseline_historico,2025-12-26,12/26/25,12/26/25,Sin Limpieza/batch_8.pdf,batch_8.pdf,.,13.0,BOCA SERVICIOS VETERINARIOS,BOCA SERVICIOS VETERINARIOS,,,18.45,-69.6,manual_override,0.6,"Canine, Mixed Breed",Male,1.0,1.0.0
f6be1ae600d96bde67ead088fe4e01de,f6be1ae600d96bde67ead088fe4e01de,64aae066b30f0f6608bf,IDEXX,baseline_historico,2025-12-26,12/26/25,12/26/25,Sin Limpieza/batch_8.pdf,batch_8.pdf,.,15.0,BOCA SERVICIOS VETERINARIOS,BOCA SERVICIOS VETERINARIOS,,,18.45,-69.6,manual_override,0.6,Shih Tzu,Male,,1.0.0
cbb0d7efa27c491e1bffcf76d1a012e3,cbb0d7efa27c491e1bffcf76d1a012e3,d7e836416c5185bce005,IDEXX,baseline_historico,2025-12-26,12/26/25,12/26/25,Sin Limpieza/batch_8.pdf,batch_8.pdf,.,17.0,BOCA SERVICIOS VETERINARIOS,BOCA SERVICIOS VETERINARIOS,,,18.45,-69.6,manual_override,0.6,"Canine, Mixed Breed",Female,3.0,1.0.0
d0c3b5dbaab780234a10ace961d2ca02,d0c3b5dbaab780234a10ace961d2ca02,ede97a1a6b08bdcce811,IDEXX,baseline_historico,2025-12-26,12/26/25,12/26/25,Sin Limpieza/batch_8.pdf,batch_8.pdf,.,19.0,BOCA SERVICIOS VETERINARIOS,BOCA SERVICIOS VETERINARIOS,,,18.45,-69.6,manual_override,0.6,"Cocker Spaniel, American",Female,12.0,1.0.0
54faa8353d3bb1100c512f0b2ed78b0b,54faa8353d3bb1100c512f0b2ed78b0b,75dcc3d2efc37c2b0428,IDEXX,baseline_historico,2025-08-27,8/27/25,8/27/25,Sin Limpieza/batch_80.pdf,batch_80.pdf,.,3.0,BOCA SERVICIOS VETERINARIOS,BOCA SERVICIOS VETERINARIOS,,,18.45,-69.6,manual_override,0.6,Golden Retriever,,10.0,1.0.0
e28e8178458726ccb9bea8e89df0a5fa,e28e8178458726ccb9bea8e89df0a5fa,76ca8481563bd228f2d5,IDEXX,baseline_historico,2025-08-25,8/25/25,8/25/25,Sin Limpieza/batch_80.pdf,batch_80.pdf,.,5.0,BOCA SERVICIOS VETERINARIOS,BOCA SERVICIOS VETERINARIOS,,,18.45,-69.6,manual_override,0.6,"Canine, Mixed Breed",Male,1.0,1.0.0
aadb65e71d872a21042c190a2b8a3438,aadb65e71d872a21042c190a2b8a3438,f825afd89cb475d702d2,IDEXX,baseline_historico,2025-08-23,8/23/25,8/23/25,Sin Limpieza/batch_80.pdf,batch_80.pdf,.,7.0,BOCA SERVICIOS VETERINARIOS,BOCA SERVICIOS VETERINARIOS,,,18.45,-69.6,manual_override,0.6,"santo domingo, do 0000 DATE OF RECEIPT: 8/23/25",Female,,1.0.0
4212a2a52d0e4cf619dd2503bf167b76,4212a2a52d0e4cf619dd2503bf167b76,b97db1b1b686883bb18f,IDEXX,baseline_historico,2025-08-22,8/22/25,8/22/25,Sin Limpieza/batch_80.pdf,batch_80.pdf,.,11.0,BOCA SERVICIOS VETERINARIOS,BOCA SERVICIOS VETERINARIOS,,,18.45,-69.6,manual_override,0.6,Chihuahua,Female,7.0,1.0.0
31702b3e72ba41ad7387f6cecb21e1ab,31702b3e72ba41ad7387f6cecb21e1ab,c69e9cd737c145813fa8,IDEXX,baseline_historico,2025-08-21,8/21/25,8/21/25,Sin Limpieza/batch_80.pdf,batch_80.pdf,.,15.0,BOCA SERVICIOS VETERINARIOS,BOCA SERVICIOS VETERINARIOS,,,18.45,-69.6,manual_override,0.6,Golden Retriever,Male,9.0,1.0.0
56c9a63f45b79075d297a79ccbfdbf66,56c9a63f45b79075d297a79ccbfdbf66,d64bc7e9f44e23fff3a8,IDEXX,baseline_historico,2025-08-21,8/21/25,8/21/25,Sin Limpieza/batch_80.pdf,batch_80.pdf,.,17.0,BOCA SERVICIOS VETERINARIOS,BOCA SERVICIOS VETERINARIOS,,,18.45,-69.6,manual_override,0.6,Great Dane,Male,0.58,1.0.0
5cdf310f3a791e09de4d96f6a2cb5446,5cdf310f3a791e09de4d96f6a2cb5446,a702d16d949a60f2958f,IDEXX,baseline_historico,2025-08-21,8/21/25,8/21/25,Sin Limpieza/batch_80.pdf,batch_80.pdf,.,19.0,BOCA SERVICIOS VETERINARIOS,BOCA SERVICIOS VETERINARIOS,,,18.45,-69.6,manual_override,0.6,Great Dane,Male,2.0,1.0.0
285da66ec4a7965e90dc793774cba3bc,285da66ec4a7965e90dc793774cba3bc,7719feeecef366dfd00d,IDEXX,baseline_historico,2025-07-09,7/9/25,7/9/25,Sin Limpieza/batch_81.pdf,batch_81.pdf,.,1.0,BOCA SERVICIOS VETERINARIOS,BOCA SERVICIOS VETERINARIOS,,,18.45,-69.6,manual_override,0.6,Golden Retriever,Male,10.0,1.0.0
6dab8b42bb3639c1ebb24b56ddd32504,6dab8b42bb3639c1ebb24b56ddd32504,c04f38b263472ba45f70,IDEXX,baseline_historico,2025-07-08,7/8/25,7/8/25,Sin Limpieza/batch_81.pdf,batch_81.pdf,.,3.0,BOCA SERVICIOS VETERINARIOS,BOCA SERVICIOS VETERINARIOS,,,18.45,-69.6,manual_override,0.6,Bulldog,Male,1.0,1.0.0
5d2b44e62928cc990cfabe2337a48c1f,5d2b44e62928cc990cfabe2337a48c1f,bd1621b4db72efcf360a,IDEXX,baseline_historico,2025-07-08,7/8/25,7/8/25,Sin Limpieza/batch_81.pdf,batch_81.pdf,.,5.0,BOCA SERVICIOS VETERINARIOS,BOCA SERVICIOS VETERINARIOS,,,18.45,-69.6,manual_override,0.6,"Canine, Mixed Breed",Male,4.0,1.0.0
9189afe100ae392ce8f6087be446ff65,9189afe100ae392ce8f6087be446ff65,c243a66bb0be1916191e,IDEXX,baseline_historico,2025-07-03,7/3/25,7/3/25,Sin Limpieza/batch_81.pdf,batch_81.pdf,.,9.0,BOCA SERVICIOS VETERINARIOS,BOCA SERVICIOS VETERINARIOS,,,18.45,-69.6,manual_override,0.6,Chihuahua,Female,,1.0.0
43cf216ce74e921e4334ce23e3b2e34d,43cf216ce74e921e4334ce23e3b2e34d,06b5fed3d76e16489140,IDEXX,baseline_historico,2025-07-01,7/1/25,7/1/25,Sin Limpieza/batch_81.pdf,batch_81.pdf,.,11.0,BOCA SERVICIOS VETERINARIOS,BOCA SERVICIOS VETERINARIOS,,,18.45,-69.6,manual_override,0.6,"Canine, Mixed Breed",Female,,1.0.0
7d50640cf41eaf184e7af0b94293de88,7d50640cf41eaf184e7af0b94293de88,798bf00bc471eecccd06,IDEXX,baseline_historico,2025-06-30,6/30/25,6/30/25,Sin Limpieza/batch_81.pdf,batch_81.pdf,.,13.0,BOCA SERVICIOS VETERINARIOS,BOCA SERVICIOS VETERINARIOS,,,18.45,-69.6,manual_override,0.6,"Canine, Mixed Breed",Male,,1.0.0
51e44372f4607577e36d902ffd3b96f5,51e44372f4607577e36d902ffd3b96f5,b6460725c58ff0676422,IDEXX,baseline_historico,2025-06-30,6/30/25,6/30/25,Sin Limpieza/batch_81.pdf,batch_81.pdf,.,15.0,BOCA SERVICIOS VETERINARIOS,BOCA SERVICIOS VETERINARIOS,,,18.45,-69.6,manual_override,0.6,"Canine, Mixed Breed",Male,1.0,1.0.0
5686a49fbf51e5326e75b09ae006824f,5686a49fbf51e5326e75b09ae006824f,582a707a1ad0b71ed625,IDEXX,baseline_historico,2025-06-30,6/30/25,6/30/25,Sin Limpieza/batch_81.pdf,batch_81.pdf,.,17.0,BOCA SERVICIOS VETERINARIOS,BOCA SERVICIOS VETERINARIOS,,,18.45,-69.6,manual_override,0.6,"santo domingo, do 0000 DATE OF RECEIPT: 6/30/25",Male,3.0,1.0.0
45d8a3cfb43cc770b79c4c6fe94da6f6,45d8a3cfb43cc770b79c4c6fe94da6f6,373d52f775cbc092788d,IDEXX,baseline_historico,2025-06-30,6/30/25,6/30/25,Sin Limpieza/batch_81.pdf,batch_81.pdf,.,19.0,BOCA SERVICIOS VETERINARIOS,BOCA SERVICIOS VETERINARIOS,,,18.45,-69.6,manual_override,0.6,Bulldog,Male,1.0,1.0.0
6a71a53172af1a948959cd7fa60c9b32,6a71a53172af1a948959cd7fa60c9b32,1a3be9843d3367d5d617,IDEXX,baseline_historico,2025-07-25,7/25/25,7/25/25,Sin Limpieza/batch_82.pdf,batch_82.pdf,.,1.0,BOCA SERVICIOS VETERINARIOS,BOCA SERVICIOS VETERINARIOS,,,18.45,-69.6,manual_override,0.6,Siberian Husky,,8.0,1.0.0
0d36e4bfd421ca164cdfb65f9efc2aca,0d36e4bfd421ca164cdfb65f9efc2aca,ca38eb9a176f56809dc9,IDEXX,baseline_historico,2025-07-25,7/25/25,7/25/25,Sin Limpieza/batch_82.pdf,batch_82.pdf,.,3.0,BOCA SERVICIOS VETERINARIOS,BOCA SERVICIOS VETERINARIOS,,,18.45,-69.6,manual_override,0.6,Pomeranian,Male,3.0,1.0.0
4b71bd79a807d41f3fae62c95f1e0273,4b71bd79a807d41f3fae62c95f1e0273,beedff6e462573381c5d,IDEXX,baseline_historico,2025-07-25,7/25/25,7/25/25,Sin Limpieza/batch_82.pdf,batch_82.pdf,.,5.0,BOCA SERVICIOS VETERINARIOS,BOCA SERVICIOS VETERINARIOS,,,18.45,-69.6,manual_override,0.6,"Canine, Mixed Breed",Female,,1.0.0
1bfbe5a0d7fa81875c9acfed1f970b98,1bfbe5a0d7fa81875c9acfed1f970b98,d5f56178582f1d6d0854,IDEXX,baseline_historico,2025-07-25,7/25/25,7/25/25,Sin Limpieza/batch_82.pdf,batch_82.pdf,.,7.0,BOCA SERVICIOS VETERINARIOS,BOCA SERVICIOS VETERINARIOS,,,18.45,-69.6,manual_override,0.6,"Canine, Other",Male,1.0,1.0.0
0fc561497ab891e1f1c3a4d874455a46,0fc561497ab891e1f1c3a4d874455a46,2b24f873dc1c3a7b223c,IDEXX,baseline_historico,2025-07-25,7/25/25,7/25/25,Sin Limpieza/batch_82.pdf,batch_82.pdf,.,9.0,BOCA SERVICIOS VETERINARIOS,BOCA SERVICIOS VETERINARIOS,,,18.45,-69.6,manual_override,0.6,Rottweiler,Male,2.0,1.0.0
db2b2e94677c30d0cd9a8987f695dab9,db2b2e94677c30d0cd9a8987f695dab9,ee8101103df918c053be,IDEXX,baseline_historico,2025-07-25,7/25/25,7/25/25,Sin Limpieza/batch_82.pdf,batch_82.pdf,.,11.0,BOCA SERVICIOS VETERINARIOS,BOCA SERVICIOS VETERINARIOS,,,18.45,-69.6,manual_override,0.6,"Canine, Other",Female,6.0,1.0.0
be84642e22fe7e4abfdeabae02e2230b,be84642e22fe7e4abfdeabae02e2230b,f0582eba00712127b9e1,IDEXX,baseline_historico,2025-07-24,7/24/25,7/24/25,Sin Limpieza/batch_82.pdf,batch_82.pdf,.,13.0,BOCA SERVICIOS VETERINARIOS,BOCA SERVICIOS VETERINARIOS,,,18.45,-69.6,manual_override,0.6,Chihuahua,Female,7.0,1.0.0
f51603cc2dfbabe8004b4319436f6793,f51603cc2dfbabe8004b4319436f6793,41d145503e62a013c782,IDEXX,baseline_historico,2025-07-24,7/24/25,7/24/25,Sin Limpieza/batch_82.pdf,batch_82.pdf,.,15.0,BOCA SERVICIOS VETERINARIOS,BOCA SERVICIOS VETERINARIOS,,,18.45,-69.6,manual_override,0.6,Shih Tzu,Female,,1.0.0
c4719d7d97ce2612435b689fb08520ca,c4719d7d97ce2612435b689fb08520ca,b20ef19240c9a2584373,IDEXX,baseline_historico,2025-08-27,8/27/25,8/27/25,Sin Limpieza/batch_83.pdf,batch_83.pdf,.,1.0,BOCA SERVICIOS VETERINARIOS,BOCA SERVICIOS VETERINARIOS,,,18.45,-69.6,manual_override,0.6,Mixed,Male,,1.0.0
3314650b39fe426ef3081de45eebb15c,3314650b39fe426ef3081de45eebb15c,9c7989cb454083b73467,IDEXX,baseline_historico,2025-08-27,8/27/25,8/27/25,Sin Limpieza/batch_83.pdf,batch_83.pdf,.,3.0,BOCA SERVICIOS VETERINARIOS,BOCA SERVICIOS VETERINARIOS,,,18.45,-69.6,manual_override,0.6,Shih Tzu,Female,6.0,1.0.0
0fffd46e623b08c9a3a9219de70a61d5,0fffd46e623b08c9a3a9219de70a61d5,7fda7d50aa3d691ac7d4,IDEXX,baseline_historico,2025-08-21,8/21/25,8/21/25,Sin Limpieza/batch_83.pdf,batch_83.pdf,.,5.0,BOCA SERVICIOS VETERINARIOS,BOCA SERVICIOS VETERINARIOS,,,18.45,-69.6,manual_override,0.6,Dachshund,Female,,1.0.0
75b7d1e249f8a490080b6ca1a34f5645,75b7d1e249f8a490080b6ca1a34f5645,c77c732fce2a96c1c812,IDEXX,baseline_historico,2025-08-21,8/21/25,8/21/25,Sin Limpieza/batch_83.pdf,batch_83.pdf,.,7.0,BOCA SERVICIOS VETERINARIOS,BOCA SERVICIOS VETERINARIOS,,,18.45,-69.6,manual_override,0.6,Yorkshire Terrier,Male,7.0,1.0.0
2d52c7a878b7d382f526b3a1e112014e,2d52c7a878b7d382f526b3a1e112014e,88522a4808e7d4aa145b,IDEXX,baseline_historico,2025-08-21,8/21/25,8/21/25,Sin Limpieza/batch_83.pdf,batch_83.pdf,.,9.0,BOCA SERVICIOS VETERINARIOS,BOCA SERVICIOS VETERINARIOS,,,18.45,-69.6,manual_override,0.6,Yorkshire Terrier,Female,3.0,1.0.0
cdc0adaeaa897b8a366bc405dec01cc7,cdc0adaeaa897b8a366bc405dec01cc7,d37ffb26c5a46bcbd30b,IDEXX,baseline_historico,2025-08-20,8/20/25,8/20/25,Sin Limpieza/batch_83.pdf,batch_83.pdf,.,11.0,BOCA SERVICIOS VETERINARIOS,BOCA SERVICIOS VETERINARIOS,,,18.45,-69.6,manual_override,0.6,Shih Tzu,Male,11.0,1.0.0
5ef09ce19ad37613927e974afcda4252,5ef09ce19ad37613927e974afcda4252,91a966cfbcfe24e516a7,IDEXX,baseline_historico,2025-08-20,8/20/25,8/20/25,Sin Limpieza/batch_83.pdf,batch_83.pdf,.,13.0,BOCA SERVICIOS VETERINARIOS,BOCA SERVICIOS VETERINARIOS,,,18.45,-69.6,manual_override,0.6,Beagle,Male,9.0,1.0.0
90bf2bd78d50e046988cdeaaf6702c95,90bf2bd78d50e046988cdeaaf6702c95,f5428f0a27d31dde75d0,IDEXX,baseline_historico,2025-08-20,8/20/25,8/20/25,Sin Limpieza/batch_83.pdf,batch_83.pdf,.,15.0,BOCA SERVICIOS VETERINARIOS,BOCA SERVICIOS VETERINARIOS,,,18.45,-69.6,manual_override,0.6,Shih Tzu,Female,1.0,1.0.0
df73a188cb4071c9ea05726d876954c0,df73a188cb4071c9ea05726d876954c0,35b702e869f41e3204dc,IDEXX,baseline_historico,2025-08-20,8/20/25,8/20/25,Sin Limpieza/batch_83.pdf,batch_83.pdf,.,17.0,BOCA SERVICIOS VETERINARIOS,BOCA SERVICIOS VETERINARIOS,,,18.45,-69.6,manual_override,0.6,Labrador Retriever,Male,,1.0.0
42c9f29d16b53d440eb20579a943cff2,42c9f29d16b53d440eb20579a943cff2,b20ef19240c9a2584373,IDEXX,baseline_historico,2025-09-10,9/10/25,9/10/25,Sin Limpieza/batch_84.pdf,batch_84.pdf,.,1.0,BOCA SERVICIOS VETERINARIOS,BOCA SERVICIOS VETERINARIOS,,,18.45,-69.6,manual_override,0.6,Mixed,Male,,1.0.0
a05f82dea1aea87bc162aa6ad82f40c3,a05f82dea1aea87bc162aa6ad82f40c3,47b22361c0d9db8864c9,IDEXX,baseline_historico,2025-09-09,9/9/25,9/9/25,Sin Limpieza/batch_84.pdf,batch_84.pdf,.,3.0,BOCA SERVICIOS VETERINARIOS,BOCA SERVICIOS VETERINARIOS,,,18.45,-69.6,manual_override,0.6,Pomeranian,Female,5.0,1.0.0
430786ba3f01da5a7406be13f86eb0f1,430786ba3f01da5a7406be13f86eb0f1,a50304a92d7ccc97bf9a,IDEXX,baseline_historico,2025-09-09,9/9/25,9/9/25,Sin Limpieza/batch_84.pdf,batch_84.pdf,.,5.0,BOCA SERVICIOS VETERINARIOS,BOCA SERVICIOS VETERINARIOS,,,18.45,-69.6,manual_override,0.6,"Canine, Mixed Breed",Female,2.0,1.0.0
a7b43ea959341ba966b6c187abc50ab9,a7b43ea959341ba966b6c187abc50ab9,641c580bb8b39a49cac6,IDEXX,baseline_historico,2025-09-09,9/9/25,9/9/25,Sin Limpieza/batch_84.pdf,batch_84.pdf,.,7.0,BOCA SERVICIOS VETERINARIOS,BOCA SERVICIOS VETERINARIOS,,,18.45,-69.6,manual_override,0.6,Siberian Husky,Male,5.0,1.0.0
8210a3d56993196b381917fa1684fd43,8210a3d56993196b381917fa1684fd43,0705608dea34e0724176,IDEXX,baseline_historico,2025-09-08,9/8/25,9/8/25,Sin Limpieza/batch_84.pdf,batch_84.pdf,.,9.0,BOCA SERVICIOS VETERINARIOS,BOCA SERVICIOS VETERINARIOS,,,18.45,-69.6,manual_override,0.6,"Canine, Mixed Breed",Male,3.0,1.0.0
cac50167548378f3b0d1fdbbdf1b73e7,cac50167548378f3b0d1fdbbdf1b73e7,4a8666b7b5c80512b329,IDEXX,baseline_historico,2025-09-08,9/8/25,9/8/25,Sin Limpieza/batch_84.pdf,batch_84.pdf,.,11.0,BOCA SERVICIOS VETERINARIOS,BOCA SERVICIOS VETERINARIOS,,,18.45,-69.6,manual_override,0.6,Pug,Female,10.0,1.0.0
9737def96be1dacd63e96d7617c6acfa,9737def96be1dacd63e96d7617c6acfa,e5b59f07ad9861e78ab2,IDEXX,baseline_historico,2025-09-06,9/6/25,9/6/25,Sin Limpieza/batch_84.pdf,batch_84.pdf,.,13.0,BOCA SERVICIOS VETERINARIOS,BOCA SERVICIOS VETERINARIOS,,,18.45,-69.6,manual_override,0.6,Chihuahua,Female,6.0,1.0.0
4cb4700a02f3cce836bf219d7d1efaed,4cb4700a02f3cce836bf219d7d1efaed,f2f89b632a2ddeecfd78,IDEXX,baseline_historico,2025-09-06,9/6/25,9/6/25,Sin Limpieza/batch_84.pdf,batch_84.pdf,.,15.0,BOCA SERVICIOS VETERINARIOS,BOCA SERVICIOS VETERINARIOS,,,18.45,-69.6,manual_override,0.6,Golden Retriever,Male,,1.0.0
a45e9bf2809d90e4dbfc030bb784dd4f,a45e9bf2809d90e4dbfc030bb784dd4f,45db6af9c68768b4c6c4,IDEXX,baseline_historico,2025-09-04,9/4/25,9/4/25,Sin Limpieza/batch_84.pdf,batch_84.pdf,.,17.0,BOCA SERVICIOS VETERINARIOS,BOCA SERVICIOS VETERINARIOS,,,18.45,-69.6,manual_override,0.6,Belgian Malinois,Female,,1.0.0
c6b12dfd015dd65a2a1270f1187e1489,c6b12dfd015dd65a2a1270f1187e1489,a8953b46cd8a3a2ecf05,IDEXX,baseline_historico,2025-09-03,9/3/25,9/3/25,Sin Limpieza/batch_84.pdf,batch_84.pdf,.,19.0,BOCA SERVICIOS VETERINARIOS,BOCA SERVICIOS VETERINARIOS,,,18.45,-69.6,manual_override,0.6,"Canine, Mixed Breed",Female,11.0,1.0.0
c919d3979ab7de84dd64596a388c9c29,c919d3979ab7de84dd64596a388c9c29,3d9706917d2ca69cd530,IDEXX,baseline_historico,2025-07-28,7/28/25,7/28/25,Sin Limpieza/batch_85.pdf,batch_85.pdf,.,1.0,BOCA SERVICIOS VETERINARIOS,BOCA SERVICIOS VETERINARIOS,,,18.45,-69.6,manual_override,0.6,Pug,Female,9.0,1.0.0
2d9eeb6851df74cff198a930009f4577,2d9eeb6851df74cff198a930009f4577,43c044ea6b8d78f3046b,IDEXX,baseline_historico,2025-07-28,7/28/25,7/28/25,Sin Limpieza/batch_85.pdf,batch_85.pdf,.,3.0,BOCA SERVICIOS VETERINARIOS,BOCA SERVICIOS VETERINARIOS,,,18.45,-69.6,manual_override,0.6,Pug,Female,,1.0.0
6f7c16d2f9f1cfea6535043ba3b30086,6f7c16d2f9f1cfea6535043ba3b30086,52d755dd58ab034a1982,IDEXX,baseline_historico,2025-07-28,7/28/25,7/28/25,Sin Limpieza/batch_85.pdf,batch_85.pdf,.,5.0,BOCA SERVICIOS VETERINARIOS,BOCA SERVICIOS VETERINARIOS,,,18.45,-69.6,manual_override,0.6,Pomeranian,Female,11.0,1.0.0
c296cca1f72777d9234906023bdff2b5,c296cca1f72777d9234906023bdff2b5,44996cb81dd9949fd167,IDEXX,baseline_historico,2025-07-28,7/28/25,7/28/25,Sin Limpieza/batch_85.pdf,batch_85.pdf,.,7.0,BOCA SERVICIOS VETERINARIOS,BOCA SERVICIOS VETERINARIOS,,,18.45,-69.6,manual_override,0.6,Chihuahua,Female,6.0,1.0.0
d83cec10d4c8e175619b647dbc1de142,d83cec10d4c8e175619b647dbc1de142,b1e3a5eab5ddaf27c68e,IDEXX,baseline_historico,2025-07-28,7/28/25,7/28/25,Sin Limpieza/batch_85.pdf,batch_85.pdf,.,9.0,BOCA SERVICIOS VETERINARIOS,BOCA SERVICIOS VETERINARIOS,,,18.45,-69.6,manual_override,0.6,Poodle,Female,6.0,1.0.0
530940c1fd05e826c287e07aed48fd1f,530940c1fd05e826c287e07aed48fd1f,107686901e224f07700c,IDEXX,baseline_historico,2025-07-26,7/26/25,7/26/25,Sin Limpieza/batch_85.pdf,batch_85.pdf,.,11.0,BOCA SERVICIOS VETERINARIOS,BOCA SERVICIOS VETERINARIOS,,,18.45,-69.6,manual_override,0.6,Belgian Malinois,Female,11.0,1.0.0
ee92a4e108bf861c57cfe9fd0d7cedb3,ee92a4e108bf861c57cfe9fd0d7cedb3,80826f0e00f95fbc4711,IDEXX,baseline_historico,2025-07-26,7/26/25,7/26/25,Sin Limpieza/batch_85.pdf,batch_85.pdf,.,13.0,BOCA SERVICIOS VETERINARIOS,BOCA SERVICIOS VETERINARIOS,,,18.45,-69.6,manual_override,0.6,"Canine, Mixed Breed",Female,2.0,1.0.0
0083d34e7352f13f1fb7cbce619dd03a,0083d34e7352f13f1fb7cbce619dd03a,925a69de2c21bef62519,IDEXX,baseline_historico,2025-07-26,7/26/25,7/26/25,Sin Limpieza/batch_85.pdf,batch_85.pdf,.,15.0,BOCA SERVICIOS VETERINARIOS,BOCA SERVICIOS VETERINARIOS,,,18.45,-69.6,manual_override,0.6,Doberman Pinscher,Male,3.0,1.0.0
bcb18dfd0cd86bc7c9828a6539028adb,bcb18dfd0cd86bc7c9828a6539028adb,756e924b1cd92a90ec86,IDEXX,baseline_historico,2025-07-26,7/26/25,7/26/25,Sin Limpieza/batch_85.pdf,batch_85.pdf,.,17.0,BOCA SERVICIOS VETERINARIOS,BOCA SERVICIOS VETERINARIOS,,,18.45,-69.6,manual_override,0.6,"Canine, Mixed Breed",Male,1.0,1.0.0
c8f0769f372a6fe57f619f67334ed190,c8f0769f372a6fe57f619f67334ed190,44996cb81dd9949fd167,IDEXX,baseline_historico,2025-07-26,7/26/25,7/26/25,Sin Limpieza/batch_85.pdf,batch_85.pdf,.,19.0,BOCA SERVICIOS VETERINARIOS,BOCA SERVICIOS VETERINARIOS,,,18.45,-69.6,manual_override,0.6,Chihuahua,Female,6.0,1.0.0
328008a99cab114390184104c10e85ba,328008a99cab114390184104c10e85ba,7cfd667816bfaf23b83e,IDEXX,baseline_historico,2025-07-30,7/30/25,7/30/25,Sin Limpieza/batch_86.pdf,batch_86.pdf,.,1.0,BOCA SERVICIOS VETERINARIOS,BOCA SERVICIOS VETERINARIOS,,,18.45,-69.6,manual_override,0.6,Other,Male,8.0,1.0.0
812127a3369f048c8e7184f690668175,812127a3369f048c8e7184f690668175,a3392f0a010c08fefc6c,IDEXX,baseline_historico,2025-07-18,7/18/25,7/18/25,Sin Limpieza/batch_86.pdf,batch_86.pdf,.,3.0,BOCA SERVICIOS VETERINARIOS,BOCA SERVICIOS VETERINARIOS,,,18.45,-69.6,manual_override,0.6,"Canine, Mixed Breed",Female,2.0,1.0.0
fda4be5c8fc816cacd2a93595d737070,fda4be5c8fc816cacd2a93595d737070,b3e835ab4ecb4476fb29,IDEXX,baseline_historico,2025-06-18,6/18/25,6/18/25,Sin Limpieza/batch_87.pdf,batch_87.pdf,.,1.0,BOCA SERVICIOS VETERINARIOS,BOCA SERVICIOS VETERINARIOS,,,18.45,-69.6,manual_override,0.6,Doberman Pinscher,Male,1.0,1.0.0
57db9848038a4ad3dd14c26caa050327,57db9848038a4ad3dd14c26caa050327,19810cac9d6d4479f857,IDEXX,baseline_historico,2025-06-18,6/18/25,6/18/25,Sin Limpieza/batch_87.pdf,batch_87.pdf,.,3.0,BOCA SERVICIOS VETERINARIOS,BOCA SERVICIOS VETERINARIOS,,,18.45,-69.6,manual_override,0.6,Shih Tzu,Male,,1.0.0
f7f9b6c6c581647248e2899b444dfb95,f7f9b6c6c581647248e2899b444dfb95,4cdd192d69e8564b02ee,IDEXX,baseline_historico,2025-06-18,6/18/25,6/18/25,Sin Limpieza/batch_87.pdf,batch_87.pdf,.,5.0,BOCA SERVICIOS VETERINARIOS,BOCA SERVICIOS VETERINARIOS,,,18.45,-69.6,manual_override,0.6,"Canine, Mixed Breed",Male,5.0,1.0.0
b8cc4ee9df41b29d6b60c3f471b509e2,b8cc4ee9df41b29d6b60c3f471b509e2,c22173d512665d4fe311,IDEXX,baseline_historico,2025-06-18,6/18/25,6/18/25,Sin Limpieza/batch_87.pdf,batch_87.pdf,.,9.0,BOCA SERVICIOS VETERINARIOS,BOCA SERVICIOS VETERINARIOS,,,18.45,-69.6,manual_override,0.6,"Canine, Mixed Breed",Male,,1.0.0
90e11509ed85de39b0e62596999d06fb,90e11509ed85de39b0e62596999d06fb,23d7b8ba41e12938549f,IDEXX,baseline_historico,2025-06-18,6/18/25,6/18/25,Sin Limpieza/batch_87.pdf,batch_87.pdf,.,11.0,BOCA SERVICIOS VETERINARIOS,BOCA SERVICIOS VETERINARIOS,,,18.45,-69.6,manual_override,0.6,"santo domingo, do 0000 DATE OF RECEIPT: 6/18/25",,,1.0.0
bc6e0b82b1c0f971368025af318889d8,bc6e0b82b1c0f971368025af318889d8,9954681f8a9d6a377087,IDEXX,baseline_historico,2025-06-18,6/18/25,6/18/25,Sin Limpieza/batch_87.pdf,batch_87.pdf,.,13.0,BOCA SERVICIOS VETERINARIOS,BOCA SERVICIOS VETERINARIOS,,,18.45,-69.6,manual_override,0.6,"Canine, Mixed Breed",Female,,1.0.0
03bd23f1a21a081c87bdc4006dbc18e8,03bd23f1a21a081c87bdc4006dbc18e8,8a49968520c3f97ee47c,IDEXX,baseline_historico,2025-06-18,6/18/25,6/18/25,Sin Limpieza/batch_87.pdf,batch_87.pdf,.,15.0,BOCA SERVICIOS VETERINARIOS,BOCA SERVICIOS VETERINARIOS,,,18.45,-69.6,manual_override,0.6,"Canine, Mixed Breed",Female,,1.0.0
2792fc5f3163389a0c99f12b1011f7c4,2792fc5f3163389a0c99f12b1011f7c4,132f8cb5df068707d0ea,IDEXX,baseline_historico,2025-06-18,6/18/25,6/18/25,Sin Limpieza/batch_87.pdf,batch_87.pdf,.,17.0,BOCA SERVICIOS VETERINARIOS,BOCA SERVICIOS VETERINARIOS,,,18.45,-69.6,manual_override,0.6,"Cocker Spaniel, American",Male,1.0,1.0.0
c781a53b872f2a64a990a23bbc6ccba9,c781a53b872f2a64a990a23bbc6ccba9,f825afd89cb475d702d2,IDEXX,baseline_historico,2025-05-23,5/23/25,5/23/25,Sin Limpieza/batch_88.pdf,batch_88.pdf,.,1.0,BOCA SERVICIOS VETERINARIOS,BOCA SERVICIOS VETERINARIOS,,,18.45,-69.6,manual_override,0.6,"santo domingo, do 0000 DATE OF RECEIPT: 5/23/25",Female,,1.0.0
43960ad7a85cc041b476c0cdaf16c825,43960ad7a85cc041b476c0cdaf16c825,89701d7a58c4b26ec5e5,IDEXX,baseline_historico,2025-05-22,5/22/25,5/22/25,Sin Limpieza/batch_88.pdf,batch_88.pdf,.,7.0,BOCA SERVICIOS VETERINARIOS,BOCA SERVICIOS VETERINARIOS,,,18.45,-69.6,manual_override,0.6,Golden Retriever,Male,1.0,1.0.0
e5f7942765dbf9914b4417860c12ca8a,e5f7942765dbf9914b4417860c12ca8a,eeb801f7b64695893cde,IDEXX,baseline_historico,2025-05-22,5/22/25,5/22/25,Sin Limpieza/batch_88.pdf,batch_88.pdf,.,9.0,BOCA SERVICIOS VETERINARIOS,BOCA SERVICIOS VETERINARIOS,,,18.45,-69.6,manual_override,0.6,"Canine, Mixed Breed",Female,,1.0.0
f6dac7547e6f1a0759291deca4ad6777,f6dac7547e6f1a0759291deca4ad6777,9420a1957a346f7570d0,IDEXX,baseline_historico,2025-05-22,5/22/25,5/22/25,Sin Limpieza/batch_88.pdf,batch_88.pdf,.,11.0,BOCA SERVICIOS VETERINARIOS,BOCA SERVICIOS VETERINARIOS,,,18.45,-69.6,manual_override,0.6,"Canine, Mixed Breed",Female,0.75,1.0.0
b776e0298a059808e0134ba7b98159ae,b776e0298a059808e0134ba7b98159ae,85173c3217cf72e873a2,IDEXX,baseline_historico,2025-05-22,5/22/25,5/22/25,Sin Limpieza/batch_88.pdf,batch_88.pdf,.,13.0,BOCA SERVICIOS VETERINARIOS,BOCA SERVICIOS VETERINARIOS,,,18.45,-69.6,manual_override,0.6,"santo domingo, do 0000 DATE OF RECEIPT: 5/22/25",Female,1.0,1.0.0
390685f5270656ff2610da9fb49dc376,390685f5270656ff2610da9fb49dc376,934e9abb64b07d02f13e,IDEXX,baseline_historico,2025-05-21,5/21/25,5/21/25,Sin Limpieza/batch_88.pdf,batch_88.pdf,.,19.0,BOCA SERVICIOS VETERINARIOS,BOCA SERVICIOS VETERINARIOS,,,18.45,-69.6,manual_override,0.6,"Canine, Mixed Breed",Female,12.0,1.0.0
c74adec9be957c874f7d573c450da995,c74adec9be957c874f7d573c450da995,5564a3756b5ef151c41e,IDEXX,baseline_historico,2025-03-17,3/17/25,3/17/25,Sin Limpieza/batch_89.pdf,batch_89.pdf,.,1.0,BOCA SERVICIOS VETERINARIOS,BOCA SERVICIOS VETERINARIOS,,,18.45,-69.6,manual_override,0.6,French Bulldog,Male,3.0,1.0.0
f80500024ad106c50b4b3e515d69b5c8,f80500024ad106c50b4b3e515d69b5c8,6af572203093264013cd,IDEXX,baseline_historico,2026-02-12,2/12/26,2/12/26,Sin Limpieza/batch_9.pdf,batch_9.pdf,.,1.0,BOCA SERVICIOS VETERINARIOS,BOCA SERVICIOS VETERINARIOS,,,18.45,-69.6,manual_override,0.6,"Canine, Other",Male,5.0,1.0.0
a01eee3a78affb7fc5b8085a25ec7430,a01eee3a78affb7fc5b8085a25ec7430,0074ee1c1cc4b99e3335,IDEXX,baseline_historico,2026-02-12,2/12/26,2/12/26,Sin Limpieza/batch_9.pdf,batch_9.pdf,.,3.0,BOCA SERVICIOS VETERINARIOS,BOCA SERVICIOS VETERINARIOS,,,18.45,-69.6,manual_override,0.6,Poodle,Female,10.0,1.0.0
8fe64b2238421069708035d1f9ea691d,8fe64b2238421069708035d1f9ea691d,30ae37d947e37ddfc133,IDEXX,baseline_historico,2026-02-11,2/11/26,2/11/26,Sin Limpieza/batch_9.pdf,batch_9.pdf,.,5.0,BOCA SERVICIOS VETERINARIOS,BOCA SERVICIOS VETERINARIOS,,,18.45,-69.6,manual_override,0.6,Yorkshire Terrier,Male,6.0,1.0.0
c25e6d4fe1012431b8fefc1aed8ee6fa,c25e6d4fe1012431b8fefc1aed8ee6fa,f68eb19eb27311fd56f3,IDEXX,baseline_historico,2026-02-11,2/11/26,2/11/26,Sin Limpieza/batch_9.pdf,batch_9.pdf,.,7.0,BOCA SERVICIOS VETERINARIOS,BOCA SERVICIOS VETERINARIOS,,,18.45,-69.6,manual_override,0.6,Chihuahua,Male,7.0,1.0.0
bb5d5b4797a7b116242524523eab5a4f,bb5d5b4797a7b116242524523eab5a4f,8e8c89abb7594fd800c2,IDEXX,baseline_historico,2026-02-11,2/11/26,2/11/26,Sin Limpieza/batch_9.pdf,batch_9.pdf,.,9.0,BOCA SERVICIOS VETERINARIOS,BOCA SERVICIOS VETERINARIOS,,,18.45,-69.6,manual_override,0.6,Chihuahua,Male,4.0,1.0.0
1de89d650bcaffc599cc206fb80d0795,1de89d650bcaffc599cc206fb80d0795,52d755dd58ab034a1982,IDEXX,baseline_historico,2026-02-10,2/10/26,2/10/26,Sin Limpieza/batch_9.pdf,batch_9.pdf,.,11.0,BOCA SERVICIOS VETERINARIOS,BOCA SERVICIOS VETERINARIOS,,,18.45,-69.6,manual_override,0.6,Pomeranian,Female,11.0,1.0.0
54ea6fdc2908067e9a475f30b3c77d0f,54ea6fdc2908067e9a475f30b3c77d0f,8b8ffae7965d77f2c124,IDEXX,baseline_historico,2026-02-10,2/10/26,2/10/26,Sin Limpieza/batch_9.pdf,batch_9.pdf,.,13.0,BOCA SERVICIOS VETERINARIOS,BOCA SERVICIOS VETERINARIOS,,,18.45,-69.6,manual_override,0.6,"Canine, Other DATE OF RESULT: 2/10/26",Female,2.0,1.0.0
0319bf6be3e305ee4f8595efd9ad87ea,0319bf6be3e305ee4f8595efd9ad87ea,d4607728314b20723a6c,IDEXX,baseline_historico,2026-02-10,2/10/26,2/10/26,Sin Limpieza/batch_9.pdf,batch_9.pdf,.,15.0,BOCA SERVICIOS VETERINARIOS,BOCA SERVICIOS VETERINARIOS,,,18.45,-69.6,manual_override,0.6,"Canine, Other",Female,3.0,1.0.0
da4ac1871b8c6c5c20d988ef4e849861,da4ac1871b8c6c5c20d988ef4e849861,0b551f06ded42c27beeb,IDEXX,baseline_historico,2026-02-10,2/10/26,2/10/26,Sin Limpieza/batch_9.pdf,batch_9.pdf,.,17.0,BOCA SERVICIOS VETERINARIOS,BOCA SERVICIOS VETERINARIOS,,,18.45,-69.6,manual_override,0.6,French Bulldog,Female,,1.0.0
8f47faed200c4d15bce73e83bb25c349,8f47faed200c4d15bce73e83bb25c349,e28263e27054092838d7,IDEXX,baseline_historico,2026-02-10,2/10/26,2/10/26,Sin Limpieza/batch_9.pdf,batch_9.pdf,.,19.0,BOCA SERVICIOS VETERINARIOS,BOCA SERVICIOS VETERINARIOS,,,18.45,-69.6,manual_override,0.6,"Canine, Mixed Breed",Male,,1.0.0
e4afe9c864e998bc06a94fbacfd10fe0,e4afe9c864e998bc06a94fbacfd10fe0,d267c1ec92d979938cd0,IDEXX,baseline_historico,2025-09-15,9/15/25,9/15/25,Sin Limpieza/batch_90.pdf,batch_90.pdf,.,1.0,BOCA SERVICIOS VETERINARIOS,BOCA SERVICIOS VETERINARIOS,,,18.45,-69.6,manual_override,0.6,"Cocker Spaniel, American",,1.0,1.0.0
077281d612c1da2d72d4a587ecae72e9,077281d612c1da2d72d4a587ecae72e9,495d22ad7d8611c2df5e,IDEXX,baseline_historico,2025-03-27,3/27/25,3/27/25,Sin Limpieza/batch_90.pdf,batch_90.pdf,.,3.0,BOCA SERVICIOS VETERINARIOS,BOCA SERVICIOS VETERINARIOS,,,18.45,-69.6,manual_override,0.6,Golden Retriever,Male,,1.0.0
f8ed0e2061fc0f265b7e06f7436c26e8,f8ed0e2061fc0f265b7e06f7436c26e8,b7577df267a40552b24b,IDEXX,baseline_historico,2025-03-27,3/27/25,3/27/25,Sin Limpieza/batch_90.pdf,batch_90.pdf,.,5.0,BOCA SERVICIOS VETERINARIOS,BOCA SERVICIOS VETERINARIOS,,,18.45,-69.6,manual_override,0.6,French Bulldog,,2.0,1.0.0
4540fda6c5a889036bf48dbd0c8f5987,4540fda6c5a889036bf48dbd0c8f5987,92f992da0e396150ee89,IDEXX,baseline_historico,2025-03-27,3/27/25,3/27/25,Sin Limpieza/batch_90.pdf,batch_90.pdf,.,7.0,BOCA SERVICIOS VETERINARIOS,BOCA SERVICIOS VETERINARIOS,,,18.45,-69.6,manual_override,0.6,"Canine, Mixed Breed",Female,8.0,1.0.0
eaeef96ca2257b83aebc58cc5f80bfee,eaeef96ca2257b83aebc58cc5f80bfee,252f5f56b505ee5a5c9f,IDEXX,baseline_historico,2025-03-27,3/27/25,3/27/25,Sin Limpieza/batch_90.pdf,batch_90.pdf,.,9.0,BOCA SERVICIOS VETERINARIOS,BOCA SERVICIOS VETERINARIOS,,,18.45,-69.6,manual_override,0.6,"Canine, Mixed Breed",Female,7.0,1.0.0
33466b9b32088456c9ce0dad33f08ca5,33466b9b32088456c9ce0dad33f08ca5,4cdd192d69e8564b02ee,IDEXX,baseline_historico,2025-03-26,3/26/25,3/26/25,Sin Limpieza/batch_90.pdf,batch_90.pdf,.,15.0,BOCA SERVICIOS VETERINARIOS,BOCA SERVICIOS VETERINARIOS,,,18.45,-69.6,manual_override,0.6,"Canine, Mixed Breed",Male,5.0,1.0.0
fd761fc9c77845b2edc8449165fb9985,fd761fc9c77845b2edc8449165fb9985,c9e62e689a5b2d393731,IDEXX,baseline_historico,2025-03-26,3/26/25,3/26/25,Sin Limpieza/batch_90.pdf,batch_90.pdf,.,19.0,BOCA SERVICIOS VETERINARIOS,BOCA SERVICIOS VETERINARIOS,,,18.45,-69.6,manual_override,0.6,Siberian Husky,Male,4.0,1.0.0
47ce47ef9b8c613801585ba7ef133c23,47ce47ef9b8c613801585ba7ef133c23,2823a23447367804d434,IDEXX,baseline_historico,2025-04-09,4/9/25,4/9/25,Sin Limpieza/batch_91.pdf,batch_91.pdf,.,3.0,BOCA SERVICIOS VETERINARIOS,BOCA SERVICIOS VETERINARIOS,,,18.45,-69.6,manual_override,0.6,Dachshund,Female,10.0,1.0.0
89bdee2fda82f9225b101a5ffd2ce989,89bdee2fda82f9225b101a5ffd2ce989,c6e8e8efee65d9b11015,IDEXX,baseline_historico,2025-04-09,4/9/25,4/9/25,Sin Limpieza/batch_91.pdf,batch_91.pdf,.,5.0,BOCA SERVICIOS VETERINARIOS,BOCA SERVICIOS VETERINARIOS,,,18.45,-69.6,manual_override,0.6,"Canine, Mixed Breed",Female,12.0,1.0.0
4a253272b76854082d9b18245733b8c0,4a253272b76854082d9b18245733b8c0,c69e9cd737c145813fa8,IDEXX,baseline_historico,2025-04-09,4/9/25,4/9/25,Sin Limpieza/batch_91.pdf,batch_91.pdf,.,7.0,BOCA SERVICIOS VETERINARIOS,BOCA SERVICIOS VETERINARIOS,,,18.45,-69.6,manual_override,0.6,Golden Retriever,Male,9.0,1.0.0
707c807c502390e77e70ea94235fd8cc,707c807c502390e77e70ea94235fd8cc,5ab09b380214a38a2273,IDEXX,baseline_historico,2025-04-09,4/9/25,4/9/25,Sin Limpieza/batch_91.pdf,batch_91.pdf,.,9.0,BOCA SERVICIOS VETERINARIOS,BOCA SERVICIOS VETERINARIOS,,,18.45,-69.6,manual_override,0.6,"Canine, Mixed Breed",Female,3.0,1.0.0
85a17738b4950f4dae006d3324943449,85a17738b4950f4dae006d3324943449,a264c7de0a3b8351f7eb,IDEXX,baseline_historico,2025-04-08,4/8/25,4/8/25,Sin Limpieza/batch_91.pdf,batch_91.pdf,.,11.0,BOCA SERVICIOS VETERINARIOS,BOCA SERVICIOS VETERINARIOS,,,18.45,-69.6,manual_override,0.6,"Canine, Mixed Breed",,2.0,1.0.0
c7c1ff6de1a85f500cf4db8568ab3d20,c7c1ff6de1a85f500cf4db8568ab3d20,80a749f09c6ef6dfc2af,IDEXX,baseline_historico,2025-04-07,4/7/25,4/7/25,Sin Limpieza/batch_91.pdf,batch_91.pdf,.,15.0,BOCA SERVICIOS VETERINARIOS,BOCA SERVICIOS VETERINARIOS,,,18.45,-69.6,manual_override,0.6,Siberian Husky,Male,3.0,1.0.0
c29a7fafbb1e7fd01972373dcd525aaa,c29a7fafbb1e7fd01972373dcd525aaa,42c984a112b480bb861b,IDEXX,baseline_historico,2025-04-07,4/7/25,4/7/25,Sin Limpieza/batch_91.pdf,batch_91.pdf,.,17.0,BOCA SERVICIOS VETERINARIOS,BOCA SERVICIOS VETERINARIOS,,,18.45,-69.6,manual_override,0.6,French Bulldog,Female,6.0,1.0.0
e25c8a73819b3bd6f449a7f59056d7b1,e25c8a73819b3bd6f449a7f59056d7b1,a4d95986ecb2968092a5,IDEXX,baseline_historico,2025-03-21,3/21/25,3/21/25,Sin Limpieza/batch_92.pdf,batch_92.pdf,.,1.0,BOCA SERVICIOS VETERINARIOS,BOCA SERVICIOS VETERINARIOS,,,18.45,-69.6,manual_override,0.6,Pug,Female,3.0,1.0.0
b1756b3973a8bec7b3e2ab2a46f44837,b1756b3973a8bec7b3e2ab2a46f44837,d267c1ec92d979938cd0,IDEXX,baseline_historico,2025-03-21,3/21/25,3/21/25,Sin Limpieza/batch_92.pdf,batch_92.pdf,.,3.0,BOCA SERVICIOS VETERINARIOS,BOCA SERVICIOS VETERINARIOS,,,18.45,-69.6,manual_override,0.6,"Cocker Spaniel, American",,1.0,1.0.0
e73617eeb83eaa1aa59d8f7c11a6d09b,e73617eeb83eaa1aa59d8f7c11a6d09b,bb76d7b859dd184339d9,IDEXX,baseline_historico,2025-03-21,3/21/25,3/21/25,Sin Limpieza/batch_92.pdf,batch_92.pdf,.,5.0,BOCA SERVICIOS VETERINARIOS,BOCA SERVICIOS VETERINARIOS,,,18.45,-69.6,manual_override,0.6,Shih Tzu,Male,1.0,1.0.0
4d5a30c18df854746c9bd68037624a2b,4d5a30c18df854746c9bd68037624a2b,a264c7de0a3b8351f7eb,IDEXX,baseline_historico,2025-03-20,3/20/25,3/20/25,Sin Limpieza/batch_92.pdf,batch_92.pdf,.,7.0,BOCA SERVICIOS VETERINARIOS,BOCA SERVICIOS VETERINARIOS,,,18.45,-69.6,manual_override,0.6,"Canine, Mixed Breed",,2.0,1.0.0
fc6e76cefa3e2023ba64d704572cadb1,fc6e76cefa3e2023ba64d704572cadb1,d2bbe9652f178706d17c,IDEXX,baseline_historico,2025-03-20,3/20/25,3/20/25,Sin Limpieza/batch_92.pdf,batch_92.pdf,.,9.0,BOCA SERVICIOS VETERINARIOS,BOCA SERVICIOS VETERINARIOS,,,18.45,-69.6,manual_override,0.6,Poodle,,9.0,1.0.0
17f752842812859cdae6bcffc0c4cd6d,17f752842812859cdae6bcffc0c4cd6d,32b939b5c4f2f0846fea,IDEXX,baseline_historico,2025-03-19,3/19/25,3/19/25,Sin Limpieza/batch_92.pdf,batch_92.pdf,.,11.0,BOCA SERVICIOS VETERINARIOS,BOCA SERVICIOS VETERINARIOS,,,18.45,-69.6,manual_override,0.6,"santo domingo, do 0000 DATE OF RECEIPT: 3/19/25",,,1.0.0
9426ac5e1347f2632c8dc0fbc235641a,9426ac5e1347f2632c8dc0fbc235641a,e6c99641f8fba84c6109,IDEXX,baseline_historico,2025-03-19,3/19/25,3/19/25,Sin Limpieza/batch_92.pdf,batch_92.pdf,.,13.0,BOCA SERVICIOS VETERINARIOS,BOCA SERVICIOS VETERINARIOS,,,18.45,-69.6,manual_override,0.6,"Canine, Mixed Breed",Male,,1.0.0
0a536f27290172af510536b53a7b053a,0a536f27290172af510536b53a7b053a,374ad0fd57b0a60126fa,IDEXX,baseline_historico,2025-03-19,3/19/25,3/19/25,Sin Limpieza/batch_92.pdf,batch_92.pdf,.,15.0,BOCA SERVICIOS VETERINARIOS,BOCA SERVICIOS VETERINARIOS,,,18.45,-69.6,manual_override,0.6,German Shepherd,Male,1.0,1.0.0
3fff9fe9e0f8f136f3232d8e46889051,3fff9fe9e0f8f136f3232d8e46889051,c9e62e689a5b2d393731,IDEXX,baseline_historico,2025-03-19,3/19/25,3/19/25,Sin Limpieza/batch_92.pdf,batch_92.pdf,.,17.0,BOCA SERVICIOS VETERINARIOS,BOCA SERVICIOS VETERINARIOS,,,18.45,-69.6,manual_override,0.6,Siberian Husky,Male,4.0,1.0.0
44f26e4569ec9eb9a74b2936c2908a00,44f26e4569ec9eb9a74b2936c2908a00,1a4891690c4c92c0f702,IDEXX,baseline_historico,2025-03-19,3/19/25,3/19/25,Sin Limpieza/batch_92.pdf,batch_92.pdf,.,19.0,BOCA SERVICIOS VETERINARIOS,BOCA SERVICIOS VETERINARIOS,,,18.45,-69.6,manual_override,0.6,French Bulldog DATE OF RESULT: 3/19/25,Male,2.0,1.0.0
c9853d68acca6b95e4fe4c8708568955,c9853d68acca6b95e4fe4c8708568955,30a060a4698ed1d0ea13,IDEXX,baseline_historico,2025-05-29,5/29/25,5/29/25,Sin Limpieza/batch_93.pdf,batch_93.pdf,.,1.0,BOCA SERVICIOS VETERINARIOS,BOCA SERVICIOS VETERINARIOS,,,18.45,-69.6,manual_override,0.6,Bull Terrier,Male,9.0,1.0.0
2772b0f840340638c392812c3fb9caf7,2772b0f840340638c392812c3fb9caf7,fc6ba34b08dcae29d291,IDEXX,baseline_historico,2025-05-29,5/29/25,5/29/25,Sin Limpieza/batch_93.pdf,batch_93.pdf,.,3.0,BOCA SERVICIOS VETERINARIOS,BOCA SERVICIOS VETERINARIOS,,,18.45,-69.6,manual_override,0.6,Bull Terrier,Female,4.0,1.0.0
6beddc3596903b4b62c79f45e3857e20,6beddc3596903b4b62c79f45e3857e20,0182a13d971d1f87d374,IDEXX,baseline_historico,2025-05-29,5/29/25,5/29/25,Sin Limpieza/batch_93.pdf,batch_93.pdf,.,5.0,BOCA SERVICIOS VETERINARIOS,BOCA SERVICIOS VETERINARIOS,,,18.45,-69.6,manual_override,0.6,"Canine, Other",Female,,1.0.0
396b4b280afc0598d011720f52a8695c,396b4b280afc0598d011720f52a8695c,812b2f7f427ee8291692,IDEXX,baseline_historico,2025-05-29,5/29/25,5/29/25,Sin Limpieza/batch_93.pdf,batch_93.pdf,.,7.0,BOCA SERVICIOS VETERINARIOS,BOCA SERVICIOS VETERINARIOS,,,18.45,-69.6,manual_override,0.6,"Canine, Mixed Breed",Female,1.0,1.0.0
247046354eb8a9f0eb9db95ad77980b5,247046354eb8a9f0eb9db95ad77980b5,4122d1a1494ad4d42113,IDEXX,baseline_historico,2025-05-28,5/28/25,5/28/25,Sin Limpieza/batch_93.pdf,batch_93.pdf,.,9.0,BOCA SERVICIOS VETERINARIOS,BOCA SERVICIOS VETERINARIOS,,,18.45,-69.6,manual_override,0.6,Poodle,Female,8.0,1.0.0
5407229ff5e30da0a67e9c0cb030a084,5407229ff5e30da0a67e9c0cb030a084,ad91b9a3e3b8e0a3b064,IDEXX,baseline_historico,2025-05-28,5/28/25,5/28/25,Sin Limpieza/batch_93.pdf,batch_93.pdf,.,13.0,BOCA SERVICIOS VETERINARIOS,BOCA SERVICIOS VETERINARIOS,,,18.45,-69.6,manual_override,0.6,"Canine, Mixed Breed",Male,12.0,1.0.0
c48263f56f1eb67b279420a63a0bf884,c48263f56f1eb67b279420a63a0bf884,93aebe6176af234a8fcf,IDEXX,baseline_historico,2025-05-28,5/28/25,5/28/25,Sin Limpieza/batch_93.pdf,batch_93.pdf,.,15.0,BOCA SERVICIOS VETERINARIOS,BOCA SERVICIOS VETERINARIOS,,,18.45,-69.6,manual_override,0.6,Anatolian Shepherd,Female,,1.0.0
2ee7c635367b676d8a6c1b27b03e547b,2ee7c635367b676d8a6c1b27b03e547b,81fdf5ed44a5b246b21c,IDEXX,baseline_historico,2025-05-27,5/27/25,5/27/25,Sin Limpieza/batch_93.pdf,batch_93.pdf,.,17.0,BOCA SERVICIOS VETERINARIOS,BOCA SERVICIOS VETERINARIOS,,,18.45,-69.6,manual_override,0.6,German Shepherd,Male,11.0,1.0.0
c1ca65950049c3ab61fef102df8c8e8b,c1ca65950049c3ab61fef102df8c8e8b,dd9f3fd38485f08ba0d9,IDEXX,baseline_historico,2025-05-27,5/27/25,5/27/25,Sin Limpieza/batch_93.pdf,batch_93.pdf,.,19.0,BOCA SERVICIOS VETERINARIOS,BOCA SERVICIOS VETERINARIOS,,,18.45,-69.6,manual_override,0.6,Siberian Husky,Male,4.0,1.0.0
0f1c8582a43fae2a0b35bbea1896d812,0f1c8582a43fae2a0b35bbea1896d812,b06f457d464776efef03,IDEXX,baseline_historico,2025-05-02,5/2/25,5/2/25,Sin Limpieza/batch_94.pdf,batch_94.pdf,.,1.0,BOCA SERVICIOS VETERINARIOS,BOCA SERVICIOS VETERINARIOS,,,18.45,-69.6,manual_override,0.6,Boxer,Male,,1.0.0
34c1a851c30cdace11e00ddf5e4274f5,34c1a851c30cdace11e00ddf5e4274f5,bc9158af81b4dd8f87f7,IDEXX,baseline_historico,2025-05-01,5/1/25,5/1/25,Sin Limpieza/batch_94.pdf,batch_94.pdf,.,3.0,BOCA SERVICIOS VETERINARIOS,BOCA SERVICIOS VETERINARIOS,,,18.45,-69.6,manual_override,0.6,Pomeranian,Female,4.0,1.0.0
253100ec4934e70739588ecf0ebaa3c9,253100ec4934e70739588ecf0ebaa3c9,86e884edbc3f0f2f2396,IDEXX,baseline_historico,2025-04-30,4/30/25,4/30/25,Sin Limpieza/batch_94.pdf,batch_94.pdf,.,5.0,BOCA SERVICIOS VETERINARIOS,BOCA SERVICIOS VETERINARIOS,,,18.45,-69.6,manual_override,0.6,"Canine, Mixed Breed",Male,4.0,1.0.0
dae7facda7edaf8405fc31ff067d0ac9,dae7facda7edaf8405fc31ff067d0ac9,e9d5415818b37404387f,IDEXX,baseline_historico,2025-04-29,4/29/25,4/29/25,Sin Limpieza/batch_94.pdf,batch_94.pdf,.,7.0,BOCA SERVICIOS VETERINARIOS,BOCA SERVICIOS VETERINARIOS,,,18.45,-69.6,manual_override,0.6,"santo domingo, do 0000 DATE OF RECEIPT: 4/29/25",Female,3.0,1.0.0
79112ddae7b7df67d50c35adb0875b68,79112ddae7b7df67d50c35adb0875b68,d6ff4136f771af511231,IDEXX,baseline_historico,2025-04-29,4/29/25,4/29/25,Sin Limpieza/batch_94.pdf,batch_94.pdf,.,9.0,BOCA SERVICIOS VETERINARIOS,BOCA SERVICIOS VETERINARIOS,,,18.45,-69.6,manual_override,0.6,"santo domingo, do 0000 DATE OF RECEIPT: 4/29/25",Female,2.0,1.0.0
20b0e1ed6ddea374bdc8ff8d75285229,20b0e1ed6ddea374bdc8ff8d75285229,da22dd21c1c05d53ce2e,IDEXX,baseline_historico,2025-04-29,4/29/25,4/29/25,Sin Limpieza/batch_94.pdf,batch_94.pdf,.,11.0,BOCA SERVICIOS VETERINARIOS,BOCA SERVICIOS VETERINARIOS,,,18.45,-69.6,manual_override,0.6,"santo domingo, do 0000 DATE OF RECEIPT: 4/29/25",Male,,1.0.0
341fd641258a6bfc656c87fc5b8cef14,341fd641258a6bfc656c87fc5b8cef14,85173c3217cf72e873a2,IDEXX,baseline_historico,2025-04-29,4/29/25,4/29/25,Sin Limpieza/batch_94.pdf,batch_94.pdf,.,13.0,BOCA SERVICIOS VETERINARIOS,BOCA SERVICIOS VETERINARIOS,,,18.45,-69.6,manual_override,0.6,"santo domingo, do 0000 DATE OF RECEIPT: 4/29/25",Female,1.0,1.0.0
1d803fe8f4128106874c943639fec54c,1d803fe8f4128106874c943639fec54c,eb7e811ece3ee28279a0,IDEXX,baseline_historico,2025-04-28,4/28/25,4/28/25,Sin Limpieza/batch_94.pdf,batch_94.pdf,.,15.0,BOCA SERVICIOS VETERINARIOS,BOCA SERVICIOS VETERINARIOS,,,18.45,-69.6,manual_override,0.6,German Shepherd,Female,7.0,1.0.0
24ca99565e2b80eabd069de0ed11fba9,24ca99565e2b80eabd069de0ed11fba9,8562c3ab34bfe4a88d61,IDEXX,baseline_historico,2025-04-28,4/28/25,4/28/25,Sin Limpieza/batch_94.pdf,batch_94.pdf,.,17.0,BOCA SERVICIOS VETERINARIOS,BOCA SERVICIOS VETERINARIOS,,,18.45,-69.6,manual_override,0.6,"Canine, Other",Male,4.0,1.0.0
27c033914e29d19e3195c0abc242d9ad,27c033914e29d19e3195c0abc242d9ad,55ffedc77f4aec4d4ed2,IDEXX,baseline_historico,2025-04-27,4/27/25,4/27/25,Sin Limpieza/batch_94.pdf,batch_94.pdf,.,19.0,BOCA SERVICIOS VETERINARIOS,BOCA SERVICIOS VETERINARIOS,,,18.45,-69.6,manual_override,0.6,Bulldog,Male,3.0,1.0.0
229e0976da5e180ef867f791e8c93c06,229e0976da5e180ef867f791e8c93c06,3eeb9e3d44116e0f002c,IDEXX,baseline_historico,2025-04-04,4/4/25,4/4/25,Sin Limpieza/batch_95.pdf,batch_95.pdf,.,1.0,BOCA SERVICIOS VETERINARIOS,BOCA SERVICIOS VETERINARIOS,,,18.45,-69.6,manual_override,0.6,"Canine, Mixed Breed",,12.0,1.0.0
a4ec467d58cbcb342a94aea4fdc8ba15,a4ec467d58cbcb342a94aea4fdc8ba15,a4d379b0a90e8ee6e8a2,IDEXX,baseline_historico,2025-04-04,4/4/25,4/4/25,Sin Limpieza/batch_95.pdf,batch_95.pdf,.,3.0,BOCA SERVICIOS VETERINARIOS,BOCA SERVICIOS VETERINARIOS,,,18.45,-69.6,manual_override,0.6,Doberman Pinscher DATE OF RESULT: 4/4/25,Male,2.0,1.0.0
bae90607e39a94a17e78bcf5cf7f8a17,bae90607e39a94a17e78bcf5cf7f8a17,c12345e90e0cb759c6d0,IDEXX,baseline_historico,2025-04-04,4/4/25,4/4/25,Sin Limpieza/batch_95.pdf,batch_95.pdf,.,5.0,BOCA SERVICIOS VETERINARIOS,BOCA SERVICIOS VETERINARIOS,,,18.45,-69.6,manual_override,0.6,Maltese,Female,10.0,1.0.0
8ea194bb7d6892d9fb9f436c6d83337d,8ea194bb7d6892d9fb9f436c6d83337d,ea32e6c090b60a612e65,IDEXX,baseline_historico,2025-04-03,4/3/25,4/3/25,Sin Limpieza/batch_95.pdf,batch_95.pdf,.,7.0,BOCA SERVICIOS VETERINARIOS,BOCA SERVICIOS VETERINARIOS,,,18.45,-69.6,manual_override,0.6,Yorkshire Terrier,Male,,1.0.0
a69cbc1bcb630456c45dfbe8fa5e04da,a69cbc1bcb630456c45dfbe8fa5e04da,2099953a3fade0c82de6,IDEXX,baseline_historico,2025-04-03,4/3/25,4/3/25,Sin Limpieza/batch_95.pdf,batch_95.pdf,.,9.0,BOCA SERVICIOS VETERINARIOS,BOCA SERVICIOS VETERINARIOS,,,18.45,-69.6,manual_override,0.6,Doberman Pinscher,Female,1.0,1.0.0
d881813911fb7c9f61670a0d9b5739fc,d881813911fb7c9f61670a0d9b5739fc,459e595018b08bf5c2ad,IDEXX,baseline_historico,2025-04-03,4/3/25,4/3/25,Sin Limpieza/batch_95.pdf,batch_95.pdf,.,13.0,BOCA SERVICIOS VETERINARIOS,BOCA SERVICIOS VETERINARIOS,,,18.45,-69.6,manual_override,0.6,"Canine, Mixed Breed",Female,2.0,1.0.0
b60c76cfd2c637853aad64761df25335,b60c76cfd2c637853aad64761df25335,c9e62e689a5b2d393731,IDEXX,baseline_historico,2025-04-03,4/3/25,4/3/25,Sin Limpieza/batch_95.pdf,batch_95.pdf,.,15.0,BOCA SERVICIOS VETERINARIOS,BOCA SERVICIOS VETERINARIOS,,,18.45,-69.6,manual_override,0.6,Siberian Husky,Male,4.0,1.0.0
a49b3e6aa40123ac1f50e26514c8c06b,a49b3e6aa40123ac1f50e26514c8c06b,67cdefc8ab03838ab9ea,IDEXX,baseline_historico,2025-04-03,4/3/25,4/3/25,Sin Limpieza/batch_95.pdf,batch_95.pdf,.,17.0,BOCA SERVICIOS VETERINARIOS,BOCA SERVICIOS VETERINARIOS,,,18.45,-69.6,manual_override,0.6,"Canine, Mixed Breed",Female,1.0,1.0.0
50e3eccd6debe5a3e992db5748063475,50e3eccd6debe5a3e992db5748063475,c5008897a2854e764d0c,IDEXX,baseline_historico,2025-04-03,4/3/25,4/3/25,Sin Limpieza/batch_95.pdf,batch_95.pdf,.,19.0,BOCA SERVICIOS VETERINARIOS,BOCA SERVICIOS VETERINARIOS,,,18.45,-69.6,manual_override,0.6,"Canine, Mixed Breed",Female,,1.0.0
7880d4e81f0574c371af73580816e2db,7880d4e81f0574c371af73580816e2db,7945bba66f7a9c8d572f,IDEXX,baseline_historico,2025-09-09,9/9/25,9/9/25,Sin Limpieza/batch_96.pdf,batch_96.pdf,.,1.0,BOCA SERVICIOS VETERINARIOS,BOCA SERVICIOS VETERINARIOS,,,18.45,-69.6,manual_override,0.6,Mixed,Male,,1.0.0
46669007dd76dc1013a54182a4b467d4,46669007dd76dc1013a54182a4b467d4,57055d80de3c8cf5eefa,IDEXX,baseline_historico,2025-04-30,4/30/25,4/30/25,Sin Limpieza/batch_96.pdf,batch_96.pdf,.,3.0,BOCA SERVICIOS VETERINARIOS,BOCA SERVICIOS VETERINARIOS,,,18.45,-69.6,manual_override,0.6,Yorkshire Terrier,Male,5.0,1.0.0
09b1ae4926798fe52f122d80e439f78c,09b1ae4926798fe52f122d80e439f78c,f03426bb984e6f9f6d65,IDEXX,baseline_historico,2025-04-02,4/2/25,4/2/25,Sin Limpieza/batch_96.pdf,batch_96.pdf,.,7.0,BOCA SERVICIOS VETERINARIOS,BOCA SERVICIOS VETERINARIOS,,,18.45,-69.6,manual_override,0.6,Miniature Schnauzer,Male,10.0,1.0.0
198b9b82e66f6f87abe80e664e427364,198b9b82e66f6f87abe80e664e427364,b4637b7761624b1e47f9,IDEXX,baseline_historico,2025-04-02,4/2/25,4/2/25,Sin Limpieza/batch_96.pdf,batch_96.pdf,.,9.0,BOCA SERVICIOS VETERINARIOS,BOCA SERVICIOS VETERINARIOS,,,18.45,-69.6,manual_override,0.6,Miniature Schnauzer,Female,10.0,1.0.0
5b7fdfa3f86652beb00fdc5832eb883f,5b7fdfa3f86652beb00fdc5832eb883f,7877db5f7f0290009caa,IDEXX,baseline_historico,2025-04-02,4/2/25,4/2/25,Sin Limpieza/batch_96.pdf,batch_96.pdf,.,11.0,BOCA SERVICIOS VETERINARIOS,BOCA SERVICIOS VETERINARIOS,,,18.45,-69.6,manual_override,0.6,"Canine, Mixed Breed",,3.0,1.0.0
1733f2891e298641cbca819f0eb98b70,1733f2891e298641cbca819f0eb98b70,36e1b9efaaa3670c81b5,IDEXX,baseline_historico,2025-04-01,4/1/25,4/1/25,Sin Limpieza/batch_96.pdf,batch_96.pdf,.,13.0,BOCA SERVICIOS VETERINARIOS,BOCA SERVICIOS VETERINARIOS,,,18.45,-69.6,manual_override,0.6,Poodle,Male,5.0,1.0.0
f7818a3237abbbbf21837526942aac39,f7818a3237abbbbf21837526942aac39,d18c8587a6731fe5b8f4,IDEXX,baseline_historico,2025-04-01,4/1/25,4/1/25,Sin Limpieza/batch_96.pdf,batch_96.pdf,.,15.0,BOCA SERVICIOS VETERINARIOS,BOCA SERVICIOS VETERINARIOS,,,18.45,-69.6,manual_override,0.6,French Bulldog,Male,,1.0.0
221a5cc65a6fff73bd31424d23db98cc,221a5cc65a6fff73bd31424d23db98cc,ee0fd05506e74a2f35e8,IDEXX,baseline_historico,2025-04-01,4/1/25,4/1/25,Sin Limpieza/batch_96.pdf,batch_96.pdf,.,17.0,BOCA SERVICIOS VETERINARIOS,BOCA SERVICIOS VETERINARIOS,,,18.45,-69.6,manual_override,0.6,Bulldog,Female,13.0,1.0.0
d11fbe1563ba222f326677cd78ea5399,d11fbe1563ba222f326677cd78ea5399,f58eb974fa42afb7be62,IDEXX,baseline_historico,2025-03-31,3/31/25,3/31/25,Sin Limpieza/batch_96.pdf,batch_96.pdf,.,19.0,BOCA SERVICIOS VETERINARIOS,BOCA SERVICIOS VETERINARIOS,,,18.45,-69.6,manual_override,0.6,French Bulldog,Male,10.0,1.0.0
176ce91be0679e297327943d2e748e74,176ce91be0679e297327943d2e748e74,3695e366a9f7a2302b85,IDEXX,baseline_historico,2025-04-26,4/26/25,4/26/25,Sin Limpieza/batch_97.pdf,batch_97.pdf,.,1.0,BOCA SERVICIOS VETERINARIOS,BOCA SERVICIOS VETERINARIOS,,,18.45,-69.6,manual_override,0.6,French Bulldog,Female,2.0,1.0.0
859235d71dd52ec84ca4e67b0691389f,859235d71dd52ec84ca4e67b0691389f,352ef355b8e190432b14,IDEXX,baseline_historico,2025-04-26,4/26/25,4/26/25,Sin Limpieza/batch_97.pdf,batch_97.pdf,.,3.0,BOCA SERVICIOS VETERINARIOS,BOCA SERVICIOS VETERINARIOS,,,18.45,-69.6,manual_override,0.6,"santo domingo, do 0000 DATE OF RECEIPT: 4/26/25",Female,15.0,1.0.0
bfc7556535d190f831809d3e87772e95,bfc7556535d190f831809d3e87772e95,69f4fe1044a28ceab556,IDEXX,baseline_historico,2025-04-26,4/26/25,4/26/25,Sin Limpieza/batch_97.pdf,batch_97.pdf,.,5.0,BOCA SERVICIOS VETERINARIOS,BOCA SERVICIOS VETERINARIOS,,,18.45,-69.6,manual_override,0.6,"Canine, Mixed Breed",Female,6.0,1.0.0
1561e18e02aa6fbd8c11e4f74fc50d5b,1561e18e02aa6fbd8c11e4f74fc50d5b,fe990796cd49db4b5f7a,IDEXX,baseline_historico,2025-04-26,4/26/25,4/26/25,Sin Limpieza/batch_97.pdf,batch_97.pdf,.,7.0,BOCA SERVICIOS VETERINARIOS,BOCA SERVICIOS VETERINARIOS,,,18.45,-69.6,manual_override,0.6,Shih Tzu,Female,5.0,1.0.0
707a4a641a389286e1d8d4890c63f708,707a4a641a389286e1d8d4890c63f708,a264c7de0a3b8351f7eb,IDEXX,baseline_historico,2025-04-25,4/25/25,4/25/25,Sin Limpieza/batch_97.pdf,batch_97.pdf,.,9.0,BOCA SERVICIOS VETERINARIOS,BOCA SERVICIOS VETERINARIOS,,,18.45,-69.6,manual_override,0.6,"Canine, Mixed Breed",,2.0,1.0.0
0a5ea1531cb41aa217eb6e06c90cd62c,0a5ea1531cb41aa217eb6e06c90cd62c,ebae63adb4b92ae19dc2,IDEXX,baseline_historico,2025-04-25,4/25/25,4/25/25,Sin Limpieza/batch_97.pdf,batch_97.pdf,.,11.0,BOCA SERVICIOS VETERINARIOS,BOCA SERVICIOS VETERINARIOS,,,18.45,-69.6,manual_override,0.6,"Canine, Mixed Breed",Female,6.0,1.0.0
95baae9b540d082f8a89fb662985f018,95baae9b540d082f8a89fb662985f018,422af130699805c61fe5,IDEXX,baseline_historico,2025-04-25,4/25/25,4/25/25,Sin Limpieza/batch_97.pdf,batch_97.pdf,.,13.0,BOCA SERVICIOS VETERINARIOS,BOCA SERVICIOS VETERINARIOS,,,18.45,-69.6,manual_override,0.6,German Shepherd,Female,2.0,1.0.0
85c85eff9b31b76a444e5f8a64eac68e,85c85eff9b31b76a444e5f8a64eac68e,88cb5d426321e4b263d2,IDEXX,baseline_historico,2025-04-25,4/25/25,4/25/25,Sin Limpieza/batch_97.pdf,batch_97.pdf,.,15.0,BOCA SERVICIOS VETERINARIOS,BOCA SERVICIOS VETERINARIOS,,,18.45,-69.6,manual_override,0.6,"Canine, Mixed Breed",,5.0,1.0.0
8b9e88930fbb7a5887994222d44735d2,8b9e88930fbb7a5887994222d44735d2,0c101db658b62cd95abc,IDEXX,baseline_historico,2025-04-25,4/25/25,4/25/25,Sin Limpieza/batch_97.pdf,batch_97.pdf,.,17.0,BOCA SERVICIOS VETERINARIOS,BOCA SERVICIOS VETERINARIOS,,,18.45,-69.6,manual_override,0.6,Siberian Husky,Male,1.0,1.0.0
f8e717fece32d3e30883e9f4dda48b4e,f8e717fece32d3e30883e9f4dda48b4e,734d2455bcc65f9e3441,IDEXX,baseline_historico,2025-04-24,4/24/25,4/24/25,Sin Limpieza/batch_97.pdf,batch_97.pdf,.,19.0,BOCA SERVICIOS VETERINARIOS,BOCA SERVICIOS VETERINARIOS,,,18.45,-69.6,manual_override,0.6,Shih Tzu,Female,1.0,1.0.0
6022671e6ad2bd4f33fee738c52a2a6e,6022671e6ad2bd4f33fee738c52a2a6e,1b6ab64f0cb4c4eac4e0,IDEXX,baseline_historico,2025-06-14,6/14/25,6/14/25,Sin Limpieza/batch_98.pdf,batch_98.pdf,.,1.0,BOCA SERVICIOS VETERINARIOS,BOCA SERVICIOS VETERINARIOS,,,18.45,-69.6,manual_override,0.6,German Shepherd,Male,10.0,1.0.0
67648cb9c6598d21bba67687e103eb24,67648cb9c6598d21bba67687e103eb24,01149fb290c5765c36b6,IDEXX,baseline_historico,2025-06-13,6/13/25,6/13/25,Sin Limpieza/batch_98.pdf,batch_98.pdf,.,3.0,BOCA SERVICIOS VETERINARIOS,BOCA SERVICIOS VETERINARIOS,,,18.45,-69.6,manual_override,0.6,Chihuahua,Female,,1.0.0
8fed0d8ef8cdebf1b4de3a71b616099c,8fed0d8ef8cdebf1b4de3a71b616099c,48d729cc1793bcc1da81,IDEXX,baseline_historico,2025-06-13,6/13/25,6/13/25,Sin Limpieza/batch_98.pdf,batch_98.pdf,.,5.0,BOCA SERVICIOS VETERINARIOS,BOCA SERVICIOS VETERINARIOS,,,18.45,-69.6,manual_override,0.6,Shih Tzu,Female,4.0,1.0.0
a008d13c62f62930aff9121fc9cbf96f,a008d13c62f62930aff9121fc9cbf96f,a8b530630e5dcdb43f98,IDEXX,baseline_historico,2025-06-13,6/13/25,6/13/25,Sin Limpieza/batch_98.pdf,batch_98.pdf,.,7.0,BOCA SERVICIOS VETERINARIOS,BOCA SERVICIOS VETERINARIOS,,,18.45,-69.6,manual_override,0.6,"santo domingo, do 0000 DATE OF RECEIPT: 6/13/25",Female,,1.0.0
b1516767f6f50fd4296d08203463d3da,b1516767f6f50fd4296d08203463d3da,750f7b163f887a1b56ea,IDEXX,baseline_historico,2025-06-12,6/12/25,6/12/25,Sin Limpieza/batch_98.pdf,batch_98.pdf,.,9.0,BOCA SERVICIOS VETERINARIOS,BOCA SERVICIOS VETERINARIOS,,,18.45,-69.6,manual_override,0.6,"Canine, Mixed Breed",Female,8.0,1.0.0
b02f9dc1911694323ba82d943a24554f,b02f9dc1911694323ba82d943a24554f,9a119d2cc28532030bfe,IDEXX,baseline_historico,2025-06-12,6/12/25,6/12/25,Sin Limpieza/batch_98.pdf,batch_98.pdf,.,11.0,BOCA SERVICIOS VETERINARIOS,BOCA SERVICIOS VETERINARIOS,,,18.45,-69.6,manual_override,0.6,"Canine, Other",Male,5.0,1.0.0
3a9a666ef7b3fd347fe38201fef31ca3,3a9a666ef7b3fd347fe38201fef31ca3,d37ffb26c5a46bcbd30b,IDEXX,baseline_historico,2025-06-12,6/12/25,6/12/25,Sin Limpieza/batch_98.pdf,batch_98.pdf,.,13.0,BOCA SERVICIOS VETERINARIOS,BOCA SERVICIOS VETERINARIOS,,,18.45,-69.6,manual_override,0.6,Shih Tzu,Male,11.0,1.0.0
da32e05f5377c29b81991c92883344fe,da32e05f5377c29b81991c92883344fe,c1c1991989422424d5fd,IDEXX,baseline_historico,2025-06-11,6/11/25,6/11/25,Sin Limpieza/batch_98.pdf,batch_98.pdf,.,17.0,BOCA SERVICIOS VETERINARIOS,BOCA SERVICIOS VETERINARIOS,,,18.45,-69.6,manual_override,0.6,Bulldog,Male,,1.0.0
85bba36fc70dc69f01ab7f9f0c4cee6b,85bba36fc70dc69f01ab7f9f0c4cee6b,1f4ad1f4c5754c51a244,IDEXX,baseline_historico,2025-06-11,6/11/25,6/11/25,Sin Limpieza/batch_98.pdf,batch_98.pdf,.,19.0,BOCA SERVICIOS VETERINARIOS,BOCA SERVICIOS VETERINARIOS,,,18.45,-69.6,manual_override,0.6,"Canine, Mixed Breed",Male,,1.0.0
507c8853db5d8da23eeabef8aa89a793,507c8853db5d8da23eeabef8aa89a793,fdaf18a17820efd44774,IDEXX,baseline_historico,2025-04-17,4/17/25,4/17/25,Sin Limpieza/batch_99.pdf,batch_99.pdf,.,3.0,BOCA SERVICIOS VETERINARIOS,BOCA SERVICIOS VETERINARIOS,,,18.45,-69.6,manual_override,0.6,"santo domingo, do 0000 DATE OF RECEIPT: 4/17/25",Female,,1.0.0
ad62c244ab2feb86c4ac66e58bb8d746,ad62c244ab2feb86c4ac66e58bb8d746,631ca51a8a33953a10b7,IDEXX,baseline_historico,2025-04-16,4/16/25,4/16/25,Sin Limpieza/batch_99.pdf,batch_99.pdf,.,5.0,BOCA SERVICIOS VETERINARIOS,BOCA SERVICIOS VETERINARIOS,,,18.45,-69.6,manual_override,0.6,"Canine, Mixed Breed",Male,13.0,1.0.0
96cbdb9825cf94864f2c1d7f749475eb,96cbdb9825cf94864f2c1d7f749475eb,a7dd829479ae3b83c940,IDEXX,baseline_historico,2025-04-16,4/16/25,4/16/25,Sin Limpieza/batch_99.pdf,batch_99.pdf,.,7.0,BOCA SERVICIOS VETERINARIOS,BOCA SERVICIOS VETERINARIOS,,,18.45,-69.6,manual_override,0.6,Shih Tzu,Female,8.0,1.0.0
eb57133a0bb32e482fa5c8f1b5fc47bf,eb57133a0bb32e482fa5c8f1b5fc47bf,d487b35fe8c5cc175980,IDEXX,baseline_historico,2025-04-16,4/16/25,4/16/25,Sin Limpieza/batch_99.pdf,batch_99.pdf,.,9.0,BOCA SERVICIOS VETERINARIOS,BOCA SERVICIOS VETERINARIOS,,,18.45,-69.6,manual_override,0.6,"Canine, Mixed Breed",Female,,1.0.0
249a2455ffde96ecce52675ed7aa7cad,249a2455ffde96ecce52675ed7aa7cad,f9242fca0b2df148eb28,IDEXX,baseline_historico,2025-04-16,4/16/25,4/16/25,Sin Limpieza/batch_99.pdf,batch_99.pdf,.,11.0,BOCA SERVICIOS VETERINARIOS,BOCA SERVICIOS VETERINARIOS,,,18.45,-69.6,manual_override,0.6,Yorkshire Terrier,Male,5.0,1.0.0
28cc2c63e9bb6b601bc78b09753ff8cc,28cc2c63e9bb6b601bc78b09753ff8cc,3af9c88883f0078c12f2,DAP,dap_external,,,,,,.,,,nan,,,,,unresolved,0.0,,,,1.0.0
5d6b79a6c1bc7ae235e7d9058d0ee9b8,5d6b79a6c1bc7ae235e7d9058d0ee9b8,3af9c88883f0078c12f2,DAP,dap_external,,,,,,.,,,nan,,,,,unresolved,0.0,,,,1.0.0
21fbcb7d7b6cb8c3f86a6ea2359ebcf2,21fbcb7d7b6cb8c3f86a6ea2359ebcf2,f0e0875c8512c2bfb236,DAP,dap_external,,,,,,.,,,nan,,,,,unresolved,0.0,,,,1.0.0
239826b59a5c6dfb42bbe184572ba4d2,239826b59a5c6dfb42bbe184572ba4d2,f0e0875c8512c2bfb236,DAP,dap_external,,,,,,.,,,nan,,,,,unresolved,0.0,,,,1.0.0
2191922f0848b1db60bb8466c1a182d5,2191922f0848b1db60bb8466c1a182d5,de72575dd77f1a7bbe01,DAP,dap_external,,,,,,.,,,nan,,,,,unresolved,0.0,,,,1.0.0
5fb4f9b3ac08c087b4b464cc18d07532,5fb4f9b3ac08c087b4b464cc18d07532,b2c3b20b918503c5f5bb,DAP,dap_external,,,,,,.,,,nan,,,,,unresolved,0.0,,,,1.0.0
c83412e40db0714e02aaa63a796b5958,c83412e40db0714e02aaa63a796b5958,b2c3b20b918503c5f5bb,DAP,dap_external,,,,,,.,,,nan,,,,,unresolved,0.0,,,,1.0.0
cd1db9db935dc3ebd5c3e271df694af8,cd1db9db935dc3ebd5c3e271df694af8,4b52998c12ccc628c7de,DAP,dap_external,,,,,,.,,,nan,,,,,unresolved,0.0,,,,1.0.0
5f9dd08579065b8ba0f0eb13701abe59,5f9dd08579065b8ba0f0eb13701abe59,8feed83c187dff8a35fd,DAP,dap_external,,,,,,.,,,nan,,,,,unresolved,0.0,,,,1.0.0
84d8dd4fba51ddc8de7c3c115792bebc,84d8dd4fba51ddc8de7c3c115792bebc,8feed83c187dff8a35fd,DAP,dap_external,,,,,,.,,,nan,,,,,unresolved,0.0,,,,1.0.0
6cada38a8e79ee3e439206f770980260,6cada38a8e79ee3e439206f770980260,474f4ebfb269bc55686b,DAP,dap_external,,,,,,.,,,nan,,,,,unresolved,0.0,,,,1.0.0
65b416808da3e96ac030effd1507f9a5,65b416808da3e96ac030effd1507f9a5,474f4ebfb269bc55686b,DAP,dap_external,,,,,,.,,,nan,,,,,unresolved,0.0,,,,1.0.0
a4df3daec049f402e1640ff979880c29,a4df3daec049f402e1640ff979880c29,474f4ebfb269bc55686b,DAP,dap_external,,,,,,.,,,nan,,,,,unresolved,0.0,,,,1.0.0
f238e9fff6490364c1fbaadb3303c11b,f238e9fff6490364c1fbaadb3303c11b,20cf83a3a86a1bfaedfd,DAP,dap_external,,,,,,.,,,nan,,,,,unresolved,0.0,,,,1.0.0
61ce1212f1c936e0e9f9c4a2f0a25764,61ce1212f1c936e0e9f9c4a2f0a25764,9a228152745443acd12a,DAP,dap_external,,,,,,.,,,nan,,,,,unresolved,0.0,,,,1.0.0
4f1518be34b72affa0466734d4b88798,4f1518be34b72affa0466734d4b88798,6f12466f675b6dfa8197,DAP,dap_external,,,,,,.,,,nan,,,,,unresolved,0.0,,,,1.0.0
42ff4bb55ccad60e09da6716192415c2,42ff4bb55ccad60e09da6716192415c2,6f12466f675b6dfa8197,DAP,dap_external,,,,,,.,,,nan,,,,,unresolved,0.0,,,,1.0.0
fd39040b94e3317c15274aa45701889e,fd39040b94e3317c15274aa45701889e,0ba21beccaad8807ae37,DAP,dap_external,,,,,,.,,,nan,,,,,unresolved,0.0,,,,1.0.0
7247f3c4572f3fc8f16ee04fcacf0a69,7247f3c4572f3fc8f16ee04fcacf0a69,0ba21beccaad8807ae37,DAP,dap_external,,,,,,.,,,nan,,,,,unresolved,0.0,,,,1.0.0
615af56c6932a879898ec54dc63c0b89,615af56c6932a879898ec54dc63c0b89,564d9900d5d869eb44e1,DAP,dap_external,,,,,,.,,,nan,,,,,unresolved,0.0,,,,1.0.0
8aee2580275a562ebdc2dc52838f7435,8aee2580275a562ebdc2dc52838f7435,f9c16a674965e7d715f5,DAP,dap_external,,,,,,.,,,nan,,,,,unresolved,0.0,,,,1.0.0
c5013a84349c356f50efb66c94c50f8e,c5013a84349c356f50efb66c94c50f8e,f9c16a674965e7d715f5,DAP,dap_external,,,,,,.,,,nan,,,,,unresolved,0.0,,,,1.0.0
176a7d20c19361087ed7e67304fc6114,176a7d20c19361087ed7e67304fc6114,ad28d1f56937abd7a233,DAP,dap_external,,,,,,.,,,nan,,,,,unresolved,0.0,,,,1.0.0
51210cf7c3865d1dac953c3b3f7bec38,51210cf7c3865d1dac953c3b3f7bec38,ad28d1f56937abd7a233,DAP,dap_external,,,,,,.,,,nan,,,,,unresolved,0.0,,,,1.0.0
05157b65537be791417b65ebdf08dcfa,05157b65537be791417b65ebdf08dcfa,b54680646b04fcaa7955,DAP,dap_external,,,,,,.,,,nan,,,,,unresolved,0.0,,,,1.0.0
76496de28f687b9abf71ada2afa270ad,76496de28f687b9abf71ada2afa270ad,b54680646b04fcaa7955,DAP,dap_external,,,,,,.,,,nan,,,,,unresolved,0.0,,,,1.0.0
13423f8ad4dce635d41d0a100d2e81f4,13423f8ad4dce635d41d0a100d2e81f4,b54680646b04fcaa7955,DAP,dap_external,,,,,,.,,,nan,,,,,unresolved,0.0,,,,1.0.0
496a6c0ca25b69df2b34b0f77ff8aaad,496a6c0ca25b69df2b34b0f77ff8aaad,76e9e75accc71e6a87f7,DAP,dap_external,,,,,,.,,,nan,,,,,unresolved,0.0,,,,1.0.0
4ed14b6285d8ebbbe83c9e1c421a2425,4ed14b6285d8ebbbe83c9e1c421a2425,2b2fb37d256ab4834437,DAP,dap_external,,,,,,.,,,nan,,,,,unresolved,0.0,,,,1.0.0
326f223ef9a790982bf28c7c1fa04126,326f223ef9a790982bf28c7c1fa04126,499c7cee33e0dc78a37e,DAP,dap_external,,,,,,.,,,nan,,,,,unresolved,0.0,,,,1.0.0
0750ff7ee1139d0d4cb316c47baabca2,0750ff7ee1139d0d4cb316c47baabca2,1a468ee11bf0bf485f6c,DAP,dap_external,,,,,,.,,,nan,,,,,unresolved,0.0,,,,1.0.0
ae503950aabd3322752a14e6c97371ce,ae503950aabd3322752a14e6c97371ce,1a468ee11bf0bf485f6c,DAP,dap_external,,,,,,.,,,nan,,,,,unresolved,0.0,,,,1.0.0
fb81210d60ac4ca1e0adc7a353932bdd,fb81210d60ac4ca1e0adc7a353932bdd,1a468ee11bf0bf485f6c,DAP,dap_external,,,,,,.,,,nan,,,,,unresolved,0.0,,,,1.0.0
0284f071925cc7803c960382eb71600c,0284f071925cc7803c960382eb71600c,4e5af051fa0019dc6fb8,DAP,dap_external,,,,,,.,,,nan,,,,,unresolved,0.0,,,,1.0.0
16785b3a0e63f3b2b471b2f719bf77fb,16785b3a0e63f3b2b471b2f719bf77fb,4e5af051fa0019dc6fb8,DAP,dap_external,,,,,,.,,,nan,,,,,unresolved,0.0,,,,1.0.0
6e6b150cd41c2c74534f43e2b6a8067f,6e6b150cd41c2c74534f43e2b6a8067f,054bb66d3a1b34abb0cf,DAP,dap_external,,,,,,.,,,nan,,,,,unresolved,0.0,,,,1.0.0
78b801f533a4c33d379cf84326ac7866,78b801f533a4c33d379cf84326ac7866,054bb66d3a1b34abb0cf,DAP,dap_external,,,,,,.,,,nan,,,,,unresolved,0.0,,,,1.0.0
30b47130c9180e48c5787b825683601d,30b47130c9180e48c5787b825683601d,054bb66d3a1b34abb0cf,DAP,dap_external,,,,,,.,,,nan,,,,,unresolved,0.0,,,,1.0.0
c57d5d74d68e544407a773d40355de7c,c57d5d74d68e544407a773d40355de7c,e800250480518f018f1e,DAP,dap_external,,,,,,.,,,nan,,,,,unresolved,0.0,,,,1.0.0
a661c06ef30c615c5da11e89a84634e3,a661c06ef30c615c5da11e89a84634e3,e800250480518f018f1e,DAP,dap_external,,,,,,.,,,nan,,,,,unresolved,0.0,,,,1.0.0
963007b8943f069e130667e581fac1c1,963007b8943f069e130667e581fac1c1,d5f3cd9ee7918d9c9681,DAP,dap_external,,,,,,.,,,nan,,,,,unresolved,0.0,,,,1.0.0
00b69a7ab834ab2a6f17530bfaa5cc8e,00b69a7ab834ab2a6f17530bfaa5cc8e,d5f3cd9ee7918d9c9681,DAP,dap_external,,,,,,.,,,nan,,,,,unresolved,0.0,,,,1.0.0
75b3ecfe00be73b1aa082820ba68b3dd,75b3ecfe00be73b1aa082820ba68b3dd,007280ec097443b4751e,DAP,dap_external,,,,,,.,,,nan,,,,,unresolved,0.0,,,,1.0.0
2525e2e2576ffd3f5fbfb3073117626e,2525e2e2576ffd3f5fbfb3073117626e,2d1be9a7ebd4e61787e3,DAP,dap_external,,,,,,.,,,nan,,,,,unresolved,0.0,,,,1.0.0
92f3b08e15e20866932ea7ee86b662b8,92f3b08e15e20866932ea7ee86b662b8,2d1be9a7ebd4e61787e3,DAP,dap_external,,,,,,.,,,nan,,,,,unresolved,0.0,,,,1.0.0
c6a1e9f5ba13735d7d2df86563fb3dcd,c6a1e9f5ba13735d7d2df86563fb3dcd,d253295675e225207816,DAP,dap_external,,,,,,.,,,nan,,,,,unresolved,0.0,,,,1.0.0
f91446ec927e56dd73335cb110aa1442,f91446ec927e56dd73335cb110aa1442,2ea70b335f6ff4ba723f,DAP,dap_external,,,,,,.,,,nan,,,,,unresolved,0.0,,,,1.0.0
9fc8d1d4075fb7aff4883464d6d9e6e8,9fc8d1d4075fb7aff4883464d6d9e6e8,2ea70b335f6ff4ba723f,DAP,dap_external,,,,,,.,,,nan,,,,,unresolved,0.0,,,,1.0.0
bdf01efe67c93fb3ab717d99d4b52613,bdf01efe67c93fb3ab717d99d4b52613,acd1aa8c1a7bffb9c1a6,DAP,dap_external,,,,,,.,,,nan,,,,,unresolved,0.0,,,,1.0.0
215cc3ade7c094e0221a035ff3f67292,215cc3ade7c094e0221a035ff3f67292,59c250966fc98111b0a9,DAP,dap_external,,,,,,.,,,nan,,,,,unresolved,0.0,,,,1.0.0
435c642430596a970353867a6bb7fc4e,435c642430596a970353867a6bb7fc4e,9ca5b22dcb040db7607e,DAP,dap_external,,,,,,.,,,nan,,,,,unresolved,0.0,,,,1.0.0
8d9973aacddfbbaf8b537b531f42d596,8d9973aacddfbbaf8b537b531f42d596,9ca5b22dcb040db7607e,DAP,dap_external,,,,,,.,,,nan,,,,,unresolved,0.0,,,,1.0.0
ce612653ba9922ab698d6c628e227450,ce612653ba9922ab698d6c628e227450,dc533285e0dd98a99a5c,DAP,dap_external,,,,,,.,,,nan,,,,,unresolved,0.0,,,,1.0.0
317f68532da15be864c8b11df6b8bc2d,317f68532da15be864c8b11df6b8bc2d,6b3ffbf2173898b0c357,DAP,dap_external,,,,,,.,,,nan,,,,,unresolved,0.0,,,,1.0.0
7edf640fe02355ec5c7752c81cd668b0,7edf640fe02355ec5c7752c81cd668b0,6b3ffbf2173898b0c357,DAP,dap_external,,,,,,.,,,nan,,,,,unresolved,0.0,,,,1.0.0
0862c535f4da7f4cd13a03d38745f171,0862c535f4da7f4cd13a03d38745f171,fe3a2e0921d739f410dd,DAP,dap_external,,,,,,.,,,nan,,,,,unresolved,0.0,,,,1.0.0
2d416b27dd9f9f82cea716fc1f600e7d,2d416b27dd9f9f82cea716fc1f600e7d,05b2cff916d43dec4900,DAP,dap_external,,,,,,.,,,nan,,,,,unresolved,0.0,,,,1.0.0
c6a419222e6f98fd27b3429c482cb8d9,c6a419222e6f98fd27b3429c482cb8d9,05b2cff916d43dec4900,DAP,dap_external,,,,,,.,,,nan,,,,,unresolved,0.0,,,,1.0.0
4ef9d8b3a580e583ca4ae0b9a5a9949e,4ef9d8b3a580e583ca4ae0b9a5a9949e,a4b94f243f444699173a,DAP,dap_external,,,,,,.,,,nan,,,,,unresolved,0.0,,,,1.0.0
9fccd2d8a4ce671938f645a203f58e89,9fccd2d8a4ce671938f645a203f58e89,40cc1876ebfc052649c9,DAP,dap_external,,,,,,.,,,nan,,,,,unresolved,0.0,,,,1.0.0
b8d7e0a0cf421d2665c00afc5d03ab6e,b8d7e0a0cf421d2665c00afc5d03ab6e,7fd5fac4d83637c6a148,DAP,dap_external,,,,,,.,,,nan,,,,,unresolved,0.0,,,,1.0.0
c7b0b25c3e2d78273c52ce9b703fcf92,c7b0b25c3e2d78273c52ce9b703fcf92,2c68fb1b1df70a511904,DAP,dap_external,,,,,,.,,,nan,,,,,unresolved,0.0,,,,1.0.0
d38fef236d8d567014702577958ff579,d38fef236d8d567014702577958ff579,2c68fb1b1df70a511904,DAP,dap_external,,,,,,.,,,nan,,,,,unresolved,0.0,,,,1.0.0
8b7d4888de77e0746a23f75efe601a17,8b7d4888de77e0746a23f75efe601a17,8ca17f731771322f0203,DAP,dap_external,,,,,,.,,,nan,,,,,unresolved,0.0,,,,1.0.0
92408b8df41e4900d72d5cf2530ac6db,92408b8df41e4900d72d5cf2530ac6db,d8c4590a7915f2dbfa36,DAP,dap_external,,,,,,.,,,nan,,,,,unresolved,0.0,,,,1.0.0
317bb3979485bec83dbe0572d5f7bda1,317bb3979485bec83dbe0572d5f7bda1,9010144fa69a7c4bdfdf,DAP,dap_external,,,,,,.,,,nan,,,,,unresolved,0.0,,,,1.0.0
5125f32f4f577d3bb921f4855a33c899,5125f32f4f577d3bb921f4855a33c899,9010144fa69a7c4bdfdf,DAP,dap_external,,,,,,.,,,nan,,,,,unresolved,0.0,,,,1.0.0
4f4e3391c451106b89ad7b833b23232c,4f4e3391c451106b89ad7b833b23232c,d90bd663c3ee555f9d3f,DAP,dap_external,,,,,,.,,,nan,,,,,unresolved,0.0,,,,1.0.0
9e12f93bf6fbb437b0f63afcb5784b68,9e12f93bf6fbb437b0f63afcb5784b68,475c36b8ae450a8bee27,DAP,dap_external,,,,,,.,,,nan,,,,,unresolved,0.0,,,,1.0.0
b73dc42524094f8e20788184e5d13e6c,b73dc42524094f8e20788184e5d13e6c,58946303c982568c037c,DAP,dap_external,,,,,,.,,,nan,,,,,unresolved,0.0,,,,1.0.0
20b519101f64c8669b045ba0627d3e2e,20b519101f64c8669b045ba0627d3e2e,58946303c982568c037c,DAP,dap_external,,,,,,.,,,nan,,,,,unresolved,0.0,,,,1.0.0
dd3dba362cb533baac3f366de0bde71b,dd3dba362cb533baac3f366de0bde71b,c2b0f728dc010e148a9e,DAP,dap_external,,,,,,.,,,nan,,,,,unresolved,0.0,,,,1.0.0
f90d8ca0fb52332ac6bc2f931fc2a5be,f90d8ca0fb52332ac6bc2f931fc2a5be,7532dee6a1142e7e2207,DAP,dap_external,,,,,,.,,,nan,,,,,unresolved,0.0,,,,1.0.0
c6772ec1f6bd11276c133f2c7cec9aa1,c6772ec1f6bd11276c133f2c7cec9aa1,7532dee6a1142e7e2207,DAP,dap_external,,,,,,.,,,nan,,,,,unresolved,0.0,,,,1.0.0
79d6f2c845107099c3f9ba5cd34a05c2,79d6f2c845107099c3f9ba5cd34a05c2,f32aa714c6e1c8662492,DAP,dap_external,,,,,,.,,,nan,,,,,unresolved,0.0,,,,1.0.0
5ca4487716988d4eea087016ab98a4c3,5ca4487716988d4eea087016ab98a4c3,d5297acb963539221908,DAP,dap_external,,,,,,.,,,nan,,,,,unresolved,0.0,,,,1.0.0
1f2fd8bc93f8de1194ce9835bf8cb87a,1f2fd8bc93f8de1194ce9835bf8cb87a,d5297acb963539221908,DAP,dap_external,,,,,,.,,,nan,,,,,unresolved,0.0,,,,1.0.0
7e24c593199d7e0b7b625bd4eea605d0,7e24c593199d7e0b7b625bd4eea605d0,ed429aac2d9eafb39db0,DAP,dap_external,,,,,,.,,,nan,,,,,unresolved,0.0,,,,1.0.0
63e48cd97b1b0a2ca43f11fb65d8784c,63e48cd97b1b0a2ca43f11fb65d8784c,ed429aac2d9eafb39db0,DAP,dap_external,,,,,,.,,,nan,,,,,unresolved,0.0,,,,1.0.0
614b463c2093f1d6eeec9a285665b560,614b463c2093f1d6eeec9a285665b560,bd9cff9867586344c1af,DAP,dap_external,,,,,,.,,,nan,,,,,unresolved,0.0,,,,1.0.0
b5a58f54970e605fb209c2960696ed4c,b5a58f54970e605fb209c2960696ed4c,4f38ea31e1d060114379,DAP,dap_external,,,,,,.,,,nan,,,,,unresolved,0.0,,,,1.0.0
d2013c6e01abe72dfadedba34bbd4581,d2013c6e01abe72dfadedba34bbd4581,4f38ea31e1d060114379,DAP,dap_external,,,,,,.,,,nan,,,,,unresolved,0.0,,,,1.0.0
c2e69691e67e0d3b204de9cbea051121,c2e69691e67e0d3b204de9cbea051121,b99a53d88c68f0c150f3,DAP,dap_external,,,,,,.,,,nan,,,,,unresolved,0.0,,,,1.0.0
ec28f7d497d8358ea9bca5d9beca5ed2,ec28f7d497d8358ea9bca5d9beca5ed2,b99a53d88c68f0c150f3,DAP,dap_external,,,,,,.,,,nan,,,,,unresolved,0.0,,,,1.0.0
28ae58796deb41b3c628d16b6f2a5ce2,28ae58796deb41b3c628d16b6f2a5ce2,7043bb9ecd12e9a8be75,DAP,dap_external,,,,,,.,,,nan,,,,,unresolved,0.0,,,,1.0.0
65f76729e07b802d8d4350ac968e737f,65f76729e07b802d8d4350ac968e737f,7043bb9ecd12e9a8be75,DAP,dap_external,,,,,,.,,,nan,,,,,unresolved,0.0,,,,1.0.0
a29a62f2d595ed90b89ee5d6e895a8dd,a29a62f2d595ed90b89ee5d6e895a8dd,6031107716d56ac30bb7,DAP,dap_external,,,,,,.,,,nan,,,,,unresolved,0.0,,,,1.0.0
a6f5d481f2fad50a628ec2c206296a3b,a6f5d481f2fad50a628ec2c206296a3b,ac9494260da417ecd850,DAP,dap_external,,,,,,.,,,nan,,,,,unresolved,0.0,,,,1.0.0
47dda447eceeb98b84fdb44023aa67f0,47dda447eceeb98b84fdb44023aa67f0,f30542683f6f3564d0e4,DAP,dap_external,,,,,,.,,,nan,,,,,unresolved,0.0,,,,1.0.0
1a79c31e2b11995b25adc582695e8d67,1a79c31e2b11995b25adc582695e8d67,6e7d29b45858019d1804,DAP,dap_external,,,,,,.,,,nan,,,,,unresolved,0.0,,,,1.0.0
9056b1f0d6e9186cb97ada4147c5a6cb,9056b1f0d6e9186cb97ada4147c5a6cb,a8713aae323b9496afb3,DAP,dap_external,,,,,,.,,,nan,,,,,unresolved,0.0,,,,1.0.0
e897c38e597c07d79b8888bd68b9d80b,e897c38e597c07d79b8888bd68b9d80b,a8713aae323b9496afb3,DAP,dap_external,,,,,,.,,,nan,,,,,unresolved,0.0,,,,1.0.0
53c1f1b7b9b2b7cb2bec1169b610956e,53c1f1b7b9b2b7cb2bec1169b610956e,459c4f989f6b95cabd09,DAP,dap_external,,,,,,.,,,nan,,,,,unresolved,0.0,,,,1.0.0
afa88773afd827d7b50f718ea484b8d4,afa88773afd827d7b50f718ea484b8d4,76bb3fa091bc22f088e9,DAP,dap_external,,,,,,.,,,nan,,,,,unresolved,0.0,,,,1.0.0
34c23d8955c26291a612d7ba4cc87890,34c23d8955c26291a612d7ba4cc87890,76bb3fa091bc22f088e9,DAP,dap_external,,,,,,.,,,nan,,,,,unresolved,0.0,,,,1.0.0
7b5802ce3e9b1b62315a31358a998d93,7b5802ce3e9b1b62315a31358a998d93,205e04ac4c65217fbc6c,DAP,dap_external,,,,,,.,,,nan,,,,,unresolved,0.0,,,,1.0.0
176de2a583d4bc501c3e141e1942f99b,176de2a583d4bc501c3e141e1942f99b,205e04ac4c65217fbc6c,DAP,dap_external,,,,,,.,,,nan,,,,,unresolved,0.0,,,,1.0.0
676e3de5472786c9ebd275d6797359eb,676e3de5472786c9ebd275d6797359eb,f98e04d02a1e4b8d6c2c,DAP,dap_external,,,,,,.,,,nan,,,,,unresolved,0.0,,,,1.0.0
60e19894fc320f0bc71eade6a9ab0d24,60e19894fc320f0bc71eade6a9ab0d24,f98e04d02a1e4b8d6c2c,DAP,dap_external,,,,,,.,,,nan,,,,,unresolved,0.0,,,,1.0.0
c42e4fc382ace9dd8a5e3af10546cfc5,c42e4fc382ace9dd8a5e3af10546cfc5,503f4b1d5afe96a52f32,DAP,dap_external,,,,,,.,,,nan,,,,,unresolved,0.0,,,,1.0.0
826acf4087a400b3151baedb7c3a931f,826acf4087a400b3151baedb7c3a931f,503f4b1d5afe96a52f32,DAP,dap_external,,,,,,.,,,nan,,,,,unresolved,0.0,,,,1.0.0
52a28f421aee972163d2ad2a9e82d322,52a28f421aee972163d2ad2a9e82d322,5838d8481406fe24c6e2,DAP,dap_external,,,,,,.,,,nan,,,,,unresolved,0.0,,,,1.0.0
f5fd3f4456bd070e410ad0c98966e15a,f5fd3f4456bd070e410ad0c98966e15a,a7a5b7b1cfa59294bd9e,DAP,dap_external,,,,,,.,,,nan,,,,,unresolved,0.0,,,,1.0.0
0889d28b541be371c0185e70520ec499,0889d28b541be371c0185e70520ec499,a7a5b7b1cfa59294bd9e,DAP,dap_external,,,,,,.,,,nan,,,,,unresolved,0.0,,,,1.0.0
6aa7c915394e4c5b926714bd2394ae1a,6aa7c915394e4c5b926714bd2394ae1a,55a5c68d9edc0b5e6cfc,DAP,dap_external,,,,,,.,,,nan,,,,,unresolved,0.0,,,,1.0.0
9b8f0e63637b281396e10930576f107f,9b8f0e63637b281396e10930576f107f,55a5c68d9edc0b5e6cfc,DAP,dap_external,,,,,,.,,,nan,,,,,unresolved,0.0,,,,1.0.0
6cead332a9140891acbbaf31e6b84511,6cead332a9140891acbbaf31e6b84511,3242807666ec28410538,DAP,dap_external,,,,,,.,,,nan,,,,,unresolved,0.0,,,,1.0.0
f593ce67db6fb552afb89d80eb48a194,f593ce67db6fb552afb89d80eb48a194,3242807666ec28410538,DAP,dap_external,,,,,,.,,,nan,,,,,unresolved,0.0,,,,1.0.0
d8821848f5b3e06880c81e3b0482eb67,d8821848f5b3e06880c81e3b0482eb67,4e080e4c2d35db06fe4b,DAP,dap_external,,,,,,.,,,nan,,,,,unresolved,0.0,,,,1.0.0
02c51db4a63272c0791e1292286a8230,02c51db4a63272c0791e1292286a8230,4e080e4c2d35db06fe4b,DAP,dap_external,,,,,,.,,,nan,,,,,unresolved,0.0,,,,1.0.0
6f0038d0ebc42fa2fb4a99161eecee42,6f0038d0ebc42fa2fb4a99161eecee42,18793e4f374fad1cd0c8,DAP,dap_external,,,,,,.,,,nan,,,,,unresolved,0.0,,,,1.0.0
e3a12a26bf5d3bdc3f8871122ce9298c,e3a12a26bf5d3bdc3f8871122ce9298c,18793e4f374fad1cd0c8,DAP,dap_external,,,,,,.,,,nan,,,,,unresolved,0.0,,,,1.0.0
3c40765a2d1ea430ff9257ba4e3755bb,3c40765a2d1ea430ff9257ba4e3755bb,181f016edd1af85be7ec,DAP,dap_external,,,,,,.,,,nan,,,,,unresolved,0.0,,,,1.0.0
53343b09e17e8070d180b08135d8efa1,53343b09e17e8070d180b08135d8efa1,181f016edd1af85be7ec,DAP,dap_external,,,,,,.,,,nan,,,,,unresolved,0.0,,,,1.0.0
d820ca685792db55c23bcf5e58fea365,d820ca685792db55c23bcf5e58fea365,bc21e53e63463baff8d8,DAP,dap_external,,,,,,.,,,nan,,,,,unresolved,0.0,,,,1.0.0
3bc37336e5b9e75ed6e0a997a8912ac8,3bc37336e5b9e75ed6e0a997a8912ac8,bc21e53e63463baff8d8,DAP,dap_external,,,,,,.,,,nan,,,,,unresolved,0.0,,,,1.0.0
ff0581c6f6307886d66e515fec730db3,ff0581c6f6307886d66e515fec730db3,48058718420be4c541ec,DAP,dap_external,,,,,,.,,,nan,,,,,unresolved,0.0,,,,1.0.0
d4ebc5d940dff1c24e13f6a89b199728,d4ebc5d940dff1c24e13f6a89b199728,c0db4d1e743bf978eca4,DAP,dap_external,,,,,,.,,,nan,,,,,unresolved,0.0,,,,1.0.0
200b2baacf0674c509be8f40772efe3c,200b2baacf0674c509be8f40772efe3c,2bdefd5751db4baa65cc,DAP,dap_external,,,,,,.,,,nan,,,,,unresolved,0.0,,,,1.0.0
9a31953e8a1e2aa5728fff1709d3acf4,9a31953e8a1e2aa5728fff1709d3acf4,2bdefd5751db4baa65cc,DAP,dap_external,,,,,,.,,,nan,,,,,unresolved,0.0,,,,1.0.0
948b30aceb7908950606cc64e5bd984b,948b30aceb7908950606cc64e5bd984b,6200ebaea47c210a90b4,DAP,dap_external,,,,,,.,,,nan,,,,,unresolved,0.0,,,,1.0.0
f32a1879ad1bdca7195cbfa296ba6bc9,f32a1879ad1bdca7195cbfa296ba6bc9,6200ebaea47c210a90b4,DAP,dap_external,,,,,,.,,,nan,,,,,unresolved,0.0,,,,1.0.0
7d3e67eb5f2edad225416129610f2c5a,7d3e67eb5f2edad225416129610f2c5a,df2f09412a724ada5a92,DAP,dap_external,,,,,,.,,,nan,,,,,unresolved,0.0,,,,1.0.0
75cae96b1438e12f163dc46c74e8df7f,75cae96b1438e12f163dc46c74e8df7f,743adca82c07a5c5b1b9,DAP,dap_external,,,,,,.,,,nan,,,,,unresolved,0.0,,,,1.0.0
860a268d7e4e531f7d171178d9b797a0,860a268d7e4e531f7d171178d9b797a0,0ff8837d0052f0314c12,DAP,dap_external,,,,,,.,,,nan,,,,,unresolved,0.0,,,,1.0.0
43ca4e28e720b15f40d0a573a75d72eb,43ca4e28e720b15f40d0a573a75d72eb,0ff8837d0052f0314c12,DAP,dap_external,,,,,,.,,,nan,,,,,unresolved,0.0,,,,1.0.0
ecb3c1afb6de4d281387aa3fdb0b57ff,ecb3c1afb6de4d281387aa3fdb0b57ff,96b739796711c55e7a27,DAP,dap_external,,,,,,.,,,nan,,,,,unresolved,0.0,,,,1.0.0
8380bb6277498e9c6ecb6020e57d76c3,8380bb6277498e9c6ecb6020e57d76c3,da9820971acd6c5b4c35,DAP,dap_external,,,,,,.,,,nan,,,,,unresolved,0.0,,,,1.0.0
0717527086d0c6fe886c9914a4f312e3,0717527086d0c6fe886c9914a4f312e3,da9820971acd6c5b4c35,DAP,dap_external,,,,,,.,,,nan,,,,,unresolved,0.0,,,,1.0.0
1142f462ac0cfd97353c675985a1fd30,1142f462ac0cfd97353c675985a1fd30,da9820971acd6c5b4c35,DAP,dap_external,,,,,,.,,,nan,,,,,unresolved,0.0,,,,1.0.0
aae7fae6ca1b9e89be49f7ac37295209,aae7fae6ca1b9e89be49f7ac37295209,5f1b41f9558424044d1a,DAP,dap_external,,,,,,.,,,nan,,,,,unresolved,0.0,,,,1.0.0
e766fd6f18662912eea879816c9a136c,e766fd6f18662912eea879816c9a136c,2099c0919672bfd4cf93,DAP,dap_external,,,,,,.,,,nan,,,,,unresolved,0.0,,,,1.0.0
74df2a23b7edcdbcfd4c4fa4821b0ad8,74df2a23b7edcdbcfd4c4fa4821b0ad8,7f5f35aaf7817158b908,DAP,dap_external,,,,,,.,,,nan,,,,,unresolved,0.0,,,,1.0.0
0f0dbb38a5425612ddf90ea6201ee1ed,0f0dbb38a5425612ddf90ea6201ee1ed,4627fe7872917c880b14,DAP,dap_external,,,,,,.,,,nan,,,,,unresolved,0.0,,,,1.0.0
2bd5a6dacd4a70525c524a4ff9df7f8f,2bd5a6dacd4a70525c524a4ff9df7f8f,bfa4b80ee2c94a09b92b,DAP,dap_external,,,,,,.,,,nan,,,,,unresolved,0.0,,,,1.0.0
aa1a0fdc0e906e34fc1a11ef5a77bbaf,aa1a0fdc0e906e34fc1a11ef5a77bbaf,bfa4b80ee2c94a09b92b,DAP,dap_external,,,,,,.,,,nan,,,,,unresolved,0.0,,,,1.0.0
8711b1dc3ade3867284ed66d57b7eee2,8711b1dc3ade3867284ed66d57b7eee2,6c89eaa4214856bcad5a,DAP,dap_external,,,,,,.,,,nan,,,,,unresolved,0.0,,,,1.0.0
55e611e778585bb964535ee906481bad,55e611e778585bb964535ee906481bad,2be8de62b134e195e5bf,DAP,dap_external,,,,,,.,,,nan,,,,,unresolved,0.0,,,,1.0.0
bddafb6f185f8cef91c193cbd09e0560,bddafb6f185f8cef91c193cbd09e0560,78b710db9a76521f662b,DAP,dap_external,,,,,,.,,,nan,,,,,unresolved,0.0,,,,1.0.0
a298d39d6f76e002dd8e4e1f3ddf1254,a298d39d6f76e002dd8e4e1f3ddf1254,78b710db9a76521f662b,DAP,dap_external,,,,,,.,,,nan,,,,,unresolved,0.0,,,,1.0.0
cd46713dd8788c76d57ed8ed415879fe,cd46713dd8788c76d57ed8ed415879fe,f1fe9abd9c5d28c5ce99,DAP,dap_external,,,,,,.,,,nan,,,,,unresolved,0.0,,,,1.0.0
512292e92f54a9a7b661e3ec67315972,512292e92f54a9a7b661e3ec67315972,54fb0c7a8eae89171af5,DAP,dap_external,,,,,,.,,,nan,,,,,unresolved,0.0,,,,1.0.0
a3343819f56337b08fe19bb86b3a4bbd,a3343819f56337b08fe19bb86b3a4bbd,524efd5a0714df88945e,DAP,dap_external,,,,,,.,,,nan,,,,,unresolved,0.0,,,,1.0.0
79c7c6144b2eebcd504f0afb1b6f08cb,79c7c6144b2eebcd504f0afb1b6f08cb,23091816f1890980161d,DAP,dap_external,,,,,,.,,,nan,,,,,unresolved,0.0,,,,1.0.0
99ab7cb2068c4de91c414a62d8ae7a58,99ab7cb2068c4de91c414a62d8ae7a58,23091816f1890980161d,DAP,dap_external,,,,,,.,,,nan,,,,,unresolved,0.0,,,,1.0.0
5ec273e4822d212d017e441e2d3acd5d,5ec273e4822d212d017e441e2d3acd5d,23091816f1890980161d,DAP,dap_external,,,,,,.,,,nan,,,,,unresolved,0.0,,,,1.0.0
6396146567ce15ec40d0797897fb9939,6396146567ce15ec40d0797897fb9939,79d0080984924859ff57,DAP,dap_external,,,,,,.,,,nan,,,,,unresolved,0.0,,,,1.0.0
8f76cde6cc0a9572bbafd3290a4b5477,8f76cde6cc0a9572bbafd3290a4b5477,270f7a293d49616026c0,DAP,dap_external,,,,,,.,,,nan,,,,,unresolved,0.0,,,,1.0.0
a95d1168b2950a2b5ba0a38f17c5eaf6,a95d1168b2950a2b5ba0a38f17c5eaf6,270f7a293d49616026c0,DAP,dap_external,,,,,,.,,,nan,,,,,unresolved,0.0,,,,1.0.0
846efdc9aa18152a0a9b355bfd50fb9a,846efdc9aa18152a0a9b355bfd50fb9a,0c62ec9639933a16599e,DAP,dap_external,,,,,,.,,,nan,,,,,unresolved,0.0,,,,1.0.0
7e74c68ac3e5d53286da5d8f2ff72723,7e74c68ac3e5d53286da5d8f2ff72723,14cc02b1435cf54001cc,DAP,dap_external,,,,,,.,,,nan,,,,,unresolved,0.0,,,,1.0.0
74d847691abdf8f40f02be3e107ae050,74d847691abdf8f40f02be3e107ae050,a6ee7ac8760e0d529531,DAP,dap_external,,,,,,.,,,nan,,,,,unresolved,0.0,,,,1.0.0
86edba134b5830e7e7ad6c9a158438e0,86edba134b5830e7e7ad6c9a158438e0,a6ee7ac8760e0d529531,DAP,dap_external,,,,,,.,,,nan,,,,,unresolved,0.0,,,,1.0.0
d8137e3fbdda10f4fac8564d12e1ad4c,d8137e3fbdda10f4fac8564d12e1ad4c,f0d72c48b14d0c0076d6,DAP,dap_external,,,,,,.,,,nan,,,,,unresolved,0.0,,,,1.0.0
8dc0ca490a52fa339682261941d824ac,8dc0ca490a52fa339682261941d824ac,8cedf02feb187d2a9dd9,DAP,dap_external,,,,,,.,,,nan,,,,,unresolved,0.0,,,,1.0.0
2e27b20a3e0b996fbf98d40107ec6724,2e27b20a3e0b996fbf98d40107ec6724,8cedf02feb187d2a9dd9,DAP,dap_external,,,,,,.,,,nan,,,,,unresolved,0.0,,,,1.0.0
82387f036e8001f908acfdd9682bd8ed,82387f036e8001f908acfdd9682bd8ed,8cedf02feb187d2a9dd9,DAP,dap_external,,,,,,.,,,nan,,,,,unresolved,0.0,,,,1.0.0
8494666c78884be040dbe45e935c232a,8494666c78884be040dbe45e935c232a,373163d80053a719129c,DAP,dap_external,,,,,,.,,,nan,,,,,unresolved,0.0,,,,1.0.0
2f6b64d831ed4d42b80b77d5ac906e42,2f6b64d831ed4d42b80b77d5ac906e42,258d93c8a45373b92c39,DAP,dap_external,,,,,,.,,,nan,,,,,unresolved,0.0,,,,1.0.0
9b6ffb6933ad0fa15f098c8fda8eb3e9,9b6ffb6933ad0fa15f098c8fda8eb3e9,258d93c8a45373b92c39,DAP,dap_external,,,,,,.,,,nan,,,,,unresolved,0.0,,,,1.0.0
68a3b96705917a050006b5b21d16d32e,68a3b96705917a050006b5b21d16d32e,721c3064ee371e953414,DAP,dap_external,,,,,,.,,,nan,,,,,unresolved,0.0,,,,1.0.0
9ceb41f9e3295da6533e32d22ad747f8,9ceb41f9e3295da6533e32d22ad747f8,721c3064ee371e953414,DAP,dap_external,,,,,,.,,,nan,,,,,unresolved,0.0,,,,1.0.0
eec7479933b1cfae255b82b14baaa718,eec7479933b1cfae255b82b14baaa718,1d09561c8ef5c1a752bf,DAP,dap_external,,,,,,.,,,nan,,,,,unresolved,0.0,,,,1.0.0
9fa9254258dfb929f603576c86ef460b,9fa9254258dfb929f603576c86ef460b,1d09561c8ef5c1a752bf,DAP,dap_external,,,,,,.,,,nan,,,,,unresolved,0.0,,,,1.0.0
cdb218ca5de1a410d602b80ae5ac987f,cdb218ca5de1a410d602b80ae5ac987f,692882c397926620ed00,DAP,dap_external,,,,,,.,,,nan,,,,,unresolved,0.0,,,,1.0.0
378dc545347c5df147a67671bc789aca,378dc545347c5df147a67671bc789aca,2ef92fe0136119d38a30,DAP,dap_external,,,,,,.,,,nan,,,,,unresolved,0.0,,,,1.0.0
33c6f9deda41a5d6eadf7901722be0c9,33c6f9deda41a5d6eadf7901722be0c9,7b262f72aaadd58b5ef0,DAP,dap_external,,,,,,.,,,nan,,,,,unresolved,0.0,,,,1.0.0
b351aca4f6e18712de44396b3b60608b,b351aca4f6e18712de44396b3b60608b,7b262f72aaadd58b5ef0,DAP,dap_external,,,,,,.,,,nan,,,,,unresolved,0.0,,,,1.0.0
c5aae3a217477207cfc34d51ad0641ac,c5aae3a217477207cfc34d51ad0641ac,3d4d1c999649fe4503ab,DAP,dap_external,,,,,,.,,,nan,,,,,unresolved,0.0,,,,1.0.0
e766d8ba0d6442763798e33383451186,e766d8ba0d6442763798e33383451186,5a0d7252cd18f1849854,DAP,dap_external,,,,,,.,,,nan,,,,,unresolved,0.0,,,,1.0.0
8938ac8adc6ea1896edf8ddee676b3c0,8938ac8adc6ea1896edf8ddee676b3c0,5a0d7252cd18f1849854,DAP,dap_external,,,,,,.,,,nan,,,,,unresolved,0.0,,,,1.0.0
aa7177951c20b38010fd19450504c950,aa7177951c20b38010fd19450504c950,5a0d7252cd18f1849854,DAP,dap_external,,,,,,.,,,nan,,,,,unresolved,0.0,,,,1.0.0
de9c76526450790d39651bc354308724,de9c76526450790d39651bc354308724,012347b6f0fdd20d7ad1,DAP,dap_external,,,,,,.,,,nan,,,,,unresolved,0.0,,,,1.0.0
179b3b81899185a6eaa2f6f6c43efa39,179b3b81899185a6eaa2f6f6c43efa39,01a77640f99f7fc4a58c,DAP,dap_external,,,,,,.,,,nan,,,,,unresolved,0.0,,,,1.0.0
58bc69297fea52746b61c80004f5c335,58bc69297fea52746b61c80004f5c335,c4702a1c32e86e22a08b,DAP,dap_external,,,,,,.,,,nan,,,,,unresolved,0.0,,,,1.0.0
7acb42df0faf416c3647af94b867338f,7acb42df0faf416c3647af94b867338f,c4702a1c32e86e22a08b,DAP,dap_external,,,,,,.,,,nan,,,,,unresolved,0.0,,,,1.0.0
03d718df084b1e3faebdbe2c26a0527d,03d718df084b1e3faebdbe2c26a0527d,376b96d8bc759c4a7034,DAP,dap_external,,,,,,.,,,nan,,,,,unresolved,0.0,,,,1.0.0
b992594e4a6f42c4c4164fd4e61a3d59,b992594e4a6f42c4c4164fd4e61a3d59,a4d13625bdc651aa63bc,DAP,dap_external,,,,,,.,,,nan,,,,,unresolved,0.0,,,,1.0.0
06f5983afc4d0f575ac70890ff974853,06f5983afc4d0f575ac70890ff974853,a4d13625bdc651aa63bc,DAP,dap_external,,,,,,.,,,nan,,,,,unresolved,0.0,,,,1.0.0
34abd14341e4d0e7a5f7a866b5119dc4,34abd14341e4d0e7a5f7a866b5119dc4,98a528fb95aba78724b6,DAP,dap_external,,,,,,.,,,nan,,,,,unresolved,0.0,,,,1.0.0
c4ad3e4f3f6bb9aa2602da9582b71552,c4ad3e4f3f6bb9aa2602da9582b71552,2951cdca7624d993aa7d,DAP,dap_external,,,,,,.,,,nan,,,,,unresolved,0.0,,,,1.0.0
0e07be9cf2a47d37a73f5e14cfef2e8e,0e07be9cf2a47d37a73f5e14cfef2e8e,8b2d39817e6dd4649a81,DAP,dap_external,,,,,,.,,,nan,,,,,unresolved,0.0,,,,1.0.0
dc086ae03ebeb3cdfd004ee9df4875aa,dc086ae03ebeb3cdfd004ee9df4875aa,5ceb97214466039f192b,DAP,dap_external,,,,,,.,,,nan,,,,,unresolved,0.0,,,,1.0.0
f93393fa43e7373d533b9aad68dd6fbd,f93393fa43e7373d533b9aad68dd6fbd,5ceb97214466039f192b,DAP,dap_external,,,,,,.,,,nan,,,,,unresolved,0.0,,,,1.0.0
f05e521fe8be3d4012fbb7920b630e3f,f05e521fe8be3d4012fbb7920b630e3f,13dcf6f2ea2206b2005d,DAP,dap_external,,,,,,.,,,nan,,,,,unresolved,0.0,,,,1.0.0
b8db44673bc73b86d2dcd46a62800dd3,b8db44673bc73b86d2dcd46a62800dd3,4a128e7e99f22b4e50bd,DAP,dap_external,,,,,,.,,,nan,,,,,unresolved,0.0,,,,1.0.0
021395931dce64309da6d882fc5408bb,021395931dce64309da6d882fc5408bb,4a128e7e99f22b4e50bd,DAP,dap_external,,,,,,.,,,nan,,,,,unresolved,0.0,,,,1.0.0
a8e6703d5f6d6a02d135f18a16aa337d,a8e6703d5f6d6a02d135f18a16aa337d,4a128e7e99f22b4e50bd,DAP,dap_external,,,,,,.,,,nan,,,,,unresolved,0.0,,,,1.0.0
ff46dac4036c3c669c3463102aafca64,ff46dac4036c3c669c3463102aafca64,1adfa03ac2379dfa9b05,DAP,dap_external,,,,,,.,,,nan,,,,,unresolved,0.0,,,,1.0.0
47c9863c6c9ee974b8c8fa9c92645f53,47c9863c6c9ee974b8c8fa9c92645f53,1adfa03ac2379dfa9b05,DAP,dap_external,,,,,,.,,,nan,,,,,unresolved,0.0,,,,1.0.0
c9970ffba21fa0e6ec9aa1acaea40d58,c9970ffba21fa0e6ec9aa1acaea40d58,4b61dc170370339dd2a6,DAP,dap_external,,,,,,.,,,nan,,,,,unresolved,0.0,,,,1.0.0
90e9fca52e46ac9bb7fa591ae3a689aa,90e9fca52e46ac9bb7fa591ae3a689aa,8f18168541075e7e7c74,DAP,dap_external,,,,,,.,,,nan,,,,,unresolved,0.0,,,,1.0.0
d2af0400844dcf663ad055ef1247d90e,d2af0400844dcf663ad055ef1247d90e,2f9ce80873376a5effbe,DAP,dap_external,,,,,,.,,,nan,,,,,unresolved,0.0,,,,1.0.0
93f136e5e583b9082835668ba4b40895,93f136e5e583b9082835668ba4b40895,59a997e387a8691714b3,DAP,dap_external,,,,,,.,,,nan,,,,,unresolved,0.0,,,,1.0.0
4e80eae8ee78ae58bec776ed80accf39,4e80eae8ee78ae58bec776ed80accf39,59a997e387a8691714b3,DAP,dap_external,,,,,,.,,,nan,,,,,unresolved,0.0,,,,1.0.0
ead896d8ca19c01278cbef3ab25d6d05,ead896d8ca19c01278cbef3ab25d6d05,59a997e387a8691714b3,DAP,dap_external,,,,,,.,,,nan,,,,,unresolved,0.0,,,,1.0.0
7277ff99ac52bff970fa87184e500f61,7277ff99ac52bff970fa87184e500f61,09f72f3a17bf20edc250,DAP,dap_external,,,,,,.,,,nan,,,,,unresolved,0.0,,,,1.0.0
da2dfa4ec8f52924c0d0f97e63a53e6b,da2dfa4ec8f52924c0d0f97e63a53e6b,19eb1725095f7a97af95,DAP,dap_external,,,,,,.,,,nan,,,,,unresolved,0.0,,,,1.0.0
a6cbd3f85720ebf4d70e9bbec9b0e5b2,a6cbd3f85720ebf4d70e9bbec9b0e5b2,19eb1725095f7a97af95,DAP,dap_external,,,,,,.,,,nan,,,,,unresolved,0.0,,,,1.0.0
09d821852fc0db5d3678811cccd3a358,09d821852fc0db5d3678811cccd3a358,28d13add52c450647176,DAP,dap_external,,,,,,.,,,nan,,,,,unresolved,0.0,,,,1.0.0
c672dde9b64cd24087d01f1d44623bf6,c672dde9b64cd24087d01f1d44623bf6,562e2168bc1c5110936c,DAP,dap_external,,,,,,.,,,nan,,,,,unresolved,0.0,,,,1.0.0
a89432154bcc632ff01f2acdb8839b24,a89432154bcc632ff01f2acdb8839b24,72cd9ffc1574b9a22d0f,DAP,dap_external,,,,,,.,,,nan,,,,,unresolved,0.0,,,,1.0.0
6ee7fc2dd6bf718803e2b766b4ae8973,6ee7fc2dd6bf718803e2b766b4ae8973,0415e97ff31e715271e2,DAP,dap_external,,,,,,.,,,nan,,,,,unresolved,0.0,,,,1.0.0
60ce37c744b0e02b1da9031895946851,60ce37c744b0e02b1da9031895946851,0415e97ff31e715271e2,DAP,dap_external,,,,,,.,,,nan,,,,,unresolved,0.0,,,,1.0.0
ac8f39fdb01b1d02045ce53310aaf378,ac8f39fdb01b1d02045ce53310aaf378,0415e97ff31e715271e2,DAP,dap_external,,,,,,.,,,nan,,,,,unresolved,0.0,,,,1.0.0
9eb00df8d415ff0a6f8e13899cc779fe,9eb00df8d415ff0a6f8e13899cc779fe,4f1b1f488fa327c2daec,DAP,dap_external,,,,,,.,,,nan,,,,,unresolved,0.0,,,,1.0.0
747f7df255beff31510eb06192dcf7dd,747f7df255beff31510eb06192dcf7dd,b68743184ff06b2f078a,DAP,dap_external,,,,,,.,,,nan,,,,,unresolved,0.0,,,,1.0.0
7cbb245ee1729f33b081ce0463d688c6,7cbb245ee1729f33b081ce0463d688c6,b68743184ff06b2f078a,DAP,dap_external,,,,,,.,,,nan,,,,,unresolved,0.0,,,,1.0.0
d97dfa213688103d60bb27d6243d20f3,d97dfa213688103d60bb27d6243d20f3,b68743184ff06b2f078a,DAP,dap_external,,,,,,.,,,nan,,,,,unresolved,0.0,,,,1.0.0
6ba9240ebfe2d7052a6aabe32446ba3e,6ba9240ebfe2d7052a6aabe32446ba3e,9db4190a942409714d97,DAP,dap_external,,,,,,.,,,nan,,,,,unresolved,0.0,,,,1.0.0
f485cd909171d7ef051a8546eb1ff848,f485cd909171d7ef051a8546eb1ff848,60861b560b84a21691dc,DAP,dap_external,,,,,,.,,,nan,,,,,unresolved,0.0,,,,1.0.0
6f94b1a4eaf9a007c2efcf52961040b5,6f94b1a4eaf9a007c2efcf52961040b5,60861b560b84a21691dc,DAP,dap_external,,,,,,.,,,nan,,,,,unresolved,0.0,,,,1.0.0
69ffe1977eb4359e5bb6f72a2cde4a1f,69ffe1977eb4359e5bb6f72a2cde4a1f,c6cb3aeb9c81bfa31472,DAP,dap_external,,,,,,.,,,nan,,,,,unresolved,0.0,,,,1.0.0
33671506a82b8aa430875803690187d0,33671506a82b8aa430875803690187d0,0ef1ac424da143c2c2a9,DAP,dap_external,,,,,,.,,,nan,,,,,unresolved,0.0,,,,1.0.0
d27fc2ff4af0887f232a7c746ed6ed24,d27fc2ff4af0887f232a7c746ed6ed24,a90736c414134b0cf9a3,DAP,dap_external,,,,,,.,,,nan,,,,,unresolved,0.0,,,,1.0.0
566c6236573c64fb57ec73bcb97d2ab3,566c6236573c64fb57ec73bcb97d2ab3,a90736c414134b0cf9a3,DAP,dap_external,,,,,,.,,,nan,,,,,unresolved,0.0,,,,1.0.0
b77f2e371a78ce54938cb5452f089a49,b77f2e371a78ce54938cb5452f089a49,fd2255cdd447d3b9bf35,DAP,dap_external,,,,,,.,,,nan,,,,,unresolved,0.0,,,,1.0.0
aba5a7191401372c8c0c39c6962888e9,aba5a7191401372c8c0c39c6962888e9,baaeffc969d25edcecbe,DAP,dap_external,,,,,,.,,,nan,,,,,unresolved,0.0,,,,1.0.0
90ca8b26fb0adb3614fbeb51aa68bcaa,90ca8b26fb0adb3614fbeb51aa68bcaa,baaeffc969d25edcecbe,DAP,dap_external,,,,,,.,,,nan,,,,,unresolved,0.0,,,,1.0.0
bb997a518717b7380089cbda6751bac3,bb997a518717b7380089cbda6751bac3,8342806392a1c9508a35,DAP,dap_external,,,,,,.,,,nan,,,,,unresolved,0.0,,,,1.0.0
b8f837e6856922d7fa48e918a79bfeb5,b8f837e6856922d7fa48e918a79bfeb5,8342806392a1c9508a35,DAP,dap_external,,,,,,.,,,nan,,,,,unresolved,0.0,,,,1.0.0
719053fea0e6884447e48968fd824d60,719053fea0e6884447e48968fd824d60,50cf4ded67bbb032ca79,DAP,dap_external,,,,,,.,,,nan,,,,,unresolved,0.0,,,,1.0.0
cc9a9b6bc85f5b7d6437bbeaaece961c,cc9a9b6bc85f5b7d6437bbeaaece961c,50cf4ded67bbb032ca79,DAP,dap_external,,,,,,.,,,nan,,,,,unresolved,0.0,,,,1.0.0
7a3d7bb08ab5b06065ceecc1b96e3228,7a3d7bb08ab5b06065ceecc1b96e3228,a906af98dcb542995443,DAP,dap_external,,,,,,.,,,nan,,,,,unresolved,0.0,,,,1.0.0
78ac01770badb913fb3cc41b251d78a9,78ac01770badb913fb3cc41b251d78a9,a906af98dcb542995443,DAP,dap_external,,,,,,.,,,nan,,,,,unresolved,0.0,,,,1.0.0
516262a9b141bffe57696f71b126c4ae,516262a9b141bffe57696f71b126c4ae,c6003855ff793ff9e4fc,DAP,dap_external,,,,,,.,,,nan,,,,,unresolved,0.0,,,,1.0.0
828b55e9c6a1a8964fa1898a7f64fc04,828b55e9c6a1a8964fa1898a7f64fc04,f5ef0e4763994c0a3cbc,DAP,dap_external,,,,,,.,,,nan,,,,,unresolved,0.0,,,,1.0.0
fc1d31967807efb527b099036f60934f,fc1d31967807efb527b099036f60934f,f5ef0e4763994c0a3cbc,DAP,dap_external,,,,,,.,,,nan,,,,,unresolved,0.0,,,,1.0.0
d00984bcd3f1104aceb66ecfd0698a36,d00984bcd3f1104aceb66ecfd0698a36,f060f4141905f7d9d2d3,DAP,dap_external,,,,,,.,,,nan,,,,,unresolved,0.0,,,,1.0.0
bd87425200b6dc065037e1ea6676f876,bd87425200b6dc065037e1ea6676f876,f060f4141905f7d9d2d3,DAP,dap_external,,,,,,.,,,nan,,,,,unresolved,0.0,,,,1.0.0
789d76ac33c4101c8f97c8e37e79100d,789d76ac33c4101c8f97c8e37e79100d,9d69cd43d42256264c7b,DAP,dap_external,,,,,,.,,,nan,,,,,unresolved,0.0,,,,1.0.0
412b2c880ad32d4d994a8b9e42d32547,412b2c880ad32d4d994a8b9e42d32547,9d69cd43d42256264c7b,DAP,dap_external,,,,,,.,,,nan,,,,,unresolved,0.0,,,,1.0.0
9b1d7acdc870f82aa5b431130bfacc93,9b1d7acdc870f82aa5b431130bfacc93,9d69cd43d42256264c7b,DAP,dap_external,,,,,,.,,,nan,,,,,unresolved,0.0,,,,1.0.0
1386e8a5957607b54e1631a0eb9ad60e,1386e8a5957607b54e1631a0eb9ad60e,66bf2778ddedcb1cb0d5,DAP,dap_external,,,,,,.,,,nan,,,,,unresolved,0.0,,,,1.0.0
1356e8be701bcd7f338ce39e74229c30,1356e8be701bcd7f338ce39e74229c30,5ac6ac16eb0871634ca7,DAP,dap_external,,,,,,.,,,nan,,,,,unresolved,0.0,,,,1.0.0
7bd5db9bc9c7d33fab50d07301714a0a,7bd5db9bc9c7d33fab50d07301714a0a,5ac6ac16eb0871634ca7,DAP,dap_external,,,,,,.,,,nan,,,,,unresolved,0.0,,,,1.0.0
d3b899bf21d56e68126623dbaf12c039,d3b899bf21d56e68126623dbaf12c039,80fd7bc2cb576b0e1fde,DAP,dap_external,,,,,,.,,,nan,,,,,unresolved,0.0,,,,1.0.0
9fc4c9cb0e2c7c154aebc97ae03997d3,9fc4c9cb0e2c7c154aebc97ae03997d3,80fd7bc2cb576b0e1fde,DAP,dap_external,,,,,,.,,,nan,,,,,unresolved,0.0,,,,1.0.0
11a04c083a7e62b8d4446b9027c391b7,11a04c083a7e62b8d4446b9027c391b7,41fab06a7b62b23e78c5,DAP,dap_external,,,,,,.,,,nan,,,,,unresolved,0.0,,,,1.0.0
5f3fbfd5a4d1206d2ac2d7ae7475610f,5f3fbfd5a4d1206d2ac2d7ae7475610f,aab83bccf775dd2a6943,DAP,dap_external,,,,,,.,,,nan,,,,,unresolved,0.0,,,,1.0.0
ed41f215cd22d93d6c9e273c520a513b,ed41f215cd22d93d6c9e273c520a513b,86093b4f97bca4e53554,DAP,dap_external,,,,,,.,,,nan,,,,,unresolved,0.0,,,,1.0.0
4c73db74bdeb3e27e3bc3be651894297,4c73db74bdeb3e27e3bc3be651894297,86093b4f97bca4e53554,DAP,dap_external,,,,,,.,,,nan,,,,,unresolved,0.0,,,,1.0.0
b7c0fffadef3d544f07d5c36253265ec,b7c0fffadef3d544f07d5c36253265ec,0256b650564d315d743c,DAP,dap_external,,,,,,.,,,nan,,,,,unresolved,0.0,,,,1.0.0
0a758d8059f732d33a7e07353259d7e1,0a758d8059f732d33a7e07353259d7e1,278003cf1bfa083ead3d,DAP,dap_external,,,,,,.,,,nan,,,,,unresolved,0.0,,,,1.0.0
06c473030a70b9684a35f7b75c1966b1,06c473030a70b9684a35f7b75c1966b1,d7ad74da7df2f9e10457,DAP,dap_external,,,,,,.,,,nan,,,,,unresolved,0.0,,,,1.0.0
e1c6f68521ba6ba4211bbbad8e3a73c0,e1c6f68521ba6ba4211bbbad8e3a73c0,d98d4fe2f8d563a61b5e,DAP,dap_external,,,,,,.,,,nan,,,,,unresolved,0.0,,,,1.0.0
51238a1f1127269823cc268dc52a3370,51238a1f1127269823cc268dc52a3370,772a2d2210a7f8260d0c,DAP,dap_external,,,,,,.,,,nan,,,,,unresolved,0.0,,,,1.0.0
f361d2fd364dfab2f3a0ba8912da11dc,f361d2fd364dfab2f3a0ba8912da11dc,772a2d2210a7f8260d0c,DAP,dap_external,,,,,,.,,,nan,,,,,unresolved,0.0,,,,1.0.0
927c0fe285c2ab15136a14e11348bb75,927c0fe285c2ab15136a14e11348bb75,772a2d2210a7f8260d0c,DAP,dap_external,,,,,,.,,,nan,,,,,unresolved,0.0,,,,1.0.0
e821a131c4f2ceb2b078c8ac42f7aec1,e821a131c4f2ceb2b078c8ac42f7aec1,b7cb53341ca2052bb749,DAP,dap_external,,,,,,.,,,nan,,,,,unresolved,0.0,,,,1.0.0
5eaac1113364d1b4a2d6dc19591c0d97,5eaac1113364d1b4a2d6dc19591c0d97,84a6e00f5358428bbb4f,DAP,dap_external,,,,,,.,,,nan,,,,,unresolved,0.0,,,,1.0.0
cf9aa6bab8d395500fc2c0a2e1fac20b,cf9aa6bab8d395500fc2c0a2e1fac20b,a64e9a6a437f695b1152,DAP,dap_external,,,,,,.,,,nan,,,,,unresolved,0.0,,,,1.0.0
a82af187904a6da6de81d3a0dcdf61fb,a82af187904a6da6de81d3a0dcdf61fb,98e329262c86cc572fff,DAP,dap_external,,,,,,.,,,nan,,,,,unresolved,0.0,,,,1.0.0
b747b9fe788ccfaebd4869cb8bf5ea5a,b747b9fe788ccfaebd4869cb8bf5ea5a,98e329262c86cc572fff,DAP,dap_external,,,,,,.,,,nan,,,,,unresolved,0.0,,,,1.0.0
dfada01ab1f675eb094d3b9c2432fc31,dfada01ab1f675eb094d3b9c2432fc31,15535e02991fca559d46,DAP,dap_external,,,,,,.,,,nan,,,,,unresolved,0.0,,,,1.0.0
5beefe85137f6577450e699bf47c9d39,5beefe85137f6577450e699bf47c9d39,c23f1727db7d3ee5d208,DAP,dap_external,,,,,,.,,,nan,,,,,unresolved,0.0,,,,1.0.0
3e7ab152d702833b67c33e2d6eeb0988,3e7ab152d702833b67c33e2d6eeb0988,1a59e5fc1ab8093a13f5,DAP,dap_external,,,,,,.,,,nan,,,,,unresolved,0.0,,,,1.0.0
bd1dcc72e8a4b535ce997d82309b2fa4,bd1dcc72e8a4b535ce997d82309b2fa4,1a59e5fc1ab8093a13f5,DAP,dap_external,,,,,,.,,,nan,,,,,unresolved,0.0,,,,1.0.0
d79538d0809c065407254c97bd7ab1a7,d79538d0809c065407254c97bd7ab1a7,66995a01a65ea88fca83,DAP,dap_external,,,,,,.,,,nan,,,,,unresolved,0.0,,,,1.0.0
8d481b97a6ff2fd3050f0d7315929c39,8d481b97a6ff2fd3050f0d7315929c39,81b2bd47efd778a1af84,DAP,dap_external,,,,,,.,,,nan,,,,,unresolved,0.0,,,,1.0.0
1af072b2c1118f2358cffcb2f19fd02d,1af072b2c1118f2358cffcb2f19fd02d,81b2bd47efd778a1af84,DAP,dap_external,,,,,,.,,,nan,,,,,unresolved,0.0,,,,1.0.0
67110a9d5e328c546960f1afd909c997,67110a9d5e328c546960f1afd909c997,2f4fd31d0f331292241c,DAP,dap_external,,,,,,.,,,nan,,,,,unresolved,0.0,,,,1.0.0
8b0be99b54ca039bacf137426432ce4e,8b0be99b54ca039bacf137426432ce4e,24eda0083eb544306a93,DAP,dap_external,,,,,,.,,,nan,,,,,unresolved,0.0,,,,1.0.0
ee4af523e64907e9cc2ba78598b7201c,ee4af523e64907e9cc2ba78598b7201c,24eda0083eb544306a93,DAP,dap_external,,,,,,.,,,nan,,,,,unresolved,0.0,,,,1.0.0
5d4abaf010514a46aa313b8bbe7e2cb6,5d4abaf010514a46aa313b8bbe7e2cb6,ef077f59bc454050ffba,DAP,dap_external,,,,,,.,,,nan,,,,,unresolved,0.0,,,,1.0.0
08784e26eb3f7c47d49e5a2507f9efd6,08784e26eb3f7c47d49e5a2507f9efd6,ffae95cc6897d365e4d3,DAP,dap_external,,,,,,.,,,nan,,,,,unresolved,0.0,,,,1.0.0
104b6b1770d3dfdd26e0324cf57567e0,104b6b1770d3dfdd26e0324cf57567e0,ba32a270817a20b948e5,DAP,dap_external,,,,,,.,,,nan,,,,,unresolved,0.0,,,,1.0.0
4aa7561a58263d00bca9d51a93dcadf1,4aa7561a58263d00bca9d51a93dcadf1,ba32a270817a20b948e5,DAP,dap_external,,,,,,.,,,nan,,,,,unresolved,0.0,,,,1.0.0
f7d4add123450097d70ca6e6a48e46fc,f7d4add123450097d70ca6e6a48e46fc,ba32a270817a20b948e5,DAP,dap_external,,,,,,.,,,nan,,,,,unresolved,0.0,,,,1.0.0
4fa1a373ebefa16ad93cd72b47b87159,4fa1a373ebefa16ad93cd72b47b87159,5b61537d48acc48f7414,DAP,dap_external,,,,,,.,,,nan,,,,,unresolved,0.0,,,,1.0.0
35c3b586c068978b95918de7fe0ca691,35c3b586c068978b95918de7fe0ca691,5b61537d48acc48f7414,DAP,dap_external,,,,,,.,,,nan,,,,,unresolved,0.0,,,,1.0.0
a3a29c359f79ee1d7f36bb4a72317815,a3a29c359f79ee1d7f36bb4a72317815,9bf13f190c6678273a31,DAP,dap_external,,,,,,.,,,nan,,,,,unresolved,0.0,,,,1.0.0
2d03c048dfdbe976a1199acd8da0a3cd,2d03c048dfdbe976a1199acd8da0a3cd,0fc9e572aaed21abb4f0,DAP,dap_external,,,,,,.,,,nan,,,,,unresolved,0.0,,,,1.0.0
fa1b17e43426f0231d129997c7a2ab42,fa1b17e43426f0231d129997c7a2ab42,0fc9e572aaed21abb4f0,DAP,dap_external,,,,,,.,,,nan,,,,,unresolved,0.0,,,,1.0.0
a3f0c1e5e10b27e40f8600beeec66d7b,a3f0c1e5e10b27e40f8600beeec66d7b,866104d79c716ccda351,DAP,dap_external,,,,,,.,,,nan,,,,,unresolved,0.0,,,,1.0.0
43889d531a9dea4de0f12a239dd13880,43889d531a9dea4de0f12a239dd13880,7bd908a50bc3c4486fc1,DAP,dap_external,,,,,,.,,,nan,,,,,unresolved,0.0,,,,1.0.0
7b65759b0191aa28d93ef2a01046b8b2,7b65759b0191aa28d93ef2a01046b8b2,7bd908a50bc3c4486fc1,DAP,dap_external,,,,,,.,,,nan,,,,,unresolved,0.0,,,,1.0.0
290e97220b766631d57b1fcef9622c25,290e97220b766631d57b1fcef9622c25,95ffd12e9a1bc2887b65,DAP,dap_external,,,,,,.,,,nan,,,,,unresolved,0.0,,,,1.0.0
be5dcdc8d7d66296c1183b1c770ba13a,be5dcdc8d7d66296c1183b1c770ba13a,95ffd12e9a1bc2887b65,DAP,dap_external,,,,,,.,,,nan,,,,,unresolved,0.0,,,,1.0.0
49851e5a3e4f4749f27ab0d9592f5a84,49851e5a3e4f4749f27ab0d9592f5a84,590efabe7eb68c52cb9d,DAP,dap_external,,,,,,.,,,nan,,,,,unresolved,0.0,,,,1.0.0
fec718e2b34901eb31ebeef43e6f8c44,fec718e2b34901eb31ebeef43e6f8c44,590efabe7eb68c52cb9d,DAP,dap_external,,,,,,.,,,nan,,,,,unresolved,0.0,,,,1.0.0
08533ead0ea781b83ebae0ffa3946a90,08533ead0ea781b83ebae0ffa3946a90,fc4c0fa37895c0c65476,DAP,dap_external,,,,,,.,,,nan,,,,,unresolved,0.0,,,,1.0.0
3cec57e6e8fdbbccdff0e1c9c14daf9c,3cec57e6e8fdbbccdff0e1c9c14daf9c,d26f01ee89c05023976a,DAP,dap_external,,,,,,.,,,nan,,,,,unresolved,0.0,,,,1.0.0
47bf90fa1a3b686863d1a5ccc65b50ae,47bf90fa1a3b686863d1a5ccc65b50ae,c1835a2a423569e301b1,DAP,dap_external,,,,,,.,,,nan,,,,,unresolved,0.0,,,,1.0.0
ca1244c3806d77c89680f9bb138a7fc5,ca1244c3806d77c89680f9bb138a7fc5,c1835a2a423569e301b1,DAP,dap_external,,,,,,.,,,nan,,,,,unresolved,0.0,,,,1.0.0
f27740f270193d3d88d26e2c08fb9298,f27740f270193d3d88d26e2c08fb9298,91c4fc005a096123599c,DAP,dap_external,,,,,,.,,,nan,,,,,unresolved,0.0,,,,1.0.0
e2f312e3fb1ec3340abcf579158031f3,e2f312e3fb1ec3340abcf579158031f3,e47621f1ea9d056e0c04,DAP,dap_external,,,,,,.,,,nan,,,,,unresolved,0.0,,,,1.0.0
d70b92328016679fd9497bd85abc57aa,d70b92328016679fd9497bd85abc57aa,c3ba586ffb83d079a74f,DAP,dap_external,,,,,,.,,,nan,,,,,unresolved,0.0,,,,1.0.0
860a2d2509bc51e9bfc961e1e9cda73d,860a2d2509bc51e9bfc961e1e9cda73d,c3ba586ffb83d079a74f,DAP,dap_external,,,,,,.,,,nan,,,,,unresolved,0.0,,,,1.0.0
c74529f22999c10882706007e62e255d,c74529f22999c10882706007e62e255d,c3ba586ffb83d079a74f,DAP,dap_external,,,,,,.,,,nan,,,,,unresolved,0.0,,,,1.0.0
0c0e3242368b8d042f2a17811765655a,0c0e3242368b8d042f2a17811765655a,585f8405a448026ca17e,DAP,dap_external,,,,,,.,,,nan,,,,,unresolved,0.0,,,,1.0.0
2b1075ecf86c8b0f67b0378f682f450c,2b1075ecf86c8b0f67b0378f682f450c,585f8405a448026ca17e,DAP,dap_external,,,,,,.,,,nan,,,,,unresolved,0.0,,,,1.0.0
4d69d30fb1ecfb2e6ed17e910f71bd70,4d69d30fb1ecfb2e6ed17e910f71bd70,4916dddb0311180e6ed4,DAP,dap_external,,,,,,.,,,nan,,,,,unresolved,0.0,,,,1.0.0
96445cd3686aac4279cde336e1e6691b,96445cd3686aac4279cde336e1e6691b,4d0ad30d7f5ba814dd16,DAP,dap_external,,,,,,.,,,nan,,,,,unresolved,0.0,,,,1.0.0
2e4971082b1cbc7eca4489f7805c6abc,2e4971082b1cbc7eca4489f7805c6abc,3301ab91debac681ba74,DAP,dap_external,,,,,,.,,,nan,,,,,unresolved,0.0,,,,1.0.0
6038fcf8276ed1f926ca7cdefdf2470c,6038fcf8276ed1f926ca7cdefdf2470c,fd6d1ad8e23a77affc6b,DAP,dap_external,,,,,,.,,,nan,,,,,unresolved,0.0,,,,1.0.0
c3511c5a5a9c7a37dd4e46fa06805781,c3511c5a5a9c7a37dd4e46fa06805781,fd6d1ad8e23a77affc6b,DAP,dap_external,,,,,,.,,,nan,,,,,unresolved,0.0,,,,1.0.0
006cbb80925c282c72b44011247f583b,006cbb80925c282c72b44011247f583b,6e63122bf5410bf828b2,DAP,dap_external,,,,,,.,,,nan,,,,,unresolved,0.0,,,,1.0.0
0033f6ea16968d8e0b5133dd8b7498be,0033f6ea16968d8e0b5133dd8b7498be,86e94a0dc825e11f077b,DAP,dap_external,,,,,,.,,,nan,,,,,unresolved,0.0,,,,1.0.0
2dd292ecd3f1a9415c48e9b5de5e3f56,2dd292ecd3f1a9415c48e9b5de5e3f56,86e94a0dc825e11f077b,DAP,dap_external,,,,,,.,,,nan,,,,,unresolved,0.0,,,,1.0.0
f359ee5aa117f041fa2214a2324e5eb6,f359ee5aa117f041fa2214a2324e5eb6,4175fc3d1bf1284a7c94,DAP,dap_external,,,,,,.,,,nan,,,,,unresolved,0.0,,,,1.0.0
30f6909e754b78c49c8d5509bb84b58b,30f6909e754b78c49c8d5509bb84b58b,4175fc3d1bf1284a7c94,DAP,dap_external,,,,,,.,,,nan,,,,,unresolved,0.0,,,,1.0.0
6dafc7c78772d411ca4aa82a1620a2db,6dafc7c78772d411ca4aa82a1620a2db,4175fc3d1bf1284a7c94,DAP,dap_external,,,,,,.,,,nan,,,,,unresolved,0.0,,,,1.0.0
b486d631eb27b8b6fc9cfe436f403342,b486d631eb27b8b6fc9cfe436f403342,5d98bd0c3e9c87b522e7,DAP,dap_external,,,,,,.,,,nan,,,,,unresolved,0.0,,,,1.0.0
1e0026bc27f6c9da7379cb11cda2de80,1e0026bc27f6c9da7379cb11cda2de80,5d98bd0c3e9c87b522e7,DAP,dap_external,,,,,,.,,,nan,,,,,unresolved,0.0,,,,1.0.0
b0056808dff3b57451137fd4dd07cb7c,b0056808dff3b57451137fd4dd07cb7c,1e57d0b79f1b156d468f,DAP,dap_external,,,,,,.,,,nan,,,,,unresolved,0.0,,,,1.0.0
ce9a5605435d4e896f0e1509fd0fbb0a,ce9a5605435d4e896f0e1509fd0fbb0a,1e57d0b79f1b156d468f,DAP,dap_external,,,,,,.,,,nan,,,,,unresolved,0.0,,,,1.0.0
941f87d3c52cc936102d3fe963e525f3,941f87d3c52cc936102d3fe963e525f3,1e57d0b79f1b156d468f,DAP,dap_external,,,,,,.,,,nan,,,,,unresolved,0.0,,,,1.0.0
353d28f6d12e5247b0879998681f6596,353d28f6d12e5247b0879998681f6596,258aaddfa7d57a693baa,DAP,dap_external,,,,,,.,,,nan,,,,,unresolved,0.0,,,,1.0.0
eeacd0cfdfdc106527b12b4dc1adecfe,eeacd0cfdfdc106527b12b4dc1adecfe,258aaddfa7d57a693baa,DAP,dap_external,,,,,,.,,,nan,,,,,unresolved,0.0,,,,1.0.0
772971d0b41c906c33b4335bc6238d4b,772971d0b41c906c33b4335bc6238d4b,dd917652a6bdd5fc44db,DAP,dap_external,,,,,,.,,,nan,,,,,unresolved,0.0,,,,1.0.0
cfa71659d9a14bb2ba33d794a0475f41,cfa71659d9a14bb2ba33d794a0475f41,dd917652a6bdd5fc44db,DAP,dap_external,,,,,,.,,,nan,,,,,unresolved,0.0,,,,1.0.0
a0c057a0a547048384eb0b97021197ed,a0c057a0a547048384eb0b97021197ed,dd917652a6bdd5fc44db,DAP,dap_external,,,,,,.,,,nan,,,,,unresolved,0.0,,,,1.0.0
8f0b1868b857b798bd476443e1869d5d,8f0b1868b857b798bd476443e1869d5d,b526295ff2144b5498a0,DAP,dap_external,,,,,,.,,,nan,,,,,unresolved,0.0,,,,1.0.0
30a2ed298649a1f40c1934dc4ad786d5,30a2ed298649a1f40c1934dc4ad786d5,fb3b98f1c9ca6e92fd39,DAP,dap_external,,,,,,.,,,nan,,,,,unresolved,0.0,,,,1.0.0
d369819ed918c51cac72dc72174496a8,d369819ed918c51cac72dc72174496a8,fb3b98f1c9ca6e92fd39,DAP,dap_external,,,,,,.,,,nan,,,,,unresolved,0.0,,,,1.0.0
ac8f2d0d2790e0823607ac5957a06e1b,ac8f2d0d2790e0823607ac5957a06e1b,1a8b716d8bdf251d9459,DAP,dap_external,,,,,,.,,,nan,,,,,unresolved,0.0,,,,1.0.0
f018f072e686d1ad6332e0627d14f500,f018f072e686d1ad6332e0627d14f500,1a8b716d8bdf251d9459,DAP,dap_external,,,,,,.,,,nan,,,,,unresolved,0.0,,,,1.0.0
404af5a3a7c9f11a0653124e673f3498,404af5a3a7c9f11a0653124e673f3498,1a8b716d8bdf251d9459,DAP,dap_external,,,,,,.,,,nan,,,,,unresolved,0.0,,,,1.0.0
76b33e141ba0fa2333650b389a911d31,76b33e141ba0fa2333650b389a911d31,f3b1b51f50b498bb1859,DAP,dap_external,,,,,,.,,,nan,,,,,unresolved,0.0,,,,1.0.0
63dfe0fa2d09e220eaf4c8629dd738a5,63dfe0fa2d09e220eaf4c8629dd738a5,b4dde90f245c26e800ce,DAP,dap_external,,,,,,.,,,nan,,,,,unresolved,0.0,,,,1.0.0
e30dab5dd892d9c95718b7147b4886cc,e30dab5dd892d9c95718b7147b4886cc,d46c96aea406cc2f15d5,DAP,dap_external,,,,,,.,,,nan,,,,,unresolved,0.0,,,,1.0.0
39cb026ca804f5f02365d503d3879208,39cb026ca804f5f02365d503d3879208,cabba82649ccd4b75e00,DAP,dap_external,,,,,,.,,,nan,,,,,unresolved,0.0,,,,1.0.0
cdcaf19959cc5337f8ace144c56379cd,cdcaf19959cc5337f8ace144c56379cd,cabba82649ccd4b75e00,DAP,dap_external,,,,,,.,,,nan,,,,,unresolved,0.0,,,,1.0.0
99ab7244f671f3fed8066981969a13f7,99ab7244f671f3fed8066981969a13f7,d8c1721a651de030121b,DAP,dap_external,,,,,,.,,,nan,,,,,unresolved,0.0,,,,1.0.0
057d232dea1cf37917859b580d2a83a8,057d232dea1cf37917859b580d2a83a8,d8c1721a651de030121b,DAP,dap_external,,,,,,.,,,nan,,,,,unresolved,0.0,,,,1.0.0
36245930cf21f6d4af86a11bcbdf558d,36245930cf21f6d4af86a11bcbdf558d,e1fe9078a4f097980684,DAP,dap_external,,,,,,.,,,nan,,,,,unresolved,0.0,,,,1.0.0
c22fadb628c1b955a6d5b801a86d64dc,c22fadb628c1b955a6d5b801a86d64dc,e1fe9078a4f097980684,DAP,dap_external,,,,,,.,,,nan,,,,,unresolved,0.0,,,,1.0.0
eea9534f2a99ffc858d38528e4c1e812,eea9534f2a99ffc858d38528e4c1e812,eed9603cefc5faad4051,DAP,dap_external,,,,,,.,,,nan,,,,,unresolved,0.0,,,,1.0.0
10fbb3cea3e2b4e440c33fa07ecb5d15,10fbb3cea3e2b4e440c33fa07ecb5d15,eed9603cefc5faad4051,DAP,dap_external,,,,,,.,,,nan,,,,,unresolved,0.0,,,,1.0.0
85c1803e13987e25ff061c87632289d8,85c1803e13987e25ff061c87632289d8,6286d844b52fd00dc49b,DAP,dap_external,,,,,,.,,,nan,,,,,unresolved,0.0,,,,1.0.0
cf010684e063a269550f9308e241e983,cf010684e063a269550f9308e241e983,6286d844b52fd00dc49b,DAP,dap_external,,,,,,.,,,nan,,,,,unresolved,0.0,,,,1.0.0
03ceae45ffd795dc3bc7f2eea7c9cc14,03ceae45ffd795dc3bc7f2eea7c9cc14,8d16656e97607297905b,DAP,dap_external,,,,,,.,,,nan,,,,,unresolved,0.0,,,,1.0.0
7da65df53b93f4f333b5dddac67bb070,7da65df53b93f4f333b5dddac67bb070,8d16656e97607297905b,DAP,dap_external,,,,,,.,,,nan,,,,,unresolved,0.0,,,,1.0.0
89c98bfafb9e2defdef785ba3d0400ba,89c98bfafb9e2defdef785ba3d0400ba,74d28a01e1963f4ee304,DAP,dap_external,,,,,,.,,,nan,,,,,unresolved,0.0,,,,1.0.0
195f00e4bf7bb69187ffb7f9c7095253,195f00e4bf7bb69187ffb7f9c7095253,204db376c55e8342a004,DAP,dap_external,,,,,,.,,,nan,,,,,unresolved,0.0,,,,1.0.0
6880a525e1ac6bf5ae27c67f161000fe,6880a525e1ac6bf5ae27c67f161000fe,d9b425196f429fd62529,DAP,dap_external,,,,,,.,,,nan,,,,,unresolved,0.0,,,,1.0.0
81cb5f3395934ebb07d6ff4e80157e67,81cb5f3395934ebb07d6ff4e80157e67,973178fa7d10b1734702,DAP,dap_external,,,,,,.,,,nan,,,,,unresolved,0.0,,,,1.0.0
8605b442d243f3b1242b218f2718a8d3,8605b442d243f3b1242b218f2718a8d3,c513c23f2f9dc55f8e67,DAP,dap_external,,,,,,.,,,nan,,,,,unresolved,0.0,,,,1.0.0
b8e40ab206094b41035c22b562119110,b8e40ab206094b41035c22b562119110,5dcb949896487c3dc59c,DAP,dap_external,,,,,,.,,,nan,,,,,unresolved,0.0,,,,1.0.0
2b4799e7280ab9adef6badc85bee937a,2b4799e7280ab9adef6badc85bee937a,5dcb949896487c3dc59c,DAP,dap_external,,,,,,.,,,nan,,,,,unresolved,0.0,,,,1.0.0
4331f90d4ca5c33cb31183cdafa5cf98,4331f90d4ca5c33cb31183cdafa5cf98,e6e143c959e5abd6612d,DAP,dap_external,,,,,,.,,,nan,,,,,unresolved,0.0,,,,1.0.0
227b1524855fd99a61bfaf6b52006797,227b1524855fd99a61bfaf6b52006797,02c118d4c21ffaab561d,DAP,dap_external,,,,,,.,,,nan,,,,,unresolved,0.0,,,,1.0.0
cdafd40ddbadc2b69c7adb6aebf82d4d,cdafd40ddbadc2b69c7adb6aebf82d4d,3d6c52bdaade44fcac79,DAP,dap_external,,,,,,.,,,nan,,,,,unresolved,0.0,,,,1.0.0
2090650c5b39ba571940f0bcdb71dd64,2090650c5b39ba571940f0bcdb71dd64,3eba9a82abc01dcdb4c4,DAP,dap_external,,,,,,.,,,nan,,,,,unresolved,0.0,,,,1.0.0
e4bcfd9c27f486fe733194d7420bc3ec,e4bcfd9c27f486fe733194d7420bc3ec,380fb98821cc30e7377b,DAP,dap_external,,,,,,.,,,nan,,,,,unresolved,0.0,,,,1.0.0
94f7473fb34ed1184fe58796e87469d5,94f7473fb34ed1184fe58796e87469d5,380fb98821cc30e7377b,DAP,dap_external,,,,,,.,,,nan,,,,,unresolved,0.0,,,,1.0.0
579937fa222baad101437ce8977d3e3d,579937fa222baad101437ce8977d3e3d,65ac54fd72ab25b3aff0,DAP,dap_external,,,,,,.,,,nan,,,,,unresolved,0.0,,,,1.0.0
4d80abb75224a5b9ee41f240e99f1682,4d80abb75224a5b9ee41f240e99f1682,75863377edf947135f5d,DAP,dap_external,,,,,,.,,,nan,,,,,unresolved,0.0,,,,1.0.0
a312f506cd9c463e1874b7b7402fd418,a312f506cd9c463e1874b7b7402fd418,e168c5d5e638606e2149,DAP,dap_external,,,,,,.,,,nan,,,,,unresolved,0.0,,,,1.0.0
8968c8f74d4df38db28eab68c57cadb8,8968c8f74d4df38db28eab68c57cadb8,35f5f1246ceeddfeea0d,DAP,dap_external,,,,,,.,,,nan,,,,,unresolved,0.0,,,,1.0.0
a9c3f4c9d0bed5101429e469a12046b3,a9c3f4c9d0bed5101429e469a12046b3,68b3b179a6ee422fc1ed,DAP,dap_external,,,,,,.,,,nan,,,,,unresolved,0.0,,,,1.0.0
a4301fc862748db5924f567006af040c,a4301fc862748db5924f567006af040c,68b3b179a6ee422fc1ed,DAP,dap_external,,,,,,.,,,nan,,,,,unresolved,0.0,,,,1.0.0
219953f911bd8065acc52ced5466021d,219953f911bd8065acc52ced5466021d,9ee5c154dea85a6ad196,DAP,dap_external,,,,,,.,,,nan,,,,,unresolved,0.0,,,,1.0.0
5219269ce836e7dbf75bffcc14bd85fa,5219269ce836e7dbf75bffcc14bd85fa,9ee5c154dea85a6ad196,DAP,dap_external,,,,,,.,,,nan,,,,,unresolved,0.0,,,,1.0.0
3dbf9ed0f26fefe3a7b21df374d6f3b3,3dbf9ed0f26fefe3a7b21df374d6f3b3,d26526bf13de1797ff1c,DAP,dap_external,,,,,,.,,,nan,,,,,unresolved,0.0,,,,1.0.0
ca4d6aec56b5c21b4d8fbf5d7ca35fde,ca4d6aec56b5c21b4d8fbf5d7ca35fde,d26526bf13de1797ff1c,DAP,dap_external,,,,,,.,,,nan,,,,,unresolved,0.0,,,,1.0.0
07a6eba2d079e10dd0c09d82177fb6ec,07a6eba2d079e10dd0c09d82177fb6ec,d26526bf13de1797ff1c,DAP,dap_external,,,,,,.,,,nan,,,,,unresolved,0.0,,,,1.0.0
fa33dfaf4df114db3ae7fd256b571837,fa33dfaf4df114db3ae7fd256b571837,3febc351a61ad33ed33f,DAP,dap_external,,,,,,.,,,nan,,,,,unresolved,0.0,,,,1.0.0
38bb623dea3635f39fa31bf96ea3b2c7,38bb623dea3635f39fa31bf96ea3b2c7,463b5fde0e7037682f51,DAP,dap_external,,,,,,.,,,nan,,,,,unresolved,0.0,,,,1.0.0
f4bbc01c1cba05a670da7e1eefd7241d,f4bbc01c1cba05a670da7e1eefd7241d,463b5fde0e7037682f51,DAP,dap_external,,,,,,.,,,nan,,,,,unresolved,0.0,,,,1.0.0
3fa1bbad71b6f7abb4a4015889355f6a,3fa1bbad71b6f7abb4a4015889355f6a,15421f1cd95bb3ac0364,DAP,dap_external,,,,,,.,,,nan,,,,,unresolved,0.0,,,,1.0.0
62014cf15035de0195699dcc9a348802,62014cf15035de0195699dcc9a348802,175a59072f6fd6cebb32,DAP,dap_external,,,,,,.,,,nan,,,,,unresolved,0.0,,,,1.0.0
1cc83be2afd2b5bd8b07a94c30cbf293,1cc83be2afd2b5bd8b07a94c30cbf293,691dbddaa627d335130a,DAP,dap_external,,,,,,.,,,nan,,,,,unresolved,0.0,,,,1.0.0
601d4f70a8fa329cddc404e6532fd3d9,601d4f70a8fa329cddc404e6532fd3d9,691dbddaa627d335130a,DAP,dap_external,,,,,,.,,,nan,,,,,unresolved,0.0,,,,1.0.0
c8bb5a440ae1b36a207e4f7be697d706,c8bb5a440ae1b36a207e4f7be697d706,c3e3340096daaaf88406,DAP,dap_external,,,,,,.,,,nan,,,,,unresolved,0.0,,,,1.0.0
5d106397ec75aa6a67adf3963255084b,5d106397ec75aa6a67adf3963255084b,c3e3340096daaaf88406,DAP,dap_external,,,,,,.,,,nan,,,,,unresolved,0.0,,,,1.0.0
202dc34e788409d075a71500f01ad4d8,202dc34e788409d075a71500f01ad4d8,6bb66d44d6477fc0ec51,DAP,dap_external,,,,,,.,,,nan,,,,,unresolved,0.0,,,,1.0.0
29c40d74ccefac75fd0fb8f002aa6b55,29c40d74ccefac75fd0fb8f002aa6b55,6bb66d44d6477fc0ec51,DAP,dap_external,,,,,,.,,,nan,,,,,unresolved,0.0,,,,1.0.0
a046a9594fc999045d8616f625b4dcd6,a046a9594fc999045d8616f625b4dcd6,46b4d768440b810a32dd,DAP,dap_external,,,,,,.,,,nan,,,,,unresolved,0.0,,,,1.0.0
9a034da26ece72fc5f1ab15b2913f947,9a034da26ece72fc5f1ab15b2913f947,46b4d768440b810a32dd,DAP,dap_external,,,,,,.,,,nan,,,,,unresolved,0.0,,,,1.0.0
43c105adc96cbbd3dbb8979ddd699671,43c105adc96cbbd3dbb8979ddd699671,080781104414fdf649e2,DAP,dap_external,,,,,,.,,,nan,,,,,unresolved,0.0,,,,1.0.0
453bea24dbf67ad13e3ff064b5dc504d,453bea24dbf67ad13e3ff064b5dc504d,080781104414fdf649e2,DAP,dap_external,,,,,,.,,,nan,,,,,unresolved,0.0,,,,1.0.0
74a058f0daaeff43f9c2d9c3d4f683fb,74a058f0daaeff43f9c2d9c3d4f683fb,60aea85dfacc935d03ed,DAP,dap_external,,,,,,.,,,nan,,,,,unresolved,0.0,,,,1.0.0
e0b0ad323501753778a892b45b9f84f9,e0b0ad323501753778a892b45b9f84f9,60aea85dfacc935d03ed,DAP,dap_external,,,,,,.,,,nan,,,,,unresolved,0.0,,,,1.0.0
db1b07f2776c6a5d839d2551b9eef27e,db1b07f2776c6a5d839d2551b9eef27e,fd37a4a35870dd841c22,DAP,dap_external,,,,,,.,,,nan,,,,,unresolved,0.0,,,,1.0.0
7e6f7a6f67ee43b050440ae20393eb68,7e6f7a6f67ee43b050440ae20393eb68,fd37a4a35870dd841c22,DAP,dap_external,,,,,,.,,,nan,,,,,unresolved,0.0,,,,1.0.0
3ca2be042eac3f2d1147fd522461e3d8,3ca2be042eac3f2d1147fd522461e3d8,ca881ab643b780642a9a,DAP,dap_external,,,,,,.,,,nan,,,,,unresolved,0.0,,,,1.0.0
03a7de4f6b91dd5eb8f3543bdf0c473e,03a7de4f6b91dd5eb8f3543bdf0c473e,ca881ab643b780642a9a,DAP,dap_external,,,,,,.,,,nan,,,,,unresolved,0.0,,,,1.0.0
063a558826df8f515c00299f17b6a57c,063a558826df8f515c00299f17b6a57c,c9254a38878ced607581,DAP,dap_external,,,,,,.,,,nan,,,,,unresolved,0.0,,,,1.0.0
2279b301ad1a74ba8648a02b0feb8e59,2279b301ad1a74ba8648a02b0feb8e59,c9254a38878ced607581,DAP,dap_external,,,,,,.,,,nan,,,,,unresolved,0.0,,,,1.0.0
684c6e668dda4ad519d89f30b4d84945,684c6e668dda4ad519d89f30b4d84945,8db7592df1ce1a5f124c,DAP,dap_external,,,,,,.,,,nan,,,,,unresolved,0.0,,,,1.0.0
435f97d9975ac3244614b8609b489466,435f97d9975ac3244614b8609b489466,8db7592df1ce1a5f124c,DAP,dap_external,,,,,,.,,,nan,,,,,unresolved,0.0,,,,1.0.0
3882ef443ceca2f1a4a4ae0495f44e91,3882ef443ceca2f1a4a4ae0495f44e91,878a578c14c1692d0ca6,DAP,dap_external,,,,,,.,,,nan,,,,,unresolved,0.0,,,,1.0.0
4f1b41e46470593ec508abb66f92e266,4f1b41e46470593ec508abb66f92e266,878a578c14c1692d0ca6,DAP,dap_external,,,,,,.,,,nan,,,,,unresolved,0.0,,,,1.0.0
d870e55cda233ecfe8812a4f27401bc8,d870e55cda233ecfe8812a4f27401bc8,4749b0c0c9740dc79947,DAP,dap_external,,,,,,.,,,nan,,,,,unresolved,0.0,,,,1.0.0
2526354fe1ab6389e1064825fac8a1f1,2526354fe1ab6389e1064825fac8a1f1,9644cf2475e8994249c5,DAP,dap_external,,,,,,.,,,nan,,,,,unresolved,0.0,,,,1.0.0
75e0ef39114296f1330a8a72ae08f7c8,75e0ef39114296f1330a8a72ae08f7c8,9644cf2475e8994249c5,DAP,dap_external,,,,,,.,,,nan,,,,,unresolved,0.0,,,,1.0.0
f7647f30e9cbdd2b3911fa891d5419e6,f7647f30e9cbdd2b3911fa891d5419e6,4e6d1d6afc3c499f11da,DAP,dap_external,,,,,,.,,,nan,,,,,unresolved,0.0,,,,1.0.0
50b1c8e9a3b15f41c193cad26730596d,50b1c8e9a3b15f41c193cad26730596d,4e6d1d6afc3c499f11da,DAP,dap_external,,,,,,.,,,nan,,,,,unresolved,0.0,,,,1.0.0
fc6733694bee4f4eb75f449df4c3c46f,fc6733694bee4f4eb75f449df4c3c46f,6acc04e01433f550a7f6,DAP,dap_external,,,,,,.,,,nan,,,,,unresolved,0.0,,,,1.0.0
dfa4ebe539066083641e2060170cc0de,dfa4ebe539066083641e2060170cc0de,0c60652eabc32565a8ca,DAP,dap_external,,,,,,.,,,nan,,,,,unresolved,0.0,,,,1.0.0
d2c882d5054409cfc4ad15eccfa13da2,d2c882d5054409cfc4ad15eccfa13da2,0c60652eabc32565a8ca,DAP,dap_external,,,,,,.,,,nan,,,,,unresolved,0.0,,,,1.0.0
9ce37cbd769fd8144ae127f9dc2bf7b7,9ce37cbd769fd8144ae127f9dc2bf7b7,33d7bed636798cb79c07,DAP,dap_external,,,,,,.,,,nan,,,,,unresolved,0.0,,,,1.0.0
7df2e1a31e0fc448b53b378c737f1596,7df2e1a31e0fc448b53b378c737f1596,33d7bed636798cb79c07,DAP,dap_external,,,,,,.,,,nan,,,,,unresolved,0.0,,,,1.0.0
72a1a7016f2e5c79275647c35bcf2afd,72a1a7016f2e5c79275647c35bcf2afd,37632b6ced3f4b46df22,DAP,dap_external,,,,,,.,,,nan,,,,,unresolved,0.0,,,,1.0.0
c8654372d1fcfc7102825c3d2cf6e562,c8654372d1fcfc7102825c3d2cf6e562,71bcd064e3381b817437,DAP,dap_external,,,,,,.,,,nan,,,,,unresolved,0.0,,,,1.0.0
e4adfd7fd9595c95a07ef9bfee81ef49,e4adfd7fd9595c95a07ef9bfee81ef49,71bcd064e3381b817437,DAP,dap_external,,,,,,.,,,nan,,,,,unresolved,0.0,,,,1.0.0
a3f45aef9b76b0a4a3cc2ba7b731e96b,a3f45aef9b76b0a4a3cc2ba7b731e96b,3c661fa7b3df8f727b81,DAP,dap_external,,,,,,.,,,nan,,,,,unresolved,0.0,,,,1.0.0
688e2a1b453d91123432e47f40164ac9,688e2a1b453d91123432e47f40164ac9,c89fd2d7bb982a487cb7,DAP,dap_external,,,,,,.,,,nan,,,,,unresolved,0.0,,,,1.0.0
99087d402447525ee00ed08143bab6c8,99087d402447525ee00ed08143bab6c8,c89fd2d7bb982a487cb7,DAP,dap_external,,,,,,.,,,nan,,,,,unresolved,0.0,,,,1.0.0
0893f301d6db0c91f51d9525749edc9c,0893f301d6db0c91f51d9525749edc9c,b003a26a6569d0c03a48,DAP,dap_external,,,,,,.,,,nan,,,,,unresolved,0.0,,,,1.0.0
79bdffe0d11ccbf77ec3602f1ae9626b,79bdffe0d11ccbf77ec3602f1ae9626b,f6e9422f414fc816fe88,DAP,dap_external,,,,,,.,,,nan,,,,,unresolved,0.0,,,,1.0.0
fe59c0a055772106789530408f83eed7,fe59c0a055772106789530408f83eed7,f6e9422f414fc816fe88,DAP,dap_external,,,,,,.,,,nan,,,,,unresolved,0.0,,,,1.0.0
4f6ffa0ecf1ba1b9de7e1175e6214f7c,4f6ffa0ecf1ba1b9de7e1175e6214f7c,170bc43cc51f6ca68a4f,DAP,dap_external,,,,,,.,,,nan,,,,,unresolved,0.0,,,,1.0.0
a02853d333dbbf89f868e73ac4ab19f2,a02853d333dbbf89f868e73ac4ab19f2,170bc43cc51f6ca68a4f,DAP,dap_external,,,,,,.,,,nan,,,,,unresolved,0.0,,,,1.0.0
ed9447b29484d4ed83cd4bf86e2961e9,ed9447b29484d4ed83cd4bf86e2961e9,cf667672e2be6f7f11a5,DAP,dap_external,,,,,,.,,,nan,,,,,unresolved,0.0,,,,1.0.0
341753b450db8ae5cbcc101eadec305f,341753b450db8ae5cbcc101eadec305f,e58302fe04c51be79932,DAP,dap_external,,,,,,.,,,nan,,,,,unresolved,0.0,,,,1.0.0
44081747ced08750e224058902bee4bd,44081747ced08750e224058902bee4bd,fc8dbae67b8dcdbefac9,DAP,dap_external,,,,,,.,,,nan,,,,,unresolved,0.0,,,,1.0.0
d901498817276c2c07f6a5effbcc89b8,d901498817276c2c07f6a5effbcc89b8,337cad4cf94d5e3839e9,DAP,dap_external,,,,,,.,,,nan,,,,,unresolved,0.0,,,,1.0.0
714188f8883efcddfb900835ffee6461,714188f8883efcddfb900835ffee6461,337cad4cf94d5e3839e9,DAP,dap_external,,,,,,.,,,nan,,,,,unresolved,0.0,,,,1.0.0
12b45a5619bb80f2d340490069686b65,12b45a5619bb80f2d340490069686b65,337cad4cf94d5e3839e9,DAP,dap_external,,,,,,.,,,nan,,,,,unresolved,0.0,,,,1.0.0
9c08751d9ef01d6971987eae85ff943a,9c08751d9ef01d6971987eae85ff943a,0e89e8a4ba8be175ce1f,DAP,dap_external,,,,,,.,,,nan,,,,,unresolved,0.0,,,,1.0.0
f2b021958c9b9393c1d4f894bbe2541a,f2b021958c9b9393c1d4f894bbe2541a,0e89e8a4ba8be175ce1f,DAP,dap_external,,,,,,.,,,nan,,,,,unresolved,0.0,,,,1.0.0
787e863fe68f67da631562700ed4aa1a,787e863fe68f67da631562700ed4aa1a,80765c0044812dcf5e66,DAP,dap_external,,,,,,.,,,nan,,,,,unresolved,0.0,,,,1.0.0
5e2b02c1eac4bea1d2aa5f5993dd5549,5e2b02c1eac4bea1d2aa5f5993dd5549,80765c0044812dcf5e66,DAP,dap_external,,,,,,.,,,nan,,,,,unresolved,0.0,,,,1.0.0
8895ecb4d6da685ba190df719417ff6a,8895ecb4d6da685ba190df719417ff6a,a546686a608c9b6ba178,DAP,dap_external,,,,,,.,,,nan,,,,,unresolved,0.0,,,,1.0.0
5b7840230728342ad021646db51c661d,5b7840230728342ad021646db51c661d,a546686a608c9b6ba178,DAP,dap_external,,,,,,.,,,nan,,,,,unresolved,0.0,,,,1.0.0
4702b9fc10e6fb06eabf2952018a52ce,4702b9fc10e6fb06eabf2952018a52ce,5c0c087c60b1623a1ccc,DAP,dap_external,,,,,,.,,,nan,,,,,unresolved,0.0,,,,1.0.0
bb8d8996c7226a689c7a366c0a6d45f6,bb8d8996c7226a689c7a366c0a6d45f6,5c0c087c60b1623a1ccc,DAP,dap_external,,,,,,.,,,nan,,,,,unresolved,0.0,,,,1.0.0
66bab80da73eb37631751df3a073a30e,66bab80da73eb37631751df3a073a30e,05ae9a1c3a5627d216b4,DAP,dap_external,,,,,,.,,,nan,,,,,unresolved,0.0,,,,1.0.0
9d5ddd515f2ffd3bbf162fa58396ee65,9d5ddd515f2ffd3bbf162fa58396ee65,05ae9a1c3a5627d216b4,DAP,dap_external,,,,,,.,,,nan,,,,,unresolved,0.0,,,,1.0.0
dced75700eb080e88f5fc7af0208d770,dced75700eb080e88f5fc7af0208d770,2dc2f5682711bab18d75,DAP,dap_external,,,,,,.,,,nan,,,,,unresolved,0.0,,,,1.0.0
d3433d8194a7d78afc8e4875d997339c,d3433d8194a7d78afc8e4875d997339c,2dc2f5682711bab18d75,DAP,dap_external,,,,,,.,,,nan,,,,,unresolved,0.0,,,,1.0.0
8ef10d0f267528cfdf7ec3ec63bfabc1,8ef10d0f267528cfdf7ec3ec63bfabc1,3f85c87c65d8ed19fbcf,DAP,dap_external,,,,,,.,,,nan,,,,,unresolved,0.0,,,,1.0.0
90de9a6357ae853de784426ad6e76587,90de9a6357ae853de784426ad6e76587,781c675905f96bd917dc,DAP,dap_external,,,,,,.,,,nan,,,,,unresolved,0.0,,,,1.0.0
ff99744eae7b960c9346ae66b7dba339,ff99744eae7b960c9346ae66b7dba339,544bce8e04cdcb493c42,DAP,dap_external,,,,,,.,,,nan,,,,,unresolved,0.0,,,,1.0.0
707c0637aff24047dc0faf726eec773e,707c0637aff24047dc0faf726eec773e,0b8afc7b9814d88958d1,DAP,dap_external,,,,,,.,,,nan,,,,,unresolved,0.0,,,,1.0.0
6b28a82081055177daba1f6dac929cf9,6b28a82081055177daba1f6dac929cf9,450d8af82723279999d2,DAP,dap_external,,,,,,.,,,nan,,,,,unresolved,0.0,,,,1.0.0
4caf94a816cd8b22c2e7d3d765fc0503,4caf94a816cd8b22c2e7d3d765fc0503,450d8af82723279999d2,DAP,dap_external,,,,,,.,,,nan,,,,,unresolved,0.0,,,,1.0.0
f01128615e0174ac8abbcbad14cb3182,f01128615e0174ac8abbcbad14cb3182,3480847d1d1dfd61f7ca,DAP,dap_external,,,,,,.,,,nan,,,,,unresolved,0.0,,,,1.0.0
ee5fc6279e524afb174dc38774ffafc8,ee5fc6279e524afb174dc38774ffafc8,3480847d1d1dfd61f7ca,DAP,dap_external,,,,,,.,,,nan,,,,,unresolved,0.0,,,,1.0.0
26a35042ab00e01cc61fcf89020ec410,26a35042ab00e01cc61fcf89020ec410,be955de8dfbcfefb9a1b,DAP,dap_external,,,,,,.,,,nan,,,,,unresolved,0.0,,,,1.0.0
8e8a760be2d724b6765209e972793877,8e8a760be2d724b6765209e972793877,be955de8dfbcfefb9a1b,DAP,dap_external,,,,,,.,,,nan,,,,,unresolved,0.0,,,,1.0.0
4d2ed44bc94a5c1697f4584313c5cb9e,4d2ed44bc94a5c1697f4584313c5cb9e,5058bf71ef6785e9d6ec,DAP,dap_external,,,,,,.,,,nan,,,,,unresolved,0.0,,,,1.0.0
e9a75e2e6687bc8fee2f4af734831562,e9a75e2e6687bc8fee2f4af734831562,fe7449c27c20a7831237,DAP,dap_external,,,,,,.,,,nan,,,,,unresolved,0.0,,,,1.0.0
23b144794f2d8f04502b26a3658edc4d,23b144794f2d8f04502b26a3658edc4d,fe7449c27c20a7831237,DAP,dap_external,,,,,,.,,,nan,,,,,unresolved,0.0,,,,1.0.0
74ae4321805a84d99f5b6e0d74b5aa3e,74ae4321805a84d99f5b6e0d74b5aa3e,fe7449c27c20a7831237,DAP,dap_external,,,,,,.,,,nan,,,,,unresolved,0.0,,,,1.0.0
6bdb04cc0baaf876c94bf6bfd98bc78e,6bdb04cc0baaf876c94bf6bfd98bc78e,5ff0e1a29bdda3b9cad3,DAP,dap_external,,,,,,.,,,nan,,,,,unresolved,0.0,,,,1.0.0
1b6379884dbea6d5cfe22a174d51ec8e,1b6379884dbea6d5cfe22a174d51ec8e,5a2ed61e317b281bea74,DAP,dap_external,,,,,,.,,,nan,,,,,unresolved,0.0,,,,1.0.0
7097ce9234ce7500b9dd7ffc60fde71b,7097ce9234ce7500b9dd7ffc60fde71b,5a2ed61e317b281bea74,DAP,dap_external,,,,,,.,,,nan,,,,,unresolved,0.0,,,,1.0.0
d7d5e240a48ddb5448388c552a130e2f,d7d5e240a48ddb5448388c552a130e2f,c32470e4420c04f4830d,DAP,dap_external,,,,,,.,,,nan,,,,,unresolved,0.0,,,,1.0.0
b572d4e5419260f4a421df073b30584d,b572d4e5419260f4a421df073b30584d,ca452a53316dc0494b3e,DAP,dap_external,,,,,,.,,,nan,,,,,unresolved,0.0,,,,1.0.0
1f9df02a06701b9166c790051b9eb01b,1f9df02a06701b9166c790051b9eb01b,73296935df344ebfecec,DAP,dap_external,,,,,,.,,,nan,,,,,unresolved,0.0,,,,1.0.0
6d572ee1114f23f6368292642fd75554,6d572ee1114f23f6368292642fd75554,eb145ac783fec14c9f74,DAP,dap_external,,,,,,.,,,nan,,,,,unresolved,0.0,,,,1.0.0
f79933ffaa3ee46b20317617ba51be71,f79933ffaa3ee46b20317617ba51be71,8fa165990c5a5921c13a,DAP,dap_external,,,,,,.,,,nan,,,,,unresolved,0.0,,,,1.0.0
d6f33a94be39384447b417ec12f91d78,d6f33a94be39384447b417ec12f91d78,eed8b0a05a6c12818910,DAP,dap_external,,,,,,.,,,nan,,,,,unresolved,0.0,,,,1.0.0
c65302c5a477c7ba4dfb56e24977036d,c65302c5a477c7ba4dfb56e24977036d,eed8b0a05a6c12818910,DAP,dap_external,,,,,,.,,,nan,,,,,unresolved,0.0,,,,1.0.0
6c3b86590292604e6e52bc94762a7f84,6c3b86590292604e6e52bc94762a7f84,eed8b0a05a6c12818910,DAP,dap_external,,,,,,.,,,nan,,,,,unresolved,0.0,,,,1.0.0
6730089ff6a804e4a63a0033d63f7c06,6730089ff6a804e4a63a0033d63f7c06,ffebf89c6f84f54409b6,DAP,dap_external,,,,,,.,,,nan,,,,,unresolved,0.0,,,,1.0.0
78340ed413881d79d73f3b7efd145e60,78340ed413881d79d73f3b7efd145e60,c8fb648aff0cd6d4b5ac,DAP,dap_external,,,,,,.,,,nan,,,,,unresolved,0.0,,,,1.0.0
4f2e7006e1c3eb38d24ed9ddc065c3c9,4f2e7006e1c3eb38d24ed9ddc065c3c9,a458edd9d297c760388d,DAP,dap_external,,,,,,.,,,nan,,,,,unresolved,0.0,,,,1.0.0
7d5c763f2cca16840faa628d01753435,7d5c763f2cca16840faa628d01753435,c4b6607df0c8f3324311,DAP,dap_external,,,,,,.,,,nan,,,,,unresolved,0.0,,,,1.0.0
f407351f1b70364e054bfa27d1f9d802,f407351f1b70364e054bfa27d1f9d802,8959a5ffceae321acbc9,DAP,dap_external,,,,,,.,,,nan,,,,,unresolved,0.0,,,,1.0.0
002194d42d327ad4541fad4f39a91e8b,002194d42d327ad4541fad4f39a91e8b,11a97822249775c1d21a,DAP,dap_external,,,,,,.,,,nan,,,,,unresolved,0.0,,,,1.0.0
5cbad95db4a090d13419a20446874e87,5cbad95db4a090d13419a20446874e87,11a97822249775c1d21a,DAP,dap_external,,,,,,.,,,nan,,,,,unresolved,0.0,,,,1.0.0
8c2c71ff4b2335c4f9fafd0304a31490,8c2c71ff4b2335c4f9fafd0304a31490,9ff30f1818c7914dfdf2,DAP,dap_external,,,,,,.,,,nan,,,,,unresolved,0.0,,,,1.0.0
9bb68f7bbae79fb877721e25471438c1,9bb68f7bbae79fb877721e25471438c1,deb20c5740f93c080cf0,DAP,dap_external,,,,,,.,,,nan,,,,,unresolved,0.0,,,,1.0.0
69a1a8e8f0d37186425633439f74bf4d,69a1a8e8f0d37186425633439f74bf4d,deb20c5740f93c080cf0,DAP,dap_external,,,,,,.,,,nan,,,,,unresolved,0.0,,,,1.0.0
77efe84a911ecb655a5d2fe518bdd703,77efe84a911ecb655a5d2fe518bdd703,3ca8529148c95e81948e,DAP,dap_external,,,,,,.,,,nan,,,,,unresolved,0.0,,,,1.0.0
cac9647f5171465d1f277753b6380e40,cac9647f5171465d1f277753b6380e40,3ca8529148c95e81948e,DAP,dap_external,,,,,,.,,,nan,,,,,unresolved,0.0,,,,1.0.0
ff1091f6f391960f18a97ce1922008a3,ff1091f6f391960f18a97ce1922008a3,c14caf58d23909f19489,DAP,dap_external,,,,,,.,,,nan,,,,,unresolved,0.0,,,,1.0.0
d9869350587028f349fecfbe72e823b1,d9869350587028f349fecfbe72e823b1,411f0f54f7ec4fbc15f1,DAP,dap_external,,,,,,.,,,nan,,,,,unresolved,0.0,,,,1.0.0
ddeeea6623bbd0be4a85e99053bd2fa8,ddeeea6623bbd0be4a85e99053bd2fa8,77996d66eb21a4ffde9e,DAP,dap_external,,,,,,.,,,nan,,,,,unresolved,0.0,,,,1.0.0
6688d2c37fe9b94c32e22827aa426534,6688d2c37fe9b94c32e22827aa426534,30e0b514ddd10faff265,DAP,dap_external,,,,,,.,,,nan,,,,,unresolved,0.0,,,,1.0.0
4665813b4601f7c9bdb73db047999172,4665813b4601f7c9bdb73db047999172,30e0b514ddd10faff265,DAP,dap_external,,,,,,.,,,nan,,,,,unresolved,0.0,,,,1.0.0
04597c6fcb86d778ade63ab458632c4f,04597c6fcb86d778ade63ab458632c4f,ce0b19efe65ae31ef6e8,DAP,dap_external,,,,,,.,,,nan,,,,,unresolved,0.0,,,,1.0.0
2db541f5cdcd43966611f47b580b4c22,2db541f5cdcd43966611f47b580b4c22,ce0b19efe65ae31ef6e8,DAP,dap_external,,,,,,.,,,nan,,,,,unresolved,0.0,,,,1.0.0
a1f26af8c519531c658a969a83673862,a1f26af8c519531c658a969a83673862,27c06f235e3e5b840aa1,DAP,dap_external,,,,,,.,,,nan,,,,,unresolved,0.0,,,,1.0.0
ddc8b0f6328104da893520a53d714cf4,ddc8b0f6328104da893520a53d714cf4,27c06f235e3e5b840aa1,DAP,dap_external,,,,,,.,,,nan,,,,,unresolved,0.0,,,,1.0.0
c59731cb974ece563c64e30146707a00,c59731cb974ece563c64e30146707a00,ded87459439ec36efff3,DAP,dap_external,,,,,,.,,,nan,,,,,unresolved,0.0,,,,1.0.0
9327b72c2f3580996260507f6c112a9b,9327b72c2f3580996260507f6c112a9b,99e100695fc0f62a2599,DAP,dap_external,,,,,,.,,,nan,,,,,unresolved,0.0,,,,1.0.0
70db282fc8a2415e008f507de68df861,70db282fc8a2415e008f507de68df861,99e100695fc0f62a2599,DAP,dap_external,,,,,,.,,,nan,,,,,unresolved,0.0,,,,1.0.0
f57244f0bf092ea4bd3f3cd97780edda,f57244f0bf092ea4bd3f3cd97780edda,b137440ed0b8a833993b,DAP,dap_external,,,,,,.,,,nan,,,,,unresolved,0.0,,,,1.0.0
919ef0e1dc503dd44f6f82b77eba9ceb,919ef0e1dc503dd44f6f82b77eba9ceb,b137440ed0b8a833993b,DAP,dap_external,,,,,,.,,,nan,,,,,unresolved,0.0,,,,1.0.0
491b38abad6bf0a66b6f04f52b5a186b,491b38abad6bf0a66b6f04f52b5a186b,697856fd5dde2bd9f1ac,DAP,dap_external,,,,,,.,,,nan,,,,,unresolved,0.0,,,,1.0.0
71368abec386f7d644a2be61dd55e3d1,71368abec386f7d644a2be61dd55e3d1,697856fd5dde2bd9f1ac,DAP,dap_external,,,,,,.,,,nan,,,,,unresolved,0.0,,,,1.0.0
ad9cf422325b8eacc7abdb3e301ac701,ad9cf422325b8eacc7abdb3e301ac701,9ab0cd88aad64c52213e,DAP,dap_external,,,,,,.,,,nan,,,,,unresolved,0.0,,,,1.0.0
93882ad4e5c55ec007434f0efc0d4c1f,93882ad4e5c55ec007434f0efc0d4c1f,db510acf75759c7dce91,DAP,dap_external,,,,,,.,,,nan,,,,,unresolved,0.0,,,,1.0.0
0e181d24951b78e9d0013d05a3d94f62,0e181d24951b78e9d0013d05a3d94f62,db510acf75759c7dce91,DAP,dap_external,,,,,,.,,,nan,,,,,unresolved,0.0,,,,1.0.0
1e73f3eb1a1ae0f37e687664755a4668,1e73f3eb1a1ae0f37e687664755a4668,99052971e633820e962f,DAP,dap_external,,,,,,.,,,nan,,,,,unresolved,0.0,,,,1.0.0
5440810be3c5e0b09ff9d164a0d3e87c,5440810be3c5e0b09ff9d164a0d3e87c,c9dc56fe33c313505e69,DAP,dap_external,,,,,,.,,,nan,,,,,unresolved,0.0,,,,1.0.0
e345387a67e20c7b9f9bdab894b86051,e345387a67e20c7b9f9bdab894b86051,c84c2d30d1dfce65ae1b,DAP,dap_external,,,,,,.,,,nan,,,,,unresolved,0.0,,,,1.0.0
d3ff30941575adfd0e2d4dffb753ae25,d3ff30941575adfd0e2d4dffb753ae25,c84c2d30d1dfce65ae1b,DAP,dap_external,,,,,,.,,,nan,,,,,unresolved,0.0,,,,1.0.0
503146168d482e538e915f1a8e2d16c0,503146168d482e538e915f1a8e2d16c0,c84c2d30d1dfce65ae1b,DAP,dap_external,,,,,,.,,,nan,,,,,unresolved,0.0,,,,1.0.0
2780efcd8ff94e803e0930c3839c0be3,2780efcd8ff94e803e0930c3839c0be3,bf175ee462bd4a887e06,DAP,dap_external,,,,,,.,,,nan,,,,,unresolved,0.0,,,,1.0.0
4ad82bb17ed5564b84a4136a940ff3e6,4ad82bb17ed5564b84a4136a940ff3e6,6ea6008c046fde49c5bf,DAP,dap_external,,,,,,.,,,nan,,,,,unresolved,0.0,,,,1.0.0
30a08b79f345d72476e16c5551f04ce7,30a08b79f345d72476e16c5551f04ce7,e1889cab1840e9f70e74,DAP,dap_external,,,,,,.,,,nan,,,,,unresolved,0.0,,,,1.0.0
c583118fb3ce43571b3e803d1f31ba27,c583118fb3ce43571b3e803d1f31ba27,2511433c6540b88bde4f,DAP,dap_external,,,,,,.,,,nan,,,,,unresolved,0.0,,,,1.0.0
5baf22f2007650ca2a1505127e66caf8,5baf22f2007650ca2a1505127e66caf8,2511433c6540b88bde4f,DAP,dap_external,,,,,,.,,,nan,,,,,unresolved,0.0,,,,1.0.0
ca321d3a61074584c6cca154248bcd37,ca321d3a61074584c6cca154248bcd37,19b7818ec479af983306,DAP,dap_external,,,,,,.,,,nan,,,,,unresolved,0.0,,,,1.0.0
a5c490c88a3f83fdfbd6cd916d6fb956,a5c490c88a3f83fdfbd6cd916d6fb956,19b7818ec479af983306,DAP,dap_external,,,,,,.,,,nan,,,,,unresolved,0.0,,,,1.0.0
42f2b21fc1a14e47b4dc1f736a843bbd,42f2b21fc1a14e47b4dc1f736a843bbd,160a264ad16b0faaa632,DAP,dap_external,,,,,,.,,,nan,,,,,unresolved,0.0,,,,1.0.0
e94501452b9aa91f4ba28cf441068b82,e94501452b9aa91f4ba28cf441068b82,160a264ad16b0faaa632,DAP,dap_external,,,,,,.,,,nan,,,,,unresolved,0.0,,,,1.0.0
ed410f0f7d8b705a08e270b864de2b30,ed410f0f7d8b705a08e270b864de2b30,804c5fd235662612ca27,DAP,dap_external,,,,,,.,,,nan,,,,,unresolved,0.0,,,,1.0.0
4e47438ca050a50ea43e0b74c048789d,4e47438ca050a50ea43e0b74c048789d,4f518336d0eb47021e92,DAP,dap_external,,,,,,.,,,nan,,,,,unresolved,0.0,,,,1.0.0
1b54a0b1b44395fa62ee41f7331845b3,1b54a0b1b44395fa62ee41f7331845b3,4f518336d0eb47021e92,DAP,dap_external,,,,,,.,,,nan,,,,,unresolved,0.0,,,,1.0.0
58a3fe9537b0e4d84edf3554dc7bc5ec,58a3fe9537b0e4d84edf3554dc7bc5ec,82487c6f7f05c109dc5b,DAP,dap_external,,,,,,.,,,nan,,,,,unresolved,0.0,,,,1.0.0
451547ce4a7c26fc0113df24f67f7e95,451547ce4a7c26fc0113df24f67f7e95,82487c6f7f05c109dc5b,DAP,dap_external,,,,,,.,,,nan,,,,,unresolved,0.0,,,,1.0.0
85737bd8a70aa5170ece563f83968760,85737bd8a70aa5170ece563f83968760,eb28431822a797e4dfcb,DAP,dap_external,,,,,,.,,,nan,,,,,unresolved,0.0,,,,1.0.0
3837c2bfaa5dd97f21e832923bcf1f5a,3837c2bfaa5dd97f21e832923bcf1f5a,eb28431822a797e4dfcb,DAP,dap_external,,,,,,.,,,nan,,,,,unresolved,0.0,,,,1.0.0
c322288965104418440dfe8adf22ab7d,c322288965104418440dfe8adf22ab7d,a23bce5d95d5a4815334,DAP,dap_external,,,,,,.,,,nan,,,,,unresolved,0.0,,,,1.0.0
44c7d0305df81916972a4871b2494946,44c7d0305df81916972a4871b2494946,a23bce5d95d5a4815334,DAP,dap_external,,,,,,.,,,nan,,,,,unresolved,0.0,,,,1.0.0
4be293fa74780ba559fed37dd37bfcff,4be293fa74780ba559fed37dd37bfcff,c8f96eb344b032c77f70,DAP,dap_external,,,,,,.,,,nan,,,,,unresolved,0.0,,,,1.0.0
cac5c1a64f206e2c1253116e445d46eb,cac5c1a64f206e2c1253116e445d46eb,21d4bb9482a1b613f979,DAP,dap_external,,,,,,.,,,nan,,,,,unresolved,0.0,,,,1.0.0
940347b626b365cdbe0f9307e7a0c8d3,940347b626b365cdbe0f9307e7a0c8d3,3c4265cb53ada921b7a2,DAP,dap_external,,,,,,.,,,nan,,,,,unresolved,0.0,,,,1.0.0
e6468aabb9cefb45aef6ed77b38e9e2a,e6468aabb9cefb45aef6ed77b38e9e2a,3c4265cb53ada921b7a2,DAP,dap_external,,,,,,.,,,nan,,,,,unresolved,0.0,,,,1.0.0
f6b887ffe630515397d91b4f55440870,f6b887ffe630515397d91b4f55440870,6964314b8060c7347e77,DAP,dap_external,,,,,,.,,,nan,,,,,unresolved,0.0,,,,1.0.0
92306a5180102b71c3fbdbca5b7c87fa,92306a5180102b71c3fbdbca5b7c87fa,82bd35a3b7ebc691616b,DAP,dap_external,,,,,,.,,,nan,,,,,unresolved,0.0,,,,1.0.0
2b0c35f4ee14b329bf407fc2867d772d,2b0c35f4ee14b329bf407fc2867d772d,a1fb35b50bb57a279067,DAP,dap_external,,,,,,.,,,nan,,,,,unresolved,0.0,,,,1.0.0
3a4b2fc12b70168ad36598186cd54a56,3a4b2fc12b70168ad36598186cd54a56,5d99f22e4cd6f84db9db,DAP,dap_external,,,,,,.,,,nan,,,,,unresolved,0.0,,,,1.0.0
fccf1f1803ceb849dc7fc809357200ad,fccf1f1803ceb849dc7fc809357200ad,5d99f22e4cd6f84db9db,DAP,dap_external,,,,,,.,,,nan,,,,,unresolved,0.0,,,,1.0.0
32a391814bcf39d1a556ec4d2c02fd0c,32a391814bcf39d1a556ec4d2c02fd0c,d33f739328703692dcce,DAP,dap_external,,,,,,.,,,nan,,,,,unresolved,0.0,,,,1.0.0
ff96185364b4ec6d80cf799198b95ab8,ff96185364b4ec6d80cf799198b95ab8,ff3bf696ff3452dac316,DAP,dap_external,,,,,,.,,,nan,,,,,unresolved,0.0,,,,1.0.0
217a269edc1a3176b7294367708c7006,217a269edc1a3176b7294367708c7006,ff3bf696ff3452dac316,DAP,dap_external,,,,,,.,,,nan,,,,,unresolved,0.0,,,,1.0.0
0430d2cb9e83c382f590de483b13bfa4,0430d2cb9e83c382f590de483b13bfa4,4270d708db9bf6270ef2,DAP,dap_external,,,,,,.,,,nan,,,,,unresolved,0.0,,,,1.0.0
ceebcb33000fdd6123e15f77c8f03a84,ceebcb33000fdd6123e15f77c8f03a84,8d95abd82db88fa911d1,DAP,dap_external,,,,,,.,,,nan,,,,,unresolved,0.0,,,,1.0.0
8af083c1afa2308c6efcc4818416eb20,8af083c1afa2308c6efcc4818416eb20,7f06a9d5a02f0c005659,DAP,dap_external,,,,,,.,,,nan,,,,,unresolved,0.0,,,,1.0.0
2e990d5af08892ad30ddd3ff40b1bfe2,2e990d5af08892ad30ddd3ff40b1bfe2,7f06a9d5a02f0c005659,DAP,dap_external,,,,,,.,,,nan,,,,,unresolved,0.0,,,,1.0.0
3651ad75927303767e992798d2778f7a,3651ad75927303767e992798d2778f7a,7e756ed6f4bbf657e0a3,DAP,dap_external,,,,,,.,,,nan,,,,,unresolved,0.0,,,,1.0.0
7ce1ea1b4b7c3d4d9a11809af36c0300,7ce1ea1b4b7c3d4d9a11809af36c0300,89846c33a6d6fff7ce49,DAP,dap_external,,,,,,.,,,nan,,,,,unresolved,0.0,,,,1.0.0
8883442527bd5e0c8f33fbc1c30bf526,8883442527bd5e0c8f33fbc1c30bf526,89846c33a6d6fff7ce49,DAP,dap_external,,,,,,.,,,nan,,,,,unresolved,0.0,,,,1.0.0
296b608903d825fd10e291945c80a7d0,296b608903d825fd10e291945c80a7d0,ca78c177af3fb9cb5c40,DAP,dap_external,,,,,,.,,,nan,,,,,unresolved,0.0,,,,1.0.0
4916ef6dc3d6ad1c4a6ef0940f34e185,4916ef6dc3d6ad1c4a6ef0940f34e185,d1c2ea178458fef2aad5,DAP,dap_external,,,,,,.,,,nan,,,,,unresolved,0.0,,,,1.0.0
0f3cba41ab6e8b3d5343f5d150887fdd,0f3cba41ab6e8b3d5343f5d150887fdd,36bbfbea82554fbf36c3,DAP,dap_external,,,,,,.,,,nan,,,,,unresolved,0.0,,,,1.0.0
620d54edcab9d1e7988efda8e4a14c8c,620d54edcab9d1e7988efda8e4a14c8c,36bbfbea82554fbf36c3,DAP,dap_external,,,,,,.,,,nan,,,,,unresolved,0.0,,,,1.0.0
47d8ae7e97a97ab0029bf02519938976,47d8ae7e97a97ab0029bf02519938976,02488a95e383c4590789,DAP,dap_external,,,,,,.,,,nan,,,,,unresolved,0.0,,,,1.0.0
75408c2daf403861646ec3d6a6075d2f,75408c2daf403861646ec3d6a6075d2f,02488a95e383c4590789,DAP,dap_external,,,,,,.,,,nan,,,,,unresolved,0.0,,,,1.0.0
e51975b21bd5505107d5b206906e6749,e51975b21bd5505107d5b206906e6749,1679ef68db8f6490a62d,DAP,dap_external,,,,,,.,,,nan,,,,,unresolved,0.0,,,,1.0.0
0e9431c66df8c7c584473d85243f31e5,0e9431c66df8c7c584473d85243f31e5,1679ef68db8f6490a62d,DAP,dap_external,,,,,,.,,,nan,,,,,unresolved,0.0,,,,1.0.0
cc2a6aed2ab701c967e5c4d8af5810a9,cc2a6aed2ab701c967e5c4d8af5810a9,a3e620575fdf707dfd1a,DAP,dap_external,,,,,,.,,,nan,,,,,unresolved,0.0,,,,1.0.0
b8e0fd69ca0750322eddbdccc335257f,b8e0fd69ca0750322eddbdccc335257f,f2f1b612134e33811f2c,DAP,dap_external,,,,,,.,,,nan,,,,,unresolved,0.0,,,,1.0.0
f3597142bf363e52b69ab0a62279d221,f3597142bf363e52b69ab0a62279d221,f2f1b612134e33811f2c,DAP,dap_external,,,,,,.,,,nan,,,,,unresolved,0.0,,,,1.0.0
69d76b5cf3b57ffe963fd5c73e9dfe04,69d76b5cf3b57ffe963fd5c73e9dfe04,ad7679e83ee8e7c4f292,DAP,dap_external,,,,,,.,,,nan,,,,,unresolved,0.0,,,,1.0.0
74ef551c9e5fe6925ec26ca4fdf345af,74ef551c9e5fe6925ec26ca4fdf345af,2f31e443af30b93295c1,DAP,dap_external,,,,,,.,,,nan,,,,,unresolved,0.0,,,,1.0.0
486403bdef5832a300c96c1513d7329f,486403bdef5832a300c96c1513d7329f,24f6681d71ff70423916,DAP,dap_external,,,,,,.,,,nan,,,,,unresolved,0.0,,,,1.0.0
c30db218c1399ad6513ff7c15a466a6a,c30db218c1399ad6513ff7c15a466a6a,24f6681d71ff70423916,DAP,dap_external,,,,,,.,,,nan,,,,,unresolved,0.0,,,,1.0.0
3a52a525690427cea7d28e1bb18e0d66,3a52a525690427cea7d28e1bb18e0d66,553f7d4c5b01f8030147,DAP,dap_external,,,,,,.,,,nan,,,,,unresolved,0.0,,,,1.0.0
e1ec89493abc97e9e192d39cdb7e53ff,e1ec89493abc97e9e192d39cdb7e53ff,553f7d4c5b01f8030147,DAP,dap_external,,,,,,.,,,nan,,,,,unresolved,0.0,,,,1.0.0
b591d4e616ac9d73831b1600ba03eae7,b591d4e616ac9d73831b1600ba03eae7,3aa658573c8d4dbe28df,DAP,dap_external,,,,,,.,,,nan,,,,,unresolved,0.0,,,,1.0.0
be26dcb9c5c9ab76cf56feedc64efb77,be26dcb9c5c9ab76cf56feedc64efb77,ce399f152e94634bcde0,DAP,dap_external,,,,,,.,,,nan,,,,,unresolved,0.0,,,,1.0.0
da04fbce399ef6291632606b0dd3879c,da04fbce399ef6291632606b0dd3879c,737249939d0654c181be,DAP,dap_external,,,,,,.,,,nan,,,,,unresolved,0.0,,,,1.0.0
231bf1fbf3c72934cc7027c7ef913b3e,231bf1fbf3c72934cc7027c7ef913b3e,737249939d0654c181be,DAP,dap_external,,,,,,.,,,nan,,,,,unresolved,0.0,,,,1.0.0
f847a8b6d99217e97b498c82a08f6b15,f847a8b6d99217e97b498c82a08f6b15,54e57d89883d00270c7a,DAP,dap_external,,,,,,.,,,nan,,,,,unresolved,0.0,,,,1.0.0
672882e081c30a17ef40b6ab00c6170c,672882e081c30a17ef40b6ab00c6170c,54e57d89883d00270c7a,DAP,dap_external,,,,,,.,,,nan,,,,,unresolved,0.0,,,,1.0.0
abaf4d945ae7ad80aa77a6a241fd60af,abaf4d945ae7ad80aa77a6a241fd60af,0e16b9bab83ae1556f45,DAP,dap_external,,,,,,.,,,nan,,,,,unresolved,0.0,,,,1.0.0
f91ac4c040b194078b546d23d792a9b3,f91ac4c040b194078b546d23d792a9b3,0e16b9bab83ae1556f45,DAP,dap_external,,,,,,.,,,nan,,,,,unresolved,0.0,,,,1.0.0
c2e40372e7bbb986eca61e9a49628045,c2e40372e7bbb986eca61e9a49628045,5e5fa68b9d4344c1c41c,DAP,dap_external,,,,,,.,,,nan,,,,,unresolved,0.0,,,,1.0.0
cc914068b91d9dee45359d95ac428031,cc914068b91d9dee45359d95ac428031,f0dbba60a768d9612b7b,DAP,dap_external,,,,,,.,,,nan,,,,,unresolved,0.0,,,,1.0.0
0ea40341d64513852bdb054703d3c9d2,0ea40341d64513852bdb054703d3c9d2,f0dbba60a768d9612b7b,DAP,dap_external,,,,,,.,,,nan,,,,,unresolved,0.0,,,,1.0.0
9cb7dc6d8982a2384b46f2e11126750c,9cb7dc6d8982a2384b46f2e11126750c,231dab9c937c66162927,DAP,dap_external,,,,,,.,,,nan,,,,,unresolved,0.0,,,,1.0.0
32e6c49a69a45a4805935905085702d0,32e6c49a69a45a4805935905085702d0,231dab9c937c66162927,DAP,dap_external,,,,,,.,,,nan,,,,,unresolved,0.0,,,,1.0.0
92bc46e08f3a77a5501f3650b063756c,92bc46e08f3a77a5501f3650b063756c,1056950c6a6afc42cbe4,DAP,dap_external,,,,,,.,,,nan,,,,,unresolved,0.0,,,,1.0.0
8b9cf2ded767e8597dbf5f028320d492,8b9cf2ded767e8597dbf5f028320d492,79c74a7babc40ea5d7ee,DAP,dap_external,,,,,,.,,,nan,,,,,unresolved,0.0,,,,1.0.0
793a9bd94743608f8703673bac2c871b,793a9bd94743608f8703673bac2c871b,3c72beb7007c4f1e8241,DAP,dap_external,,,,,,.,,,nan,,,,,unresolved,0.0,,,,1.0.0
acdeb6be132869080d2cdf2af2ff7611,acdeb6be132869080d2cdf2af2ff7611,3c72beb7007c4f1e8241,DAP,dap_external,,,,,,.,,,nan,,,,,unresolved,0.0,,,,1.0.0
bcf03060f074566ef6568422b449ff9f,bcf03060f074566ef6568422b449ff9f,f4d6c2720d2108d5fb89,DAP,dap_external,,,,,,.,,,nan,,,,,unresolved,0.0,,,,1.0.0
b5cb48dd942200e61ad9f86a4cf0e7d6,b5cb48dd942200e61ad9f86a4cf0e7d6,768a632d0dac2e1d973c,DAP,dap_external,,,,,,.,,,nan,,,,,unresolved,0.0,,,,1.0.0
bd76167fbb3ede38513cf72f3339d054,bd76167fbb3ede38513cf72f3339d054,768a632d0dac2e1d973c,DAP,dap_external,,,,,,.,,,nan,,,,,unresolved,0.0,,,,1.0.0
8d36dec7e73466fedb848cc934f9101f,8d36dec7e73466fedb848cc934f9101f,3e6d96bda52f6550f0ab,DAP,dap_external,,,,,,.,,,nan,,,,,unresolved,0.0,,,,1.0.0
bc6dca65e05667a598c6a1363e778d2c,bc6dca65e05667a598c6a1363e778d2c,3e6d96bda52f6550f0ab,DAP,dap_external,,,,,,.,,,nan,,,,,unresolved,0.0,,,,1.0.0
388665135ceb715c80b0e15ddaef6037,388665135ceb715c80b0e15ddaef6037,0684c54d8db73890770f,DAP,dap_external,,,,,,.,,,nan,,,,,unresolved,0.0,,,,1.0.0
873abb3988198f7ee2ec5c72df606895,873abb3988198f7ee2ec5c72df606895,30d1404dffe7b84d9f4c,DAP,dap_external,,,,,,.,,,nan,,,,,unresolved,0.0,,,,1.0.0
f20ba5e2a7afad6f4d19756ddfdfda9f,f20ba5e2a7afad6f4d19756ddfdfda9f,edbe64ff9440f90f7b8f,DAP,dap_external,,,,,,.,,,nan,,,,,unresolved,0.0,,,,1.0.0
605ff3ed5193a00ad1a148a8effc6869,605ff3ed5193a00ad1a148a8effc6869,4d126dfbff05c2faca05,DAP,dap_external,,,,,,.,,,nan,,,,,unresolved,0.0,,,,1.0.0
179bc8122f8d5d19dede44b228d7128e,179bc8122f8d5d19dede44b228d7128e,319002252a801892dc36,DAP,dap_external,,,,,,.,,,nan,,,,,unresolved,0.0,,,,1.0.0
e09bef1596e854ea686db89a72941308,e09bef1596e854ea686db89a72941308,319002252a801892dc36,DAP,dap_external,,,,,,.,,,nan,,,,,unresolved,0.0,,,,1.0.0
41ac95e136a055fb5ed7bbd7c43c96db,41ac95e136a055fb5ed7bbd7c43c96db,319002252a801892dc36,DAP,dap_external,,,,,,.,,,nan,,,,,unresolved,0.0,,,,1.0.0
68d9f2fd57870ab46c98359e8119fde5,68d9f2fd57870ab46c98359e8119fde5,3d86f89c6eb2bf749ade,DAP,dap_external,,,,,,.,,,nan,,,,,unresolved,0.0,,,,1.0.0
78723ed2d06a9b5340d14029f2e3c6c5,78723ed2d06a9b5340d14029f2e3c6c5,2b7513244a80b586ba15,DAP,dap_external,,,,,,.,,,nan,,,,,unresolved,0.0,,,,1.0.0
ae6da11d95a3d109e89683229bf6953f,ae6da11d95a3d109e89683229bf6953f,e04fcd3b3716527c6329,DAP,dap_external,,,,,,.,,,nan,,,,,unresolved,0.0,,,,1.0.0
aa7333fa3b672567e8d06856c1245233,aa7333fa3b672567e8d06856c1245233,cc22b5bd895d32ece7ef,DAP,dap_external,,,,,,.,,,nan,,,,,unresolved,0.0,,,,1.0.0
f8df47719b8b9f4ecf87662a2766c45b,f8df47719b8b9f4ecf87662a2766c45b,2d075300d91339b06ce9,DAP,dap_external,,,,,,.,,,nan,,,,,unresolved,0.0,,,,1.0.0
5f4c7574b9827916236a0e7aa4278f63,5f4c7574b9827916236a0e7aa4278f63,a25768d0d043f3e1d12b,DAP,dap_external,,,,,,.,,,nan,,,,,unresolved,0.0,,,,1.0.0
33efcae3562dd41bd816208b312f6da0,33efcae3562dd41bd816208b312f6da0,8fbebf774a90663908c8,DAP,dap_external,,,,,,.,,,nan,,,,,unresolved,0.0,,,,1.0.0
0a4fef998a74ae10cdd4a7e591a71765,0a4fef998a74ae10cdd4a7e591a71765,8fbebf774a90663908c8,DAP,dap_external,,,,,,.,,,nan,,,,,unresolved,0.0,,,,1.0.0
ce777fa5d387f16de7ac24d5c14beb0c,ce777fa5d387f16de7ac24d5c14beb0c,fd5c990231a2491878a4,DAP,dap_external,,,,,,.,,,nan,,,,,unresolved,0.0,,,,1.0.0
72f697e69069b099ff63609c92340f6a,72f697e69069b099ff63609c92340f6a,fd5c990231a2491878a4,DAP,dap_external,,,,,,.,,,nan,,,,,unresolved,0.0,,,,1.0.0
96b2cd05e024fee205607a5d88c170b2,96b2cd05e024fee205607a5d88c170b2,6e5919d17a8137cb5046,DAP,dap_external,,,,,,.,,,nan,,,,,unresolved,0.0,,,,1.0.0
01f2462c42bdb2b841fbee2b5d148d36,01f2462c42bdb2b841fbee2b5d148d36,d1c605b48e59907fbede,DAP,dap_external,,,,,,.,,,nan,,,,,unresolved,0.0,,,,1.0.0
9ea7ee44fa2b7292b1369b1ec5bed09c,9ea7ee44fa2b7292b1369b1ec5bed09c,2c58d21f1f5b6f2f5bde,DAP,dap_external,,,,,,.,,,nan,,,,,unresolved,0.0,,,,1.0.0
96bf7afcaa7286921ae7a5cbe313a821,96bf7afcaa7286921ae7a5cbe313a821,1092ff9bf435342d0d2e,DAP,dap_external,,,,,,.,,,nan,,,,,unresolved,0.0,,,,1.0.0
bc6d62544fffdb947673291aa84b1c8c,bc6d62544fffdb947673291aa84b1c8c,1092ff9bf435342d0d2e,DAP,dap_external,,,,,,.,,,nan,,,,,unresolved,0.0,,,,1.0.0
7158a464324d02957c24a20a319a82fa,7158a464324d02957c24a20a319a82fa,ccbe7034dbb2b2bb405f,DAP,dap_external,,,,,,.,,,nan,,,,,unresolved,0.0,,,,1.0.0
c942492399ca597091e2f7966f957748,c942492399ca597091e2f7966f957748,d61f210607cb031e1200,DAP,dap_external,,,,,,.,,,nan,,,,,unresolved,0.0,,,,1.0.0
01cfa6efb5ca5565865c6b16320ec487,01cfa6efb5ca5565865c6b16320ec487,495d01cc141bd09a0cbc,DAP,dap_external,,,,,,.,,,nan,,,,,unresolved,0.0,,,,1.0.0
d5c3504f4514917779a6da295f04c6c8,d5c3504f4514917779a6da295f04c6c8,495d01cc141bd09a0cbc,DAP,dap_external,,,,,,.,,,nan,,,,,unresolved,0.0,,,,1.0.0
d5141091ffd384aeaad5716b5473c957,d5141091ffd384aeaad5716b5473c957,ea0c9c35561af0bc106d,DAP,dap_external,,,,,,.,,,nan,,,,,unresolved,0.0,,,,1.0.0
64b6d5ad6711eed46ae187904268603b,64b6d5ad6711eed46ae187904268603b,21d16a30fcd64bc2da1a,DAP,dap_external,,,,,,.,,,nan,,,,,unresolved,0.0,,,,1.0.0
f4402227d48d4768252fb8c2279b7fb4,f4402227d48d4768252fb8c2279b7fb4,1ab648acd962346d499f,DAP,dap_external,,,,,,.,,,nan,,,,,unresolved,0.0,,,,1.0.0
1d108657c14c4cc68bd1dbd3fc6a6af6,1d108657c14c4cc68bd1dbd3fc6a6af6,0e6063bb0b5411f00593,DAP,dap_external,,,,,,.,,,nan,,,,,unresolved,0.0,,,,1.0.0
054c544bfe1f7ac6fd2ca6f27eda4c3f,054c544bfe1f7ac6fd2ca6f27eda4c3f,0e6063bb0b5411f00593,DAP,dap_external,,,,,,.,,,nan,,,,,unresolved,0.0,,,,1.0.0
513baeaa969911b73e05b92512c4679f,513baeaa969911b73e05b92512c4679f,286620f6f080d78ec16f,DAP,dap_external,,,,,,.,,,nan,,,,,unresolved,0.0,,,,1.0.0
0e53e7c12a91beabc343731e5f597ca1,0e53e7c12a91beabc343731e5f597ca1,286620f6f080d78ec16f,DAP,dap_external,,,,,,.,,,nan,,,,,unresolved,0.0,,,,1.0.0
ec6e895feb2ce71d7e55a63dd0f63c45,ec6e895feb2ce71d7e55a63dd0f63c45,48ec37d34d9024f4d8b3,DAP,dap_external,,,,,,.,,,nan,,,,,unresolved,0.0,,,,1.0.0
ffd11a7dabd63a70731a7491ddbb20ae,ffd11a7dabd63a70731a7491ddbb20ae,48ec37d34d9024f4d8b3,DAP,dap_external,,,,,,.,,,nan,,,,,unresolved,0.0,,,,1.0.0
2f82d34fdcf7307b1e000129a70457d6,2f82d34fdcf7307b1e000129a70457d6,5812da911ba2c4fb89c5,DAP,dap_external,,,,,,.,,,nan,,,,,unresolved,0.0,,,,1.0.0
121f9980fbe52aedbaff2ae134a6a6c8,121f9980fbe52aedbaff2ae134a6a6c8,d2b026646c82f0cdcb71,DAP,dap_external,,,,,,.,,,nan,,,,,unresolved,0.0,,,,1.0.0
cff9cd3ec1242ee640dfeaf3d1e96350,cff9cd3ec1242ee640dfeaf3d1e96350,d2b026646c82f0cdcb71,DAP,dap_external,,,,,,.,,,nan,,,,,unresolved,0.0,,,,1.0.0
fea45b3cd441047ace810fa2cf9554d5,fea45b3cd441047ace810fa2cf9554d5,d07dc3d36c944e0b5919,DAP,dap_external,,,,,,.,,,nan,,,,,unresolved,0.0,,,,1.0.0
e64f028da6a883ad3c796f1827380c9f,e64f028da6a883ad3c796f1827380c9f,d07dc3d36c944e0b5919,DAP,dap_external,,,,,,.,,,nan,,,,,unresolved,0.0,,,,1.0.0
1357e34046f66bec63c2172ca3ed4591,1357e34046f66bec63c2172ca3ed4591,bb047d484e078ca2e3ee,DAP,dap_external,,,,,,.,,,nan,,,,,unresolved,0.0,,,,1.0.0
f9550457ca42f7d76156444caadc7f4b,f9550457ca42f7d76156444caadc7f4b,bb047d484e078ca2e3ee,DAP,dap_external,,,,,,.,,,nan,,,,,unresolved,0.0,,,,1.0.0
15a534d4c442c6f7180df5a76b2c6e9d,15a534d4c442c6f7180df5a76b2c6e9d,1ad471d2e61d2274851f,DAP,dap_external,,,,,,.,,,nan,,,,,unresolved,0.0,,,,1.0.0
9ec0e1c058dd60924e9a9c21804e72a7,9ec0e1c058dd60924e9a9c21804e72a7,4018f639540d93310563,DAP,dap_external,,,,,,.,,,nan,,,,,unresolved,0.0,,,,1.0.0
b9a00a74154a5142fb48b06be9a6f6b8,b9a00a74154a5142fb48b06be9a6f6b8,4018f639540d93310563,DAP,dap_external,,,,,,.,,,nan,,,,,unresolved,0.0,,,,1.0.0
21725ef0a0ca8290f5baf52f6d1d9850,21725ef0a0ca8290f5baf52f6d1d9850,7e0d0fdac9c4f5ed8ca2,DAP,dap_external,,,,,,.,,,nan,,,,,unresolved,0.0,,,,1.0.0
cc0fc3301fe9de7baa9e018efb16c6ba,cc0fc3301fe9de7baa9e018efb16c6ba,7e0d0fdac9c4f5ed8ca2,DAP,dap_external,,,,,,.,,,nan,,,,,unresolved,0.0,,,,1.0.0
0f3524fb8aebf2603d43b67764778ae9,0f3524fb8aebf2603d43b67764778ae9,b46247012593f754031d,DAP,dap_external,,,,,,.,,,nan,,,,,unresolved,0.0,,,,1.0.0
984d77de57a4c0460bb2bc5d786415e1,984d77de57a4c0460bb2bc5d786415e1,b46247012593f754031d,DAP,dap_external,,,,,,.,,,nan,,,,,unresolved,0.0,,,,1.0.0
f96cb2eb8314480f1eece556ae4e61f3,f96cb2eb8314480f1eece556ae4e61f3,902fcd251e3ecb30b53b,DAP,dap_external,,,,,,.,,,nan,,,,,unresolved,0.0,,,,1.0.0
7df1517ad4736bea4d747093700fd2a2,7df1517ad4736bea4d747093700fd2a2,902fcd251e3ecb30b53b,DAP,dap_external,,,,,,.,,,nan,,,,,unresolved,0.0,,,,1.0.0
dd6cc3c3c0060ab7975644296bb62c0a,dd6cc3c3c0060ab7975644296bb62c0a,f16707ab701e5d6ad9e1,DAP,dap_external,,,,,,.,,,nan,,,,,unresolved,0.0,,,,1.0.0
c75fecb0ca49175e389f511465069519,c75fecb0ca49175e389f511465069519,546dda45cc9448b64424,DAP,dap_external,,,,,,.,,,nan,,,,,unresolved,0.0,,,,1.0.0
332b86e22daae531e0c85affb526741e,332b86e22daae531e0c85affb526741e,39ad5124cbb089a274f4,DAP,dap_external,,,,,,.,,,nan,,,,,unresolved,0.0,,,,1.0.0
0d1b11dfbfe429bfacc5e372912820b8,0d1b11dfbfe429bfacc5e372912820b8,39ad5124cbb089a274f4,DAP,dap_external,,,,,,.,,,nan,,,,,unresolved,0.0,,,,1.0.0
f53ce1f7753832c5e81ab824f6000969,f53ce1f7753832c5e81ab824f6000969,df2ae0eecfa245ef2597,DAP,dap_external,,,,,,.,,,nan,,,,,unresolved,0.0,,,,1.0.0
0c6f4ae71cc30bfe5221f119e8337400,0c6f4ae71cc30bfe5221f119e8337400,df2ae0eecfa245ef2597,DAP,dap_external,,,,,,.,,,nan,,,,,unresolved,0.0,,,,1.0.0
284db2623fcb41ef0cca7e1ed6b7fd49,284db2623fcb41ef0cca7e1ed6b7fd49,0b92d5c9e9c2d13fbe2c,DAP,dap_external,,,,,,.,,,nan,,,,,unresolved,0.0,,,,1.0.0
2d8abd4a2190475abe11b3275a1302a6,2d8abd4a2190475abe11b3275a1302a6,7d3d307bc20ef6be28fb,DAP,dap_external,,,,,,.,,,nan,,,,,unresolved,0.0,,,,1.0.0
b3efdc3fc116ee0a06ce13250623b775,b3efdc3fc116ee0a06ce13250623b775,84ca14a083e29fada14e,DAP,dap_external,,,,,,.,,,nan,,,,,unresolved,0.0,,,,1.0.0
ab58173f222af90394fdc95f31a94cde,ab58173f222af90394fdc95f31a94cde,84ca14a083e29fada14e,DAP,dap_external,,,,,,.,,,nan,,,,,unresolved,0.0,,,,1.0.0
bae046faa7e0c2f15265e34630710f4d,bae046faa7e0c2f15265e34630710f4d,e58edec12e4e5fbb5ff5,DAP,dap_external,,,,,,.,,,nan,,,,,unresolved,0.0,,,,1.0.0
8e031b65c5acc5319dcbac757c8f1980,8e031b65c5acc5319dcbac757c8f1980,0318e50c8ef47fe3a10a,DAP,dap_external,,,,,,.,,,nan,,,,,unresolved,0.0,,,,1.0.0
c0cd9d1baa9d6ce979ca011d399e7142,c0cd9d1baa9d6ce979ca011d399e7142,f5eef38d075f032e5e93,DAP,dap_external,,,,,,.,,,nan,,,,,unresolved,0.0,,,,1.0.0
c91950bec80cdc95f027fc89be131d8d,c91950bec80cdc95f027fc89be131d8d,ee2d1ca26d2c0244c3bd,DAP,dap_external,,,,,,.,,,nan,,,,,unresolved,0.0,,,,1.0.0
598c4d782594003ec9cc6fe03b81833b,598c4d782594003ec9cc6fe03b81833b,2652fb4de01351f1b964,DAP,dap_external,,,,,,.,,,nan,,,,,unresolved,0.0,,,,1.0.0
cc2462163495979c3510aaf7b6311eae,cc2462163495979c3510aaf7b6311eae,cabc5676a02210920759,DAP,dap_external,,,,,,.,,,nan,,,,,unresolved,0.0,,,,1.0.0
faee5b174317f8766a1a0e9c9fe18d8b,faee5b174317f8766a1a0e9c9fe18d8b,cabc5676a02210920759,DAP,dap_external,,,,,,.,,,nan,,,,,unresolved,0.0,,,,1.0.0
326bdd0628bb4116007fb8e05e10af21,326bdd0628bb4116007fb8e05e10af21,faf5fe99f5f6d17672d3,DAP,dap_external,,,,,,.,,,nan,,,,,unresolved,0.0,,,,1.0.0
79544b65e188f0c7c20528e2ce2568fa,79544b65e188f0c7c20528e2ce2568fa,4e15766b3c1a16ce4104,DAP,dap_external,,,,,,.,,,nan,,,,,unresolved,0.0,,,,1.0.0
d9538956df2c985c24141d6875c976fd,d9538956df2c985c24141d6875c976fd,421e9c9be1cea102023c,DAP,dap_external,,,,,,.,,,nan,,,,,unresolved,0.0,,,,1.0.0
0806d5ab9fde085bce3ac4982863b448,0806d5ab9fde085bce3ac4982863b448,9e25dc1f3a49d0564efe,DAP,dap_external,,,,,,.,,,nan,,,,,unresolved,0.0,,,,1.0.0
245eeba673aed98b0a137afcdcf860bd,245eeba673aed98b0a137afcdcf860bd,99cb5f3221cc7d7ae3d9,DAP,dap_external,,,,,,.,,,nan,,,,,unresolved,0.0,,,,1.0.0
d4cb2440e8e4a355bca17a7678b544f8,d4cb2440e8e4a355bca17a7678b544f8,a1c846569abf010b68cd,DAP,dap_external,,,,,,.,,,nan,,,,,unresolved,0.0,,,,1.0.0
38bafd31cb076f8d5452f43bd2f5fd91,38bafd31cb076f8d5452f43bd2f5fd91,e108acffa477f1463371,DAP,dap_external,,,,,,.,,,nan,,,,,unresolved,0.0,,,,1.0.0
3fb581319d40a533a84b40668c230279,3fb581319d40a533a84b40668c230279,5169e8e50e9dd281bd6c,DAP,dap_external,,,,,,.,,,nan,,,,,unresolved,0.0,,,,1.0.0
79aec7313d306caf398be3113f1f1dcd,79aec7313d306caf398be3113f1f1dcd,35fe3a493601a323a7f3,DAP,dap_external,,,,,,.,,,nan,,,,,unresolved,0.0,,,,1.0.0
159686652aa44698f0e2cbd957ae3046,159686652aa44698f0e2cbd957ae3046,35fe3a493601a323a7f3,DAP,dap_external,,,,,,.,,,nan,,,,,unresolved,0.0,,,,1.0.0
21e24c13334994421c17f41c69a632ac,21e24c13334994421c17f41c69a632ac,658ec2429fe7d719415c,DAP,dap_external,,,,,,.,,,nan,,,,,unresolved,0.0,,,,1.0.0
802b51143a4c29e31f1eaad94b169b71,802b51143a4c29e31f1eaad94b169b71,658ec2429fe7d719415c,DAP,dap_external,,,,,,.,,,nan,,,,,unresolved,0.0,,,,1.0.0
ba8f232cfe7721d0ecc998d8f0dec061,ba8f232cfe7721d0ecc998d8f0dec061,36999b24adcfceefc884,DAP,dap_external,,,,,,.,,,nan,,,,,unresolved,0.0,,,,1.0.0
e1c7569725009bd4d116dfed69e22785,e1c7569725009bd4d116dfed69e22785,b298179f32a06130e90c,DAP,dap_external,,,,,,.,,,nan,,,,,unresolved,0.0,,,,1.0.0
f2238b089dbc03d560ed151deac36ab1,f2238b089dbc03d560ed151deac36ab1,b298179f32a06130e90c,DAP,dap_external,,,,,,.,,,nan,,,,,unresolved,0.0,,,,1.0.0
a63be3c06988dd5ee16bab06d9fc25d3,a63be3c06988dd5ee16bab06d9fc25d3,e74e22c64d63830557c6,DAP,dap_external,,,,,,.,,,nan,,,,,unresolved,0.0,,,,1.0.0
79436813920a859cb362ed3ad4e25be0,79436813920a859cb362ed3ad4e25be0,e74e22c64d63830557c6,DAP,dap_external,,,,,,.,,,nan,,,,,unresolved,0.0,,,,1.0.0
b1c895feaacfdd942c1d8c9cf323d051,b1c895feaacfdd942c1d8c9cf323d051,1ae91be6ecf801f7f101,DAP,dap_external,,,,,,.,,,nan,,,,,unresolved,0.0,,,,1.0.0
2d250c29a90a0a9c7dd3d6d00bc19ec9,2d250c29a90a0a9c7dd3d6d00bc19ec9,9d5f690ef34a2a47fb50,DAP,dap_external,,,,,,.,,,nan,,,,,unresolved,0.0,,,,1.0.0
fd866d08ce4e188cce7bbe50ae4c8346,fd866d08ce4e188cce7bbe50ae4c8346,9d5f690ef34a2a47fb50,DAP,dap_external,,,,,,.,,,nan,,,,,unresolved,0.0,,,,1.0.0
b394df413a721af3064fefff5676993e,b394df413a721af3064fefff5676993e,81ae0069c493cb7e5544,DAP,dap_external,,,,,,.,,,nan,,,,,unresolved,0.0,,,,1.0.0
b87a92fecf9f9daf53fcff53daa4ee52,b87a92fecf9f9daf53fcff53daa4ee52,1ffaab00c447a5de6110,DAP,dap_external,,,,,,.,,,nan,,,,,unresolved,0.0,,,,1.0.0
2648406edde848ca3922e68bae79237e,2648406edde848ca3922e68bae79237e,39e437b370d7183ac92b,DAP,dap_external,,,,,,.,,,nan,,,,,unresolved,0.0,,,,1.0.0
d59e7223108692aafe52f54e570cb78a,d59e7223108692aafe52f54e570cb78a,520a15a6482b381bc563,DAP,dap_external,,,,,,.,,,nan,,,,,unresolved,0.0,,,,1.0.0
fb36ab43c46b5309e2416a2a1432bb3e,fb36ab43c46b5309e2416a2a1432bb3e,59bf3137022ffa015649,DAP,dap_external,,,,,,.,,,nan,,,,,unresolved,0.0,,,,1.0.0
1584dbb6abe5cf84bbe37a60597705b7,1584dbb6abe5cf84bbe37a60597705b7,2d9b645dff85b3b8812c,DAP,dap_external,,,,,,.,,,nan,,,,,unresolved,0.0,,,,1.0.0
55506116891233bab3595913e198b126,55506116891233bab3595913e198b126,2d9b645dff85b3b8812c,DAP,dap_external,,,,,,.,,,nan,,,,,unresolved,0.0,,,,1.0.0
345da3570f8dffce3f778f10ba88cc3c,345da3570f8dffce3f778f10ba88cc3c,036ac5305e635014e42f,DAP,dap_external,,,,,,.,,,nan,,,,,unresolved,0.0,,,,1.0.0
23818b192b551ac525d18a37e2e2b654,23818b192b551ac525d18a37e2e2b654,036ac5305e635014e42f,DAP,dap_external,,,,,,.,,,nan,,,,,unresolved,0.0,,,,1.0.0
d5f1ad944e74b827cf2d962e38e08c48,d5f1ad944e74b827cf2d962e38e08c48,c946944a3ef898b4c0e0,DAP,dap_external,,,,,,.,,,nan,,,,,unresolved,0.0,,,,1.0.0
5c159b47d3d20e81ef15eef96498b514,5c159b47d3d20e81ef15eef96498b514,c946944a3ef898b4c0e0,DAP,dap_external,,,,,,.,,,nan,,,,,unresolved,0.0,,,,1.0.0
86969aec7a213ae1b5be8e0f56d080a3,86969aec7a213ae1b5be8e0f56d080a3,2b2e77f374d4d2ee4c99,DAP,dap_external,,,,,,.,,,nan,,,,,unresolved,0.0,,,,1.0.0
ebf1ce292d7428dc929aa888207bb778,ebf1ce292d7428dc929aa888207bb778,2b2e77f374d4d2ee4c99,DAP,dap_external,,,,,,.,,,nan,,,,,unresolved,0.0,,,,1.0.0
937c98bc2158d8c8bce9a41afe683be5,937c98bc2158d8c8bce9a41afe683be5,a07a1844de680c46227b,DAP,dap_external,,,,,,.,,,nan,,,,,unresolved,0.0,,,,1.0.0
3f1fc6ba600ec98a3471901f65ac9676,3f1fc6ba600ec98a3471901f65ac9676,d4337502110280cd1a3d,DAP,dap_external,,,,,,.,,,nan,,,,,unresolved,0.0,,,,1.0.0
9c68c941823b2933c86035b4266c9c77,9c68c941823b2933c86035b4266c9c77,0da7396fce93bc6e03f8,DAP,dap_external,,,,,,.,,,nan,,,,,unresolved,0.0,,,,1.0.0
b3158cb33830e41f067f2aeea7f81b0e,b3158cb33830e41f067f2aeea7f81b0e,1deb4382f9ab10359e0f,DAP,dap_external,,,,,,.,,,nan,,,,,unresolved,0.0,,,,1.0.0
00336306a018072649ddee79d7bcd579,00336306a018072649ddee79d7bcd579,1deb4382f9ab10359e0f,DAP,dap_external,,,,,,.,,,nan,,,,,unresolved,0.0,,,,1.0.0
82b1faa585a6182300e0dc97c784eeb4,82b1faa585a6182300e0dc97c784eeb4,2077af7cae486786cccb,DAP,dap_external,,,,,,.,,,nan,,,,,unresolved,0.0,,,,1.0.0
1841aabe5e0322a2d6a26723cfdb0cf7,1841aabe5e0322a2d6a26723cfdb0cf7,2077af7cae486786cccb,DAP,dap_external,,,,,,.,,,nan,,,,,unresolved,0.0,,,,1.0.0
8699c8015bfb88d1911cf5dfa2ea800a,8699c8015bfb88d1911cf5dfa2ea800a,1f838552843286a40793,DAP,dap_external,,,,,,.,,,nan,,,,,unresolved,0.0,,,,1.0.0
168c2749bc873b01dd242a84f0ea5f42,168c2749bc873b01dd242a84f0ea5f42,ae3f1e76abf17d6b4415,DAP,dap_external,,,,,,.,,,nan,,,,,unresolved,0.0,,,,1.0.0
dbe4ce36e6735f48ebc51b8d99642b16,dbe4ce36e6735f48ebc51b8d99642b16,9d1fe532cd700d7b4a16,DAP,dap_external,,,,,,.,,,nan,,,,,unresolved,0.0,,,,1.0.0
39ee325c616e25458bd8420914505192,39ee325c616e25458bd8420914505192,b346650c07c605d19ad7,DAP,dap_external,,,,,,.,,,nan,,,,,unresolved,0.0,,,,1.0.0
6a1d17402792a2b6db75d0a857072a34,6a1d17402792a2b6db75d0a857072a34,6cf896e4cd50f2efe888,DAP,dap_external,,,,,,.,,,nan,,,,,unresolved,0.0,,,,1.0.0
476f02b8eb1613324c82fc04bc46d2b8,476f02b8eb1613324c82fc04bc46d2b8,6cf896e4cd50f2efe888,DAP,dap_external,,,,,,.,,,nan,,,,,unresolved,0.0,,,,1.0.0
0e936ff0bfbc4bda5c749f31a77484e5,0e936ff0bfbc4bda5c749f31a77484e5,7ce5732e229d5179a567,DAP,dap_external,,,,,,.,,,nan,,,,,unresolved,0.0,,,,1.0.0
69dd91075d57ed4ea88cf0c83eee19f1,69dd91075d57ed4ea88cf0c83eee19f1,ff64a3aea27595e5f28d,DAP,dap_external,,,,,,.,,,nan,,,,,unresolved,0.0,,,,1.0.0
12f3af1c6c805d02a4403c6c1650cab3,12f3af1c6c805d02a4403c6c1650cab3,49007dd9d662fd39fca7,DAP,dap_external,,,,,,.,,,nan,,,,,unresolved,0.0,,,,1.0.0
11281b2e78192fa7ba7b6b5f547e9225,11281b2e78192fa7ba7b6b5f547e9225,49007dd9d662fd39fca7,DAP,dap_external,,,,,,.,,,nan,,,,,unresolved,0.0,,,,1.0.0
386cf6bea7d75fd07b33894970bd0262,386cf6bea7d75fd07b33894970bd0262,12b884be594a00d70507,DAP,dap_external,,,,,,.,,,nan,,,,,unresolved,0.0,,,,1.0.0
f008592467607fece1d4e28bfaaebd31,f008592467607fece1d4e28bfaaebd31,12b884be594a00d70507,DAP,dap_external,,,,,,.,,,nan,,,,,unresolved,0.0,,,,1.0.0
e253a4a1b55f1cf76826f94553cc4e90,e253a4a1b55f1cf76826f94553cc4e90,8a9de9b2e71ccc7da42c,DAP,dap_external,,,,,,.,,,nan,,,,,unresolved,0.0,,,,1.0.0
ae3740ec3eb280aa64469bab9aea121d,ae3740ec3eb280aa64469bab9aea121d,d430e3d128285630492b,DAP,dap_external,,,,,,.,,,nan,,,,,unresolved,0.0,,,,1.0.0
ee86881a373cc3a66179f6a310ac7418,ee86881a373cc3a66179f6a310ac7418,f75564c6beac8b29b1d8,DAP,dap_external,,,,,,.,,,nan,,,,,unresolved,0.0,,,,1.0.0
d5f83a55b86bc72d6234b911abc5cb06,d5f83a55b86bc72d6234b911abc5cb06,f75564c6beac8b29b1d8,DAP,dap_external,,,,,,.,,,nan,,,,,unresolved,0.0,,,,1.0.0
e3a35ca3661f6727b03eb48fe8600385,e3a35ca3661f6727b03eb48fe8600385,1a3d38674736e030608a,DAP,dap_external,,,,,,.,,,nan,,,,,unresolved,0.0,,,,1.0.0
7245fdd69cc6e051bb75f198ad01c2c6,7245fdd69cc6e051bb75f198ad01c2c6,1a3d38674736e030608a,DAP,dap_external,,,,,,.,,,nan,,,,,unresolved,0.0,,,,1.0.0
85106a1d6fc9b60f2d67da601f4d07df,85106a1d6fc9b60f2d67da601f4d07df,af8de86ce47893c0d322,DAP,dap_external,,,,,,.,,,nan,,,,,unresolved,0.0,,,,1.0.0
9058da03fb24e39f5656a3fcc661631e,9058da03fb24e39f5656a3fcc661631e,12b926a6fffd5201cbbd,DAP,dap_external,,,,,,.,,,nan,,,,,unresolved,0.0,,,,1.0.0
7a288cd15cf61cb9ddba4b3b1e93a0dd,7a288cd15cf61cb9ddba4b3b1e93a0dd,12b926a6fffd5201cbbd,DAP,dap_external,,,,,,.,,,nan,,,,,unresolved,0.0,,,,1.0.0
176464be26f98d367a0d8bbb4ef2bf47,176464be26f98d367a0d8bbb4ef2bf47,6d59541ee140295aa645,DAP,dap_external,,,,,,.,,,nan,,,,,unresolved,0.0,,,,1.0.0
17f4f6f909711909646efd9b5b73406d,17f4f6f909711909646efd9b5b73406d,6d59541ee140295aa645,DAP,dap_external,,,,,,.,,,nan,,,,,unresolved,0.0,,,,1.0.0
d2e1edd1348fbb9adf18ce240f93a9c3,d2e1edd1348fbb9adf18ce240f93a9c3,ad8842844fdc90fe2fb1,DAP,dap_external,,,,,,.,,,nan,,,,,unresolved,0.0,,,,1.0.0
333569ef2fd42c883203f4739288d2df,333569ef2fd42c883203f4739288d2df,ad8842844fdc90fe2fb1,DAP,dap_external,,,,,,.,,,nan,,,,,unresolved,0.0,,,,1.0.0
240f0929a02614ddadffc73029fabd04,240f0929a02614ddadffc73029fabd04,0efb0fc92010079495ca,DAP,dap_external,,,,,,.,,,nan,,,,,unresolved,0.0,,,,1.0.0
fb75ca88fb9187ee7a1d4831e65eede5,fb75ca88fb9187ee7a1d4831e65eede5,0efb0fc92010079495ca,DAP,dap_external,,,,,,.,,,nan,,,,,unresolved,0.0,,,,1.0.0
cc7b2da3f054580a73cf9aa2baa6dd15,cc7b2da3f054580a73cf9aa2baa6dd15,e7a89ab265bce30d1b82,DAP,dap_external,,,,,,.,,,nan,,,,,unresolved,0.0,,,,1.0.0
4c0bdd45d458d538e71ce9dc3268cde2,4c0bdd45d458d538e71ce9dc3268cde2,7f579fe53e13b215048e,DAP,dap_external,,,,,,.,,,nan,,,,,unresolved,0.0,,,,1.0.0
089f9296b143daff6705ebefb4397da7,089f9296b143daff6705ebefb4397da7,7395c03c70ca49e0747b,DAP,dap_external,,,,,,.,,,nan,,,,,unresolved,0.0,,,,1.0.0
e38f1ca01c9eb74b21e00b8529cccf70,e38f1ca01c9eb74b21e00b8529cccf70,7395c03c70ca49e0747b,DAP,dap_external,,,,,,.,,,nan,,,,,unresolved,0.0,,,,1.0.0
b8194b7cbba32dc3bbbdc3039998915f,b8194b7cbba32dc3bbbdc3039998915f,5f0f37c59e0922bea650,DAP,dap_external,,,,,,.,,,nan,,,,,unresolved,0.0,,,,1.0.0
0bcda1007b94f4bb4f9b13c3e6f924c6,0bcda1007b94f4bb4f9b13c3e6f924c6,5f0f37c59e0922bea650,DAP,dap_external,,,,,,.,,,nan,,,,,unresolved,0.0,,,,1.0.0
167afa6f7ebb1c3b0a16869f6fd8133f,167afa6f7ebb1c3b0a16869f6fd8133f,b147fe84cc4d04398b2f,DAP,dap_external,,,,,,.,,,nan,,,,,unresolved,0.0,,,,1.0.0
3888e89f8fa25826536d6423ebc573e8,3888e89f8fa25826536d6423ebc573e8,b147fe84cc4d04398b2f,DAP,dap_external,,,,,,.,,,nan,,,,,unresolved,0.0,,,,1.0.0
8ff2a3e5fea453318d94802e54a36ae1,8ff2a3e5fea453318d94802e54a36ae1,52ffbb8db41ad4027097,DAP,dap_external,,,,,,.,,,nan,,,,,unresolved,0.0,,,,1.0.0
c369c1758fde647e3f7f368570865a8e,c369c1758fde647e3f7f368570865a8e,52ffbb8db41ad4027097,DAP,dap_external,,,,,,.,,,nan,,,,,unresolved,0.0,,,,1.0.0
5fa1c8790513205ca0ad2426c98516f8,5fa1c8790513205ca0ad2426c98516f8,c90f5af5f71ae3daeaba,DAP,dap_external,,,,,,.,,,nan,,,,,unresolved,0.0,,,,1.0.0
cb951c3c52940d8ae5aeeb72c51d9135,cb951c3c52940d8ae5aeeb72c51d9135,c7a0a4d15c5dde3e0097,DAP,dap_external,,,,,,.,,,nan,,,,,unresolved,0.0,,,,1.0.0
5f1ca1510a8cca7917775e569b460fdf,5f1ca1510a8cca7917775e569b460fdf,ac4c7ac14d08953d2a7d,DAP,dap_external,,,,,,.,,,nan,,,,,unresolved,0.0,,,,1.0.0
075aa95e5e03ba5abe3ba152b6bb1724,075aa95e5e03ba5abe3ba152b6bb1724,ac4c7ac14d08953d2a7d,DAP,dap_external,,,,,,.,,,nan,,,,,unresolved,0.0,,,,1.0.0
21eea185b4ae5db8368b0b8141631c3e,21eea185b4ae5db8368b0b8141631c3e,d3b7c16dbed1588067e6,DAP,dap_external,,,,,,.,,,nan,,,,,unresolved,0.0,,,,1.0.0
e1d4e149f4cef2748ce95de2a279b246,e1d4e149f4cef2748ce95de2a279b246,d3b7c16dbed1588067e6,DAP,dap_external,,,,,,.,,,nan,,,,,unresolved,0.0,,,,1.0.0
b43a926911bafa1dfd433ee6fe904f67,b43a926911bafa1dfd433ee6fe904f67,427da2b4e2c175069733,DAP,dap_external,,,,,,.,,,nan,,,,,unresolved,0.0,,,,1.0.0
91eefe0717e069ea8c0f0b6606d30bfe,91eefe0717e069ea8c0f0b6606d30bfe,427da2b4e2c175069733,DAP,dap_external,,,,,,.,,,nan,,,,,unresolved,0.0,,,,1.0.0
3c6d3b965c5d9e46b5c06c629e80108b,3c6d3b965c5d9e46b5c06c629e80108b,f84912867cae4bab0b54,DAP,dap_external,,,,,,.,,,nan,,,,,unresolved,0.0,,,,1.0.0
205c1819af3d46235ab79ebaf330e352,205c1819af3d46235ab79ebaf330e352,f84912867cae4bab0b54,DAP,dap_external,,,,,,.,,,nan,,,,,unresolved,0.0,,,,1.0.0
c14f18ae5cda86aad17f20f89ba59156,c14f18ae5cda86aad17f20f89ba59156,271cd92bce4c9ef0726e,DAP,dap_external,,,,,,.,,,nan,,,,,unresolved,0.0,,,,1.0.0
57ddfced929206212c609978c47392ea,57ddfced929206212c609978c47392ea,b734dc9d10a92643e7d7,DAP,dap_external,,,,,,.,,,nan,,,,,unresolved,0.0,,,,1.0.0
ea6d3f1bf3730652893ab7dd1a1b5056,ea6d3f1bf3730652893ab7dd1a1b5056,b734dc9d10a92643e7d7,DAP,dap_external,,,,,,.,,,nan,,,,,unresolved,0.0,,,,1.0.0
93256c60ac645ceac4a982c695a35176,93256c60ac645ceac4a982c695a35176,44eba1c1a859071c7e86,DAP,dap_external,,,,,,.,,,nan,,,,,unresolved,0.0,,,,1.0.0
13898b51df9b11fe1579b9a16713bb51,13898b51df9b11fe1579b9a16713bb51,54121aaa49a0bd9e9d50,DAP,dap_external,,,,,,.,,,nan,,,,,unresolved,0.0,,,,1.0.0
b5e587b8e53256cd3ca5960dd49c3a59,b5e587b8e53256cd3ca5960dd49c3a59,efc55bf88fd4dabede18,DAP,dap_external,,,,,,.,,,nan,,,,,unresolved,0.0,,,,1.0.0
0c17fe706e27f7dcf80761349e41d977,0c17fe706e27f7dcf80761349e41d977,efc55bf88fd4dabede18,DAP,dap_external,,,,,,.,,,nan,,,,,unresolved,0.0,,,,1.0.0
ac88e60c1118b30dae84e28ea1500478,ac88e60c1118b30dae84e28ea1500478,2fc1ad9686f1e7e759ec,DAP,dap_external,,,,,,.,,,nan,,,,,unresolved,0.0,,,,1.0.0
918823aaca5f83cec720139dc4319dcb,918823aaca5f83cec720139dc4319dcb,2fc1ad9686f1e7e759ec,DAP,dap_external,,,,,,.,,,nan,,,,,unresolved,0.0,,,,1.0.0
949cd3dd135010271c7fc8015643d314,949cd3dd135010271c7fc8015643d314,a578c8a45a6f3e7e4a90,DAP,dap_external,,,,,,.,,,nan,,,,,unresolved,0.0,,,,1.0.0
0b70b8883707ff54a660d1a4ac6ccc4e,0b70b8883707ff54a660d1a4ac6ccc4e,a578c8a45a6f3e7e4a90,DAP,dap_external,,,,,,.,,,nan,,,,,unresolved,0.0,,,,1.0.0
0fdf3164caa41988fa04f2b16df2eeee,0fdf3164caa41988fa04f2b16df2eeee,e45fe1935b05c8273ac3,DAP,dap_external,,,,,,.,,,nan,,,,,unresolved,0.0,,,,1.0.0
15af63a667bfe45d0b8f5f8f0213fb96,15af63a667bfe45d0b8f5f8f0213fb96,e45fe1935b05c8273ac3,DAP,dap_external,,,,,,.,,,nan,,,,,unresolved,0.0,,,,1.0.0
35d509d6c8dc796024acc7b2965827dc,35d509d6c8dc796024acc7b2965827dc,ca56ccca6ea95a1365a7,DAP,dap_external,,,,,,.,,,nan,,,,,unresolved,0.0,,,,1.0.0
ec1afb2853d4261f5c6b507ae549f0ba,ec1afb2853d4261f5c6b507ae549f0ba,d0aa51927d800211939d,DAP,dap_external,,,,,,.,,,nan,,,,,unresolved,0.0,,,,1.0.0
3302e6fb961785731a308042a1ea97e1,3302e6fb961785731a308042a1ea97e1,d0aa51927d800211939d,DAP,dap_external,,,,,,.,,,nan,,,,,unresolved,0.0,,,,1.0.0
a346ce03646d01e337073f846414dc76,a346ce03646d01e337073f846414dc76,f9d3fd9046198088ddb7,DAP,dap_external,,,,,,.,,,nan,,,,,unresolved,0.0,,,,1.0.0
4edf5268d63f953e04d2f0daef89d724,4edf5268d63f953e04d2f0daef89d724,4d3f529c06f1b555b325,DAP,dap_external,,,,,,.,,,nan,,,,,unresolved,0.0,,,,1.0.0
03eb0702be485957400a31841d889301,03eb0702be485957400a31841d889301,b166c04358477c516ed7,DAP,dap_external,,,,,,.,,,nan,,,,,unresolved,0.0,,,,1.0.0
791f1bf001efc4ec7fe39ab729915b87,791f1bf001efc4ec7fe39ab729915b87,b08b24350c3193d181f6,DAP,dap_external,,,,,,.,,,nan,,,,,unresolved,0.0,,,,1.0.0
8e084cec764fb0c6eb0416238e403420,8e084cec764fb0c6eb0416238e403420,b08b24350c3193d181f6,DAP,dap_external,,,,,,.,,,nan,,,,,unresolved,0.0,,,,1.0.0
5baa9270189111f617ea7af417512331,5baa9270189111f617ea7af417512331,bc4f64551b225ec1d36f,DAP,dap_external,,,,,,.,,,nan,,,,,unresolved,0.0,,,,1.0.0
b49058a01c31f89bb99df3f9fdc149e4,b49058a01c31f89bb99df3f9fdc149e4,85aa942b436fcc84f4d2,DAP,dap_external,,,,,,.,,,nan,,,,,unresolved,0.0,,,,1.0.0
e3266567de2549b9f38382ca6d2d4036,e3266567de2549b9f38382ca6d2d4036,e4fd85ec61239789edc1,DAP,dap_external,,,,,,.,,,nan,,,,,unresolved,0.0,,,,1.0.0
15db613bd16d0206bd2a9201927bea34,15db613bd16d0206bd2a9201927bea34,e4fd85ec61239789edc1,DAP,dap_external,,,,,,.,,,nan,,,,,unresolved,0.0,,,,1.0.0
038e9fe50f058625f525e18de3a66f89,038e9fe50f058625f525e18de3a66f89,d661ff41563bd2d61ced,DAP,dap_external,,,,,,.,,,nan,,,,,unresolved,0.0,,,,1.0.0
508a339b1d96d24ff8b1c0ab2bbf15f1,508a339b1d96d24ff8b1c0ab2bbf15f1,d661ff41563bd2d61ced,DAP,dap_external,,,,,,.,,,nan,,,,,unresolved,0.0,,,,1.0.0
c80e274c20c41e76d5a1d252f18c78c9,c80e274c20c41e76d5a1d252f18c78c9,1298fb137914115e9846,DAP,dap_external,,,,,,.,,,nan,,,,,unresolved,0.0,,,,1.0.0
08fe664918b55dc138a62a8585b28a5a,08fe664918b55dc138a62a8585b28a5a,9422896a33c8ccfa9832,DAP,dap_external,,,,,,.,,,nan,,,,,unresolved,0.0,,,,1.0.0
9b86f59377275ac73674fcf111451a35,9b86f59377275ac73674fcf111451a35,9422896a33c8ccfa9832,DAP,dap_external,,,,,,.,,,nan,,,,,unresolved,0.0,,,,1.0.0
60fa3fee6753f8ad4edfdfcd8eb8b118,60fa3fee6753f8ad4edfdfcd8eb8b118,9422896a33c8ccfa9832,DAP,dap_external,,,,,,.,,,nan,,,,,unresolved,0.0,,,,1.0.0
eceb2c3a769df292891b5f17083ac442,eceb2c3a769df292891b5f17083ac442,bc7600daa47917910072,DAP,dap_external,,,,,,.,,,nan,,,,,unresolved,0.0,,,,1.0.0
0180f4519db66d05de86bfeefe6bf53d,0180f4519db66d05de86bfeefe6bf53d,c409fbfda4eb0ec79fa2,DAP,dap_external,,,,,,.,,,nan,,,,,unresolved,0.0,,,,1.0.0
c3c4ce821ebd31116399e1c4e7534290,c3c4ce821ebd31116399e1c4e7534290,c409fbfda4eb0ec79fa2,DAP,dap_external,,,,,,.,,,nan,,,,,unresolved,0.0,,,,1.0.0
cb872aab0d19526d2d68ce5ffba04ee8,cb872aab0d19526d2d68ce5ffba04ee8,b7abff8adc9a6dfaa945,DAP,dap_external,,,,,,.,,,nan,,,,,unresolved,0.0,,,,1.0.0
f1db4e36d207268165cfc13682695a79,f1db4e36d207268165cfc13682695a79,dc640d6b3e76ca993b14,DAP,dap_external,,,,,,.,,,nan,,,,,unresolved,0.0,,,,1.0.0
4d0c506124c3023a9c53ebccf43fcac4,4d0c506124c3023a9c53ebccf43fcac4,0c2a56591df6fb3dbb68,DAP,dap_external,,,,,,.,,,nan,,,,,unresolved,0.0,,,,1.0.0
3ced52be32d0a19d13ab98bb01cf7e12,3ced52be32d0a19d13ab98bb01cf7e12,25f02722ecf107e6352a,DAP,dap_external,,,,,,.,,,nan,,,,,unresolved,0.0,,,,1.0.0
42b7dbd15bd612b6cd02593765a289b1,42b7dbd15bd612b6cd02593765a289b1,c40135a129e349fdd496,DAP,dap_external,,,,,,.,,,nan,,,,,unresolved,0.0,,,,1.0.0
96d68570308b81fb3260d12ebfb0c0f9,96d68570308b81fb3260d12ebfb0c0f9,5633c05e224a9e74db6a,DAP,dap_external,,,,,,.,,,nan,,,,,unresolved,0.0,,,,1.0.0
534b315d5fd80ff8756abab8f22ea492,534b315d5fd80ff8756abab8f22ea492,baf834ddef7610a7a261,DAP,dap_external,,,,,,.,,,nan,,,,,unresolved,0.0,,,,1.0.0
ab25b86112c14ecf052a77c802ef8250,ab25b86112c14ecf052a77c802ef8250,45ba91b397c677c7fb2f,DAP,dap_external,,,,,,.,,,nan,,,,,unresolved,0.0,,,,1.0.0
0e8b6817604a746b106bf38caa02220d,0e8b6817604a746b106bf38caa02220d,5addf5352f7461db4761,DAP,dap_external,,,,,,.,,,nan,,,,,unresolved,0.0,,,,1.0.0
80dfa2282d38b4b071e1520b13a77fe9,80dfa2282d38b4b071e1520b13a77fe9,d7baa81ca3ee856dccad,DAP,dap_external,,,,,,.,,,nan,,,,,unresolved,0.0,,,,1.0.0
33e04441a85729d71f8e3af91bac87ee,33e04441a85729d71f8e3af91bac87ee,9a65166ce5d446ee13eb,DAP,dap_external,,,,,,.,,,nan,,,,,unresolved,0.0,,,,1.0.0
f8add938395b3655e82aeed2709efa7c,f8add938395b3655e82aeed2709efa7c,aa41150a28bd1639d11d,DAP,dap_external,,,,,,.,,,nan,,,,,unresolved,0.0,,,,1.0.0
81dba6321c4bae835429667b4a0bc8c1,81dba6321c4bae835429667b4a0bc8c1,aa41150a28bd1639d11d,DAP,dap_external,,,,,,.,,,nan,,,,,unresolved,0.0,,,,1.0.0
750dc723a3ba56e7e3240cf578fb876d,750dc723a3ba56e7e3240cf578fb876d,212daf0b7f0367aaf498,DAP,dap_external,,,,,,.,,,nan,,,,,unresolved,0.0,,,,1.0.0
13c11630f64cfb187b05c0ab75035169,13c11630f64cfb187b05c0ab75035169,212daf0b7f0367aaf498,DAP,dap_external,,,,,,.,,,nan,,,,,unresolved,0.0,,,,1.0.0
791bfbd5b13b7fece5ae0c517ffc8713,791bfbd5b13b7fece5ae0c517ffc8713,b52361176f17ad4e0153,DAP,dap_external,,,,,,.,,,nan,,,,,unresolved,0.0,,,,1.0.0
e44a681ada5a5fe7594a25f2a9364ac3,e44a681ada5a5fe7594a25f2a9364ac3,57b3a5e4411e59025101,DAP,dap_external,,,,,,.,,,nan,,,,,unresolved,0.0,,,,1.0.0
cdeacb5ec4063d2fec6dd39e0f83ef88,cdeacb5ec4063d2fec6dd39e0f83ef88,51d568559bb9bc56029c,DAP,dap_external,,,,,,.,,,nan,,,,,unresolved,0.0,,,,1.0.0
a1c4f6f9cdff5d8536ea2596c5abb5a0,a1c4f6f9cdff5d8536ea2596c5abb5a0,51d568559bb9bc56029c,DAP,dap_external,,,,,,.,,,nan,,,,,unresolved,0.0,,,,1.0.0
3abf76df036a73261401f523fbdf0a42,3abf76df036a73261401f523fbdf0a42,ff48259b6953aa81d2a9,DAP,dap_external,,,,,,.,,,nan,,,,,unresolved,0.0,,,,1.0.0
54621493666e3ff81a0b7235a4179146,54621493666e3ff81a0b7235a4179146,ff48259b6953aa81d2a9,DAP,dap_external,,,,,,.,,,nan,,,,,unresolved,0.0,,,,1.0.0
0b04127a0b1c6de6523e39154de51461,0b04127a0b1c6de6523e39154de51461,5149196f29cfb4238264,DAP,dap_external,,,,,,.,,,nan,,,,,unresolved,0.0,,,,1.0.0
578270e2167684d64e16980b1bec2fa9,578270e2167684d64e16980b1bec2fa9,5149196f29cfb4238264,DAP,dap_external,,,,,,.,,,nan,,,,,unresolved,0.0,,,,1.0.0
725ae47de8d6643731596c3e4e0a7a4a,725ae47de8d6643731596c3e4e0a7a4a,1d039491f9f8496d0c71,DAP,dap_external,,,,,,.,,,nan,,,,,unresolved,0.0,,,,1.0.0
ef25dbd2f96c3eaee58b80b1b46a9c88,ef25dbd2f96c3eaee58b80b1b46a9c88,9f6196e55402b07dea21,DAP,dap_external,,,,,,.,,,nan,,,,,unresolved,0.0,,,,1.0.0
bdf6cdf5bce096cd660bd7b06804c7a8,bdf6cdf5bce096cd660bd7b06804c7a8,b2563428bcf01044a1ca,DAP,dap_external,,,,,,.,,,nan,,,,,unresolved,0.0,,,,1.0.0
ea888c9bfb8b885dd712c2ad37ef4105,ea888c9bfb8b885dd712c2ad37ef4105,b2563428bcf01044a1ca,DAP,dap_external,,,,,,.,,,nan,,,,,unresolved,0.0,,,,1.0.0
3a28a3af257da18b492c1bbfc0a1c699,3a28a3af257da18b492c1bbfc0a1c699,9c3beb2f94758f5659eb,DAP,dap_external,,,,,,.,,,nan,,,,,unresolved,0.0,,,,1.0.0
323686be54987e872a58c91f7dfd90b8,323686be54987e872a58c91f7dfd90b8,dc06b9e225158a510dc3,DAP,dap_external,,,,,,.,,,nan,,,,,unresolved,0.0,,,,1.0.0
b2d2484e84d4e9968b7df69230802a1e,b2d2484e84d4e9968b7df69230802a1e,dc06b9e225158a510dc3,DAP,dap_external,,,,,,.,,,nan,,,,,unresolved,0.0,,,,1.0.0
81e4d96b94dc71c15d62a0b6c65060b3,81e4d96b94dc71c15d62a0b6c65060b3,648b3188e410a15d744c,DAP,dap_external,,,,,,.,,,nan,,,,,unresolved,0.0,,,,1.0.0
b175960a86b52a89f746345d71fc5a68,b175960a86b52a89f746345d71fc5a68,fdd51b08d080336f7726,DAP,dap_external,,,,,,.,,,nan,,,,,unresolved,0.0,,,,1.0.0
5f18adaeac830120aa7a1a15f55377ea,5f18adaeac830120aa7a1a15f55377ea,df24b30ec2ed27b24012,DAP,dap_external,,,,,,.,,,nan,,,,,unresolved,0.0,,,,1.0.0
db7c0d53c25465dee1a7f65e5df9703f,db7c0d53c25465dee1a7f65e5df9703f,c19e576b605b8f2592d7,DAP,dap_external,,,,,,.,,,nan,,,,,unresolved,0.0,,,,1.0.0
6441ce861ea4b7e6e9b3bd7777473f00,6441ce861ea4b7e6e9b3bd7777473f00,81c7355bf2d5f49f2059,DAP,dap_external,,,,,,.,,,nan,,,,,unresolved,0.0,,,,1.0.0
1154bece866809d3758d3cf9290872e7,1154bece866809d3758d3cf9290872e7,3af522f4716c05b40466,DAP,dap_external,,,,,,.,,,nan,,,,,unresolved,0.0,,,,1.0.0
2d7ec12b39f3997fbb5fff3151767cf2,2d7ec12b39f3997fbb5fff3151767cf2,3af522f4716c05b40466,DAP,dap_external,,,,,,.,,,nan,,,,,unresolved,0.0,,,,1.0.0
5320ad8399bb915612f0ae67f2e9477e,5320ad8399bb915612f0ae67f2e9477e,454419e5a7187cd66d24,DAP,dap_external,,,,,,.,,,nan,,,,,unresolved,0.0,,,,1.0.0
ababf64f3d1f9362b4facab704753b56,ababf64f3d1f9362b4facab704753b56,454419e5a7187cd66d24,DAP,dap_external,,,,,,.,,,nan,,,,,unresolved,0.0,,,,1.0.0
8c179d85f42b11147a98413370ab0504,8c179d85f42b11147a98413370ab0504,c25dc18e1c8555f97497,DAP,dap_external,,,,,,.,,,nan,,,,,unresolved,0.0,,,,1.0.0
324e9e513a9ad5e037dd9f7ea8d82d70,324e9e513a9ad5e037dd9f7ea8d82d70,510a50d5fc42cb5fd788,DAP,dap_external,,,,,,.,,,nan,,,,,unresolved,0.0,,,,1.0.0
7b920ad5ffec2ec346de33b58d9f80a6,7b920ad5ffec2ec346de33b58d9f80a6,740de730dd0a555e9f20,DAP,dap_external,,,,,,.,,,nan,,,,,unresolved,0.0,,,,1.0.0
c2ad7d1cb4e6ec5fb098e3f34e1a8157,c2ad7d1cb4e6ec5fb098e3f34e1a8157,149f888f3866cb1bb7ed,DAP,dap_external,,,,,,.,,,nan,,,,,unresolved,0.0,,,,1.0.0
3a890349ab1d463c80f0bf436e29f13f,3a890349ab1d463c80f0bf436e29f13f,149f888f3866cb1bb7ed,DAP,dap_external,,,,,,.,,,nan,,,,,unresolved,0.0,,,,1.0.0
82d822866080c16d2017cbfb5c640901,82d822866080c16d2017cbfb5c640901,ecaed562d4a6e0017bcb,DAP,dap_external,,,,,,.,,,nan,,,,,unresolved,0.0,,,,1.0.0
aacd6da74e55e9234ddafc4ad3672aaa,aacd6da74e55e9234ddafc4ad3672aaa,0d2f3c6fc75ed25f4ab0,DAP,dap_external,,,,,,.,,,nan,,,,,unresolved,0.0,,,,1.0.0
c8accd2ed1521c729029d9739a930186,c8accd2ed1521c729029d9739a930186,0d2f3c6fc75ed25f4ab0,DAP,dap_external,,,,,,.,,,nan,,,,,unresolved,0.0,,,,1.0.0
af9935a1df54ae3b22a6bffd868aca36,af9935a1df54ae3b22a6bffd868aca36,1a57c928d1146197b747,DAP,dap_external,,,,,,.,,,nan,,,,,unresolved,0.0,,,,1.0.0
1b04e980271fc41ccbb948c7f3f0870f,1b04e980271fc41ccbb948c7f3f0870f,1a57c928d1146197b747,DAP,dap_external,,,,,,.,,,nan,,,,,unresolved,0.0,,,,1.0.0
e1c174b4d8a78f47fc094a999186b88f,e1c174b4d8a78f47fc094a999186b88f,45eab754bbad7fb61210,DAP,dap_external,,,,,,.,,,nan,,,,,unresolved,0.0,,,,1.0.0
cc8bfc666a86eadf049cfd02f8dc9df7,cc8bfc666a86eadf049cfd02f8dc9df7,45eab754bbad7fb61210,DAP,dap_external,,,,,,.,,,nan,,,,,unresolved,0.0,,,,1.0.0
cb1b8b84e83e9d284912ed97796d9078,cb1b8b84e83e9d284912ed97796d9078,fbaebd3aea37da53ed6f,DAP,dap_external,,,,,,.,,,nan,,,,,unresolved,0.0,,,,1.0.0
f1bbce1ac5ed9af38a25f2d1e2b65950,f1bbce1ac5ed9af38a25f2d1e2b65950,fbaebd3aea37da53ed6f,DAP,dap_external,,,,,,.,,,nan,,,,,unresolved,0.0,,,,1.0.0
d617fe7bb128bea8c45a1428156935cc,d617fe7bb128bea8c45a1428156935cc,46b61047607cc4ced4b1,DAP,dap_external,,,,,,.,,,nan,,,,,unresolved,0.0,,,,1.0.0
a2a425a834f49a8f2f4153d04dc6012b,a2a425a834f49a8f2f4153d04dc6012b,4e7bc6a52dd13734cf39,DAP,dap_external,,,,,,.,,,nan,,,,,unresolved,0.0,,,,1.0.0
1a31a55b705ce0a324e7c35afbfd7b6e,1a31a55b705ce0a324e7c35afbfd7b6e,4e7bc6a52dd13734cf39,DAP,dap_external,,,,,,.,,,nan,,,,,unresolved,0.0,,,,1.0.0
a598f019deb3f61794ca3b2a0cbb7656,a598f019deb3f61794ca3b2a0cbb7656,78f0a13d1a85cc4a0766,DAP,dap_external,,,,,,.,,,nan,,,,,unresolved,0.0,,,,1.0.0
d2766d07e21f161be60dad4cbf60bee9,d2766d07e21f161be60dad4cbf60bee9,78f0a13d1a85cc4a0766,DAP,dap_external,,,,,,.,,,nan,,,,,unresolved,0.0,,,,1.0.0
2e72673d3357a415c91f8db515a8f155,2e72673d3357a415c91f8db515a8f155,8d2cb26f1f4bff8dff0f,DAP,dap_external,,,,,,.,,,nan,,,,,unresolved,0.0,,,,1.0.0
636d32d4d768abd02f4f8e6e146f7869,636d32d4d768abd02f4f8e6e146f7869,8d2cb26f1f4bff8dff0f,DAP,dap_external,,,,,,.,,,nan,,,,,unresolved,0.0,,,,1.0.0
3db7abbd7f87265d8dfda164a5541da4,3db7abbd7f87265d8dfda164a5541da4,025e81815efc1f99522b,DAP,dap_external,,,,,,.,,,nan,,,,,unresolved,0.0,,,,1.0.0
e7651241a67e075bb1b99f233c088565,e7651241a67e075bb1b99f233c088565,025e81815efc1f99522b,DAP,dap_external,,,,,,.,,,nan,,,,,unresolved,0.0,,,,1.0.0
3122dd5b58b19c939c76e4fc834dec06,3122dd5b58b19c939c76e4fc834dec06,08eb8dab241049ed3264,DAP,dap_external,,,,,,.,,,nan,,,,,unresolved,0.0,,,,1.0.0
d9a51996dd43bf2106ac142eb2cbb431,d9a51996dd43bf2106ac142eb2cbb431,99cee521c3a6474e0502,DAP,dap_external,,,,,,.,,,nan,,,,,unresolved,0.0,,,,1.0.0
ab381b4dc263dd3140a98677a2c4dc9e,ab381b4dc263dd3140a98677a2c4dc9e,a0873f97d5b636359bb7,DAP,dap_external,,,,,,.,,,nan,,,,,unresolved,0.0,,,,1.0.0
e8f0fbb1d9f4f6a7d1ad4aae1215e447,e8f0fbb1d9f4f6a7d1ad4aae1215e447,4892346da8a75699757e,DAP,dap_external,,,,,,.,,,nan,,,,,unresolved,0.0,,,,1.0.0
fb93f0707e2e9bd21d02acc29c0bee54,fb93f0707e2e9bd21d02acc29c0bee54,4892346da8a75699757e,DAP,dap_external,,,,,,.,,,nan,,,,,unresolved,0.0,,,,1.0.0
e65753ff43a0a227f78198bebf499cbf,e65753ff43a0a227f78198bebf499cbf,84ac1d04c8b4808402f4,DAP,dap_external,,,,,,.,,,nan,,,,,unresolved,0.0,,,,1.0.0
8de44a0d80532ac2578c61bb08486e8d,8de44a0d80532ac2578c61bb08486e8d,2d369f32ec953bfd540f,DAP,dap_external,,,,,,.,,,nan,,,,,unresolved,0.0,,,,1.0.0
897d40ed2da3b685b4f036715d7cb752,897d40ed2da3b685b4f036715d7cb752,2d369f32ec953bfd540f,DAP,dap_external,,,,,,.,,,nan,,,,,unresolved,0.0,,,,1.0.0
94b9ba7640e711084d1997bfb1e98604,94b9ba7640e711084d1997bfb1e98604,3d0e6b6adbb877781c3f,DAP,dap_external,,,,,,.,,,nan,,,,,unresolved,0.0,,,,1.0.0
8cd840047690fb95666220593cc8de35,8cd840047690fb95666220593cc8de35,ea5f5724aaa6b4c7ae6f,DAP,dap_external,,,,,,.,,,nan,,,,,unresolved,0.0,,,,1.0.0
4b913ac582f23c0a31dc292f92accffd,4b913ac582f23c0a31dc292f92accffd,a58866c663866149680a,DAP,dap_external,,,,,,.,,,nan,,,,,unresolved,0.0,,,,1.0.0
70c9f28ab8b322dc885244af4c6301d9,70c9f28ab8b322dc885244af4c6301d9,a58866c663866149680a,DAP,dap_external,,,,,,.,,,nan,,,,,unresolved,0.0,,,,1.0.0
4b85b2d8f4786f9703803aa2279cd4f7,4b85b2d8f4786f9703803aa2279cd4f7,a9a05b41bac5a97c002c,DAP,dap_external,,,,,,.,,,nan,,,,,unresolved,0.0,,,,1.0.0
692fc63e6e2828c3a6438e1979b9f263,692fc63e6e2828c3a6438e1979b9f263,8f103a0b33c4ff54ce5e,DAP,dap_external,,,,,,.,,,nan,,,,,unresolved,0.0,,,,1.0.0
9d2ff98e6a65d27e5a30cf8c41cda440,9d2ff98e6a65d27e5a30cf8c41cda440,8f103a0b33c4ff54ce5e,DAP,dap_external,,,,,,.,,,nan,,,,,unresolved,0.0,,,,1.0.0
96bb6737fc4350b06e597636ecc1530e,96bb6737fc4350b06e597636ecc1530e,292f2b02b0cbd3e4df3b,DAP,dap_external,,,,,,.,,,nan,,,,,unresolved,0.0,,,,1.0.0
c79ca155f680f7fdd6f914b2f3a1cfa5,c79ca155f680f7fdd6f914b2f3a1cfa5,1f17ec01120c4c5c01db,DAP,dap_external,,,,,,.,,,nan,,,,,unresolved,0.0,,,,1.0.0
5e66a51bc8025bcb7e259400c8ae1541,5e66a51bc8025bcb7e259400c8ae1541,1f17ec01120c4c5c01db,DAP,dap_external,,,,,,.,,,nan,,,,,unresolved,0.0,,,,1.0.0
0ab9442c0a23bc7d6028307cd8de4072,0ab9442c0a23bc7d6028307cd8de4072,dd6ed8621f10460a0d95,DAP,dap_external,,,,,,.,,,nan,,,,,unresolved,0.0,,,,1.0.0
38228276308ee3d8ef1ed149b7fa210a,38228276308ee3d8ef1ed149b7fa210a,19e7d81b357606f8bd92,DAP,dap_external,,,,,,.,,,nan,,,,,unresolved,0.0,,,,1.0.0
6403d86370a8f8a91a59b7c3cacf26df,6403d86370a8f8a91a59b7c3cacf26df,6f7f1d0a544d2bc58437,DAP,dap_external,,,,,,.,,,nan,,,,,unresolved,0.0,,,,1.0.0
479c9b87346e5c344418ce38d94f8054,479c9b87346e5c344418ce38d94f8054,6f7f1d0a544d2bc58437,DAP,dap_external,,,,,,.,,,nan,,,,,unresolved,0.0,,,,1.0.0
541fca70246bc9f80c8c04fa17677602,541fca70246bc9f80c8c04fa17677602,5a8fa3bb38d2eeec9042,DAP,dap_external,,,,,,.,,,nan,,,,,unresolved,0.0,,,,1.0.0
7e223932819a7a5148a4e68a8adfd5d7,7e223932819a7a5148a4e68a8adfd5d7,81592f99dd566a89cb0c,DAP,dap_external,,,,,,.,,,nan,,,,,unresolved,0.0,,,,1.0.0
9ce7a004ccdf808dec805d257493ed67,9ce7a004ccdf808dec805d257493ed67,1436c310b1aae837ae4f,DAP,dap_external,,,,,,.,,,nan,,,,,unresolved,0.0,,,,1.0.0
5229264c26126a276439d271b0706f80,5229264c26126a276439d271b0706f80,1436c310b1aae837ae4f,DAP,dap_external,,,,,,.,,,nan,,,,,unresolved,0.0,,,,1.0.0
c04dd516e93e44bc9dd0e2ed49aaad1f,c04dd516e93e44bc9dd0e2ed49aaad1f,c9998e886298f69a85be,DAP,dap_external,,,,,,.,,,nan,,,,,unresolved,0.0,,,,1.0.0
65ea48ea4a147368467a7303e8ab7af8,65ea48ea4a147368467a7303e8ab7af8,1b65a366644799ada7fb,DAP,dap_external,,,,,,.,,,nan,,,,,unresolved,0.0,,,,1.0.0
2d3a8c8d9ec37675b50279f2ce31e897,2d3a8c8d9ec37675b50279f2ce31e897,1b65a366644799ada7fb,DAP,dap_external,,,,,,.,,,nan,,,,,unresolved,0.0,,,,1.0.0
7ba7543d6d53f4f3f7bd9b66385d880c,7ba7543d6d53f4f3f7bd9b66385d880c,62237417fe61477b16df,DAP,dap_external,,,,,,.,,,nan,,,,,unresolved,0.0,,,,1.0.0
c2c8ae6545aee61f4bb0fb87487a5148,c2c8ae6545aee61f4bb0fb87487a5148,b11cd6ce5f5403bf776b,DAP,dap_external,,,,,,.,,,nan,,,,,unresolved,0.0,,,,1.0.0
30dcc09fa410329031f91efe24816488,30dcc09fa410329031f91efe24816488,b11cd6ce5f5403bf776b,DAP,dap_external,,,,,,.,,,nan,,,,,unresolved,0.0,,,,1.0.0
1a6fc8ca546087fafc7ba3d99336794d,1a6fc8ca546087fafc7ba3d99336794d,4d728419fce1e629ee47,DAP,dap_external,,,,,,.,,,nan,,,,,unresolved,0.0,,,,1.0.0
e144f34afd60a296c545103507dd33e1,e144f34afd60a296c545103507dd33e1,9753cbcae4b5b240c350,DAP,dap_external,,,,,,.,,,nan,,,,,unresolved,0.0,,,,1.0.0
530f64a634b9ca6a59fd60067638e371,530f64a634b9ca6a59fd60067638e371,9753cbcae4b5b240c350,DAP,dap_external,,,,,,.,,,nan,,,,,unresolved,0.0,,,,1.0.0
ddb42990c1d51512c2368086ce13aa46,ddb42990c1d51512c2368086ce13aa46,39c43c9d0226356997a4,DAP,dap_external,,,,,,.,,,nan,,,,,unresolved,0.0,,,,1.0.0
203a99b4d269acf7b6c45ca0d0ef8edb,203a99b4d269acf7b6c45ca0d0ef8edb,39c43c9d0226356997a4,DAP,dap_external,,,,,,.,,,nan,,,,,unresolved,0.0,,,,1.0.0
00371d96ea075c4d49a518d256f5a67b,00371d96ea075c4d49a518d256f5a67b,96f683d26ffe88cf6bc9,DAP,dap_external,,,,,,.,,,nan,,,,,unresolved,0.0,,,,1.0.0
44fa1e885c8ee603ba4c28d1769d3a76,44fa1e885c8ee603ba4c28d1769d3a76,8653b7af4c9087332eea,DAP,dap_external,,,,,,.,,,nan,,,,,unresolved,0.0,,,,1.0.0
43d65934135916754ba1c61203c86388,43d65934135916754ba1c61203c86388,8b1e1fd25c79a17135ad,DAP,dap_external,,,,,,.,,,nan,,,,,unresolved,0.0,,,,1.0.0
e899362035fdc2eb43321690e95e8761,e899362035fdc2eb43321690e95e8761,052561fd80abef51e39a,DAP,dap_external,,,,,,.,,,nan,,,,,unresolved,0.0,,,,1.0.0
4ba996e821b1c1336ef91f2ca80a3617,4ba996e821b1c1336ef91f2ca80a3617,052561fd80abef51e39a,DAP,dap_external,,,,,,.,,,nan,,,,,unresolved,0.0,,,,1.0.0
1303149879c6b0478a3fb685374bc59f,1303149879c6b0478a3fb685374bc59f,b74d941719ca36b1ac01,DAP,dap_external,,,,,,.,,,nan,,,,,unresolved,0.0,,,,1.0.0
d3213dcc13cb304c1e304c3bb5c10991,d3213dcc13cb304c1e304c3bb5c10991,0e54494ada29332fde54,DAP,dap_external,,,,,,.,,,nan,,,,,unresolved,0.0,,,,1.0.0
5c89690cb9a983fab20a4d9abad69164,5c89690cb9a983fab20a4d9abad69164,a5be32a1549760048059,DAP,dap_external,,,,,,.,,,nan,,,,,unresolved,0.0,,,,1.0.0
634ba3890bdd3baa75ba4f9cba9f9e33,634ba3890bdd3baa75ba4f9cba9f9e33,a5be32a1549760048059,DAP,dap_external,,,,,,.,,,nan,,,,,unresolved,0.0,,,,1.0.0
398fc3d6d53198ba6c180559e604b384,398fc3d6d53198ba6c180559e604b384,59548141597feb49d9c9,DAP,dap_external,,,,,,.,,,nan,,,,,unresolved,0.0,,,,1.0.0
b621664860e0d2bffc552607c0bd7327,b621664860e0d2bffc552607c0bd7327,c815f92c6add2186c637,DAP,dap_external,,,,,,.,,,nan,,,,,unresolved,0.0,,,,1.0.0
6aac936e7053b3fc3ac679bee1b6d6a3,6aac936e7053b3fc3ac679bee1b6d6a3,c815f92c6add2186c637,DAP,dap_external,,,,,,.,,,nan,,,,,unresolved,0.0,,,,1.0.0
d0f317f5d476646dcea5d61e32ca382d,d0f317f5d476646dcea5d61e32ca382d,a83061dc8f1f915bcd9f,DAP,dap_external,,,,,,.,,,nan,,,,,unresolved,0.0,,,,1.0.0
e1ab8782301afa901ffee78602b05b4d,e1ab8782301afa901ffee78602b05b4d,a83061dc8f1f915bcd9f,DAP,dap_external,,,,,,.,,,nan,,,,,unresolved,0.0,,,,1.0.0
7100ea9217459348e0748c1f9dc6751c,7100ea9217459348e0748c1f9dc6751c,8180185d2f16a5bfcbd8,DAP,dap_external,,,,,,.,,,nan,,,,,unresolved,0.0,,,,1.0.0
81b7c340d39a83ed6947e055f09c93b8,81b7c340d39a83ed6947e055f09c93b8,93fcc35ddcce3628487b,DAP,dap_external,,,,,,.,,,nan,,,,,unresolved,0.0,,,,1.0.0
ea1228c5fac3a0d0227afd73d9116f05,ea1228c5fac3a0d0227afd73d9116f05,93fcc35ddcce3628487b,DAP,dap_external,,,,,,.,,,nan,,,,,unresolved,0.0,,,,1.0.0
e7e5f5ee02cb3f7bbb6d459bac308b26,e7e5f5ee02cb3f7bbb6d459bac308b26,f8e80721b9bb18cc136c,DAP,dap_external,,,,,,.,,,nan,,,,,unresolved,0.0,,,,1.0.0
18cf3b93860cda705dca5e644ae2b1ac,18cf3b93860cda705dca5e644ae2b1ac,a7f93f91a3bd6d720917,DAP,dap_external,,,,,,.,,,nan,,,,,unresolved,0.0,,,,1.0.0
d0b965c392d94996b96feb7ec2467b74,d0b965c392d94996b96feb7ec2467b74,8d02d5f313c173c70767,DAP,dap_external,,,,,,.,,,nan,,,,,unresolved,0.0,,,,1.0.0
b19916871e56d529c1c5a2a973c4b6f0,b19916871e56d529c1c5a2a973c4b6f0,3ec44455d354c29f0f0a,DAP,dap_external,,,,,,.,,,nan,,,,,unresolved,0.0,,,,1.0.0
869d2ff6b3ad763a3fce95e570b1cb9a,869d2ff6b3ad763a3fce95e570b1cb9a,3ec44455d354c29f0f0a,DAP,dap_external,,,,,,.,,,nan,,,,,unresolved,0.0,,,,1.0.0
26a6007a31343cf764fde84b1a3dcfd4,26a6007a31343cf764fde84b1a3dcfd4,d244473aafd8ba0324a5,DAP,dap_external,,,,,,.,,,nan,,,,,unresolved,0.0,,,,1.0.0
1a52eb06450389bacdf48f4bdb4e4cdd,1a52eb06450389bacdf48f4bdb4e4cdd,25d5bf4edab9d7a809d4,DAP,dap_external,,,,,,.,,,nan,,,,,unresolved,0.0,,,,1.0.0
f42efedfdc24de6fc579fcc13787eff8,f42efedfdc24de6fc579fcc13787eff8,fb6b88b983f638533856,DAP,dap_external,,,,,,.,,,nan,,,,,unresolved,0.0,,,,1.0.0
7775fd9404c9b6e5d513a4878f1d2247,7775fd9404c9b6e5d513a4878f1d2247,3933d66e42ef51a281c1,DAP,dap_external,,,,,,.,,,nan,,,,,unresolved,0.0,,,,1.0.0
35960177a93bdb42b015f144202cc7ee,35960177a93bdb42b015f144202cc7ee,3933d66e42ef51a281c1,DAP,dap_external,,,,,,.,,,nan,,,,,unresolved,0.0,,,,1.0.0
c37f2afb579e689e94382f38a4f85adf,c37f2afb579e689e94382f38a4f85adf,fe0a3ede0dce7ba83b32,DAP,dap_external,,,,,,.,,,nan,,,,,unresolved,0.0,,,,1.0.0
ea8ee9df06dc77352e07b2560ba39805,ea8ee9df06dc77352e07b2560ba39805,0965b042adef47bd25ed,DAP,dap_external,,,,,,.,,,nan,,,,,unresolved,0.0,,,,1.0.0
10dbe9b780e295dc1b3ba8e7fc1fa82d,10dbe9b780e295dc1b3ba8e7fc1fa82d,0965b042adef47bd25ed,DAP,dap_external,,,,,,.,,,nan,,,,,unresolved,0.0,,,,1.0.0
6ddb906c8eebda561fce7110cbe8f7e1,6ddb906c8eebda561fce7110cbe8f7e1,16bdafb0ab3b4d9f780a,DAP,dap_external,,,,,,.,,,nan,,,,,unresolved,0.0,,,,1.0.0
d91d5bb50e9cf20d1cba4e6324874643,d91d5bb50e9cf20d1cba4e6324874643,d22c41ebe1bdaca4f4be,DAP,dap_external,,,,,,.,,,nan,,,,,unresolved,0.0,,,,1.0.0
99e084cbd5d597294553b77f8f5e259d,99e084cbd5d597294553b77f8f5e259d,0cd7c9a1970abff064ba,DAP,dap_external,,,,,,.,,,nan,,,,,unresolved,0.0,,,,1.0.0
f4e2e318d281b41af9500e6258bb8aa1,f4e2e318d281b41af9500e6258bb8aa1,bbd012182aff0ccc9677,DAP,dap_external,,,,,,.,,,nan,,,,,unresolved,0.0,,,,1.0.0
cf871a678ab82b19de123f0d0c3a2fc8,cf871a678ab82b19de123f0d0c3a2fc8,eec9cedbb75505b74b80,DAP,dap_external,,,,,,.,,,nan,,,,,unresolved,0.0,,,,1.0.0
68ac7a696af1e8dd0d531d957759cd8b,68ac7a696af1e8dd0d531d957759cd8b,eec9cedbb75505b74b80,DAP,dap_external,,,,,,.,,,nan,,,,,unresolved,0.0,,,,1.0.0
d755e6523bb666c42b3db0083b3b47a1,d755e6523bb666c42b3db0083b3b47a1,70240be636321a3e83e9,DAP,dap_external,,,,,,.,,,nan,,,,,unresolved,0.0,,,,1.0.0
9197abffdbde57313b4c73a3240483e9,9197abffdbde57313b4c73a3240483e9,c8e573b86de9a44c3acf,DAP,dap_external,,,,,,.,,,nan,,,,,unresolved,0.0,,,,1.0.0
2dd5cc6a8455ed77c255a60106def285,2dd5cc6a8455ed77c255a60106def285,7c54e6f6e535ceae38d4,DAP,dap_external,,,,,,.,,,nan,,,,,unresolved,0.0,,,,1.0.0
665fda30153756b08fd8aeaca5fc1642,665fda30153756b08fd8aeaca5fc1642,7c54e6f6e535ceae38d4,DAP,dap_external,,,,,,.,,,nan,,,,,unresolved,0.0,,,,1.0.0
b08d244754067a46702c71fb8778053d,b08d244754067a46702c71fb8778053d,1a0382e878218216af23,DAP,dap_external,,,,,,.,,,nan,,,,,unresolved,0.0,,,,1.0.0
c7ad5a8ee1762c5e0283bb07d9795878,c7ad5a8ee1762c5e0283bb07d9795878,8933f90d51f030b605f4,DAP,dap_external,,,,,,.,,,nan,,,,,unresolved,0.0,,,,1.0.0
b4282375c7d81e4cc0eccf4c69b5efb7,b4282375c7d81e4cc0eccf4c69b5efb7,64ab480ea4ff6502de2a,DAP,dap_external,,,,,,.,,,nan,,,,,unresolved,0.0,,,,1.0.0
f04c50d20b7508af8b223011998a73c4,f04c50d20b7508af8b223011998a73c4,64ab480ea4ff6502de2a,DAP,dap_external,,,,,,.,,,nan,,,,,unresolved,0.0,,,,1.0.0
820fff7f82a3c69022d0b1d587aef33b,820fff7f82a3c69022d0b1d587aef33b,0d01098c85ad9d9b1c73,DAP,dap_external,,,,,,.,,,nan,,,,,unresolved,0.0,,,,1.0.0
a83d7810bb28423991723ab42a0b55fd,a83d7810bb28423991723ab42a0b55fd,0d01098c85ad9d9b1c73,DAP,dap_external,,,,,,.,,,nan,,,,,unresolved,0.0,,,,1.0.0
d976d0f4196f039ed86b943a1a629188,d976d0f4196f039ed86b943a1a629188,053e413c357c8373ad37,DAP,dap_external,,,,,,.,,,nan,,,,,unresolved,0.0,,,,1.0.0
5f8bf010fcd707618f4e485fffdeb374,5f8bf010fcd707618f4e485fffdeb374,c291903f71ec89227659,DAP,dap_external,,,,,,.,,,nan,,,,,unresolved,0.0,,,,1.0.0
98723548240d6006121579aa0c217922,98723548240d6006121579aa0c217922,7368e1968062d3611996,DAP,dap_external,,,,,,.,,,nan,,,,,unresolved,0.0,,,,1.0.0
ae0563db7e97c41997d1e372c54a6195,ae0563db7e97c41997d1e372c54a6195,e7f20a7382b642a9445c,DAP,dap_external,,,,,,.,,,nan,,,,,unresolved,0.0,,,,1.0.0
342f6c93df24c626047bd6e98896139a,342f6c93df24c626047bd6e98896139a,ccafc591586f0842984e,DAP,dap_external,,,,,,.,,,nan,,,,,unresolved,0.0,,,,1.0.0
1b1d77a1146a53582296116101248baf,1b1d77a1146a53582296116101248baf,396e1ad2842bc1ee99cb,DAP,dap_external,,,,,,.,,,nan,,,,,unresolved,0.0,,,,1.0.0
bbbe03ad4219dadd5f3cd01cdc254875,bbbe03ad4219dadd5f3cd01cdc254875,7f37370ebb3facd710df,DAP,dap_external,,,,,,.,,,nan,,,,,unresolved,0.0,,,,1.0.0
cdcfb257804a8482686686cf9828c3b2,cdcfb257804a8482686686cf9828c3b2,0108e100c4772cc5d4d8,DAP,dap_external,,,,,,.,,,nan,,,,,unresolved,0.0,,,,1.0.0
c03d9d4632cc8dd3313cfef88ab80f74,c03d9d4632cc8dd3313cfef88ab80f74,0108e100c4772cc5d4d8,DAP,dap_external,,,,,,.,,,nan,,,,,unresolved,0.0,,,,1.0.0
7bfbe2229bb670766ad6633d2d66c8b7,7bfbe2229bb670766ad6633d2d66c8b7,0c2a352f9b936442a06d,DAP,dap_external,,,,,,.,,,nan,,,,,unresolved,0.0,,,,1.0.0
0fd71f6763161dab5e8950df629292f7,0fd71f6763161dab5e8950df629292f7,7385e3f4b4afcd8a4d89,DAP,dap_external,,,,,,.,,,nan,,,,,unresolved,0.0,,,,1.0.0
0fad1a399038fa44e0d58bb654aa0ca1,0fad1a399038fa44e0d58bb654aa0ca1,7385e3f4b4afcd8a4d89,DAP,dap_external,,,,,,.,,,nan,,,,,unresolved,0.0,,,,1.0.0
48f5805af6c0f0f7a7147258e79a51aa,48f5805af6c0f0f7a7147258e79a51aa,d92595c4cae3da61a37a,DAP,dap_external,,,,,,.,,,nan,,,,,unresolved,0.0,,,,1.0.0
31ca193a079ea27ac9a4b3b5cc3f5feb,31ca193a079ea27ac9a4b3b5cc3f5feb,47f4d6354ece9dd9cd4c,DAP,dap_external,,,,,,.,,,nan,,,,,unresolved,0.0,,,,1.0.0
a33b59e0a2491f6454217b75ccc84e57,a33b59e0a2491f6454217b75ccc84e57,e1046ac8bc8a72f81cc8,DAP,dap_external,,,,,,.,,,nan,,,,,unresolved,0.0,,,,1.0.0
273bb45fca262ff90df1ace130a5a4e7,273bb45fca262ff90df1ace130a5a4e7,945c19594eb18fc3216c,DAP,dap_external,,,,,,.,,,nan,,,,,unresolved,0.0,,,,1.0.0
301f182a5cc6af0785be9ac97b3a2536,301f182a5cc6af0785be9ac97b3a2536,945c19594eb18fc3216c,DAP,dap_external,,,,,,.,,,nan,,,,,unresolved,0.0,,,,1.0.0
a3049d057cb0391297783b2754dd8d8d,a3049d057cb0391297783b2754dd8d8d,eac58cb5ba943dc97568,DAP,dap_external,,,,,,.,,,nan,,,,,unresolved,0.0,,,,1.0.0
0f4d77a898714c39aad92415fccc3d59,0f4d77a898714c39aad92415fccc3d59,a3105d13b5d66baf55e2,DAP,dap_external,,,,,,.,,,nan,,,,,unresolved,0.0,,,,1.0.0
74f83c372229a5d300beaf7f86983e89,74f83c372229a5d300beaf7f86983e89,f9d4f6be73dd36a02370,DAP,dap_external,,,,,,.,,,nan,,,,,unresolved,0.0,,,,1.0.0
04ef91530016d955c18ca683edad00cc,04ef91530016d955c18ca683edad00cc,b42698a70c82dd008de8,DAP,dap_external,,,,,,.,,,nan,,,,,unresolved,0.0,,,,1.0.0
116e82ab7cf34ce837768f529584a9d9,116e82ab7cf34ce837768f529584a9d9,b42698a70c82dd008de8,DAP,dap_external,,,,,,.,,,nan,,,,,unresolved,0.0,,,,1.0.0
a7ad416ac4c7f3cbb14cdd3abf811e68,a7ad416ac4c7f3cbb14cdd3abf811e68,3ac89d822763fc79f2c0,DAP,dap_external,,,,,,.,,,nan,,,,,unresolved,0.0,,,,1.0.0
51a61fb5097a180463088a7105535419,51a61fb5097a180463088a7105535419,67420138e1bb764195ac,DAP,dap_external,,,,,,.,,,nan,,,,,unresolved,0.0,,,,1.0.0
4774965b6b2c7474bc2c48a15204b81a,4774965b6b2c7474bc2c48a15204b81a,67420138e1bb764195ac,DAP,dap_external,,,,,,.,,,nan,,,,,unresolved,0.0,,,,1.0.0
e167c6bfe565e1205c56a53f94cee36c,e167c6bfe565e1205c56a53f94cee36c,11398cc8eb2b2ed6cbfa,DAP,dap_external,,,,,,.,,,nan,,,,,unresolved,0.0,,,,1.0.0
2c589690805567b910e360ecffb6fc14,2c589690805567b910e360ecffb6fc14,443e58d4099ba0c1e652,DAP,dap_external,,,,,,.,,,nan,,,,,unresolved,0.0,,,,1.0.0
ac6523f8e33b0232fe58647126974df9,ac6523f8e33b0232fe58647126974df9,1eb1952c7fdc98e09504,DAP,dap_external,,,,,,.,,,nan,,,,,unresolved,0.0,,,,1.0.0
77da4fa6c83916591eae1812581803e4,77da4fa6c83916591eae1812581803e4,a0c255b6d6fc0bd46d5d,DAP,dap_external,,,,,,.,,,nan,,,,,unresolved,0.0,,,,1.0.0
e2b8ebf569bb10b249ea40fb1c0e5295,e2b8ebf569bb10b249ea40fb1c0e5295,f6b03d14282c033bd625,DAP,dap_external,,,,,,.,,,nan,,,,,unresolved,0.0,,,,1.0.0
10a1215c7e94a5f52bc327cc0d04afdb,10a1215c7e94a5f52bc327cc0d04afdb,f6b03d14282c033bd625,DAP,dap_external,,,,,,.,,,nan,,,,,unresolved,0.0,,,,1.0.0
631c06a2f656f155451e624aecb35999,631c06a2f656f155451e624aecb35999,5ae9859fe18d85f951ec,DAP,dap_external,,,,,,.,,,nan,,,,,unresolved,0.0,,,,1.0.0
caeb0ef775636af92a86cdc84d5e11ce,caeb0ef775636af92a86cdc84d5e11ce,43155762a85ceb95c4b7,DAP,dap_external,,,,,,.,,,nan,,,,,unresolved,0.0,,,,1.0.0
7f7110f5067a965ba8d0ad859c523dc3,7f7110f5067a965ba8d0ad859c523dc3,43155762a85ceb95c4b7,DAP,dap_external,,,,,,.,,,nan,,,,,unresolved,0.0,,,,1.0.0
7aadaba4ebdeb2e49d85be362a7831e6,7aadaba4ebdeb2e49d85be362a7831e6,f50409197bc36a96e0dd,DAP,dap_external,,,,,,.,,,nan,,,,,unresolved,0.0,,,,1.0.0
df131d3123e77d61fc57b251b0f886af,df131d3123e77d61fc57b251b0f886af,c6d7ec2caebd04fb8609,DAP,dap_external,,,,,,.,,,nan,,,,,unresolved,0.0,,,,1.0.0
18f23e6e087600edc377879b36cee3aa,18f23e6e087600edc377879b36cee3aa,af0760fd15a7ce22d767,DAP,dap_external,,,,,,.,,,nan,,,,,unresolved,0.0,,,,1.0.0
e67b82666850bbfd09d6e3a1dfab8b8f,e67b82666850bbfd09d6e3a1dfab8b8f,ff6971b130a8c353da28,DAP,dap_external,,,,,,.,,,nan,,,,,unresolved,0.0,,,,1.0.0
aa835e4c3548c935cef6e3a01efceb03,aa835e4c3548c935cef6e3a01efceb03,b755d0a395f8c69695cf,DAP,dap_external,,,,,,.,,,nan,,,,,unresolved,0.0,,,,1.0.0
d38cce2bceedce5576f21d31a2576487,d38cce2bceedce5576f21d31a2576487,a85621089f2dbf267b35,DAP,dap_external,,,,,,.,,,nan,,,,,unresolved,0.0,,,,1.0.0
a208310cf49a30db9a4b52670678403e,a208310cf49a30db9a4b52670678403e,8ec85569f057122453eb,DAP,dap_external,,,,,,.,,,nan,,,,,unresolved,0.0,,,,1.0.0
281f0721f84ae1fb4a46b8c37360de05,281f0721f84ae1fb4a46b8c37360de05,8ec85569f057122453eb,DAP,dap_external,,,,,,.,,,nan,,,,,unresolved,0.0,,,,1.0.0
e64f1355cf78bcb42d096e04a726831b,e64f1355cf78bcb42d096e04a726831b,fedb8adaceb2ffec2144,DAP,dap_external,,,,,,.,,,nan,,,,,unresolved,0.0,,,,1.0.0
bbf90aca8bffe5f0485ff429fdf76b05,bbf90aca8bffe5f0485ff429fdf76b05,c4854c1c403f786096ba,DAP,dap_external,,,,,,.,,,nan,,,,,unresolved,0.0,,,,1.0.0
6e17e5e468ddb88e2c9a59be8775523f,6e17e5e468ddb88e2c9a59be8775523f,c4854c1c403f786096ba,DAP,dap_external,,,,,,.,,,nan,,,,,unresolved,0.0,,,,1.0.0
183ceb1db19cd5f4bfef55a8f779a8d4,183ceb1db19cd5f4bfef55a8f779a8d4,23950c912257ad5b6bf8,DAP,dap_external,,,,,,.,,,nan,,,,,unresolved,0.0,,,,1.0.0
3bea1f19796dbc256f415a2f2b9d4e34,3bea1f19796dbc256f415a2f2b9d4e34,59c29ba4889e6d714b9e,DAP,dap_external,,,,,,.,,,nan,,,,,unresolved,0.0,,,,1.0.0
6aa92fd7889eacefa660ba25a7bbaa05,6aa92fd7889eacefa660ba25a7bbaa05,59c29ba4889e6d714b9e,DAP,dap_external,,,,,,.,,,nan,,,,,unresolved,0.0,,,,1.0.0
2265687286ca26bf301c36cea566132b,2265687286ca26bf301c36cea566132b,127cca86364c22e67dc7,DAP,dap_external,,,,,,.,,,nan,,,,,unresolved,0.0,,,,1.0.0
7f805a16808fa3d7dad5893f55d8dd59,7f805a16808fa3d7dad5893f55d8dd59,e4d36a4c602425ee7478,DAP,dap_external,,,,,,.,,,nan,,,,,unresolved,0.0,,,,1.0.0
5c641abebcdf9d85a2cb304ac62af88f,5c641abebcdf9d85a2cb304ac62af88f,e4d36a4c602425ee7478,DAP,dap_external,,,,,,.,,,nan,,,,,unresolved,0.0,,,,1.0.0
24d73e79a7faffbade690afadff32620,24d73e79a7faffbade690afadff32620,308172ab3450a848c0ce,DAP,dap_external,,,,,,.,,,nan,,,,,unresolved,0.0,,,,1.0.0
2fa84fd2bf05a41cb34a2fdeaac86aab,2fa84fd2bf05a41cb34a2fdeaac86aab,d07e817e28a15d72e3c4,DAP,dap_external,,,,,,.,,,nan,,,,,unresolved,0.0,,,,1.0.0
6822df14dd4621fc7fe2786f6813892e,6822df14dd4621fc7fe2786f6813892e,631036020dc99ed70001,DAP,dap_external,,,,,,.,,,nan,,,,,unresolved,0.0,,,,1.0.0
2d5981d93c087b729dcab7ad12c2049d,2d5981d93c087b729dcab7ad12c2049d,a58e0f09fac308b49016,DAP,dap_external,,,,,,.,,,nan,,,,,unresolved,0.0,,,,1.0.0
08b77a3946f25155dc99d3bdeb4ccee4,08b77a3946f25155dc99d3bdeb4ccee4,cc4a60e67ce6ededa008,DAP,dap_external,,,,,,.,,,nan,,,,,unresolved,0.0,,,,1.0.0
1cbca1c519f74a1b8c4af3bf16ac92e3,1cbca1c519f74a1b8c4af3bf16ac92e3,cc4a60e67ce6ededa008,DAP,dap_external,,,,,,.,,,nan,,,,,unresolved,0.0,,,,1.0.0
3de1d3883a88bc95db418ee475e73074,3de1d3883a88bc95db418ee475e73074,898dba2e5b683e90b0b9,DAP,dap_external,,,,,,.,,,nan,,,,,unresolved,0.0,,,,1.0.0
d7e75339a9e45c07a44097628d3efaee,d7e75339a9e45c07a44097628d3efaee,898dba2e5b683e90b0b9,DAP,dap_external,,,,,,.,,,nan,,,,,unresolved,0.0,,,,1.0.0
3dc15f57e9acbe33c1dc731fe6f84156,3dc15f57e9acbe33c1dc731fe6f84156,c99abf572dab2ac4e1cd,DAP,dap_external,,,,,,.,,,nan,,,,,unresolved,0.0,,,,1.0.0
d07d4353b73056456525ee1b11234881,d07d4353b73056456525ee1b11234881,a35aa5aa912f3878d97d,DAP,dap_external,,,,,,.,,,nan,,,,,unresolved,0.0,,,,1.0.0
77e1f2c2edea2575d6546058c6e567dc,77e1f2c2edea2575d6546058c6e567dc,a35aa5aa912f3878d97d,DAP,dap_external,,,,,,.,,,nan,,,,,unresolved,0.0,,,,1.0.0
516f5b64cbdbdf605ae19dbf84ed7028,516f5b64cbdbdf605ae19dbf84ed7028,b9fa013158d9154ae059,DAP,dap_external,,,,,,.,,,nan,,,,,unresolved,0.0,,,,1.0.0
53651656155c8a6c13b6ae209a94a649,53651656155c8a6c13b6ae209a94a649,40c7e9926315e8c80b10,DAP,dap_external,,,,,,.,,,nan,,,,,unresolved,0.0,,,,1.0.0
5b6238d7250671977f5b995a90861d2a,5b6238d7250671977f5b995a90861d2a,6924b40ec49c82cd4403,DAP,dap_external,,,,,,.,,,nan,,,,,unresolved,0.0,,,,1.0.0
0102298498e9db6047b482554fb1aaba,0102298498e9db6047b482554fb1aaba,d1cbd9375c6fa2a57f46,DAP,dap_external,,,,,,.,,,nan,,,,,unresolved,0.0,,,,1.0.0
1bfba10afe95db2501fe7667eb553617,1bfba10afe95db2501fe7667eb553617,d1cbd9375c6fa2a57f46,DAP,dap_external,,,,,,.,,,nan,,,,,unresolved,0.0,,,,1.0.0
db90f8c793de9e5c5d858f80e15cd6ed,db90f8c793de9e5c5d858f80e15cd6ed,51db2d1a115641d7530f,DAP,dap_external,,,,,,.,,,nan,,,,,unresolved,0.0,,,,1.0.0
c5349763c7ffda509e2b702749208297,c5349763c7ffda509e2b702749208297,51db2d1a115641d7530f,DAP,dap_external,,,,,,.,,,nan,,,,,unresolved,0.0,,,,1.0.0
0612cd256973a89d3c23f8ebbf37f8f1,0612cd256973a89d3c23f8ebbf37f8f1,58831f3d12bc0c7b6d34,DAP,dap_external,,,,,,.,,,nan,,,,,unresolved,0.0,,,,1.0.0
47dd6ff73ed5766d84ddc5ed6157d4d2,47dd6ff73ed5766d84ddc5ed6157d4d2,58831f3d12bc0c7b6d34,DAP,dap_external,,,,,,.,,,nan,,,,,unresolved,0.0,,,,1.0.0
1270fc42d0a77d70268838cbfb320fec,1270fc42d0a77d70268838cbfb320fec,9b3f15d4d2f8d8449bbf,DAP,dap_external,,,,,,.,,,nan,,,,,unresolved,0.0,,,,1.0.0
29ee587a4ec2cf0326b8a3396ff1cb2b,29ee587a4ec2cf0326b8a3396ff1cb2b,24fb4fc8b6d4a88a2faa,DAP,dap_external,,,,,,.,,,nan,,,,,unresolved,0.0,,,,1.0.0
06688b8e9fc017ddc87f282c10d45c22,06688b8e9fc017ddc87f282c10d45c22,ec5c404d65ff033cc157,DAP,dap_external,,,,,,.,,,nan,,,,,unresolved,0.0,,,,1.0.0
1a77c9f6cfff3f7d9cfbaabd208b7ea7,1a77c9f6cfff3f7d9cfbaabd208b7ea7,25c71d12835c060614e7,DAP,dap_external,,,,,,.,,,nan,,,,,unresolved,0.0,,,,1.0.0
0e4c393f566276aa91873fda1d1c6e76,0e4c393f566276aa91873fda1d1c6e76,25c71d12835c060614e7,DAP,dap_external,,,,,,.,,,nan,,,,,unresolved,0.0,,,,1.0.0
47e592c2d4df226378af9c4d6487b756,47e592c2d4df226378af9c4d6487b756,f925d3e2912b2f49bce6,DAP,dap_external,,,,,,.,,,nan,,,,,unresolved,0.0,,,,1.0.0
5ce5656e9f5a2d29ed6c8f8892ae2e7d,5ce5656e9f5a2d29ed6c8f8892ae2e7d,66909d6826fe769a2d7c,DAP,dap_external,,,,,,.,,,nan,,,,,unresolved,0.0,,,,1.0.0
76c566e3c2cb3d44714f09f31a92be7c,76c566e3c2cb3d44714f09f31a92be7c,66909d6826fe769a2d7c,DAP,dap_external,,,,,,.,,,nan,,,,,unresolved,0.0,,,,1.0.0
06d47acae976119b0e0a0d609af73db6,06d47acae976119b0e0a0d609af73db6,cc6fe5701ff91f54c706,DAP,dap_external,,,,,,.,,,nan,,,,,unresolved,0.0,,,,1.0.0
2187ba62fdc6769490ce59a4f050ec77,2187ba62fdc6769490ce59a4f050ec77,2cb2f6d62f8533924f60,DAP,dap_external,,,,,,.,,,nan,,,,,unresolved,0.0,,,,1.0.0
8ac1b9598b8e1d2985439ccb129d94dc,8ac1b9598b8e1d2985439ccb129d94dc,888cbbe047e0441f3e22,DAP,dap_external,,,,,,.,,,nan,,,,,unresolved,0.0,,,,1.0.0
5e75d5f5a0fb0567b670c84763299a09,5e75d5f5a0fb0567b670c84763299a09,805103f1f0906a91aed8,DAP,dap_external,,,,,,.,,,nan,,,,,unresolved,0.0,,,,1.0.0
00ba57839c06cb4bf1ba5e390312096a,00ba57839c06cb4bf1ba5e390312096a,805103f1f0906a91aed8,DAP,dap_external,,,,,,.,,,nan,,,,,unresolved,0.0,,,,1.0.0
f2bf4bdbdc3637e6eb1a4abf7cdef792,f2bf4bdbdc3637e6eb1a4abf7cdef792,49fac4b60bff56441506,DAP,dap_external,,,,,,.,,,nan,,,,,unresolved,0.0,,,,1.0.0
f82a2028b158300fe6b2b1e62554d373,f82a2028b158300fe6b2b1e62554d373,49fac4b60bff56441506,DAP,dap_external,,,,,,.,,,nan,,,,,unresolved,0.0,,,,1.0.0
4dcaa23e913490ff03f6fe0287f16867,4dcaa23e913490ff03f6fe0287f16867,41fcdc6d206797d05264,DAP,dap_external,,,,,,.,,,nan,,,,,unresolved,0.0,,,,1.0.0
a32a2201c8b1b08f5528634040b00fab,a32a2201c8b1b08f5528634040b00fab,21229533f2a2748b63b1,DAP,dap_external,,,,,,.,,,nan,,,,,unresolved,0.0,,,,1.0.0
ba4d77401cc3b2cb4913b1fd67921106,ba4d77401cc3b2cb4913b1fd67921106,e5ed1ff1d011ce671e76,DAP,dap_external,,,,,,.,,,nan,,,,,unresolved,0.0,,,,1.0.0
110f4808c5a4f45be59963f489a6990f,110f4808c5a4f45be59963f489a6990f,8774cd8954475eb34f7a,DAP,dap_external,,,,,,.,,,nan,,,,,unresolved,0.0,,,,1.0.0
8d2480fe3555819554ad9020b8da2f81,8d2480fe3555819554ad9020b8da2f81,0a323f48bd4a1a585c57,DAP,dap_external,,,,,,.,,,nan,,,,,unresolved,0.0,,,,1.0.0
71b68803510fd4931ef61e0de19ecdd8,71b68803510fd4931ef61e0de19ecdd8,8f871b50ac1d12ef99eb,DAP,dap_external,,,,,,.,,,nan,,,,,unresolved,0.0,,,,1.0.0
a77c3501f18799d3e95d50c483a7c1f3,a77c3501f18799d3e95d50c483a7c1f3,60dce7a9c23ee8bdc1fc,DAP,dap_external,,,,,,.,,,nan,,,,,unresolved,0.0,,,,1.0.0
869e3acfa97e680e3d97eed0973fce44,869e3acfa97e680e3d97eed0973fce44,60dce7a9c23ee8bdc1fc,DAP,dap_external,,,,,,.,,,nan,,,,,unresolved,0.0,,,,1.0.0
30383839923ee686e3d9329e812f263c,30383839923ee686e3d9329e812f263c,17612b4f2401a9a52ebe,DAP,dap_external,,,,,,.,,,nan,,,,,unresolved,0.0,,,,1.0.0
2c2a4b788e0a4924746b48fc3eebbdc6,2c2a4b788e0a4924746b48fc3eebbdc6,d1b3d3e74efc4ff26a87,DAP,dap_external,,,,,,.,,,nan,,,,,unresolved,0.0,,,,1.0.0
e70ec07905a8339c68568e5f74a581b7,e70ec07905a8339c68568e5f74a581b7,4a408020c07dea2b5a01,DAP,dap_external,,,,,,.,,,nan,,,,,unresolved,0.0,,,,1.0.0
027d437a49b709e63791455b24930fef,027d437a49b709e63791455b24930fef,4a408020c07dea2b5a01,DAP,dap_external,,,,,,.,,,nan,,,,,unresolved,0.0,,,,1.0.0
e1e1eec188c36d08ddf4ab6fa24a3e2e,e1e1eec188c36d08ddf4ab6fa24a3e2e,c0f4dcb7d3ea0d948fe3,DAP,dap_external,,,,,,.,,,nan,,,,,unresolved,0.0,,,,1.0.0
b6ad795ea77fbd5d6d1e087fb5e610c1,b6ad795ea77fbd5d6d1e087fb5e610c1,e8a5973e7a881693e6b5,DAP,dap_external,,,,,,.,,,nan,,,,,unresolved,0.0,,,,1.0.0
0f5d8b7d6ea88515774b550e6d700e34,0f5d8b7d6ea88515774b550e6d700e34,fc734a577cb1b546a2fc,DAP,dap_external,,,,,,.,,,nan,,,,,unresolved,0.0,,,,1.0.0
2319bdd326aca78085394bccf1db9cd9,2319bdd326aca78085394bccf1db9cd9,1cec785c77dcafbcf3d4,DAP,dap_external,,,,,,.,,,nan,,,,,unresolved,0.0,,,,1.0.0
4ba61cbb6da70f5a92cca93fbc340f54,4ba61cbb6da70f5a92cca93fbc340f54,1cec785c77dcafbcf3d4,DAP,dap_external,,,,,,.,,,nan,,,,,unresolved,0.0,,,,1.0.0
766b9a746b9d526d70e2bfcc7add118d,766b9a746b9d526d70e2bfcc7add118d,88237a640d5a4e05dc11,DAP,dap_external,,,,,,.,,,nan,,,,,unresolved,0.0,,,,1.0.0
8316b12d3155478fdef0becb587a511f,8316b12d3155478fdef0becb587a511f,0d8513f4e65252bba0dc,DAP,dap_external,,,,,,.,,,nan,,,,,unresolved,0.0,,,,1.0.0
d07d17fad5b7230ff30261066fc4f35a,d07d17fad5b7230ff30261066fc4f35a,4d09aa63e83cc39500f4,DAP,dap_external,,,,,,.,,,nan,,,,,unresolved,0.0,,,,1.0.0
28538e7d66a9e06f7f9c8ddfe57ae62b,28538e7d66a9e06f7f9c8ddfe57ae62b,509a867ea24962adaed9,DAP,dap_external,,,,,,.,,,nan,,,,,unresolved,0.0,,,,1.0.0
7737647559c3da9188be449c363bbb08,7737647559c3da9188be449c363bbb08,b546e580b3564c7934ad,DAP,dap_external,,,,,,.,,,nan,,,,,unresolved,0.0,,,,1.0.0
3ac254d22c349b7aa877bac7004fff78,3ac254d22c349b7aa877bac7004fff78,b546e580b3564c7934ad,DAP,dap_external,,,,,,.,,,nan,,,,,unresolved,0.0,,,,1.0.0
f8ed52f4cc25426c79c1eddfc6c5f6a5,f8ed52f4cc25426c79c1eddfc6c5f6a5,0674eb71efaf4a280776,DAP,dap_external,,,,,,.,,,nan,,,,,unresolved,0.0,,,,1.0.0
249bd168a369d35adfc58a029c5d6dd2,249bd168a369d35adfc58a029c5d6dd2,89ebf38e9f82c99459e8,DAP,dap_external,,,,,,.,,,nan,,,,,unresolved,0.0,,,,1.0.0
d92177bcc2ea998aa66b0d2cc273ead1,d92177bcc2ea998aa66b0d2cc273ead1,89ebf38e9f82c99459e8,DAP,dap_external,,,,,,.,,,nan,,,,,unresolved,0.0,,,,1.0.0
8335e3740977a308491fe3fd9993d815,8335e3740977a308491fe3fd9993d815,af2db8333f385d7b762a,DAP,dap_external,,,,,,.,,,nan,,,,,unresolved,0.0,,,,1.0.0
d88353f56f33b6958207f1ffff96636a,d88353f56f33b6958207f1ffff96636a,9ac59dab3274cfe83112,DAP,dap_external,,,,,,.,,,nan,,,,,unresolved,0.0,,,,1.0.0
f9d98088c73db8c305a1418a6b597e25,f9d98088c73db8c305a1418a6b597e25,9ac59dab3274cfe83112,DAP,dap_external,,,,,,.,,,nan,,,,,unresolved,0.0,,,,1.0.0
d1639c27d9f45b24dc02ea37e2914059,d1639c27d9f45b24dc02ea37e2914059,8d53a15739d346609375,DAP,dap_external,,,,,,.,,,nan,,,,,unresolved,0.0,,,,1.0.0
a3757961913a1bb7062918d125173008,a3757961913a1bb7062918d125173008,8d53a15739d346609375,DAP,dap_external,,,,,,.,,,nan,,,,,unresolved,0.0,,,,1.0.0
65b534b74be14e4368cd1040c93c3a39,65b534b74be14e4368cd1040c93c3a39,e7ea07672bf8f24d6bfc,DAP,dap_external,,,,,,.,,,nan,,,,,unresolved,0.0,,,,1.0.0
44ea9585a87257ffda44a41cc05a9cf3,44ea9585a87257ffda44a41cc05a9cf3,e7ea07672bf8f24d6bfc,DAP,dap_external,,,,,,.,,,nan,,,,,unresolved,0.0,,,,1.0.0
e84caf98d12f054e97b13150bc0ef85d,e84caf98d12f054e97b13150bc0ef85d,121f32591506e888db8c,DAP,dap_external,,,,,,.,,,nan,,,,,unresolved,0.0,,,,1.0.0
ad36566bb35006b2bbf0e18fb6b97ec1,ad36566bb35006b2bbf0e18fb6b97ec1,121f32591506e888db8c,DAP,dap_external,,,,,,.,,,nan,,,,,unresolved,0.0,,,,1.0.0
f0c1809f5391811e94e1d5be71b69ab4,f0c1809f5391811e94e1d5be71b69ab4,a8821187a9907784a78a,DAP,dap_external,,,,,,.,,,nan,,,,,unresolved,0.0,,,,1.0.0
a0b4c7b55a14bf9a6cedee28e28ff7db,a0b4c7b55a14bf9a6cedee28e28ff7db,a8821187a9907784a78a,DAP,dap_external,,,,,,.,,,nan,,,,,unresolved,0.0,,,,1.0.0
77db19ea43025245dccdde7d7358ce86,77db19ea43025245dccdde7d7358ce86,d2e04620154da6163957,DAP,dap_external,,,,,,.,,,nan,,,,,unresolved,0.0,,,,1.0.0
25540af9a94f56a158a204da327a9f0a,25540af9a94f56a158a204da327a9f0a,bdc6c903fa41f730b59d,DAP,dap_external,,,,,,.,,,nan,,,,,unresolved,0.0,,,,1.0.0
90a287334eeccdaad38295d999643d11,90a287334eeccdaad38295d999643d11,067ca509bdb2092d7bf4,DAP,dap_external,,,,,,.,,,nan,,,,,unresolved,0.0,,,,1.0.0
2d651591897f4df8b564241b0feaa673,2d651591897f4df8b564241b0feaa673,c59291ba4e701ec4f545,DAP,dap_external,,,,,,.,,,nan,,,,,unresolved,0.0,,,,1.0.0
26a749a1605dc51864128b51675f3407,26a749a1605dc51864128b51675f3407,c59291ba4e701ec4f545,DAP,dap_external,,,,,,.,,,nan,,,,,unresolved,0.0,,,,1.0.0
09116298ac6b2d7098c84590a54b0d19,09116298ac6b2d7098c84590a54b0d19,3b9d8c1169ee274746a6,DAP,dap_external,,,,,,.,,,nan,,,,,unresolved,0.0,,,,1.0.0
f7fc9eae9ffb250c853f5b13b3b3b980,f7fc9eae9ffb250c853f5b13b3b3b980,ec8fdb6694d28fcca098,DAP,dap_external,,,,,,.,,,nan,,,,,unresolved,0.0,,,,1.0.0
cf6c8e1cb35a853353a9fc97c626c17e,cf6c8e1cb35a853353a9fc97c626c17e,ec8fdb6694d28fcca098,DAP,dap_external,,,,,,.,,,nan,,,,,unresolved,0.0,,,,1.0.0
76f69f0191e78f5ef77160216c94f3de,76f69f0191e78f5ef77160216c94f3de,a19c707528f864ef4021,DAP,dap_external,,,,,,.,,,nan,,,,,unresolved,0.0,,,,1.0.0
87ae17e8233986496fff5176510687ae,87ae17e8233986496fff5176510687ae,e517a1dfc1ec5de43bcd,DAP,dap_external,,,,,,.,,,nan,,,,,unresolved,0.0,,,,1.0.0
71d1ad76ffbae30f381af8499af69cdc,71d1ad76ffbae30f381af8499af69cdc,e517a1dfc1ec5de43bcd,DAP,dap_external,,,,,,.,,,nan,,,,,unresolved,0.0,,,,1.0.0
5e252848672eef8a72d3aa261fb2cc2e,5e252848672eef8a72d3aa261fb2cc2e,2de67d5dbf1d5392406f,DAP,dap_external,,,,,,.,,,nan,,,,,unresolved,0.0,,,,1.0.0
ebe53ef137391b1c3ffe1d0f08512b0a,ebe53ef137391b1c3ffe1d0f08512b0a,2c801d91a3d2c4e1d359,DAP,dap_external,,,,,,.,,,nan,,,,,unresolved,0.0,,,,1.0.0
765847c5d5b90e9761008d19cafde0e5,765847c5d5b90e9761008d19cafde0e5,2c801d91a3d2c4e1d359,DAP,dap_external,,,,,,.,,,nan,,,,,unresolved,0.0,,,,1.0.0
838462d87af3d9a14f0dbfb0c30c09f1,838462d87af3d9a14f0dbfb0c30c09f1,cb0bdaa76047056f129c,DAP,dap_external,,,,,,.,,,nan,,,,,unresolved,0.0,,,,1.0.0
8546f2ac1b8df4533f8de22389e7b176,8546f2ac1b8df4533f8de22389e7b176,cb0bdaa76047056f129c,DAP,dap_external,,,,,,.,,,nan,,,,,unresolved,0.0,,,,1.0.0
5d39a2353f24d54183db1446642901ed,5d39a2353f24d54183db1446642901ed,a68701939a5a82cdef5a,DAP,dap_external,,,,,,.,,,nan,,,,,unresolved,0.0,,,,1.0.0
d1ee078d7506cfabd0a29732337889c2,d1ee078d7506cfabd0a29732337889c2,4bc19e4fa3baa46a7ebb,DAP,dap_external,,,,,,.,,,nan,,,,,unresolved,0.0,,,,1.0.0
6948e77e5c21c4d5d78b6cac6f65925c,6948e77e5c21c4d5d78b6cac6f65925c,4bc19e4fa3baa46a7ebb,DAP,dap_external,,,,,,.,,,nan,,,,,unresolved,0.0,,,,1.0.0
22b31e0ca5d42457c64b25e45bb83058,22b31e0ca5d42457c64b25e45bb83058,45d58a7670751e596f39,DAP,dap_external,,,,,,.,,,nan,,,,,unresolved,0.0,,,,1.0.0
6473603ef04826856f82eb39017015f3,6473603ef04826856f82eb39017015f3,45d58a7670751e596f39,DAP,dap_external,,,,,,.,,,nan,,,,,unresolved,0.0,,,,1.0.0
7a6e829edabe22c2868acac526cf534f,7a6e829edabe22c2868acac526cf534f,1cef16b3a1a1a40a740b,DAP,dap_external,,,,,,.,,,nan,,,,,unresolved,0.0,,,,1.0.0
05673aac922fc905e59c471d5de4037b,05673aac922fc905e59c471d5de4037b,5e1d714644f2c89f5bb5,DAP,dap_external,,,,,,.,,,nan,,,,,unresolved,0.0,,,,1.0.0
bb0b168c7d7290854a7bbff6460429a4,bb0b168c7d7290854a7bbff6460429a4,ef4ef690fbb458aae178,DAP,dap_external,,,,,,.,,,nan,,,,,unresolved,0.0,,,,1.0.0
649c9c2fdb12c4d256812a5cf1c2223e,649c9c2fdb12c4d256812a5cf1c2223e,eae00169aebea360869f,DAP,dap_external,,,,,,.,,,nan,,,,,unresolved,0.0,,,,1.0.0
d860a47fd2e1d7f527dce721aea82bd6,d860a47fd2e1d7f527dce721aea82bd6,ebdc6daa823c201f9648,DAP,dap_external,,,,,,.,,,nan,,,,,unresolved,0.0,,,,1.0.0
c683bc2d5d0a933d8e7e57f851e4a19a,c683bc2d5d0a933d8e7e57f851e4a19a,ebdc6daa823c201f9648,DAP,dap_external,,,,,,.,,,nan,,,,,unresolved,0.0,,,,1.0.0
b2b6c2f8a72377c0839e52f4c5f7a194,b2b6c2f8a72377c0839e52f4c5f7a194,d07a79812f0d13db2ed7,DAP,dap_external,,,,,,.,,,nan,,,,,unresolved,0.0,,,,1.0.0
39411935813392a848352c20e3020d7a,39411935813392a848352c20e3020d7a,d07a79812f0d13db2ed7,DAP,dap_external,,,,,,.,,,nan,,,,,unresolved,0.0,,,,1.0.0
6f7d3afb2d55198f0ac1af6e4e360c11,6f7d3afb2d55198f0ac1af6e4e360c11,b0337fa11da01fed6423,DAP,dap_external,,,,,,.,,,nan,,,,,unresolved,0.0,,,,1.0.0
9e37afc3f49d03596a25c2ce3d0f21a1,9e37afc3f49d03596a25c2ce3d0f21a1,b0337fa11da01fed6423,DAP,dap_external,,,,,,.,,,nan,,,,,unresolved,0.0,,,,1.0.0
5583cb9560daf4861f9ed9063ae8d839,5583cb9560daf4861f9ed9063ae8d839,007006e90e66c8d74950,DAP,dap_external,,,,,,.,,,nan,,,,,unresolved,0.0,,,,1.0.0
a4115ad8147568b31eb20e91cf68a831,a4115ad8147568b31eb20e91cf68a831,81cbabbb470ca4dfa50d,DAP,dap_external,,,,,,.,,,nan,,,,,unresolved,0.0,,,,1.0.0
98871a3b39d31eff7742e315b3023524,98871a3b39d31eff7742e315b3023524,47bb3ef33d54705e70c0,DAP,dap_external,,,,,,.,,,nan,,,,,unresolved,0.0,,,,1.0.0
d3a4f4cae06cac4098e68a9d49f11c58,d3a4f4cae06cac4098e68a9d49f11c58,1e695444ab756e2d86bf,DAP,dap_external,,,,,,.,,,nan,,,,,unresolved,0.0,,,,1.0.0
4aa938eb4914cc6aa50560e08e4af700,4aa938eb4914cc6aa50560e08e4af700,1e695444ab756e2d86bf,DAP,dap_external,,,,,,.,,,nan,,,,,unresolved,0.0,,,,1.0.0
571f24c1fba7ad0a452baae33e0576dd,571f24c1fba7ad0a452baae33e0576dd,e21f7f96ac38b4f99151,DAP,dap_external,,,,,,.,,,nan,,,,,unresolved,0.0,,,,1.0.0
03bf4bb18afba7e272fb1b878ceec1d5,03bf4bb18afba7e272fb1b878ceec1d5,c199d1606702f784847d,DAP,dap_external,,,,,,.,,,nan,,,,,unresolved,0.0,,,,1.0.0
b00b30e4a4b975bf715c764ce6c1cc7b,b00b30e4a4b975bf715c764ce6c1cc7b,c199d1606702f784847d,DAP,dap_external,,,,,,.,,,nan,,,,,unresolved,0.0,,,,1.0.0
9d24eb2eb4238813b805250856eef1d8,9d24eb2eb4238813b805250856eef1d8,9cbabbc35a97a526ced2,DAP,dap_external,,,,,,.,,,nan,,,,,unresolved,0.0,,,,1.0.0
99f45ecf3a6bc29f0f3ef16a897035e3,99f45ecf3a6bc29f0f3ef16a897035e3,c4eb86a9969dfc96dea7,DAP,dap_external,,,,,,.,,,nan,,,,,unresolved,0.0,,,,1.0.0
b4ef6c7b227acc2760a57893147dab52,b4ef6c7b227acc2760a57893147dab52,acc7c29afa98ba794c1e,DAP,dap_external,,,,,,.,,,nan,,,,,unresolved,0.0,,,,1.0.0
a0c4458e4f70dfa91c39470612b36772,a0c4458e4f70dfa91c39470612b36772,2e3872621849b92c54e7,DAP,dap_external,,,,,,.,,,nan,,,,,unresolved,0.0,,,,1.0.0
797e6f3483ab3728ec2341b2452d9491,797e6f3483ab3728ec2341b2452d9491,e1839c1c9606c9fba99c,DAP,dap_external,,,,,,.,,,nan,,,,,unresolved,0.0,,,,1.0.0
34aa04c049125875a0a368c13e3e416d,34aa04c049125875a0a368c13e3e416d,e1839c1c9606c9fba99c,DAP,dap_external,,,,,,.,,,nan,,,,,unresolved,0.0,,,,1.0.0
d21a56ee0e8583a5a13579843be65def,d21a56ee0e8583a5a13579843be65def,9137e6d661ece00a2ea8,DAP,dap_external,,,,,,.,,,nan,,,,,unresolved,0.0,,,,1.0.0
dde052381d4d62491575f06b2cc01abe,dde052381d4d62491575f06b2cc01abe,9137e6d661ece00a2ea8,DAP,dap_external,,,,,,.,,,nan,,,,,unresolved,0.0,,,,1.0.0
aa8f61b080f591859f64e361e09927d7,aa8f61b080f591859f64e361e09927d7,58c6609672a99069c130,DAP,dap_external,,,,,,.,,,nan,,,,,unresolved,0.0,,,,1.0.0
ba504a1cb2e7d1fa23c4bd7954284ef9,ba504a1cb2e7d1fa23c4bd7954284ef9,fee43efc7620603129e1,DAP,dap_external,,,,,,.,,,nan,,,,,unresolved,0.0,,,,1.0.0
8fb7d4470ce3d18e81534207b9791f24,8fb7d4470ce3d18e81534207b9791f24,aacdb871d738e341b07f,DAP,dap_external,,,,,,.,,,nan,,,,,unresolved,0.0,,,,1.0.0
638983173e541f57d580bdbe92747f93,638983173e541f57d580bdbe92747f93,35b5cae96a6a6e92c85c,DAP,dap_external,,,,,,.,,,nan,,,,,unresolved,0.0,,,,1.0.0
b3c1e7eb3c43d40d809a5cfc3ca3a6b9,b3c1e7eb3c43d40d809a5cfc3ca3a6b9,35b5cae96a6a6e92c85c,DAP,dap_external,,,,,,.,,,nan,,,,,unresolved,0.0,,,,1.0.0
1482dbeda2aff0bcbd369c9189764764,1482dbeda2aff0bcbd369c9189764764,60bc5fa1911352534cb1,DAP,dap_external,,,,,,.,,,nan,,,,,unresolved,0.0,,,,1.0.0
990947bdef7000b02191e456bb36541a,990947bdef7000b02191e456bb36541a,3ec59d357b8282d2535e,DAP,dap_external,,,,,,.,,,nan,,,,,unresolved,0.0,,,,1.0.0
6882d5ad2467561b095b8f77c3ddfe5d,6882d5ad2467561b095b8f77c3ddfe5d,6c1a4cded5fe748a428c,DAP,dap_external,,,,,,.,,,nan,,,,,unresolved,0.0,,,,1.0.0
aa4eac908e6f4e05e5e998c55c4b11b9,aa4eac908e6f4e05e5e998c55c4b11b9,47c3bc12344eba3f30a9,DAP,dap_external,,,,,,.,,,nan,,,,,unresolved,0.0,,,,1.0.0
5a29e744284d3a5b80070f86ee7fc52f,5a29e744284d3a5b80070f86ee7fc52f,3e0df40c9eae1097ff5c,DAP,dap_external,,,,,,.,,,nan,,,,,unresolved,0.0,,,,1.0.0
ea35434a50a804db7e62252fc7406f44,ea35434a50a804db7e62252fc7406f44,e7ce9b944a2a6ebb936e,DAP,dap_external,,,,,,.,,,nan,,,,,unresolved,0.0,,,,1.0.0
6233d80cfb8a72cfcc467c2cee27cbef,6233d80cfb8a72cfcc467c2cee27cbef,77d0ad028d2ac76cb0c4,DAP,dap_external,,,,,,.,,,nan,,,,,unresolved,0.0,,,,1.0.0
4cb9b72866c2a91c325d21e77a4bb783,4cb9b72866c2a91c325d21e77a4bb783,c742c7b4f7ee4ac4f769,DAP,dap_external,,,,,,.,,,nan,,,,,unresolved,0.0,,,,1.0.0
83a02486591639931a73198b5a3218ca,83a02486591639931a73198b5a3218ca,8084fb764df7793c99d9,DAP,dap_external,,,,,,.,,,nan,,,,,unresolved,0.0,,,,1.0.0
0767e1b161f4a70f47d1b697acdb8adb,0767e1b161f4a70f47d1b697acdb8adb,8084fb764df7793c99d9,DAP,dap_external,,,,,,.,,,nan,,,,,unresolved,0.0,,,,1.0.0
0bf2cc9718237f20e2ff1187a06613b1,0bf2cc9718237f20e2ff1187a06613b1,c04a9ceb5dd87b1088ba,DAP,dap_external,,,,,,.,,,nan,,,,,unresolved,0.0,,,,1.0.0
b535f5e117d531c77745ed3a0a62005b,b535f5e117d531c77745ed3a0a62005b,c04a9ceb5dd87b1088ba,DAP,dap_external,,,,,,.,,,nan,,,,,unresolved,0.0,,,,1.0.0
5edbba19948db8bbb57890ed6b78be59,5edbba19948db8bbb57890ed6b78be59,58fcad4860bd27b7fe36,DAP,dap_external,,,,,,.,,,nan,,,,,unresolved,0.0,,,,1.0.0
ea91b9410d33f543e986107ff854f4c1,ea91b9410d33f543e986107ff854f4c1,499090bfb584b6ca15a4,DAP,dap_external,,,,,,.,,,nan,,,,,unresolved,0.0,,,,1.0.0
6cfc8cd132e478d97d5566167de8a69f,6cfc8cd132e478d97d5566167de8a69f,9cf55761c8cdb287b2e7,DAP,dap_external,,,,,,.,,,nan,,,,,unresolved,0.0,,,,1.0.0
2e3ae485ef6e2460d6c3382f8a172621,2e3ae485ef6e2460d6c3382f8a172621,519ec1a3938ecc7a2a0b,DAP,dap_external,,,,,,.,,,nan,,,,,unresolved,0.0,,,,1.0.0
c8de3e35be08ae3b15e521fb7ae48752,c8de3e35be08ae3b15e521fb7ae48752,519ec1a3938ecc7a2a0b,DAP,dap_external,,,,,,.,,,nan,,,,,unresolved,0.0,,,,1.0.0
48ad7135ee897eaf7401d3a16681d9c3,48ad7135ee897eaf7401d3a16681d9c3,c0387e941519c502daee,DAP,dap_external,,,,,,.,,,nan,,,,,unresolved,0.0,,,,1.0.0
5f3ff0a54591df07bb80235d5ef99d16,5f3ff0a54591df07bb80235d5ef99d16,d58bffe14e0615416fba,DAP,dap_external,,,,,,.,,,nan,,,,,unresolved,0.0,,,,1.0.0
b2f4163f5f5599b231eec56cbcee8c6e,b2f4163f5f5599b231eec56cbcee8c6e,45dcc63fb50c4776a31b,DAP,dap_external,,,,,,.,,,nan,,,,,unresolved,0.0,,,,1.0.0
46f88716f4a9463bf21ed761c5b294dd,46f88716f4a9463bf21ed761c5b294dd,96470efdd78dd1fcd2bb,DAP,dap_external,,,,,,.,,,nan,,,,,unresolved,0.0,,,,1.0.0
6339a04d559b551f49b832cf7b1d2016,6339a04d559b551f49b832cf7b1d2016,df1f35741f676f81ef01,DAP,dap_external,,,,,,.,,,nan,,,,,unresolved,0.0,,,,1.0.0
3e6e02b996873f4c4006f8aa18fb6914,3e6e02b996873f4c4006f8aa18fb6914,df1f35741f676f81ef01,DAP,dap_external,,,,,,.,,,nan,,,,,unresolved,0.0,,,,1.0.0
8aecf444ed9f11d801d55bff552083bb,8aecf444ed9f11d801d55bff552083bb,52df0e313d5674168288,DAP,dap_external,,,,,,.,,,nan,,,,,unresolved,0.0,,,,1.0.0
7be6fb53713ea8ff128a23537e53dcff,7be6fb53713ea8ff128a23537e53dcff,a2c70795966cea3b8833,DAP,dap_external,,,,,,.,,,nan,,,,,unresolved,0.0,,,,1.0.0
11eeb99f0b9446ef5096162102e746f3,11eeb99f0b9446ef5096162102e746f3,f1645e017ea406766407,DAP,dap_external,,,,,,.,,,nan,,,,,unresolved,0.0,,,,1.0.0
5f637208ceeb7d0e63f1812e2b90eb56,5f637208ceeb7d0e63f1812e2b90eb56,f1645e017ea406766407,DAP,dap_external,,,,,,.,,,nan,,,,,unresolved,0.0,,,,1.0.0
78f34ce2bb70df005fc6556f51a4820d,78f34ce2bb70df005fc6556f51a4820d,5000350af05e6a3e3175,DAP,dap_external,,,,,,.,,,nan,,,,,unresolved,0.0,,,,1.0.0
3dc99f1e89942472ffced329fe0e725f,3dc99f1e89942472ffced329fe0e725f,3425855c42ae8f1d9286,DAP,dap_external,,,,,,.,,,nan,,,,,unresolved,0.0,,,,1.0.0
919b4d3aad65a30481f25789ea5287da,919b4d3aad65a30481f25789ea5287da,3425855c42ae8f1d9286,DAP,dap_external,,,,,,.,,,nan,,,,,unresolved,0.0,,,,1.0.0
b6862d46fce81764aaf926c0bf6f0167,b6862d46fce81764aaf926c0bf6f0167,e9330c16d9954f62d441,DAP,dap_external,,,,,,.,,,nan,,,,,unresolved,0.0,,,,1.0.0
9dea677ab3afd3c42038effd5240882d,9dea677ab3afd3c42038effd5240882d,3d4dd9f57b3c86b4b350,DAP,dap_external,,,,,,.,,,nan,,,,,unresolved,0.0,,,,1.0.0
cb948a8935f0385e268900984197356b,cb948a8935f0385e268900984197356b,3d4dd9f57b3c86b4b350,DAP,dap_external,,,,,,.,,,nan,,,,,unresolved,0.0,,,,1.0.0
df5d0370191a8fd0ecbb1a6a208247b0,df5d0370191a8fd0ecbb1a6a208247b0,93e12a692c6c00842129,DAP,dap_external,,,,,,.,,,nan,,,,,unresolved,0.0,,,,1.0.0
35c0ba313b5c481f926e2f18095ac314,35c0ba313b5c481f926e2f18095ac314,cce8127f14da0ea22c7d,DAP,dap_external,,,,,,.,,,nan,,,,,unresolved,0.0,,,,1.0.0
ccd1fa48aacaad0dead74685c8b4bf35,ccd1fa48aacaad0dead74685c8b4bf35,48d9cd9c759ec6523d32,DAP,dap_external,,,,,,.,,,nan,,,,,unresolved,0.0,,,,1.0.0
4ff075e97e206758ae87c5be0e530b5e,4ff075e97e206758ae87c5be0e530b5e,0fb6d9ddca80168bdcf0,DAP,dap_external,,,,,,.,,,nan,,,,,unresolved,0.0,,,,1.0.0
fdf08549bdf2ad972e368aa925a4cbf9,fdf08549bdf2ad972e368aa925a4cbf9,dc0ee19e5df7437d5420,DAP,dap_external,,,,,,.,,,nan,,,,,unresolved,0.0,,,,1.0.0
a2864c36930b368e26b19661dbaee36a,a2864c36930b368e26b19661dbaee36a,2bd76cf642029bbaf788,DAP,dap_external,,,,,,.,,,nan,,,,,unresolved,0.0,,,,1.0.0
22ca4849ff2da703190f8670d3cc6576,22ca4849ff2da703190f8670d3cc6576,736e38fe238aa0bd0e68,DAP,dap_external,,,,,,.,,,nan,,,,,unresolved,0.0,,,,1.0.0
38b5e63523f2fa533b2623a5054b505d,38b5e63523f2fa533b2623a5054b505d,a728d8c4374c9d51da27,DAP,dap_external,,,,,,.,,,nan,,,,,unresolved,0.0,,,,1.0.0
244eeb6885758e2bbb217b3a3b76c712,244eeb6885758e2bbb217b3a3b76c712,497990fcd11eb500b165,DAP,dap_external,,,,,,.,,,nan,,,,,unresolved,0.0,,,,1.0.0
d1f4fb976be30f0c69ab4c84dc4aaed8,d1f4fb976be30f0c69ab4c84dc4aaed8,fb1fca1f24a2135e3432,DAP,dap_external,,,,,,.,,,nan,,,,,unresolved,0.0,,,,1.0.0
42622b63b71841ab7829355a6537e9ed,42622b63b71841ab7829355a6537e9ed,82af2fd199e11556a7a6,DAP,dap_external,,,,,,.,,,nan,,,,,unresolved,0.0,,,,1.0.0
f4759649e41c172929b5664efdcf0bd2,f4759649e41c172929b5664efdcf0bd2,006c04dfbf421ccccb23,DAP,dap_external,,,,,,.,,,nan,,,,,unresolved,0.0,,,,1.0.0
78526c517f6f4b76b79c9ccd1d203b18,78526c517f6f4b76b79c9ccd1d203b18,af05835265c9ea096f60,DAP,dap_external,,,,,,.,,,nan,,,,,unresolved,0.0,,,,1.0.0
01099a7368ea2f697b8ec76e6d357563,01099a7368ea2f697b8ec76e6d357563,af05835265c9ea096f60,DAP,dap_external,,,,,,.,,,nan,,,,,unresolved,0.0,,,,1.0.0
31b0300f916611141fea4b653cb5262e,31b0300f916611141fea4b653cb5262e,11d3dc11b1122ee4bdf6,DAP,dap_external,,,,,,.,,,nan,,,,,unresolved,0.0,,,,1.0.0
d76ec51ddca9652c113ff312c5c69d5e,d76ec51ddca9652c113ff312c5c69d5e,11d3dc11b1122ee4bdf6,DAP,dap_external,,,,,,.,,,nan,,,,,unresolved,0.0,,,,1.0.0
5fb7880e4a5e060d3bc7fc8433f93f0c,5fb7880e4a5e060d3bc7fc8433f93f0c,029cc8659ff8658644a7,DAP,dap_external,,,,,,.,,,nan,,,,,unresolved,0.0,,,,1.0.0
08b2b66427884afd7fb44489958f26dd,08b2b66427884afd7fb44489958f26dd,029cc8659ff8658644a7,DAP,dap_external,,,,,,.,,,nan,,,,,unresolved,0.0,,,,1.0.0
19e34008aa67e7be924a168bbbde6c06,19e34008aa67e7be924a168bbbde6c06,7c274cbc6cabd5ce15f0,DAP,dap_external,,,,,,.,,,nan,,,,,unresolved,0.0,,,,1.0.0
cfb14bdeeabf7f8977841ebadb4c77c4,cfb14bdeeabf7f8977841ebadb4c77c4,7c274cbc6cabd5ce15f0,DAP,dap_external,,,,,,.,,,nan,,,,,unresolved,0.0,,,,1.0.0
95d208dec43df963ab2b687a214a3af1,95d208dec43df963ab2b687a214a3af1,78eb42995af67600dff1,DAP,dap_external,,,,,,.,,,nan,,,,,unresolved,0.0,,,,1.0.0
4b4426c17f3242bb9744d36e48bc41ab,4b4426c17f3242bb9744d36e48bc41ab,1026a14e08cfaf7a84f6,DAP,dap_external,,,,,,.,,,nan,,,,,unresolved,0.0,,,,1.0.0
dde845d5cbae623ea520101bc8daebef,dde845d5cbae623ea520101bc8daebef,d117b662f3587b3ce3c0,DAP,dap_external,,,,,,.,,,nan,,,,,unresolved,0.0,,,,1.0.0
ad9c78c231a1766b3dee5f6c4e7e14fe,ad9c78c231a1766b3dee5f6c4e7e14fe,a07d30a99a1cafba37d0,DAP,dap_external,,,,,,.,,,nan,,,,,unresolved,0.0,,,,1.0.0
79598195a2b8ce04986e75d09e741953,79598195a2b8ce04986e75d09e741953,a07d30a99a1cafba37d0,DAP,dap_external,,,,,,.,,,nan,,,,,unresolved,0.0,,,,1.0.0
f4fda17bb2a49ec31d1bd63668795946,f4fda17bb2a49ec31d1bd63668795946,076cfc1f8f0fc5981f94,DAP,dap_external,,,,,,.,,,nan,,,,,unresolved,0.0,,,,1.0.0
bfd9057413af6052a2aecbf194e1d077,bfd9057413af6052a2aecbf194e1d077,076cfc1f8f0fc5981f94,DAP,dap_external,,,,,,.,,,nan,,,,,unresolved,0.0,,,,1.0.0
19fbe52b8ea16618b2e12eb777060191,19fbe52b8ea16618b2e12eb777060191,692147ef7b5e7983c49e,DAP,dap_external,,,,,,.,,,nan,,,,,unresolved,0.0,,,,1.0.0
ce0c6ba17df7614238cfd4c0454e74be,ce0c6ba17df7614238cfd4c0454e74be,692147ef7b5e7983c49e,DAP,dap_external,,,,,,.,,,nan,,,,,unresolved,0.0,,,,1.0.0
faaac764f6b357009eb990d024422844,faaac764f6b357009eb990d024422844,9c0ede8c2f64708b3e31,DAP,dap_external,,,,,,.,,,nan,,,,,unresolved,0.0,,,,1.0.0
aac614058e4109a91333f1381c815a8e,aac614058e4109a91333f1381c815a8e,573bda8933068db1fd67,DAP,dap_external,,,,,,.,,,nan,,,,,unresolved,0.0,,,,1.0.0
9a5c00cd0af77c7a1862a02102faae76,9a5c00cd0af77c7a1862a02102faae76,f7aa0989a35252b64d9d,DAP,dap_external,,,,,,.,,,nan,,,,,unresolved,0.0,,,,1.0.0
0456b97bfcd20f6a98c0d3f56ca81f68,0456b97bfcd20f6a98c0d3f56ca81f68,39b0aab4052c08607d9d,DAP,dap_external,,,,,,.,,,nan,,,,,unresolved,0.0,,,,1.0.0
d56a0617c897040c7d4337ef76834e96,d56a0617c897040c7d4337ef76834e96,a470c25691d3e34fe808,DAP,dap_external,,,,,,.,,,nan,,,,,unresolved,0.0,,,,1.0.0
81c5705e62ec583f58098202933006a5,81c5705e62ec583f58098202933006a5,a470c25691d3e34fe808,DAP,dap_external,,,,,,.,,,nan,,,,,unresolved,0.0,,,,1.0.0
d7b2583edbcf36ebb8649c17099b781f,d7b2583edbcf36ebb8649c17099b781f,b7b1c2f7c54860322b71,DAP,dap_external,,,,,,.,,,nan,,,,,unresolved,0.0,,,,1.0.0
50ca79d8590316c183e973a8450089bf,50ca79d8590316c183e973a8450089bf,b7b1c2f7c54860322b71,DAP,dap_external,,,,,,.,,,nan,,,,,unresolved,0.0,,,,1.0.0
4f6cc173e48eb216b09c3e9d71110ed6,4f6cc173e48eb216b09c3e9d71110ed6,4941d364daabef36d571,DAP,dap_external,,,,,,.,,,nan,,,,,unresolved,0.0,,,,1.0.0
6af682f9c59fd465f8cdcc240a2de6c1,6af682f9c59fd465f8cdcc240a2de6c1,894e3de1091389e664f2,DAP,dap_external,,,,,,.,,,nan,,,,,unresolved,0.0,,,,1.0.0
d9c1414e92311cee2c4d5b301fc4dfb6,d9c1414e92311cee2c4d5b301fc4dfb6,894e3de1091389e664f2,DAP,dap_external,,,,,,.,,,nan,,,,,unresolved,0.0,,,,1.0.0
88ebdad276412516349416302d0496a9,88ebdad276412516349416302d0496a9,5eb2ec001094513960bc,DAP,dap_external,,,,,,.,,,nan,,,,,unresolved,0.0,,,,1.0.0
f68822b6182c01f20f4cc7ffdd45a697,f68822b6182c01f20f4cc7ffdd45a697,798888b1a935260e3884,DAP,dap_external,,,,,,.,,,nan,,,,,unresolved,0.0,,,,1.0.0
b089897e7779c8f677f8ba34015c1de1,b089897e7779c8f677f8ba34015c1de1,798888b1a935260e3884,DAP,dap_external,,,,,,.,,,nan,,,,,unresolved,0.0,,,,1.0.0
b8b3009b37df835959a99aa1510fe940,b8b3009b37df835959a99aa1510fe940,64014dd898401da31250,DAP,dap_external,,,,,,.,,,nan,,,,,unresolved,0.0,,,,1.0.0
fe62ad8a3517693c95cd1314e2c2fcf2,fe62ad8a3517693c95cd1314e2c2fcf2,64014dd898401da31250,DAP,dap_external,,,,,,.,,,nan,,,,,unresolved,0.0,,,,1.0.0
5a85fbf617431491bc09d1a2dc71f775,5a85fbf617431491bc09d1a2dc71f775,6716851331c09278c169,DAP,dap_external,,,,,,.,,,nan,,,,,unresolved,0.0,,,,1.0.0
131f4c5a9c4cd660cf0aed9e0cd28244,131f4c5a9c4cd660cf0aed9e0cd28244,17e85e3b1e59f3b8877c,DAP,dap_external,,,,,,.,,,nan,,,,,unresolved,0.0,,,,1.0.0
395a2c82e4c7494f2bc28b7b0901053d,395a2c82e4c7494f2bc28b7b0901053d,17e85e3b1e59f3b8877c,DAP,dap_external,,,,,,.,,,nan,,,,,unresolved,0.0,,,,1.0.0
b5c33ff1cdb99d66b4946ce4e0b96376,b5c33ff1cdb99d66b4946ce4e0b96376,a986e846763d391ef664,DAP,dap_external,,,,,,.,,,nan,,,,,unresolved,0.0,,,,1.0.0
baa2e2d0d92095ffbd1d44a1ce7445cf,baa2e2d0d92095ffbd1d44a1ce7445cf,a986e846763d391ef664,DAP,dap_external,,,,,,.,,,nan,,,,,unresolved,0.0,,,,1.0.0
cbbd5d925cdaba86587d2b592783b5c8,cbbd5d925cdaba86587d2b592783b5c8,0231452d00fb9ca72c2b,DAP,dap_external,,,,,,.,,,nan,,,,,unresolved,0.0,,,,1.0.0
50de4b67a66a116e939b0ec1ab9e281b,50de4b67a66a116e939b0ec1ab9e281b,0231452d00fb9ca72c2b,DAP,dap_external,,,,,,.,,,nan,,,,,unresolved,0.0,,,,1.0.0
76f1ecd20494a75d6d472c557c8eef70,76f1ecd20494a75d6d472c557c8eef70,2998c21aa18ce061a405,DAP,dap_external,,,,,,.,,,nan,,,,,unresolved,0.0,,,,1.0.0
ea060e62463935db01cd4f0c27948981,ea060e62463935db01cd4f0c27948981,dc8af8d8eee8f4343d79,DAP,dap_external,,,,,,.,,,nan,,,,,unresolved,0.0,,,,1.0.0
e3b7c8fc3772c5445fdc9f61353c03f4,e3b7c8fc3772c5445fdc9f61353c03f4,1e15956bc9ab7c342ea2,DAP,dap_external,,,,,,.,,,nan,,,,,unresolved,0.0,,,,1.0.0
761d71c76ea9a880fb1c5ed74aef1713,761d71c76ea9a880fb1c5ed74aef1713,63e8e7e526f039c99239,DAP,dap_external,,,,,,.,,,nan,,,,,unresolved,0.0,,,,1.0.0
07af130ed191dfda92ef190ed28e2974,07af130ed191dfda92ef190ed28e2974,cba9d5a4a0e8847c0158,DAP,dap_external,,,,,,.,,,nan,,,,,unresolved,0.0,,,,1.0.0
67a172eed9476cd93239ab5417fb1cae,67a172eed9476cd93239ab5417fb1cae,cba9d5a4a0e8847c0158,DAP,dap_external,,,,,,.,,,nan,,,,,unresolved,0.0,,,,1.0.0
78733438a670930bacd2e3315e259dd5,78733438a670930bacd2e3315e259dd5,cec3f3a50516ecb0e9e0,DAP,dap_external,,,,,,.,,,nan,,,,,unresolved,0.0,,,,1.0.0
0bec5fe3a21221d0d76fe901600e63a4,0bec5fe3a21221d0d76fe901600e63a4,cec3f3a50516ecb0e9e0,DAP,dap_external,,,,,,.,,,nan,,,,,unresolved,0.0,,,,1.0.0
25b6b9c545de9930adeb673ea3973949,25b6b9c545de9930adeb673ea3973949,f3e5dc8eda7ceb05ead6,DAP,dap_external,,,,,,.,,,nan,,,,,unresolved,0.0,,,,1.0.0
b04f069033e1bb1b7c4d0351a7c447bf,b04f069033e1bb1b7c4d0351a7c447bf,57307d29c988057f7df4,DAP,dap_external,,,,,,.,,,nan,,,,,unresolved,0.0,,,,1.0.0
eac6fb04b3eb906eb3ba673fb92c92db,eac6fb04b3eb906eb3ba673fb92c92db,12c76ebe4520d470bf1e,DAP,dap_external,,,,,,.,,,nan,,,,,unresolved,0.0,,,,1.0.0
37c539e4090a4805bd509b985d0f481e,37c539e4090a4805bd509b985d0f481e,12c76ebe4520d470bf1e,DAP,dap_external,,,,,,.,,,nan,,,,,unresolved,0.0,,,,1.0.0
2662557c9217d1c803815d9ee733698b,2662557c9217d1c803815d9ee733698b,e291be99f17b7df8bbbd,DAP,dap_external,,,,,,.,,,nan,,,,,unresolved,0.0,,,,1.0.0
2685ec5567078a535dd1f7ea5ef78c7e,2685ec5567078a535dd1f7ea5ef78c7e,a8728b27fcc8199d1f67,DAP,dap_external,,,,,,.,,,nan,,,,,unresolved,0.0,,,,1.0.0
b997bfebb5039bac9980e7651514b4f1,b997bfebb5039bac9980e7651514b4f1,ae23c87313404f52f6a7,DAP,dap_external,,,,,,.,,,nan,,,,,unresolved,0.0,,,,1.0.0
1271107b8e48d845b2a40ba5e78f30a0,1271107b8e48d845b2a40ba5e78f30a0,ae23c87313404f52f6a7,DAP,dap_external,,,,,,.,,,nan,,,,,unresolved,0.0,,,,1.0.0
46bc0e352457f9af9602b79aaed76e66,46bc0e352457f9af9602b79aaed76e66,04c4a2b4314b4c9683e3,DAP,dap_external,,,,,,.,,,nan,,,,,unresolved,0.0,,,,1.0.0
e79967d7b57512f9a6e0b582b4d3326f,e79967d7b57512f9a6e0b582b4d3326f,beeb91e04a3d11d476fe,DAP,dap_external,,,,,,.,,,nan,,,,,unresolved,0.0,,,,1.0.0
5ece914fbe69a8c561c7ab474fa22113,5ece914fbe69a8c561c7ab474fa22113,a3fa313e1019f460d3ae,DAP,dap_external,,,,,,.,,,nan,,,,,unresolved,0.0,,,,1.0.0
f64d6833e4b464953fe1bbc265c1698d,f64d6833e4b464953fe1bbc265c1698d,a3fa313e1019f460d3ae,DAP,dap_external,,,,,,.,,,nan,,,,,unresolved,0.0,,,,1.0.0
062884afea4a7e2a4cf890681016a7ba,062884afea4a7e2a4cf890681016a7ba,f1295991631f56f6c1d2,DAP,dap_external,,,,,,.,,,nan,,,,,unresolved,0.0,,,,1.0.0
0d53c8676b7f48a1c620413a6cd77db0,0d53c8676b7f48a1c620413a6cd77db0,f1295991631f56f6c1d2,DAP,dap_external,,,,,,.,,,nan,,,,,unresolved,0.0,,,,1.0.0
36a585ed57a836289687270653dcf94e,36a585ed57a836289687270653dcf94e,d4fe592c4bb31b4cbc62,DAP,dap_external,,,,,,.,,,nan,,,,,unresolved,0.0,,,,1.0.0
c5068516701a1c58593e205410a2d337,c5068516701a1c58593e205410a2d337,d4fe592c4bb31b4cbc62,DAP,dap_external,,,,,,.,,,nan,,,,,unresolved,0.0,,,,1.0.0
dbc652be023b4e9fc5abaca61fecda2e,dbc652be023b4e9fc5abaca61fecda2e,31c79c5d2ec836556533,DAP,dap_external,,,,,,.,,,nan,,,,,unresolved,0.0,,,,1.0.0
025f6297cf61780b4cbd5c4140ad47df,025f6297cf61780b4cbd5c4140ad47df,e7f4f5ecbb80d097bb00,DAP,dap_external,,,,,,.,,,nan,,,,,unresolved,0.0,,,,1.0.0
96b7d52ea7d37f85f0be59890555cc20,96b7d52ea7d37f85f0be59890555cc20,4d9953c5724c93c83367,DAP,dap_external,,,,,,.,,,nan,,,,,unresolved,0.0,,,,1.0.0
43bd57972623ed4981c20c75ebf8c39e,43bd57972623ed4981c20c75ebf8c39e,86bbdcb1cc37404309b0,DAP,dap_external,,,,,,.,,,nan,,,,,unresolved,0.0,,,,1.0.0
120330214725b03f2cf64875140956a2,120330214725b03f2cf64875140956a2,40f4ef5ec12c762c1860,DAP,dap_external,,,,,,.,,,nan,,,,,unresolved,0.0,,,,1.0.0
cb565ae99aa598e2efc4483ef93e53b8,cb565ae99aa598e2efc4483ef93e53b8,40f4ef5ec12c762c1860,DAP,dap_external,,,,,,.,,,nan,,,,,unresolved,0.0,,,,1.0.0
71002eb33f0910c6d2344024e837ed87,71002eb33f0910c6d2344024e837ed87,a8ce479a5ef80bc1e826,DAP,dap_external,,,,,,.,,,nan,,,,,unresolved,0.0,,,,1.0.0
4a17b78a0dbdf25cc7d705cfac3368ed,4a17b78a0dbdf25cc7d705cfac3368ed,1ab0952fbddf786080c0,DAP,dap_external,,,,,,.,,,nan,,,,,unresolved,0.0,,,,1.0.0
c66ee7fbeccc5298308d277ab930ec0c,c66ee7fbeccc5298308d277ab930ec0c,52244ff230a5daa76247,DAP,dap_external,,,,,,.,,,nan,,,,,unresolved,0.0,,,,1.0.0
265af56019a555b6b44bc8d8e2c853ca,265af56019a555b6b44bc8d8e2c853ca,316a339db31df910104b,DAP,dap_external,,,,,,.,,,nan,,,,,unresolved,0.0,,,,1.0.0
c8c7ee30a9d38530655b995a0e40f678,c8c7ee30a9d38530655b995a0e40f678,9cbefe132eaadc67508e,DAP,dap_external,,,,,,.,,,nan,,,,,unresolved,0.0,,,,1.0.0
de87399866d1674318fde9c94d13e089,de87399866d1674318fde9c94d13e089,9cbefe132eaadc67508e,DAP,dap_external,,,,,,.,,,nan,,,,,unresolved,0.0,,,,1.0.0
256275bc1e837e874947ea022a0e19fa,256275bc1e837e874947ea022a0e19fa,db6c152eeda71fa5779d,DAP,dap_external,,,,,,.,,,nan,,,,,unresolved,0.0,,,,1.0.0
857a1334c397c252cc2f80a9404801a3,857a1334c397c252cc2f80a9404801a3,20e589bf19d627833bd6,DAP,dap_external,,,,,,.,,,nan,,,,,unresolved,0.0,,,,1.0.0
ea7faf823dcf7d987cd5caa5b5d7f5c1,ea7faf823dcf7d987cd5caa5b5d7f5c1,f0b3bde56404fc3e5f98,DAP,dap_external,,,,,,.,,,nan,,,,,unresolved,0.0,,,,1.0.0
59d59fbf13648367a8e55746d056b1f5,59d59fbf13648367a8e55746d056b1f5,7a45d36c965a07132d12,DAP,dap_external,,,,,,.,,,nan,,,,,unresolved,0.0,,,,1.0.0
90b06666dc840ac26e5f8b4bb8c32c50,90b06666dc840ac26e5f8b4bb8c32c50,7a45d36c965a07132d12,DAP,dap_external,,,,,,.,,,nan,,,,,unresolved,0.0,,,,1.0.0
3f4b7a38861196bcef227a543746f5d7,3f4b7a38861196bcef227a543746f5d7,00997e666d46bc950d1f,DAP,dap_external,,,,,,.,,,nan,,,,,unresolved,0.0,,,,1.0.0
6dea2f3b6debfab3adfe4b50c76e0ce9,6dea2f3b6debfab3adfe4b50c76e0ce9,00997e666d46bc950d1f,DAP,dap_external,,,,,,.,,,nan,,,,,unresolved,0.0,,,,1.0.0
26a54f042071a7cbae6a856f73a1b616,26a54f042071a7cbae6a856f73a1b616,46bd8240674c2139d086,DAP,dap_external,,,,,,.,,,nan,,,,,unresolved,0.0,,,,1.0.0
4c6bc778cfb441b6f770b7e41d28177a,4c6bc778cfb441b6f770b7e41d28177a,17490c2b6fb2dbefc169,DAP,dap_external,,,,,,.,,,nan,,,,,unresolved,0.0,,,,1.0.0
a4d90c51f557a2c6d6e82867acdbcf47,a4d90c51f557a2c6d6e82867acdbcf47,3b63a12f10f4309796d8,DAP,dap_external,,,,,,.,,,nan,,,,,unresolved,0.0,,,,1.0.0
e7aac8ef452ec052413d04e6ddaa631b,e7aac8ef452ec052413d04e6ddaa631b,174e8fa5b55e57ec5b2d,DAP,dap_external,,,,,,.,,,nan,,,,,unresolved,0.0,,,,1.0.0
a82f80f1edd017fc8d25e393ba22d613,a82f80f1edd017fc8d25e393ba22d613,59bf2561f4c1fe785eb3,DAP,dap_external,,,,,,.,,,nan,,,,,unresolved,0.0,,,,1.0.0
7aa822313f039b716d74abf4207d61d4,7aa822313f039b716d74abf4207d61d4,4397fcc1430816d07136,DAP,dap_external,,,,,,.,,,nan,,,,,unresolved,0.0,,,,1.0.0
423837c35dc6fe2bd4228beb77101fd6,423837c35dc6fe2bd4228beb77101fd6,7bfb3eb2980cf944cde7,DAP,dap_external,,,,,,.,,,nan,,,,,unresolved,0.0,,,,1.0.0
094f32c4a2c3a0228436af7651d9ee68,094f32c4a2c3a0228436af7651d9ee68,7bfb3eb2980cf944cde7,DAP,dap_external,,,,,,.,,,nan,,,,,unresolved,0.0,,,,1.0.0
de8b5209d5212dcc8e4a7321e9353f54,de8b5209d5212dcc8e4a7321e9353f54,a66815e961a4a4c07eac,DAP,dap_external,,,,,,.,,,nan,,,,,unresolved,0.0,,,,1.0.0
a5d9c9a3563ecd6c69509f3400627d0f,a5d9c9a3563ecd6c69509f3400627d0f,b1f0c7453185b4520670,DAP,dap_external,,,,,,.,,,nan,,,,,unresolved,0.0,,,,1.0.0
20a54c42e0e0bcc4e14dae6a8eb1ce33,20a54c42e0e0bcc4e14dae6a8eb1ce33,3601d7a9969db5ac4319,DAP,dap_external,,,,,,.,,,nan,,,,,unresolved,0.0,,,,1.0.0
5e7fe8bc0e99ca33ba9870e2a8cf1cde,5e7fe8bc0e99ca33ba9870e2a8cf1cde,d1dc02b0f134a3e9c4f8,DAP,dap_external,,,,,,.,,,nan,,,,,unresolved,0.0,,,,1.0.0
39ddc61dddd53e7ac78f2a8ff00c946b,39ddc61dddd53e7ac78f2a8ff00c946b,3c95fca9de0335865022,DAP,dap_external,,,,,,.,,,nan,,,,,unresolved,0.0,,,,1.0.0
18beacd917e30c29b444837bb66bd84a,18beacd917e30c29b444837bb66bd84a,3c95fca9de0335865022,DAP,dap_external,,,,,,.,,,nan,,,,,unresolved,0.0,,,,1.0.0
3000e3c97e6fc3c0299e2d7a0cd6d77e,3000e3c97e6fc3c0299e2d7a0cd6d77e,be7c5c413632432fa64c,DAP,dap_external,,,,,,.,,,nan,,,,,unresolved,0.0,,,,1.0.0
ab734ff98716154a75ac008d16757e1f,ab734ff98716154a75ac008d16757e1f,fb6640eee51c6053375d,DAP,dap_external,,,,,,.,,,nan,,,,,unresolved,0.0,,,,1.0.0
b03ace89843e1bee210f6a281f553676,b03ace89843e1bee210f6a281f553676,e8a4d9968a829b0632d7,DAP,dap_external,,,,,,.,,,nan,,,,,unresolved,0.0,,,,1.0.0
08c22a24ff1a7348f4f1bb0f33c1391b,08c22a24ff1a7348f4f1bb0f33c1391b,93e679b4321c01cd96eb,DAP,dap_external,,,,,,.,,,nan,,,,,unresolved,0.0,,,,1.0.0
17193eb2a7563cecdbf0a3c65ec89780,17193eb2a7563cecdbf0a3c65ec89780,22f108a39f9fe9e8a578,DAP,dap_external,,,,,,.,,,nan,,,,,unresolved,0.0,,,,1.0.0
b399c6cd71a4339dde777a7643af0da5,b399c6cd71a4339dde777a7643af0da5,22f108a39f9fe9e8a578,DAP,dap_external,,,,,,.,,,nan,,,,,unresolved,0.0,,,,1.0.0
a447205dfccf0c64fb7259418c216fe8,a447205dfccf0c64fb7259418c216fe8,da4c46fddb8d21bc8c2c,DAP,dap_external,,,,,,.,,,nan,,,,,unresolved,0.0,,,,1.0.0
183abaec57481cf81b2d9eea44958a93,183abaec57481cf81b2d9eea44958a93,da4c46fddb8d21bc8c2c,DAP,dap_external,,,,,,.,,,nan,,,,,unresolved,0.0,,,,1.0.0
b9d031367c067291e94fe69742102a56,b9d031367c067291e94fe69742102a56,f58ccdccae3fd6cb99db,DAP,dap_external,,,,,,.,,,nan,,,,,unresolved,0.0,,,,1.0.0
c35ace3d565f988e4ee9b33a0be03cf2,c35ace3d565f988e4ee9b33a0be03cf2,522952b50669eb95b955,DAP,dap_external,,,,,,.,,,nan,,,,,unresolved,0.0,,,,1.0.0
cbdf1f81e27cedc74a6590d8d85a1feb,cbdf1f81e27cedc74a6590d8d85a1feb,e0bd7c8df2bc82a0768f,DAP,dap_external,,,,,,.,,,nan,,,,,unresolved,0.0,,,,1.0.0
866991ee970de61d4eac60e1acbe37f2,866991ee970de61d4eac60e1acbe37f2,a0048b792dfffa0764eb,DAP,dap_external,,,,,,.,,,nan,,,,,unresolved,0.0,,,,1.0.0
5bd30f17f4feaf6d08da97ffc00d36ab,5bd30f17f4feaf6d08da97ffc00d36ab,0188ba723fb91be1a1e8,DAP,dap_external,,,,,,.,,,nan,,,,,unresolved,0.0,,,,1.0.0
b72c921abeed9d7b000db17ab59ede2d,b72c921abeed9d7b000db17ab59ede2d,8a587868df16d11c54a1,DAP,dap_external,,,,,,.,,,nan,,,,,unresolved,0.0,,,,1.0.0
a3fd10d41c923ddf15f0385dece7bd4c,a3fd10d41c923ddf15f0385dece7bd4c,9c2d2e43e2168e552f42,DAP,dap_external,,,,,,.,,,nan,,,,,unresolved,0.0,,,,1.0.0
59621804f0383516ab2969f09ffe55df,59621804f0383516ab2969f09ffe55df,266c6bfce440fe8033f0,DAP,dap_external,,,,,,.,,,nan,,,,,unresolved,0.0,,,,1.0.0
25ce3a6565b1695cde075fc0e1fc0c5c,25ce3a6565b1695cde075fc0e1fc0c5c,718fc9232450a7f2e72a,DAP,dap_external,,,,,,.,,,nan,,,,,unresolved,0.0,,,,1.0.0
f16daa962c967ab693b08c8059146c38,f16daa962c967ab693b08c8059146c38,718fc9232450a7f2e72a,DAP,dap_external,,,,,,.,,,nan,,,,,unresolved,0.0,,,,1.0.0
b15191dd777d636ffb19c899561ccb36,b15191dd777d636ffb19c899561ccb36,7c4f2828b87fd0e93b01,DAP,dap_external,,,,,,.,,,nan,,,,,unresolved,0.0,,,,1.0.0
d5d3ac82746ac65b6612110011b9c6c9,d5d3ac82746ac65b6612110011b9c6c9,1de693710bc1df8c5d3d,DAP,dap_external,,,,,,.,,,nan,,,,,unresolved,0.0,,,,1.0.0
3c4e1446683315d6a63bf6ac4bfb04b8,3c4e1446683315d6a63bf6ac4bfb04b8,6423f1dc8ce749f668e3,DAP,dap_external,,,,,,.,,,nan,,,,,unresolved,0.0,,,,1.0.0
ea1ed306f1a48b6fb060db9b2e5d836b,ea1ed306f1a48b6fb060db9b2e5d836b,805287f952a066165020,DAP,dap_external,,,,,,.,,,nan,,,,,unresolved,0.0,,,,1.0.0
8545a4063550aa118e999de01eb3e415,8545a4063550aa118e999de01eb3e415,7793d61601bc231a5c60,DAP,dap_external,,,,,,.,,,nan,,,,,unresolved,0.0,,,,1.0.0
186b6d79e122353879af0a712438f8e6,186b6d79e122353879af0a712438f8e6,7793d61601bc231a5c60,DAP,dap_external,,,,,,.,,,nan,,,,,unresolved,0.0,,,,1.0.0
13ac72ffc89c38dd15fd83490e2a2f16,13ac72ffc89c38dd15fd83490e2a2f16,6e3f02bc7ff0deb456d7,DAP,dap_external,,,,,,.,,,nan,,,,,unresolved,0.0,,,,1.0.0
21949236f56dda2cae7d005d9a70dac3,21949236f56dda2cae7d005d9a70dac3,6e3f02bc7ff0deb456d7,DAP,dap_external,,,,,,.,,,nan,,,,,unresolved,0.0,,,,1.0.0
f272fabb082c38f90c8c402b7caaa3b0,f272fabb082c38f90c8c402b7caaa3b0,1caac38e811ef40ea44a,DAP,dap_external,,,,,,.,,,nan,,,,,unresolved,0.0,,,,1.0.0
6cc09f798fbfd0af9b29d6078ef5d4e6,6cc09f798fbfd0af9b29d6078ef5d4e6,1b359666109b38c594f3,DAP,dap_external,,,,,,.,,,nan,,,,,unresolved,0.0,,,,1.0.0
c67f697738236309592c671c39724dac,c67f697738236309592c671c39724dac,4ceb16ff534a24db55a0,DAP,dap_external,,,,,,.,,,nan,,,,,unresolved,0.0,,,,1.0.0
898e617ddb3be15e043a5a12bfa6f0b4,898e617ddb3be15e043a5a12bfa6f0b4,53a91793ddd6bbbe4ec3,DAP,dap_external,,,,,,.,,,nan,,,,,unresolved,0.0,,,,1.0.0
91da2a56066f5ad11719042668c3a0cf,91da2a56066f5ad11719042668c3a0cf,d415fb2e087f84324c7b,DAP,dap_external,,,,,,.,,,nan,,,,,unresolved,0.0,,,,1.0.0
5cfd41ad5dd38e21db929e7659633a5b,5cfd41ad5dd38e21db929e7659633a5b,cfe045fdbdaf8a4bd2ed,DAP,dap_external,,,,,,.,,,nan,,,,,unresolved,0.0,,,,1.0.0
3d452f4c46e395c0febd17859deda3b4,3d452f4c46e395c0febd17859deda3b4,cfe045fdbdaf8a4bd2ed,DAP,dap_external,,,,,,.,,,nan,,,,,unresolved,0.0,,,,1.0.0
4723d04839fb6b90247c534971da9b56,4723d04839fb6b90247c534971da9b56,e04a38b9e898a00da115,DAP,dap_external,,,,,,.,,,nan,,,,,unresolved,0.0,,,,1.0.0
c01c266cea61633b5106d41f261bb014,c01c266cea61633b5106d41f261bb014,a24debcc1622f1ac3bed,DAP,dap_external,,,,,,.,,,nan,,,,,unresolved,0.0,,,,1.0.0
bde8d0debbc65222c5804d40c10db98e,bde8d0debbc65222c5804d40c10db98e,e7286cff9aca6ca6c204,DAP,dap_external,,,,,,.,,,nan,,,,,unresolved,0.0,,,,1.0.0
a775577b79efed35e966e023cedbe2fc,a775577b79efed35e966e023cedbe2fc,c7b8736856998889589d,DAP,dap_external,,,,,,.,,,nan,,,,,unresolved,0.0,,,,1.0.0
4c8a506deb68ef3993f40d7bb69a0bfd,4c8a506deb68ef3993f40d7bb69a0bfd,3774c528a4892080f7c8,DAP,dap_external,,,,,,.,,,nan,,,,,unresolved,0.0,,,,1.0.0
b07adc7bd1dabdf98e4bec2108131dc7,b07adc7bd1dabdf98e4bec2108131dc7,086981ad0d1d6a0e1720,DAP,dap_external,,,,,,.,,,nan,,,,,unresolved,0.0,,,,1.0.0
ee6275a137769da27de482f9b215479c,ee6275a137769da27de482f9b215479c,4b8042c12397e4d8b8e6,DAP,dap_external,,,,,,.,,,nan,,,,,unresolved,0.0,,,,1.0.0
873a1b83924dd5d69ba0d715f0fa7adb,873a1b83924dd5d69ba0d715f0fa7adb,88408aa857391c16c029,DAP,dap_external,,,,,,.,,,nan,,,,,unresolved,0.0,,,,1.0.0
a14675a3d7e997fc2afb8af24457b8eb,a14675a3d7e997fc2afb8af24457b8eb,96fa7c5945a3ea0e3947,DAP,dap_external,,,,,,.,,,nan,,,,,unresolved,0.0,,,,1.0.0
0e1271c3846beab859bf235cf8b651bf,0e1271c3846beab859bf235cf8b651bf,54217c11828e7b864f1a,DAP,dap_external,,,,,,.,,,nan,,,,,unresolved,0.0,,,,1.0.0
e464d0b0a45ce388fe65cfc2a782bfdf,e464d0b0a45ce388fe65cfc2a782bfdf,e4710907ca0dde4c76a5,DAP,dap_external,,,,,,.,,,nan,,,,,unresolved,0.0,,,,1.0.0
4403f4c3a627086b18b27b825b218e08,4403f4c3a627086b18b27b825b218e08,f502fa499ac82832f407,DAP,dap_external,,,,,,.,,,nan,,,,,unresolved,0.0,,,,1.0.0
cb312c3a18013b9c965ef94074100904,cb312c3a18013b9c965ef94074100904,dc2bd9e21a469ac47e51,DAP,dap_external,,,,,,.,,,nan,,,,,unresolved,0.0,,,,1.0.0
ad9c0655d60952eb99c64631ed4b3e8f,ad9c0655d60952eb99c64631ed4b3e8f,bb4948592d43019f27ed,DAP,dap_external,,,,,,.,,,nan,,,,,unresolved,0.0,,,,1.0.0
fb5cadf4bca0c9b8a0a15068cc61ddf9,fb5cadf4bca0c9b8a0a15068cc61ddf9,567c10fe90c96c50f2d3,DAP,dap_external,,,,,,.,,,nan,,,,,unresolved,0.0,,,,1.0.0
8dfa46bc98e888637e46607243fbe4fe,8dfa46bc98e888637e46607243fbe4fe,92dff2fd40e7fcbd548d,DAP,dap_external,,,,,,.,,,nan,,,,,unresolved,0.0,,,,1.0.0
ef30019d1358a914f3110cfdf4019af3,ef30019d1358a914f3110cfdf4019af3,9855f54bc7368f4d0426,DAP,dap_external,,,,,,.,,,nan,,,,,unresolved,0.0,,,,1.0.0
d9ec1734f91119a1eca76cf2c26559cd,d9ec1734f91119a1eca76cf2c26559cd,73b6669d60043ab96358,DAP,dap_external,,,,,,.,,,nan,,,,,unresolved,0.0,,,,1.0.0
f2c9c7e70487bb1c14fe443269af873a,f2c9c7e70487bb1c14fe443269af873a,4acdc8a0c06e504e5409,DAP,dap_external,,,,,,.,,,nan,,,,,unresolved,0.0,,,,1.0.0
7a8a465ae49bfbaa1af0fca1ff1d63c9,7a8a465ae49bfbaa1af0fca1ff1d63c9,d88f43080c2c28f41923,DAP,dap_external,,,,,,.,,,nan,,,,,unresolved,0.0,,,,1.0.0
528ddba9cf686f7a6f51a7c47d9f091f,528ddba9cf686f7a6f51a7c47d9f091f,fcfb77a4c71161a8b081,DAP,dap_external,,,,,,.,,,nan,,,,,unresolved,0.0,,,,1.0.0
ab45033825fd0f921408627a69914a37,ab45033825fd0f921408627a69914a37,e9ca2c4c92d0bba825d9,DAP,dap_external,,,,,,.,,,nan,,,,,unresolved,0.0,,,,1.0.0
2ebdfada6aa59361d864130323cdb273,2ebdfada6aa59361d864130323cdb273,3496690625c9caa1394a,DAP,dap_external,,,,,,.,,,nan,,,,,unresolved,0.0,,,,1.0.0
be689b40e467e8558e3ccf7f2eb61032,be689b40e467e8558e3ccf7f2eb61032,0ec54d2f09cb2e06855b,DAP,dap_external,,,,,,.,,,nan,,,,,unresolved,0.0,,,,1.0.0
6c359ed2de85b628f3ea396fed02fcee,6c359ed2de85b628f3ea396fed02fcee,b4c1a05a4c8698dad77b,DAP,dap_external,,,,,,.,,,nan,,,,,unresolved,0.0,,,,1.0.0
a206578a7291797a25d353724f232938,a206578a7291797a25d353724f232938,d19bc08d9a0c53734f8f,DAP,dap_external,,,,,,.,,,nan,,,,,unresolved,0.0,,,,1.0.0
79413d8b31c02df87daa57686a8af945,79413d8b31c02df87daa57686a8af945,e8f4d313868b468aaa93,DAP,dap_external,,,,,,.,,,nan,,,,,unresolved,0.0,,,,1.0.0
268554064e0980893ea08a94740d01a8,268554064e0980893ea08a94740d01a8,544ed309842799b22278,DAP,dap_external,,,,,,.,,,nan,,,,,unresolved,0.0,,,,1.0.0
f2b399e468222a04a01195dcd8c44d7a,f2b399e468222a04a01195dcd8c44d7a,1568372429e2e3aae8bf,DAP,dap_external,,,,,,.,,,nan,,,,,unresolved,0.0,,,,1.0.0
77e14352526717e70c0f6f26419e96c5,77e14352526717e70c0f6f26419e96c5,90131e8a01fca121501a,DAP,dap_external,,,,,,.,,,nan,,,,,unresolved,0.0,,,,1.0.0
92cdd4ae3c7ea24689485c4c5650f84c,92cdd4ae3c7ea24689485c4c5650f84c,befe6c17883f740835ec,DAP,dap_external,,,,,,.,,,nan,,,,,unresolved,0.0,,,,1.0.0
e5ff1300ae367a46ac5a0882c3115304,e5ff1300ae367a46ac5a0882c3115304,ed8d9f8be8e363f0533b,DAP,dap_external,,,,,,.,,,nan,,,,,unresolved,0.0,,,,1.0.0
613fd5dd0867bb15d62dc0f8655c09e1,613fd5dd0867bb15d62dc0f8655c09e1,67a6c95f8f2fbd6ac1ed,DAP,dap_external,,,,,,.,,,nan,,,,,unresolved,0.0,,,,1.0.0
d09662040d276a1fc7e6275bc2a1497b,d09662040d276a1fc7e6275bc2a1497b,ab50464ff1a05a4070d1,DAP,dap_external,,,,,,.,,,nan,,,,,unresolved,0.0,,,,1.0.0
8ff67357d5e0071591be88f48c693110,8ff67357d5e0071591be88f48c693110,8e151c614228ea755ea8,DAP,dap_external,,,,,,.,,,nan,,,,,unresolved,0.0,,,,1.0.0
40a06443b6aa9a10677691397737bfd7,40a06443b6aa9a10677691397737bfd7,d8dc04c0280f2448f972,DAP,dap_external,,,,,,.,,,nan,,,,,unresolved,0.0,,,,1.0.0
e5ce51454aa3f60930f36f403056f271,e5ce51454aa3f60930f36f403056f271,33d7d27373e95ec428d2,DAP,dap_external,,,,,,.,,,nan,,,,,unresolved,0.0,,,,1.0.0
0e2c8cda7069927a1850928b4bd1cd05,0e2c8cda7069927a1850928b4bd1cd05,f2d2fc6268cff8e43086,DAP,dap_external,,,,,,.,,,nan,,,,,unresolved,0.0,,,,1.0.0
b7160ea790040bcbc0da53306c26a204,b7160ea790040bcbc0da53306c26a204,078dd1014db989c74c4f,DAP,dap_external,,,,,,.,,,nan,,,,,unresolved,0.0,,,,1.0.0
03117c67c6e06201d34535e6f35c5270,03117c67c6e06201d34535e6f35c5270,6954304efe0dd9a2acc0,DAP,dap_external,,,,,,.,,,nan,,,,,unresolved,0.0,,,,1.0.0
f3772c89db6c2f6bca74b2aa40e6ec64,f3772c89db6c2f6bca74b2aa40e6ec64,27d011169f1c478bc225,DAP,dap_external,,,,,,.,,,nan,,,,,unresolved,0.0,,,,1.0.0
4c1b9169c883d74b66025941cab3fb8e,4c1b9169c883d74b66025941cab3fb8e,fc09bb4fc514e262bda8,DAP,dap_external,,,,,,.,,,nan,,,,,unresolved,0.0,,,,1.0.0
47c675ef4586805574eabf7234fde23f,47c675ef4586805574eabf7234fde23f,3bd5f3363ebab32bdbe2,DAP,dap_external,,,,,,.,,,nan,,,,,unresolved,0.0,,,,1.0.0
5e62c2fbb20892eef34881eb637e2dea,5e62c2fbb20892eef34881eb637e2dea,c88a0ae0ae8484c237cc,DAP,dap_external,,,,,,.,,,nan,,,,,unresolved,0.0,,,,1.0.0
df2d12450c2b20548bdf561774703971,df2d12450c2b20548bdf561774703971,fa874d0d6ad3b3192e4f,DAP,dap_external,,,,,,.,,,nan,,,,,unresolved,0.0,,,,1.0.0
68bcd4697264e75872df4ebf66f72180,68bcd4697264e75872df4ebf66f72180,79bdcb3933361d8d285e,DAP,dap_external,,,,,,.,,,nan,,,,,unresolved,0.0,,,,1.0.0
2eeb2f836badafe90d75fd256a6b944c,2eeb2f836badafe90d75fd256a6b944c,1feb843459780e8b4530,DAP,dap_external,,,,,,.,,,nan,,,,,unresolved,0.0,,,,1.0.0
54e099f8263d90a06049bf9b5a426b19,54e099f8263d90a06049bf9b5a426b19,1a5f10686621f284dff8,DAP,dap_external,,,,,,.,,,nan,,,,,unresolved,0.0,,,,1.0.0
a3f80c1ee7b9992c2ea8cfb68b78e9a3,a3f80c1ee7b9992c2ea8cfb68b78e9a3,1821baee5a1531ed59aa,DAP,dap_external,,,,,,.,,,nan,,,,,unresolved,0.0,,,,1.0.0
158de325a4e1464357f3402cc2a9c64b,158de325a4e1464357f3402cc2a9c64b,3483445575759abdc112,DAP,dap_external,,,,,,.,,,nan,,,,,unresolved,0.0,,,,1.0.0
b2b3920646720d0f84b9b4e3d8abf104,b2b3920646720d0f84b9b4e3d8abf104,d070e5bbd7bf13bc6bf9,DAP,dap_external,,,,,,.,,,nan,,,,,unresolved,0.0,,,,1.0.0
0730fee0c006f0f651421f6f321f92f1,0730fee0c006f0f651421f6f321f92f1,9992fa90b8a67b9d9b3e,DAP,dap_external,,,,,,.,,,nan,,,,,unresolved,0.0,,,,1.0.0
528b941b74c56e6bf9ff2c35ce2846f2,528b941b74c56e6bf9ff2c35ce2846f2,b33dcb770ba3b45e4e53,DAP,dap_external,,,,,,.,,,nan,,,,,unresolved,0.0,,,,1.0.0
a1ebf110060c1d0bfe955e8a3999eb1b,a1ebf110060c1d0bfe955e8a3999eb1b,8230f2e7aa75f4056fa9,DAP,dap_external,,,,,,.,,,nan,,,,,unresolved,0.0,,,,1.0.0
42b1deed0d106b405d07578bda112327,42b1deed0d106b405d07578bda112327,f19dd72d703c40e04002,DAP,dap_external,,,,,,.,,,nan,,,,,unresolved,0.0,,,,1.0.0
1923f01f85d94a7ec9080735d98a2c93,1923f01f85d94a7ec9080735d98a2c93,1507cd7df7f81a93b360,DAP,dap_external,,,,,,.,,,nan,,,,,unresolved,0.0,,,,1.0.0
