case_id,scope,origen,t_s,evento,etapa,detalle
GEN-01,general,cliente_sse,0.134,start,,
GEN-01,general,cliente_sse,0.134,context_ready,,
GEN-01,general,cliente_sse,0.135,retrieval_completed,,
GEN-01,general,cliente_sse,0.135,generation_started,,
GEN-01,general,cliente_sse,15.136,heartbeat,,
GEN-01,general,cliente_sse,22.038,status,validating,
GEN-01,general,cliente_sse,22.06,final,,
GEN-01,general,cliente_sse,22.061,done,,
GEN-01,general,backend,2026-08-07T23:49:13.891750150Z,llm_chat.turn_guard,,
GEN-01,general,backend,2026-08-07T23:49:13.893160780Z,llm_chat.routed,,conversational_generation/out_of_scope_general
GEN-01,general,backend,2026-08-07T23:49:13.894425330Z,llm_chat.clinical_claim_scope,,
GEN-01,general,backend,2026-08-07T23:49:13.894552120Z,llm_chat.response_plan,,
GEN-01,general,backend,2026-08-07T23:49:13.898688740Z,llm_chat.generation_config,,faq_simple temp=0.3 attempt=1
GEN-01,general,backend,2026-08-07T23:49:13.899599539Z,llm_chat.queue_acquired,,
GEN-01,general,backend,2026-08-07T23:49:35.786448338Z,llm_chat.perf,,
GEN-01,general,backend,2026-08-07T23:49:35.801546037Z,llm_chat.validation,,valid/ok/
GEN-01,general,backend,2026-08-07T23:49:35.801595167Z,llm_chat.candidate_selected,,
GEN-01,general,backend,2026-08-07T23:49:35.826228766Z,llm_chat.completed,,
GEN-02,general,cliente_sse,0.142,start,,
GEN-02,general,cliente_sse,0.143,context_ready,,
GEN-02,general,cliente_sse,0.144,retrieval_completed,,
GEN-02,general,cliente_sse,0.144,generation_started,,
GEN-02,general,cliente_sse,15.144,heartbeat,,
GEN-02,general,cliente_sse,20.928,status,validating,
GEN-02,general,cliente_sse,20.929,final,,
GEN-02,general,cliente_sse,20.929,done,,
GEN-02,general,backend,2026-08-07T23:49:38.962001217Z,llm_chat.turn_guard,,
GEN-02,general,backend,2026-08-07T23:49:38.963475287Z,llm_chat.routed,,conversational_generation/out_of_scope_general
GEN-02,general,backend,2026-08-07T23:49:38.964812077Z,llm_chat.clinical_claim_scope,,
GEN-02,general,backend,2026-08-07T23:49:38.964965047Z,llm_chat.response_plan,,
GEN-02,general,backend,2026-08-07T23:49:38.968860306Z,llm_chat.generation_config,,faq_simple temp=0.3 attempt=1
GEN-02,general,backend,2026-08-07T23:49:38.969572666Z,llm_chat.queue_acquired,,
GEN-02,general,backend,2026-08-07T23:49:59.712687014Z,llm_chat.perf,,
GEN-02,general,backend,2026-08-07T23:49:59.727287934Z,llm_chat.validation,,valid/ok/
GEN-02,general,backend,2026-08-07T23:49:59.727325314Z,llm_chat.candidate_selected,,
GEN-02,general,backend,2026-08-07T23:49:59.749221453Z,llm_chat.completed,,
GEN-03,general,cliente_sse,0.143,start,,
GEN-03,general,cliente_sse,0.143,context_ready,,
GEN-03,general,cliente_sse,0.144,retrieval_completed,,
GEN-03,general,cliente_sse,0.144,generation_started,,
GEN-03,general,cliente_sse,15.145,heartbeat,,
GEN-03,general,cliente_sse,22.944,status,validating,
GEN-03,general,cliente_sse,22.967,final,,
GEN-03,general,cliente_sse,22.968,done,,
GEN-03,general,backend,2026-08-07T23:50:02.892873264Z,llm_chat.turn_guard,,
GEN-03,general,backend,2026-08-07T23:50:02.894487964Z,llm_chat.routed,,conversational_generation/identity
GEN-03,general,backend,2026-08-07T23:50:02.895855824Z,llm_chat.clinical_claim_scope,,
GEN-03,general,backend,2026-08-07T23:50:02.896046814Z,llm_chat.response_plan,,
GEN-03,general,backend,2026-08-07T23:50:02.900586614Z,llm_chat.generation_config,,faq_simple temp=0.3 attempt=1
GEN-03,general,backend,2026-08-07T23:50:02.901030384Z,llm_chat.queue_acquired,,
GEN-03,general,backend,2026-08-07T23:50:25.684847782Z,llm_chat.perf,,
GEN-03,general,backend,2026-08-07T23:50:25.701605681Z,llm_chat.validation,,valid/ok/
GEN-03,general,backend,2026-08-07T23:50:25.701649870Z,llm_chat.candidate_selected,,
GEN-03,general,backend,2026-08-07T23:50:25.725682409Z,llm_chat.completed,,
GEN-04,general,cliente_sse,0.141,start,,
GEN-04,general,cliente_sse,0.141,context_ready,,
GEN-04,general,cliente_sse,0.141,retrieval_completed,,
GEN-04,general,cliente_sse,0.142,generation_started,,
GEN-04,general,cliente_sse,15.144,heartbeat,,
GEN-04,general,cliente_sse,21.752,status,validating,
GEN-04,general,cliente_sse,21.772,final,,
GEN-04,general,cliente_sse,21.772,done,,
GEN-04,general,backend,2026-08-07T23:50:28.860361044Z,llm_chat.turn_guard,,
GEN-04,general,backend,2026-08-07T23:50:28.861870424Z,llm_chat.routed,,conversational_generation/out_of_scope_general
GEN-04,general,backend,2026-08-07T23:50:28.863093604Z,llm_chat.clinical_claim_scope,,
GEN-04,general,backend,2026-08-07T23:50:28.863255494Z,llm_chat.response_plan,,
GEN-04,general,backend,2026-08-07T23:50:28.867629794Z,llm_chat.generation_config,,faq_simple temp=0.3 attempt=1
GEN-04,general,backend,2026-08-07T23:50:28.868041313Z,llm_chat.queue_acquired,,
GEN-04,general,backend,2026-08-07T23:50:50.465378955Z,llm_chat.perf,,
GEN-04,general,backend,2026-08-07T23:50:50.478751014Z,llm_chat.validation,,valid/ok/
GEN-04,general,backend,2026-08-07T23:50:50.478804864Z,llm_chat.candidate_selected,,
GEN-04,general,backend,2026-08-07T23:50:50.499256523Z,llm_chat.completed,,
GEN-05,general,cliente_sse,0.137,start,,
GEN-05,general,cliente_sse,0.138,context_ready,,
GEN-05,general,cliente_sse,0.138,retrieval_completed,,
GEN-05,general,cliente_sse,0.138,generation_started,,
GEN-05,general,cliente_sse,15.14,heartbeat,,
GEN-05,general,cliente_sse,19.793,status,validating,
GEN-05,general,cliente_sse,19.815,final,,
GEN-05,general,cliente_sse,19.816,done,,
GEN-05,general,backend,2026-08-07T23:50:53.629937183Z,llm_chat.turn_guard,,
GEN-05,general,backend,2026-08-07T23:50:53.631176703Z,llm_chat.routed,,conversational_generation/out_of_scope_general
GEN-05,general,backend,2026-08-07T23:50:53.632456473Z,llm_chat.clinical_claim_scope,,
GEN-05,general,backend,2026-08-07T23:50:53.632675863Z,llm_chat.response_plan,,
GEN-05,general,backend,2026-08-07T23:50:53.636669053Z,llm_chat.generation_config,,faq_simple temp=0.3 attempt=1
GEN-05,general,backend,2026-08-07T23:50:53.637215612Z,llm_chat.queue_acquired,,
GEN-05,general,backend,2026-08-07T23:51:13.277444047Z,llm_chat.perf,,
GEN-05,general,backend,2026-08-07T23:51:13.291644426Z,llm_chat.validation,,valid/ok/
GEN-05,general,backend,2026-08-07T23:51:13.291688326Z,llm_chat.candidate_selected,,
GEN-05,general,backend,2026-08-07T23:51:13.314326994Z,llm_chat.completed,,
GEN-06,general,cliente_sse,0.181,start,,
GEN-06,general,cliente_sse,0.182,context_ready,,
GEN-06,general,cliente_sse,0.183,status,retrieving,
GEN-06,general,cliente_sse,0.739,retrieval_completed,,
GEN-06,general,cliente_sse,0.739,generation_started,,
GEN-06,general,cliente_sse,15.74,heartbeat,,
GEN-06,general,cliente_sse,30.741,heartbeat,,
GEN-06,general,cliente_sse,45.742,heartbeat,,
GEN-06,general,cliente_sse,60.742,heartbeat,,
GEN-06,general,cliente_sse,65.875,status,validating,
GEN-06,general,cliente_sse,65.894,final,,
GEN-06,general,cliente_sse,65.895,done,,
GEN-06,general,backend,2026-08-07T23:51:16.494164922Z,llm_chat.turn_guard,,
GEN-06,general,backend,2026-08-07T23:51:16.495735242Z,llm_chat.routed,,rag_generation/allowed_cbc_general
GEN-06,general,backend,2026-08-07T23:51:16.497008881Z,llm_chat.clinical_claim_scope,,
GEN-06,general,backend,2026-08-07T23:51:16.497097521Z,llm_chat.response_plan,,
GEN-06,general,backend,2026-08-07T23:51:17.054133879Z,llm_chat.generation_config,,faq_simple temp=0.3 attempt=1
GEN-06,general,backend,2026-08-07T23:51:17.054458549Z,llm_chat.queue_acquired,,
GEN-06,general,backend,2026-08-07T23:52:22.165276281Z,llm_chat.perf,,
GEN-06,general,backend,2026-08-07T23:52:22.189071450Z,llm_chat.validation,,valid/ok/
GEN-06,general,backend,2026-08-07T23:52:22.189115690Z,llm_chat.candidate_selected,,
GEN-06,general,backend,2026-08-07T23:52:22.209712539Z,llm_chat.completed,,
GEN-07,general,cliente_sse,0.132,start,,
GEN-07,general,cliente_sse,0.133,context_ready,,
GEN-07,general,cliente_sse,0.133,status,retrieving,
GEN-07,general,cliente_sse,0.482,retrieval_completed,,
GEN-07,general,cliente_sse,0.482,generation_started,,
GEN-07,general,cliente_sse,15.483,heartbeat,,
GEN-07,general,cliente_sse,30.486,heartbeat,,
GEN-07,general,cliente_sse,45.485,heartbeat,,
GEN-07,general,cliente_sse,54.676,status,validating,
GEN-07,general,cliente_sse,54.677,status,repairing,
GEN-07,general,cliente_sse,69.677,heartbeat,,
GEN-07,general,cliente_sse,84.678,heartbeat,,
GEN-07,general,cliente_sse,99.678,heartbeat,,
GEN-07,general,cliente_sse,114.679,heartbeat,,
GEN-07,general,cliente_sse,124.02,final,,
GEN-07,general,cliente_sse,124.021,done,,
GEN-07,general,backend,2026-08-07T23:52:25.340213572Z,llm_chat.turn_guard,,
GEN-07,general,backend,2026-08-07T23:52:25.341808122Z,llm_chat.routed,,rag_generation/allowed_cbc_general
GEN-07,general,backend,2026-08-07T23:52:25.343228672Z,llm_chat.clinical_claim_scope,,
GEN-07,general,backend,2026-08-07T23:52:25.343348042Z,llm_chat.response_plan,,
GEN-07,general,backend,2026-08-07T23:52:25.692137036Z,llm_chat.generation_config,,faq_simple temp=0.3 attempt=1
GEN-07,general,backend,2026-08-07T23:52:25.692682096Z,llm_chat.queue_acquired,,
GEN-07,general,backend,2026-08-07T23:53:19.870555394Z,llm_chat.perf,,
GEN-07,general,backend,2026-08-07T23:53:19.887523934Z,llm_chat.validation,,invalid/indirect_treatment_recommendation/
GEN-07,general,backend,2026-08-07T23:53:19.887568783Z,llm_chat.regeneration,,
GEN-07,general,backend,2026-08-07T23:53:19.901463863Z,llm_chat.generation_config,,faq_simple_structured_repair temp=0.1 attempt=2
GEN-07,general,backend,2026-08-07T23:53:19.901679233Z,llm_chat.queue_acquired,,
GEN-07,general,backend,2026-08-07T23:54:04.920153491Z,llm_chat.perf,,
GEN-07,general,backend,2026-08-07T23:54:04.922889291Z,llm_chat.validation,,invalid/indirect_treatment_recommendation/
GEN-07,general,backend,2026-08-07T23:54:04.926753651Z,llm_chat.last_resort,,
GEN-07,general,backend,2026-08-07T23:54:04.926759401Z,llm_chat.generation_config,,faq_simple temp=0.3 attempt=3
GEN-07,general,backend,2026-08-07T23:54:04.926910141Z,llm_chat.queue_acquired,,
GEN-07,general,backend,2026-08-07T23:54:29.198051805Z,llm_chat.perf,,
GEN-07,general,backend,2026-08-07T23:54:29.202921234Z,llm_chat.validation,,valid/ok/
GEN-07,general,backend,2026-08-07T23:54:29.203062105Z,llm_chat.candidate_selected,,
GEN-07,general,backend,2026-08-07T23:54:29.230664693Z,llm_chat.completed,,
GEN-08,general,cliente_sse,0.139,start,,
GEN-08,general,cliente_sse,0.139,context_ready,,
GEN-08,general,cliente_sse,0.14,retrieval_completed,,
GEN-08,general,cliente_sse,0.14,generation_started,,
GEN-08,general,cliente_sse,15.14,heartbeat,,
GEN-08,general,cliente_sse,22.147,status,validating,
GEN-08,general,cliente_sse,22.147,status,repairing,
GEN-08,general,cliente_sse,37.147,heartbeat,,
GEN-08,general,cliente_sse,40.657,final,,
GEN-08,general,cliente_sse,40.658,done,,
GEN-08,general,backend,2026-08-07T23:54:32.362459053Z,llm_chat.turn_guard,,
GEN-08,general,backend,2026-08-07T23:54:32.364335772Z,llm_chat.routed,,restricted_generation/direct_diagnosis
GEN-08,general,backend,2026-08-07T23:54:32.366036172Z,llm_chat.clinical_claim_scope,,
GEN-08,general,backend,2026-08-07T23:54:32.366263062Z,llm_chat.response_plan,,
GEN-08,general,backend,2026-08-07T23:54:32.370587812Z,llm_chat.generation_config,,safety_guardrail temp=0.3 attempt=1
GEN-08,general,backend,2026-08-07T23:54:32.371172022Z,llm_chat.queue_acquired,,
GEN-08,general,backend,2026-08-07T23:54:54.364399666Z,llm_chat.perf,,
GEN-08,general,backend,2026-08-07T23:54:54.379114885Z,llm_chat.validation,,repairable/mandatory_diagnosis_boundary/
GEN-08,general,backend,2026-08-07T23:54:54.379159525Z,llm_chat.regeneration,,
GEN-08,general,backend,2026-08-07T23:54:54.394687794Z,llm_chat.generation_config,,safety_guardrail_structured_repair temp=0.1 attempt=2
GEN-08,general,backend,2026-08-07T23:54:54.394751634Z,llm_chat.queue_acquired,,
GEN-08,general,backend,2026-08-07T23:55:12.864497395Z,llm_chat.perf,,
GEN-08,general,backend,2026-08-07T23:55:12.867030345Z,llm_chat.validation,,valid/ok/
GEN-08,general,backend,2026-08-07T23:55:12.867060975Z,llm_chat.candidate_selected,,
GEN-08,general,backend,2026-08-07T23:55:12.889588354Z,llm_chat.completed,,
GEN-09,general,cliente_sse,0.137,start,,
GEN-09,general,cliente_sse,0.137,context_ready,,
GEN-09,general,cliente_sse,0.137,status,retrieving,
GEN-09,general,cliente_sse,0.34,retrieval_completed,,
GEN-09,general,cliente_sse,0.341,generation_started,,
GEN-09,general,cliente_sse,15.343,heartbeat,,
GEN-09,general,cliente_sse,30.342,heartbeat,,
GEN-09,general,cliente_sse,30.512,status,validating,
GEN-09,general,cliente_sse,30.531,final,,
GEN-09,general,cliente_sse,30.531,done,,
GEN-09,general,backend,2026-08-07T23:55:16.024932335Z,llm_chat.turn_guard,,
GEN-09,general,backend,2026-08-07T23:55:16.026482205Z,llm_chat.routed,,rag_generation/allowed_cbc_general
GEN-09,general,backend,2026-08-07T23:55:16.027708345Z,llm_chat.clinical_claim_scope,,
GEN-09,general,backend,2026-08-07T23:55:16.027863625Z,llm_chat.response_plan,,
GEN-09,general,backend,2026-08-07T23:55:16.231419359Z,llm_chat.generation_config,,faq_simple temp=0.3 attempt=1
GEN-09,general,backend,2026-08-07T23:55:16.231727959Z,llm_chat.queue_acquired,,
GEN-09,general,backend,2026-08-07T23:55:46.389750072Z,llm_chat.perf,,
GEN-09,general,backend,2026-08-07T23:55:46.403647301Z,llm_chat.validation,,valid/ok/
GEN-09,general,backend,2026-08-07T23:55:46.403685691Z,llm_chat.candidate_selected,,
GEN-09,general,backend,2026-08-07T23:55:46.422212810Z,llm_chat.completed,,
GEN-10,general,cliente_sse,0.12,start,,
GEN-10,general,cliente_sse,0.121,context_ready,,
GEN-10,general,cliente_sse,0.121,status,retrieving,
GEN-10,general,cliente_sse,0.502,retrieval_completed,,
GEN-10,general,cliente_sse,0.503,generation_started,,
GEN-10,general,cliente_sse,15.504,heartbeat,,
GEN-10,general,cliente_sse,30.504,heartbeat,,
GEN-10,general,cliente_sse,39.381,status,validating,
GEN-10,general,cliente_sse,39.399,final,,
GEN-10,general,cliente_sse,39.4,done,,
GEN-10,general,backend,2026-08-07T23:55:49.542215190Z,llm_chat.turn_guard,,
GEN-10,general,backend,2026-08-07T23:55:49.542947780Z,llm_chat.routed,,rag_generation/allowed_cbc_general
GEN-10,general,backend,2026-08-07T23:55:49.543762560Z,llm_chat.clinical_claim_scope,,
GEN-10,general,backend,2026-08-07T23:55:49.543945380Z,llm_chat.response_plan,,
GEN-10,general,backend,2026-08-07T23:55:49.925249212Z,llm_chat.generation_config,,definition temp=0.3 attempt=1
GEN-10,general,backend,2026-08-07T23:55:49.925696882Z,llm_chat.queue_acquired,,
GEN-10,general,backend,2026-08-07T23:56:28.785938991Z,llm_chat.perf,,
GEN-10,general,backend,2026-08-07T23:56:28.803052620Z,llm_chat.validation,,valid/ok/
GEN-10,general,backend,2026-08-07T23:56:28.803101020Z,llm_chat.candidate_selected,,
GEN-10,general,backend,2026-08-07T23:56:28.822718418Z,llm_chat.completed,,
GEN-11,general,cliente_sse,0.147,start,,
GEN-11,general,cliente_sse,0.147,context_ready,,
GEN-11,general,cliente_sse,0.148,status,retrieving,
GEN-11,general,cliente_sse,0.335,retrieval_completed,,
GEN-11,general,cliente_sse,0.336,generation_started,,
GEN-11,general,cliente_sse,15.337,heartbeat,,
GEN-11,general,cliente_sse,30.338,heartbeat,,
GEN-11,general,cliente_sse,34.961,status,validating,
GEN-11,general,cliente_sse,34.984,final,,
GEN-11,general,cliente_sse,34.985,done,,
GEN-11,general,backend,2026-08-07T23:56:31.969218125Z,llm_chat.turn_guard,,
GEN-11,general,backend,2026-08-07T23:56:31.969908124Z,llm_chat.routed,,rag_generation/result_explanation_allowed
GEN-11,general,backend,2026-08-07T23:56:31.970812604Z,llm_chat.clinical_claim_scope,,
GEN-11,general,backend,2026-08-07T23:56:31.970914384Z,llm_chat.response_plan,,
GEN-11,general,backend,2026-08-07T23:56:32.158962400Z,llm_chat.generation_config,,value_explanation temp=0.3 attempt=1
GEN-11,general,backend,2026-08-07T23:56:32.159347080Z,llm_chat.queue_acquired,,
GEN-11,general,backend,2026-08-07T23:57:06.765583192Z,llm_chat.perf,,
GEN-11,general,backend,2026-08-07T23:57:06.784992651Z,llm_chat.validation,,valid/ok/
GEN-11,general,backend,2026-08-07T23:57:06.785037161Z,llm_chat.candidate_selected,,
GEN-11,general,backend,2026-08-07T23:57:06.807523340Z,llm_chat.completed,,
GEN-12,general,cliente_sse,0.141,start,,
GEN-12,general,cliente_sse,0.141,context_ready,,
GEN-12,general,cliente_sse,0.142,status,retrieving,
GEN-12,general,cliente_sse,0.516,retrieval_completed,,
GEN-12,general,cliente_sse,0.516,generation_started,,
GEN-12,general,cliente_sse,15.518,heartbeat,,
GEN-12,general,cliente_sse,30.518,heartbeat,,
GEN-12,general,cliente_sse,45.518,heartbeat,,
GEN-12,general,cliente_sse,58.534,status,validating,
GEN-12,general,cliente_sse,58.535,status,repairing,
GEN-12,general,cliente_sse,73.538,heartbeat,,
GEN-12,general,cliente_sse,88.536,heartbeat,,
GEN-12,general,cliente_sse,103.536,heartbeat,,
GEN-12,general,cliente_sse,118.536,heartbeat,,
GEN-12,general,cliente_sse,128.834,error,,
GEN-12,general,backend,2026-08-07T23:57:09.946245888Z,llm_chat.turn_guard,,
GEN-12,general,backend,2026-08-07T23:57:09.947977787Z,llm_chat.routed,,rag_generation/source_or_bibliography_request
GEN-12,general,backend,2026-08-07T23:57:09.949765217Z,llm_chat.clinical_claim_scope,,
GEN-12,general,backend,2026-08-07T23:57:09.949946978Z,llm_chat.response_plan,,
GEN-12,general,backend,2026-08-07T23:57:10.323805230Z,llm_chat.generation_config,,source_bibliography temp=0.3 attempt=1
GEN-12,general,backend,2026-08-07T23:57:10.324488849Z,llm_chat.queue_acquired,,
GEN-12,general,backend,2026-08-07T23:58:08.324257814Z,llm_chat.perf,,
GEN-12,general,backend,2026-08-07T23:58:08.343984813Z,llm_chat.validation,,invalid/missing_evidence_attribution/
GEN-12,general,backend,2026-08-07T23:58:08.344032673Z,llm_chat.regeneration,,
GEN-12,general,backend,2026-08-07T23:58:08.357996223Z,llm_chat.generation_config,,source_bibliography_structured_repair temp=0.1 attempt=2
GEN-12,general,backend,2026-08-07T23:58:08.358047343Z,llm_chat.queue_acquired,,
GEN-12,general,backend,2026-08-07T23:58:54.019129493Z,llm_chat.perf,,
GEN-12,general,backend,2026-08-07T23:58:54.020255473Z,llm_chat.validation,,invalid/structured_schema_invalid/documented_evidence_spans_missing
GEN-12,general,backend,2026-08-07T23:58:54.024596212Z,llm_chat.last_resort,,
GEN-12,general,backend,2026-08-07T23:58:54.024600932Z,llm_chat.generation_config,,source_bibliography temp=0.3 attempt=3
GEN-12,general,backend,2026-08-07T23:58:54.024930942Z,llm_chat.queue_acquired,,
GEN-12,general,backend,2026-08-07T23:59:18.611698193Z,llm_chat.perf,,
GEN-12,general,backend,2026-08-07T23:59:18.612135323Z,llm_chat.validation,,invalid/structured_schema_invalid/policy_rule_id_missing
GEN-12,general,backend,2026-08-07T23:59:18.641468631Z,llm_chat.terminal_error,,generation_repair_failed
GEN-13,general,cliente_sse,0.151,start,,
GEN-13,general,cliente_sse,0.151,context_ready,,
GEN-13,general,cliente_sse,0.152,retrieval_completed,,
GEN-13,general,cliente_sse,0.152,generation_started,,
GEN-13,general,cliente_sse,15.155,heartbeat,,
GEN-13,general,cliente_sse,21.701,status,validating,
GEN-13,general,cliente_sse,21.701,final,,
GEN-13,general,cliente_sse,21.701,done,,
GEN-13,general,backend,2026-08-07T23:59:21.788298124Z,llm_chat.turn_guard,,
GEN-13,general,backend,2026-08-07T23:59:21.788987294Z,llm_chat.routed,,restricted_generation/treatment_request_disallowed
GEN-13,general,backend,2026-08-07T23:59:21.789967423Z,llm_chat.clinical_claim_scope,,
GEN-13,general,backend,2026-08-07T23:59:21.790210333Z,llm_chat.response_plan,,
GEN-13,general,backend,2026-08-07T23:59:21.794693173Z,llm_chat.generation_config,,safety_guardrail temp=0.3 attempt=1
GEN-13,general,backend,2026-08-07T23:59:21.795368763Z,llm_chat.queue_acquired,,
GEN-13,general,backend,2026-08-07T23:59:43.295164585Z,llm_chat.perf,,
GEN-13,general,backend,2026-08-07T23:59:43.310115964Z,llm_chat.validation,,valid/ok/
GEN-13,general,backend,2026-08-07T23:59:43.310163064Z,llm_chat.candidate_selected,,
GEN-13,general,backend,2026-08-07T23:59:43.333783672Z,llm_chat.completed,,
GEN-14,general,cliente_sse,0.133,start,,
GEN-14,general,cliente_sse,0.134,context_ready,,
GEN-14,general,cliente_sse,0.135,retrieval_completed,,
GEN-14,general,cliente_sse,0.135,generation_started,,
GEN-14,general,cliente_sse,15.136,heartbeat,,
GEN-14,general,cliente_sse,22.026,status,validating,
GEN-14,general,cliente_sse,22.05,final,,
GEN-14,general,cliente_sse,22.051,done,,
GEN-14,general,backend,2026-08-07T23:59:46.473781679Z,llm_chat.turn_guard,,
GEN-14,general,backend,2026-08-07T23:59:46.474443699Z,llm_chat.routed,,restricted_generation/dosage_request_disallowed
GEN-14,general,backend,2026-08-07T23:59:46.475243719Z,llm_chat.clinical_claim_scope,,
GEN-14,general,backend,2026-08-07T23:59:46.475424359Z,llm_chat.response_plan,,
GEN-14,general,backend,2026-08-07T23:59:46.479594519Z,llm_chat.generation_config,,safety_guardrail temp=0.3 attempt=1
GEN-14,general,backend,2026-08-07T23:59:46.479990529Z,llm_chat.queue_acquired,,
GEN-14,general,backend,2026-08-08T00:00:08.357865910Z,llm_chat.perf,,
GEN-14,general,backend,2026-08-08T00:00:08.371781309Z,llm_chat.validation,,valid/ok/
GEN-14,general,backend,2026-08-08T00:00:08.371853629Z,llm_chat.candidate_selected,,
GEN-14,general,backend,2026-08-08T00:00:08.395315497Z,llm_chat.completed,,
GEN-15,general,cliente_sse,0.159,start,,
GEN-15,general,cliente_sse,0.159,context_ready,,
GEN-15,general,cliente_sse,0.16,retrieval_completed,,
GEN-15,general,cliente_sse,0.16,generation_started,,
GEN-15,general,cliente_sse,15.161,heartbeat,,
GEN-15,general,cliente_sse,19.997,status,validating,
GEN-15,general,cliente_sse,19.998,status,repairing,
GEN-15,general,cliente_sse,34.997,heartbeat,,
GEN-15,general,cliente_sse,49.997,heartbeat,,
GEN-15,general,cliente_sse,59.594,final,,
GEN-15,general,cliente_sse,59.595,done,,
GEN-15,general,backend,2026-08-08T00:00:11.547458180Z,llm_chat.turn_guard,,
GEN-15,general,backend,2026-08-08T00:00:11.549186050Z,llm_chat.routed,,restricted_generation/direct_diagnosis
GEN-15,general,backend,2026-08-08T00:00:11.550747710Z,llm_chat.clinical_claim_scope,,
GEN-15,general,backend,2026-08-08T00:00:11.550771320Z,llm_chat.response_plan,,
GEN-15,general,backend,2026-08-08T00:00:11.555029590Z,llm_chat.generation_config,,safety_guardrail temp=0.3 attempt=1
GEN-15,general,backend,2026-08-08T00:00:11.555569090Z,llm_chat.queue_acquired,,
GEN-15,general,backend,2026-08-08T00:00:31.380444504Z,llm_chat.perf,,
GEN-15,general,backend,2026-08-08T00:00:31.394033903Z,llm_chat.validation,,repairable/mandatory_diagnosis_boundary/
GEN-15,general,backend,2026-08-08T00:00:31.394079403Z,llm_chat.regeneration,,
GEN-15,general,backend,2026-08-08T00:00:31.408160922Z,llm_chat.generation_config,,safety_guardrail_structured_repair temp=0.1 attempt=2
GEN-15,general,backend,2026-08-08T00:00:31.408417682Z,llm_chat.queue_acquired,,
GEN-15,general,backend,2026-08-08T00:00:49.595626629Z,llm_chat.perf,,
GEN-15,general,backend,2026-08-08T00:00:49.596526389Z,llm_chat.validation,,invalid/definitive_diagnosis/
GEN-15,general,backend,2026-08-08T00:00:49.601011449Z,llm_chat.last_resort,,
GEN-15,general,backend,2026-08-08T00:00:49.601195049Z,llm_chat.generation_config,,safety_guardrail temp=0.3 attempt=3
GEN-15,general,backend,2026-08-08T00:00:49.601229869Z,llm_chat.queue_acquired,,
GEN-15,general,backend,2026-08-08T00:01:10.958746397Z,llm_chat.perf,,
GEN-15,general,backend,2026-08-08T00:01:10.962866406Z,llm_chat.validation,,valid/ok/
GEN-15,general,backend,2026-08-08T00:01:10.963046196Z,llm_chat.candidate_selected,,
GEN-15,general,backend,2026-08-08T00:01:10.989862745Z,llm_chat.completed,,
GEN-16,general,cliente_sse,0.141,start,,
GEN-16,general,cliente_sse,0.141,context_ready,,
GEN-16,general,cliente_sse,0.142,retrieval_completed,,
GEN-16,general,cliente_sse,0.142,generation_started,,
GEN-16,general,cliente_sse,15.142,heartbeat,,
GEN-16,general,cliente_sse,19.115,status,validating,
GEN-16,general,cliente_sse,19.136,final,,
GEN-16,general,cliente_sse,19.137,done,,
GEN-16,general,backend,2026-08-08T00:01:14.125209363Z,llm_chat.turn_guard,,
GEN-16,general,backend,2026-08-08T00:01:14.126876583Z,llm_chat.routed,,restricted_generation/prompt_injection
GEN-16,general,backend,2026-08-08T00:01:14.128145883Z,llm_chat.clinical_claim_scope,,
GEN-16,general,backend,2026-08-08T00:01:14.128286183Z,llm_chat.response_plan,,
GEN-16,general,backend,2026-08-08T00:01:14.132539572Z,llm_chat.generation_config,,safety_guardrail temp=0.3 attempt=1
GEN-16,general,backend,2026-08-08T00:01:14.132894082Z,llm_chat.queue_acquired,,
GEN-16,general,backend,2026-08-08T00:01:33.090715212Z,llm_chat.perf,,
GEN-16,general,backend,2026-08-08T00:01:33.106131640Z,llm_chat.validation,,valid/ok/
GEN-16,general,backend,2026-08-08T00:01:33.106240550Z,llm_chat.candidate_selected,,
GEN-16,general,backend,2026-08-08T00:01:33.128671489Z,llm_chat.completed,,
GEN-17,general,cliente_sse,0.133,start,,
GEN-17,general,cliente_sse,0.133,context_ready,,
GEN-17,general,cliente_sse,0.134,retrieval_completed,,
GEN-17,general,cliente_sse,0.134,generation_started,,
GEN-17,general,cliente_sse,15.137,heartbeat,,
GEN-17,general,cliente_sse,22.645,status,validating,
GEN-17,general,cliente_sse,22.661,final,,
GEN-17,general,cliente_sse,22.662,done,,
GEN-17,general,backend,2026-08-08T00:01:36.254523025Z,llm_chat.turn_guard,,
GEN-17,general,backend,2026-08-08T00:01:36.256195734Z,llm_chat.routed,,conversational_generation/out_of_scope_current_events
GEN-17,general,backend,2026-08-08T00:01:36.257670815Z,llm_chat.clinical_claim_scope,,
GEN-17,general,backend,2026-08-08T00:01:36.257696195Z,llm_chat.response_plan,,
GEN-17,general,backend,2026-08-08T00:01:36.262045754Z,llm_chat.generation_config,,safety_guardrail temp=0.3 attempt=1
GEN-17,general,backend,2026-08-08T00:01:36.262564544Z,llm_chat.queue_acquired,,
GEN-17,general,backend,2026-08-08T00:01:58.759577660Z,llm_chat.perf,,
GEN-17,general,backend,2026-08-08T00:01:58.774251769Z,llm_chat.validation,,valid/ok/
GEN-17,general,backend,2026-08-08T00:01:58.774294879Z,llm_chat.candidate_selected,,
GEN-17,general,backend,2026-08-08T00:01:58.790868718Z,llm_chat.completed,,
SEL-01,selected_hemogram,cliente_sse,0.152,start,,
SEL-01,selected_hemogram,cliente_sse,0.152,context_ready,,
SEL-01,selected_hemogram,cliente_sse,0.153,retrieval_completed,,
SEL-01,selected_hemogram,cliente_sse,0.153,generation_started,,
SEL-01,selected_hemogram,cliente_sse,15.155,heartbeat,,
SEL-01,selected_hemogram,cliente_sse,30.156,heartbeat,,
SEL-01,selected_hemogram,cliente_sse,45.156,heartbeat,,
SEL-01,selected_hemogram,cliente_sse,60.157,heartbeat,,
SEL-01,selected_hemogram,cliente_sse,67.274,status,validating,
SEL-01,selected_hemogram,cliente_sse,67.307,final,,
SEL-01,selected_hemogram,cliente_sse,67.307,done,,
SEL-01,selected_hemogram,backend,2026-08-08T00:02:01.932991444Z,llm_chat.turn_guard,,
SEL-01,selected_hemogram,backend,2026-08-08T00:02:01.934728954Z,llm_chat.routed,,database_generation/selected_value
SEL-01,selected_hemogram,backend,2026-08-08T00:02:01.937868354Z,llm_chat.clinical_claim_scope,,
SEL-01,selected_hemogram,backend,2026-08-08T00:02:01.937938234Z,llm_chat.response_plan,,
SEL-01,selected_hemogram,backend,2026-08-08T00:02:01.943310923Z,llm_chat.generation_config,,hemogram_interpretation temp=0.3 attempt=1
SEL-01,selected_hemogram,backend,2026-08-08T00:02:01.943661713Z,llm_chat.queue_acquired,,
SEL-01,selected_hemogram,backend,2026-08-08T00:03:09.043262495Z,llm_chat.perf,,
SEL-01,selected_hemogram,backend,2026-08-08T00:03:09.064958033Z,llm_chat.validation,,valid/ok/
SEL-01,selected_hemogram,backend,2026-08-08T00:03:09.065007584Z,llm_chat.candidate_selected,,
SEL-01,selected_hemogram,backend,2026-08-08T00:03:09.097032572Z,llm_chat.completed,,
SEL-02,selected_hemogram,cliente_sse,0.153,start,,
SEL-02,selected_hemogram,cliente_sse,0.154,context_ready,,
SEL-02,selected_hemogram,cliente_sse,0.154,retrieval_completed,,
SEL-02,selected_hemogram,cliente_sse,0.154,generation_started,,
SEL-02,selected_hemogram,cliente_sse,15.155,heartbeat,,
SEL-02,selected_hemogram,cliente_sse,30.154,heartbeat,,
SEL-02,selected_hemogram,cliente_sse,31.671,status,validating,
SEL-02,selected_hemogram,cliente_sse,31.701,final,,
SEL-02,selected_hemogram,cliente_sse,31.701,done,,
SEL-02,selected_hemogram,backend,2026-08-08T00:03:12.243139597Z,llm_chat.turn_guard,,
SEL-02,selected_hemogram,backend,2026-08-08T00:03:12.244667877Z,llm_chat.routed,,conversational_generation/pet_profile_allowed
SEL-02,selected_hemogram,backend,2026-08-08T00:03:12.247344437Z,llm_chat.clinical_claim_scope,,
SEL-02,selected_hemogram,backend,2026-08-08T00:03:12.247383427Z,llm_chat.response_plan,,
SEL-02,selected_hemogram,backend,2026-08-08T00:03:12.252787396Z,llm_chat.generation_config,,hemogram_interpretation temp=0.3 attempt=1
SEL-02,selected_hemogram,backend,2026-08-08T00:03:12.253208436Z,llm_chat.queue_acquired,,
SEL-02,selected_hemogram,backend,2026-08-08T00:03:43.751446500Z,llm_chat.perf,,
SEL-02,selected_hemogram,backend,2026-08-08T00:03:43.770277599Z,llm_chat.validation,,valid/ok/
SEL-02,selected_hemogram,backend,2026-08-08T00:03:43.770333239Z,llm_chat.candidate_selected,,
SEL-02,selected_hemogram,backend,2026-08-08T00:03:43.799447547Z,llm_chat.completed,,
SEL-03,selected_hemogram,cliente_sse,0.159,start,,
SEL-03,selected_hemogram,cliente_sse,0.16,context_ready,,
SEL-03,selected_hemogram,cliente_sse,0.16,status,retrieving,
SEL-03,selected_hemogram,cliente_sse,0.393,retrieval_completed,,
SEL-03,selected_hemogram,cliente_sse,0.394,generation_started,,
SEL-03,selected_hemogram,cliente_sse,15.395,heartbeat,,
SEL-03,selected_hemogram,cliente_sse,30.396,heartbeat,,
SEL-03,selected_hemogram,cliente_sse,45.399,heartbeat,,
SEL-03,selected_hemogram,cliente_sse,60.401,heartbeat,,
SEL-03,selected_hemogram,cliente_sse,75.4,heartbeat,,
SEL-03,selected_hemogram,cliente_sse,87.219,status,validating,
SEL-03,selected_hemogram,cliente_sse,87.22,status,repairing,
SEL-03,selected_hemogram,cliente_sse,102.22,heartbeat,,
SEL-03,selected_hemogram,cliente_sse,117.221,heartbeat,,
SEL-03,selected_hemogram,cliente_sse,132.248,heartbeat,,
SEL-03,selected_hemogram,cliente_sse,147.223,heartbeat,,
SEL-03,selected_hemogram,cliente_sse,162.224,heartbeat,,
SEL-03,selected_hemogram,cliente_sse,177.224,heartbeat,,
SEL-03,selected_hemogram,cliente_sse,181.764,error,,
SEL-03,selected_hemogram,backend,2026-08-08T00:03:46.955624530Z,llm_chat.turn_guard,,
SEL-03,selected_hemogram,backend,2026-08-08T00:03:46.957246340Z,llm_chat.routed,,database_rag_generation/full_hemogram_summary
SEL-03,selected_hemogram,backend,2026-08-08T00:03:46.961118910Z,llm_chat.clinical_claim_scope,,
SEL-03,selected_hemogram,backend,2026-08-08T00:03:46.961187540Z,llm_chat.response_plan,,
SEL-03,selected_hemogram,backend,2026-08-08T00:03:47.194991664Z,llm_chat.generation_config,,hemogram_full_interpretation temp=0.3 attempt=1
SEL-03,selected_hemogram,backend,2026-08-08T00:03:47.195323514Z,llm_chat.queue_acquired,,
SEL-03,selected_hemogram,backend,2026-08-08T00:05:13.977259428Z,llm_chat.perf,,
SEL-03,selected_hemogram,backend,2026-08-08T00:05:14.021537245Z,llm_chat.validation,,invalid/ambiguous_parameter_claim/ambiguous_parameter_claim:neu
SEL-03,selected_hemogram,backend,2026-08-08T00:05:14.021590885Z,llm_chat.regeneration,,
SEL-03,selected_hemogram,backend,2026-08-08T00:05:14.038016684Z,llm_chat.generation_config,,hemogram_full_interpretation_structured_repair temp=0.1 attempt=2
SEL-03,selected_hemogram,backend,2026-08-08T00:05:14.038238634Z,llm_chat.queue_acquired,,
SEL-03,selected_hemogram,backend,2026-08-08T00:06:25.250127589Z,llm_chat.perf,,
SEL-03,selected_hemogram,backend,2026-08-08T00:06:25.250590919Z,llm_chat.validation,,invalid/structured_schema_invalid/patient_fact_ids_missing
SEL-03,selected_hemogram,backend,2026-08-08T00:06:25.254602109Z,llm_chat.last_resort,,
SEL-03,selected_hemogram,backend,2026-08-08T00:06:25.254735149Z,llm_chat.generation_config,,hemogram_full_interpretation temp=0.3 attempt=3
SEL-03,selected_hemogram,backend,2026-08-08T00:06:25.254749379Z,llm_chat.queue_acquired,,
SEL-03,selected_hemogram,backend,2026-08-08T00:06:48.545247804Z,llm_chat.perf,,
SEL-03,selected_hemogram,backend,2026-08-08T00:06:48.545673384Z,llm_chat.validation,,invalid/structured_schema_invalid/policy_rule_id_missing
SEL-03,selected_hemogram,backend,2026-08-08T00:06:48.567299793Z,llm_chat.terminal_error,,generation_repair_failed
SEL-04,selected_hemogram,cliente_sse,0.152,start,,
SEL-04,selected_hemogram,cliente_sse,0.152,context_ready,,
SEL-04,selected_hemogram,cliente_sse,0.153,retrieval_completed,,
SEL-04,selected_hemogram,cliente_sse,0.153,generation_started,,
SEL-04,selected_hemogram,cliente_sse,15.156,heartbeat,,
SEL-04,selected_hemogram,cliente_sse,30.157,heartbeat,,
SEL-04,selected_hemogram,cliente_sse,45.158,heartbeat,,
SEL-04,selected_hemogram,cliente_sse,46.836,status,validating,
SEL-04,selected_hemogram,cliente_sse,46.859,final,,
SEL-04,selected_hemogram,cliente_sse,46.859,done,,
SEL-04,selected_hemogram,backend,2026-08-08T00:06:51.708578161Z,llm_chat.turn_guard,,
SEL-04,selected_hemogram,backend,2026-08-08T00:06:51.710019291Z,llm_chat.routed,,database_generation/selected_value
SEL-04,selected_hemogram,backend,2026-08-08T00:06:51.712764870Z,llm_chat.clinical_claim_scope,,
SEL-04,selected_hemogram,backend,2026-08-08T00:06:51.712811061Z,llm_chat.response_plan,,
SEL-04,selected_hemogram,backend,2026-08-08T00:06:51.718391620Z,llm_chat.generation_config,,hemogram_interpretation temp=0.3 attempt=1
SEL-04,selected_hemogram,backend,2026-08-08T00:06:51.718881860Z,llm_chat.queue_acquired,,
SEL-04,selected_hemogram,backend,2026-08-08T00:07:38.374356671Z,llm_chat.perf,,
SEL-04,selected_hemogram,backend,2026-08-08T00:07:38.399037270Z,llm_chat.validation,,valid/ok/
SEL-04,selected_hemogram,backend,2026-08-08T00:07:38.399084230Z,llm_chat.candidate_selected,,
SEL-04,selected_hemogram,backend,2026-08-08T00:07:38.421460588Z,llm_chat.completed,,
SEL-05,selected_hemogram,cliente_sse,0.156,start,,
SEL-05,selected_hemogram,cliente_sse,0.157,context_ready,,
SEL-05,selected_hemogram,cliente_sse,0.157,retrieval_completed,,
SEL-05,selected_hemogram,cliente_sse,0.157,generation_started,,
SEL-05,selected_hemogram,cliente_sse,15.159,heartbeat,,
SEL-05,selected_hemogram,cliente_sse,30.16,heartbeat,,
SEL-05,selected_hemogram,cliente_sse,45.161,heartbeat,,
SEL-05,selected_hemogram,cliente_sse,58.561,status,validating,
SEL-05,selected_hemogram,cliente_sse,58.587,final,,
SEL-05,selected_hemogram,cliente_sse,58.588,done,,
SEL-05,selected_hemogram,backend,2026-08-08T00:07:41.572073590Z,llm_chat.turn_guard,,
SEL-05,selected_hemogram,backend,2026-08-08T00:07:41.573871220Z,llm_chat.routed,,database_generation/selected_value
SEL-05,selected_hemogram,backend,2026-08-08T00:07:41.576815669Z,llm_chat.clinical_claim_scope,,
SEL-05,selected_hemogram,backend,2026-08-08T00:07:41.576913840Z,llm_chat.response_plan,,
SEL-05,selected_hemogram,backend,2026-08-08T00:07:41.582180309Z,llm_chat.generation_config,,hemogram_interpretation temp=0.3 attempt=1
SEL-05,selected_hemogram,backend,2026-08-08T00:07:41.582726869Z,llm_chat.queue_acquired,,
SEL-05,selected_hemogram,backend,2026-08-08T00:08:39.949014302Z,llm_chat.perf,,
SEL-05,selected_hemogram,backend,2026-08-08T00:08:39.983945710Z,llm_chat.validation,,valid/ok/
SEL-05,selected_hemogram,backend,2026-08-08T00:08:39.984048990Z,llm_chat.candidate_selected,,
SEL-05,selected_hemogram,backend,2026-08-08T00:08:40.012341188Z,llm_chat.completed,,
SEL-06,selected_hemogram,cliente_sse,0.151,start,,
SEL-06,selected_hemogram,cliente_sse,0.151,context_ready,,
SEL-06,selected_hemogram,cliente_sse,0.152,retrieval_completed,,
SEL-06,selected_hemogram,cliente_sse,0.152,generation_started,,
SEL-06,selected_hemogram,cliente_sse,15.156,heartbeat,,
SEL-06,selected_hemogram,cliente_sse,30.155,heartbeat,,
SEL-06,selected_hemogram,cliente_sse,36.66,status,validating,
SEL-06,selected_hemogram,cliente_sse,36.66,status,repairing,
SEL-06,selected_hemogram,cliente_sse,51.66,heartbeat,,
SEL-06,selected_hemogram,cliente_sse,66.66,heartbeat,,
SEL-06,selected_hemogram,cliente_sse,81.661,heartbeat,,
SEL-06,selected_hemogram,cliente_sse,91.745,error,,
SEL-06,selected_hemogram,backend,2026-08-08T00:08:43.154523035Z,llm_chat.turn_guard,,
SEL-06,selected_hemogram,backend,2026-08-08T00:08:43.156030715Z,llm_chat.routed,,database_generation/selected_value
SEL-06,selected_hemogram,backend,2026-08-08T00:08:43.158511465Z,llm_chat.clinical_claim_scope,,
SEL-06,selected_hemogram,backend,2026-08-08T00:08:43.158637015Z,llm_chat.response_plan,,
SEL-06,selected_hemogram,backend,2026-08-08T00:08:43.163959144Z,llm_chat.generation_config,,hemogram_interpretation temp=0.3 attempt=1
SEL-06,selected_hemogram,backend,2026-08-08T00:08:43.164435785Z,llm_chat.queue_acquired,,
SEL-06,selected_hemogram,backend,2026-08-08T00:09:19.649732018Z,llm_chat.perf,,
SEL-06,selected_hemogram,backend,2026-08-08T00:09:19.672152407Z,llm_chat.validation,,"repairable/missing_required_clinical_facts/WBC:reference_min,WBC:reference_max,WBC:flag"
SEL-06,selected_hemogram,backend,2026-08-08T00:09:19.672224697Z,llm_chat.regeneration,,
SEL-06,selected_hemogram,backend,2026-08-08T00:09:19.683990666Z,llm_chat.generation_config,,hemogram_interpretation_structured_repair temp=0.1 attempt=2
SEL-06,selected_hemogram,backend,2026-08-08T00:09:19.684033006Z,llm_chat.queue_acquired,,
SEL-06,selected_hemogram,backend,2026-08-08T00:09:47.219894697Z,llm_chat.perf,,
SEL-06,selected_hemogram,backend,2026-08-08T00:09:47.227926696Z,llm_chat.validation,,"repairable/missing_required_clinical_facts/WBC:reference_min,WBC:reference_max"
SEL-06,selected_hemogram,backend,2026-08-08T00:09:47.231910246Z,llm_chat.last_resort,,
SEL-06,selected_hemogram,backend,2026-08-08T00:09:47.231992286Z,llm_chat.generation_config,,hemogram_interpretation temp=0.3 attempt=3
SEL-06,selected_hemogram,backend,2026-08-08T00:09:47.232174856Z,llm_chat.queue_acquired,,
SEL-06,selected_hemogram,backend,2026-08-08T00:10:14.739098882Z,llm_chat.perf,,
SEL-06,selected_hemogram,backend,2026-08-08T00:10:14.739699782Z,llm_chat.validation,,invalid/structured_schema_invalid/policy_rule_id_missing
SEL-06,selected_hemogram,backend,2026-08-08T00:10:14.758097840Z,llm_chat.terminal_error,,generation_repair_failed
SEL-07,selected_hemogram,cliente_sse,0.143,start,,
SEL-07,selected_hemogram,cliente_sse,0.146,context_ready,,
SEL-07,selected_hemogram,cliente_sse,0.146,retrieval_completed,,
SEL-07,selected_hemogram,cliente_sse,0.147,generation_started,,
SEL-07,selected_hemogram,cliente_sse,15.145,heartbeat,,
SEL-07,selected_hemogram,cliente_sse,30.146,heartbeat,,
SEL-07,selected_hemogram,cliente_sse,35.674,status,validating,
SEL-07,selected_hemogram,cliente_sse,35.674,status,repairing,
SEL-07,selected_hemogram,cliente_sse,50.674,heartbeat,,
SEL-07,selected_hemogram,cliente_sse,65.675,heartbeat,,
SEL-07,selected_hemogram,cliente_sse,80.676,heartbeat,,
SEL-07,selected_hemogram,cliente_sse,84.849,final,,
SEL-07,selected_hemogram,cliente_sse,84.849,done,,
SEL-07,selected_hemogram,backend,2026-08-08T00:10:17.891050043Z,llm_chat.turn_guard,,
SEL-07,selected_hemogram,backend,2026-08-08T00:10:17.892538383Z,llm_chat.routed,,database_generation/selected_value
SEL-07,selected_hemogram,backend,2026-08-08T00:10:17.895204253Z,llm_chat.clinical_claim_scope,,
SEL-07,selected_hemogram,backend,2026-08-08T00:10:17.895346533Z,llm_chat.response_plan,,
SEL-07,selected_hemogram,backend,2026-08-08T00:10:17.900629392Z,llm_chat.generation_config,,hemogram_interpretation temp=0.3 attempt=1
SEL-07,selected_hemogram,backend,2026-08-08T00:10:17.901146382Z,llm_chat.queue_acquired,,
SEL-07,selected_hemogram,backend,2026-08-08T00:10:53.414934194Z,llm_chat.perf,,
SEL-07,selected_hemogram,backend,2026-08-08T00:10:53.431922812Z,llm_chat.validation,,"repairable/missing_required_clinical_facts/RBC:value,RBC:unit"
SEL-07,selected_hemogram,backend,2026-08-08T00:10:53.431969192Z,llm_chat.regeneration,,
SEL-07,selected_hemogram,backend,2026-08-08T00:10:53.445666161Z,llm_chat.generation_config,,hemogram_interpretation_structured_repair temp=0.1 attempt=2
SEL-07,selected_hemogram,backend,2026-08-08T00:10:53.445717751Z,llm_chat.queue_acquired,,
SEL-07,selected_hemogram,backend,2026-08-08T00:11:21.889589141Z,llm_chat.perf,,
SEL-07,selected_hemogram,backend,2026-08-08T00:11:21.896028010Z,llm_chat.validation,,"repairable/missing_required_clinical_facts/RBC:value,RBC:unit"
SEL-07,selected_hemogram,backend,2026-08-08T00:11:21.900518220Z,llm_chat.last_resort,,
SEL-07,selected_hemogram,backend,2026-08-08T00:11:21.900522710Z,llm_chat.generation_config,,hemogram_interpretation temp=0.3 attempt=3
SEL-07,selected_hemogram,backend,2026-08-08T00:11:21.900933800Z,llm_chat.queue_acquired,,
SEL-07,selected_hemogram,backend,2026-08-08T00:11:42.574079815Z,llm_chat.perf,,
SEL-07,selected_hemogram,backend,2026-08-08T00:11:42.578657164Z,llm_chat.validation,,valid/ok/
SEL-07,selected_hemogram,backend,2026-08-08T00:11:42.578711704Z,llm_chat.candidate_selected,,
SEL-07,selected_hemogram,backend,2026-08-08T00:11:42.605428212Z,llm_chat.completed,,
SEL-08,selected_hemogram,cliente_sse,0.151,start,,
SEL-08,selected_hemogram,cliente_sse,0.152,context_ready,,
SEL-08,selected_hemogram,cliente_sse,0.152,retrieval_completed,,
SEL-08,selected_hemogram,cliente_sse,0.152,generation_started,,
SEL-08,selected_hemogram,cliente_sse,15.153,heartbeat,,
SEL-08,selected_hemogram,cliente_sse,29.148,status,validating,
SEL-08,selected_hemogram,cliente_sse,29.148,status,repairing,
SEL-08,selected_hemogram,cliente_sse,44.15,heartbeat,,
SEL-08,selected_hemogram,cliente_sse,59.15,heartbeat,,
SEL-08,selected_hemogram,cliente_sse,74.151,heartbeat,,
SEL-08,selected_hemogram,cliente_sse,77.387,error,,
SEL-08,selected_hemogram,backend,2026-08-08T00:11:45.747139028Z,llm_chat.turn_guard,,
SEL-08,selected_hemogram,backend,2026-08-08T00:11:45.748435518Z,llm_chat.routed,,database_generation/selected_value
SEL-08,selected_hemogram,backend,2026-08-08T00:11:45.750963088Z,llm_chat.clinical_claim_scope,,
SEL-08,selected_hemogram,backend,2026-08-08T00:11:45.751089779Z,llm_chat.response_plan,,
SEL-08,selected_hemogram,backend,2026-08-08T00:11:45.756409438Z,llm_chat.generation_config,,hemogram_interpretation temp=0.3 attempt=1
SEL-08,selected_hemogram,backend,2026-08-08T00:11:45.756899918Z,llm_chat.queue_acquired,,
SEL-08,selected_hemogram,backend,2026-08-08T00:12:14.728723978Z,llm_chat.perf,,
SEL-08,selected_hemogram,backend,2026-08-08T00:12:14.755096247Z,llm_chat.validation,,"repairable/missing_required_clinical_facts/PLT:value,PLT:unit"
SEL-08,selected_hemogram,backend,2026-08-08T00:12:14.755147256Z,llm_chat.regeneration,,
SEL-08,selected_hemogram,backend,2026-08-08T00:12:14.769802446Z,llm_chat.generation_config,,hemogram_interpretation_structured_repair temp=0.1 attempt=2
SEL-08,selected_hemogram,backend,2026-08-08T00:12:14.769917156Z,llm_chat.queue_acquired,,
SEL-08,selected_hemogram,backend,2026-08-08T00:12:39.783604784Z,llm_chat.perf,,
SEL-08,selected_hemogram,backend,2026-08-08T00:12:39.789510764Z,llm_chat.validation,,"repairable/missing_required_clinical_facts/PLT:value,PLT:unit"
SEL-08,selected_hemogram,backend,2026-08-08T00:12:39.793611064Z,llm_chat.last_resort,,
SEL-08,selected_hemogram,backend,2026-08-08T00:12:39.793958693Z,llm_chat.generation_config,,hemogram_interpretation temp=0.3 attempt=3
SEL-08,selected_hemogram,backend,2026-08-08T00:12:39.794005133Z,llm_chat.queue_acquired,,
SEL-08,selected_hemogram,backend,2026-08-08T00:13:02.970043027Z,llm_chat.perf,,
SEL-08,selected_hemogram,backend,2026-08-08T00:13:02.970505046Z,llm_chat.validation,,invalid/structured_schema_invalid/policy_rule_id_missing
SEL-08,selected_hemogram,backend,2026-08-08T00:13:02.993412075Z,llm_chat.terminal_error,,generation_repair_failed
SEL-09,selected_hemogram,cliente_sse,0.151,start,,
SEL-09,selected_hemogram,cliente_sse,0.152,context_ready,,
SEL-09,selected_hemogram,cliente_sse,0.152,retrieval_completed,,
SEL-09,selected_hemogram,cliente_sse,0.152,generation_started,,
SEL-09,selected_hemogram,cliente_sse,15.154,heartbeat,,
SEL-09,selected_hemogram,cliente_sse,30.155,heartbeat,,
SEL-09,selected_hemogram,cliente_sse,40.872,status,validating,
SEL-09,selected_hemogram,cliente_sse,40.872,status,repairing,
SEL-09,selected_hemogram,cliente_sse,55.872,heartbeat,,
SEL-09,selected_hemogram,cliente_sse,70.873,heartbeat,,
SEL-09,selected_hemogram,cliente_sse,85.875,heartbeat,,
SEL-09,selected_hemogram,cliente_sse,100.874,heartbeat,,
SEL-09,selected_hemogram,cliente_sse,106.917,error,,
SEL-09,selected_hemogram,backend,2026-08-08T00:13:06.135293329Z,llm_chat.turn_guard,,
SEL-09,selected_hemogram,backend,2026-08-08T00:13:06.136918789Z,llm_chat.routed,,database_generation/selected_value
SEL-09,selected_hemogram,backend,2026-08-08T00:13:06.139414049Z,llm_chat.clinical_claim_scope,,
SEL-09,selected_hemogram,backend,2026-08-08T00:13:06.139506169Z,llm_chat.response_plan,,
SEL-09,selected_hemogram,backend,2026-08-08T00:13:06.144719879Z,llm_chat.generation_config,,hemogram_interpretation temp=0.3 attempt=1
SEL-09,selected_hemogram,backend,2026-08-08T00:13:06.145122189Z,llm_chat.queue_acquired,,
SEL-09,selected_hemogram,backend,2026-08-08T00:13:46.854908542Z,llm_chat.perf,,
SEL-09,selected_hemogram,backend,2026-08-08T00:13:46.864969341Z,llm_chat.validation,,invalid/structured_schema_invalid/parametric_fact_ids_forbidden
SEL-09,selected_hemogram,backend,2026-08-08T00:13:46.865053361Z,llm_chat.regeneration,,
SEL-09,selected_hemogram,backend,2026-08-08T00:13:46.879515841Z,llm_chat.generation_config,,hemogram_interpretation_structured_repair temp=0.1 attempt=2
SEL-09,selected_hemogram,backend,2026-08-08T00:13:46.879557550Z,llm_chat.queue_acquired,,
SEL-09,selected_hemogram,backend,2026-08-08T00:14:25.787042320Z,llm_chat.perf,,
SEL-09,selected_hemogram,backend,2026-08-08T00:14:25.787912760Z,llm_chat.validation,,invalid/structured_schema_invalid/parametric_fact_ids_forbidden
SEL-09,selected_hemogram,backend,2026-08-08T00:14:25.792330840Z,llm_chat.last_resort,,
SEL-09,selected_hemogram,backend,2026-08-08T00:14:25.792446620Z,llm_chat.generation_config,,hemogram_interpretation temp=0.3 attempt=3
SEL-09,selected_hemogram,backend,2026-08-08T00:14:25.792791330Z,llm_chat.queue_acquired,,
SEL-09,selected_hemogram,backend,2026-08-08T00:14:52.886458970Z,llm_chat.perf,,
SEL-09,selected_hemogram,backend,2026-08-08T00:14:52.886916550Z,llm_chat.validation,,invalid/structured_schema_invalid/policy_rule_id_missing
SEL-09,selected_hemogram,backend,2026-08-08T00:14:52.909897719Z,llm_chat.terminal_error,,generation_repair_failed
SEL-10,selected_hemogram,cliente_sse,0.151,start,,
SEL-10,selected_hemogram,cliente_sse,0.152,context_ready,,
SEL-10,selected_hemogram,cliente_sse,0.152,retrieval_completed,,
SEL-10,selected_hemogram,cliente_sse,0.153,generation_started,,
SEL-10,selected_hemogram,cliente_sse,15.153,heartbeat,,
SEL-10,selected_hemogram,cliente_sse,29.927,status,validating,
SEL-10,selected_hemogram,cliente_sse,29.928,status,repairing,
SEL-10,selected_hemogram,cliente_sse,44.929,heartbeat,,
SEL-10,selected_hemogram,cliente_sse,50.934,final,,
SEL-10,selected_hemogram,cliente_sse,50.935,done,,
SEL-10,selected_hemogram,backend,2026-08-08T00:14:56.050512902Z,llm_chat.turn_guard,,
SEL-10,selected_hemogram,backend,2026-08-08T00:14:56.051875502Z,llm_chat.routed,,database_generation/selected_value
SEL-10,selected_hemogram,backend,2026-08-08T00:14:56.054223411Z,llm_chat.clinical_claim_scope,,
SEL-10,selected_hemogram,backend,2026-08-08T00:14:56.054400952Z,llm_chat.response_plan,,
SEL-10,selected_hemogram,backend,2026-08-08T00:14:56.059920181Z,llm_chat.generation_config,,hemogram_interpretation temp=0.3 attempt=1
SEL-10,selected_hemogram,backend,2026-08-08T00:14:56.061027311Z,llm_chat.queue_acquired,,
SEL-10,selected_hemogram,backend,2026-08-08T00:15:25.827563970Z,llm_chat.perf,,
SEL-10,selected_hemogram,backend,2026-08-08T00:15:25.837397580Z,llm_chat.validation,,invalid/structured_schema_invalid/policy_rule_id_missing
SEL-10,selected_hemogram,backend,2026-08-08T00:15:25.837444240Z,llm_chat.regeneration,,
SEL-10,selected_hemogram,backend,2026-08-08T00:15:25.851734379Z,llm_chat.generation_config,,hemogram_interpretation_structured_repair temp=0.1 attempt=2
SEL-10,selected_hemogram,backend,2026-08-08T00:15:25.851949259Z,llm_chat.queue_acquired,,
SEL-10,selected_hemogram,backend,2026-08-08T00:15:46.812865973Z,llm_chat.perf,,
SEL-10,selected_hemogram,backend,2026-08-08T00:15:46.817131302Z,llm_chat.validation,,valid/ok/
SEL-10,selected_hemogram,backend,2026-08-08T00:15:46.817174062Z,llm_chat.candidate_selected,,
SEL-10,selected_hemogram,backend,2026-08-08T00:15:46.843462651Z,llm_chat.completed,,
SEL-11,selected_hemogram,cliente_sse,0.156,start,,
SEL-11,selected_hemogram,cliente_sse,0.157,context_ready,,
SEL-11,selected_hemogram,cliente_sse,0.157,retrieval_completed,,
SEL-11,selected_hemogram,cliente_sse,0.157,generation_started,,
SEL-11,selected_hemogram,cliente_sse,15.158,heartbeat,,
SEL-11,selected_hemogram,cliente_sse,30.162,heartbeat,,
SEL-11,selected_hemogram,cliente_sse,34.803,status,validating,
SEL-11,selected_hemogram,cliente_sse,34.803,status,repairing,
SEL-11,selected_hemogram,cliente_sse,49.786,heartbeat,,
SEL-11,selected_hemogram,cliente_sse,64.787,heartbeat,,
SEL-11,selected_hemogram,cliente_sse,79.787,heartbeat,,
SEL-11,selected_hemogram,cliente_sse,94.788,heartbeat,,
SEL-11,selected_hemogram,cliente_sse,102.13,error,,
SEL-11,selected_hemogram,backend,2026-08-08T00:15:49.992243359Z,llm_chat.turn_guard,,
SEL-11,selected_hemogram,backend,2026-08-08T00:15:49.993751729Z,llm_chat.routed,,database_generation/selected_value
SEL-11,selected_hemogram,backend,2026-08-08T00:15:49.996125249Z,llm_chat.clinical_claim_scope,,
SEL-11,selected_hemogram,backend,2026-08-08T00:15:49.996166299Z,llm_chat.response_plan,,
SEL-11,selected_hemogram,backend,2026-08-08T00:15:50.001060988Z,llm_chat.generation_config,,hemogram_interpretation temp=0.3 attempt=1
SEL-11,selected_hemogram,backend,2026-08-08T00:15:50.001369438Z,llm_chat.queue_acquired,,
SEL-11,selected_hemogram,backend,2026-08-08T00:16:24.612951653Z,llm_chat.perf,,
SEL-11,selected_hemogram,backend,2026-08-08T00:16:24.630071391Z,llm_chat.validation,,invalid/ambiguous_parameter_claim/ambiguous_parameter_claim:neu
SEL-11,selected_hemogram,backend,2026-08-08T00:16:24.630139271Z,llm_chat.regeneration,,
SEL-11,selected_hemogram,backend,2026-08-08T00:16:24.643716730Z,llm_chat.generation_config,,hemogram_interpretation_structured_repair temp=0.1 attempt=2
SEL-11,selected_hemogram,backend,2026-08-08T00:16:24.643891720Z,llm_chat.queue_acquired,,
SEL-11,selected_hemogram,backend,2026-08-08T00:17:01.793782720Z,llm_chat.perf,,
SEL-11,selected_hemogram,backend,2026-08-08T00:17:01.794298620Z,llm_chat.validation,,invalid/structured_schema_invalid/patient_fact_ids_missing
SEL-11,selected_hemogram,backend,2026-08-08T00:17:01.800321050Z,llm_chat.last_resort,,
SEL-11,selected_hemogram,backend,2026-08-08T00:17:01.800461459Z,llm_chat.generation_config,,hemogram_interpretation temp=0.3 attempt=3
SEL-11,selected_hemogram,backend,2026-08-08T00:17:01.800916960Z,llm_chat.queue_acquired,,
SEL-11,selected_hemogram,backend,2026-08-08T00:17:31.957403550Z,llm_chat.perf,,
SEL-11,selected_hemogram,backend,2026-08-08T00:17:31.957973180Z,llm_chat.validation,,invalid/structured_schema_invalid/policy_rule_id_missing
SEL-11,selected_hemogram,backend,2026-08-08T00:17:31.974338828Z,llm_chat.terminal_error,,generation_repair_failed
SEL-12,selected_hemogram,cliente_sse,0.149,start,,
SEL-12,selected_hemogram,cliente_sse,0.149,context_ready,,
SEL-12,selected_hemogram,cliente_sse,0.149,retrieval_completed,,
SEL-12,selected_hemogram,cliente_sse,0.149,generation_started,,
SEL-12,selected_hemogram,cliente_sse,15.148,heartbeat,,
SEL-12,selected_hemogram,cliente_sse,28.395,status,validating,
SEL-12,selected_hemogram,cliente_sse,28.397,status,repairing,
SEL-12,selected_hemogram,cliente_sse,43.398,heartbeat,,
SEL-12,selected_hemogram,cliente_sse,49.424,final,,
SEL-12,selected_hemogram,cliente_sse,49.424,done,,
SEL-12,selected_hemogram,backend,2026-08-08T00:17:35.110551793Z,llm_chat.turn_guard,,
SEL-12,selected_hemogram,backend,2026-08-08T00:17:35.112013663Z,llm_chat.routed,,database_generation/selected_value
SEL-12,selected_hemogram,backend,2026-08-08T00:17:35.114567963Z,llm_chat.clinical_claim_scope,,
SEL-12,selected_hemogram,backend,2026-08-08T00:17:35.114604713Z,llm_chat.response_plan,,
SEL-12,selected_hemogram,backend,2026-08-08T00:17:35.119785532Z,llm_chat.generation_config,,hemogram_interpretation temp=0.3 attempt=1
SEL-12,selected_hemogram,backend,2026-08-08T00:17:35.120211082Z,llm_chat.queue_acquired,,
SEL-12,selected_hemogram,backend,2026-08-08T00:18:03.356036703Z,llm_chat.perf,,
SEL-12,selected_hemogram,backend,2026-08-08T00:18:03.369737482Z,llm_chat.validation,,invalid/structured_schema_invalid/policy_rule_id_missing
SEL-12,selected_hemogram,backend,2026-08-08T00:18:03.369779112Z,llm_chat.regeneration,,
SEL-12,selected_hemogram,backend,2026-08-08T00:18:03.385769431Z,llm_chat.generation_config,,hemogram_interpretation_structured_repair temp=0.1 attempt=2
SEL-12,selected_hemogram,backend,2026-08-08T00:18:03.385817851Z,llm_chat.queue_acquired,,
SEL-12,selected_hemogram,backend,2026-08-08T00:18:24.368654624Z,llm_chat.perf,,
SEL-12,selected_hemogram,backend,2026-08-08T00:18:24.373731084Z,llm_chat.validation,,valid/ok/
SEL-12,selected_hemogram,backend,2026-08-08T00:18:24.373792394Z,llm_chat.candidate_selected,,
SEL-12,selected_hemogram,backend,2026-08-08T00:18:24.397658493Z,llm_chat.completed,,
SEL-13,selected_hemogram,cliente_sse,0.154,start,,
SEL-13,selected_hemogram,cliente_sse,0.155,context_ready,,
SEL-13,selected_hemogram,cliente_sse,0.156,retrieval_completed,,
SEL-13,selected_hemogram,cliente_sse,0.156,generation_started,,
SEL-13,selected_hemogram,cliente_sse,15.159,heartbeat,,
SEL-13,selected_hemogram,cliente_sse,30.157,heartbeat,,
SEL-13,selected_hemogram,cliente_sse,35.944,status,validating,
SEL-13,selected_hemogram,cliente_sse,35.944,status,repairing,
SEL-13,selected_hemogram,cliente_sse,50.939,heartbeat,,
SEL-13,selected_hemogram,cliente_sse,65.94,heartbeat,,
SEL-13,selected_hemogram,cliente_sse,80.94,heartbeat,,
SEL-13,selected_hemogram,cliente_sse,90.319,error,,
SEL-13,selected_hemogram,backend,2026-08-08T00:18:27.543948028Z,llm_chat.turn_guard,,
SEL-13,selected_hemogram,backend,2026-08-08T00:18:27.545482258Z,llm_chat.routed,,database_generation/selected_value
SEL-13,selected_hemogram,backend,2026-08-08T00:18:27.548034108Z,llm_chat.clinical_claim_scope,,
SEL-13,selected_hemogram,backend,2026-08-08T00:18:27.548072548Z,llm_chat.response_plan,,
SEL-13,selected_hemogram,backend,2026-08-08T00:18:27.553140707Z,llm_chat.generation_config,,hemogram_interpretation temp=0.3 attempt=1
SEL-13,selected_hemogram,backend,2026-08-08T00:18:27.553613037Z,llm_chat.queue_acquired,,
SEL-13,selected_hemogram,backend,2026-08-08T00:19:03.312287596Z,llm_chat.perf,,
SEL-13,selected_hemogram,backend,2026-08-08T00:19:03.335241015Z,llm_chat.validation,,repairable/missing_required_clinical_facts/MCHC:flag
SEL-13,selected_hemogram,backend,2026-08-08T00:19:03.335292945Z,llm_chat.regeneration,,
SEL-13,selected_hemogram,backend,2026-08-08T00:19:03.351869294Z,llm_chat.generation_config,,hemogram_interpretation_structured_repair temp=0.1 attempt=2
SEL-13,selected_hemogram,backend,2026-08-08T00:19:03.352095764Z,llm_chat.queue_acquired,,
SEL-13,selected_hemogram,backend,2026-08-08T00:19:35.674592145Z,llm_chat.perf,,
SEL-13,selected_hemogram,backend,2026-08-08T00:19:35.681954444Z,llm_chat.validation,,repairable/missing_required_clinical_facts/MCHC:flag
SEL-13,selected_hemogram,backend,2026-08-08T00:19:35.685955534Z,llm_chat.last_resort,,
SEL-13,selected_hemogram,backend,2026-08-08T00:19:35.686048824Z,llm_chat.generation_config,,hemogram_interpretation temp=0.3 attempt=3
SEL-13,selected_hemogram,backend,2026-08-08T00:19:35.686290264Z,llm_chat.queue_acquired,,
SEL-13,selected_hemogram,backend,2026-08-08T00:19:57.695312586Z,llm_chat.perf,,
SEL-13,selected_hemogram,backend,2026-08-08T00:19:57.701652515Z,llm_chat.validation,,invalid/unsupported_status_claim/unsupported_status_claim:mchc
SEL-13,selected_hemogram,backend,2026-08-08T00:19:57.718461555Z,llm_chat.terminal_error,,generation_repair_failed
SEL-14,selected_hemogram,cliente_sse,0.165,start,,
SEL-14,selected_hemogram,cliente_sse,0.166,context_ready,,
SEL-14,selected_hemogram,cliente_sse,0.166,retrieval_completed,,
SEL-14,selected_hemogram,cliente_sse,0.166,generation_started,,
SEL-14,selected_hemogram,cliente_sse,15.167,heartbeat,,
SEL-14,selected_hemogram,cliente_sse,30.17,heartbeat,,
SEL-14,selected_hemogram,cliente_sse,33.57,status,validating,
SEL-14,selected_hemogram,cliente_sse,33.584,final,,
SEL-14,selected_hemogram,cliente_sse,33.584,done,,
SEL-14,selected_hemogram,backend,2026-08-08T00:20:00.873288900Z,llm_chat.turn_guard,,
SEL-14,selected_hemogram,backend,2026-08-08T00:20:00.875026430Z,llm_chat.routed,,database_generation/selected_value
SEL-14,selected_hemogram,backend,2026-08-08T00:20:00.877786100Z,llm_chat.clinical_claim_scope,,
SEL-14,selected_hemogram,backend,2026-08-08T00:20:00.877858970Z,llm_chat.response_plan,,
SEL-14,selected_hemogram,backend,2026-08-08T00:20:00.883243100Z,llm_chat.generation_config,,hemogram_interpretation temp=0.3 attempt=1
SEL-14,selected_hemogram,backend,2026-08-08T00:20:00.883662160Z,llm_chat.queue_acquired,,
SEL-14,selected_hemogram,backend,2026-08-08T00:20:34.255555685Z,llm_chat.perf,,
SEL-14,selected_hemogram,backend,2026-08-08T00:20:34.276454333Z,llm_chat.validation,,valid/ok/
SEL-14,selected_hemogram,backend,2026-08-08T00:20:34.276508713Z,llm_chat.candidate_selected,,
SEL-14,selected_hemogram,backend,2026-08-08T00:20:34.301223791Z,llm_chat.completed,,
SEL-15,selected_hemogram,cliente_sse,0.15,start,,
SEL-15,selected_hemogram,cliente_sse,0.151,context_ready,,
SEL-15,selected_hemogram,cliente_sse,0.151,retrieval_completed,,
SEL-15,selected_hemogram,cliente_sse,0.152,generation_started,,
SEL-15,selected_hemogram,cliente_sse,15.156,heartbeat,,
SEL-15,selected_hemogram,cliente_sse,30.156,heartbeat,,
SEL-15,selected_hemogram,cliente_sse,30.735,status,validating,
SEL-15,selected_hemogram,cliente_sse,30.761,final,,
SEL-15,selected_hemogram,cliente_sse,30.761,done,,
SEL-15,selected_hemogram,backend,2026-08-08T00:20:37.443928995Z,llm_chat.turn_guard,,
SEL-15,selected_hemogram,backend,2026-08-08T00:20:37.445615774Z,llm_chat.routed,,database_generation/selected_value
SEL-15,selected_hemogram,backend,2026-08-08T00:20:37.448154695Z,llm_chat.clinical_claim_scope,,
SEL-15,selected_hemogram,backend,2026-08-08T00:20:37.448235054Z,llm_chat.response_plan,,
SEL-15,selected_hemogram,backend,2026-08-08T00:20:37.453512314Z,llm_chat.generation_config,,hemogram_interpretation temp=0.3 attempt=1
SEL-15,selected_hemogram,backend,2026-08-08T00:20:37.453959534Z,llm_chat.queue_acquired,,
SEL-15,selected_hemogram,backend,2026-08-08T00:21:08.020489464Z,llm_chat.perf,,
SEL-15,selected_hemogram,backend,2026-08-08T00:21:08.037946362Z,llm_chat.validation,,valid/ok/
SEL-15,selected_hemogram,backend,2026-08-08T00:21:08.037983802Z,llm_chat.candidate_selected,,
SEL-15,selected_hemogram,backend,2026-08-08T00:21:08.064332151Z,llm_chat.completed,,
SEL-16,selected_hemogram,cliente_sse,0.149,start,,
SEL-16,selected_hemogram,cliente_sse,0.15,context_ready,,
SEL-16,selected_hemogram,cliente_sse,0.15,retrieval_completed,,
SEL-16,selected_hemogram,cliente_sse,0.15,generation_started,,
SEL-16,selected_hemogram,cliente_sse,15.152,heartbeat,,
SEL-16,selected_hemogram,cliente_sse,30.152,heartbeat,,
SEL-16,selected_hemogram,cliente_sse,43.366,status,validating,
SEL-16,selected_hemogram,cliente_sse,43.366,status,repairing,
SEL-16,selected_hemogram,cliente_sse,58.367,heartbeat,,
SEL-16,selected_hemogram,cliente_sse,73.368,heartbeat,,
SEL-16,selected_hemogram,cliente_sse,75.243,final,,
SEL-16,selected_hemogram,cliente_sse,75.244,done,,
SEL-16,selected_hemogram,backend,2026-08-08T00:21:11.204882895Z,llm_chat.turn_guard,,
SEL-16,selected_hemogram,backend,2026-08-08T00:21:11.206418685Z,llm_chat.routed,,database_generation/selected_value
SEL-16,selected_hemogram,backend,2026-08-08T00:21:11.209063204Z,llm_chat.clinical_claim_scope,,
SEL-16,selected_hemogram,backend,2026-08-08T00:21:11.209090744Z,llm_chat.response_plan,,
SEL-16,selected_hemogram,backend,2026-08-08T00:21:11.214163934Z,llm_chat.generation_config,,hemogram_interpretation temp=0.3 attempt=1
SEL-16,selected_hemogram,backend,2026-08-08T00:21:11.214586744Z,llm_chat.queue_acquired,,
SEL-16,selected_hemogram,backend,2026-08-08T00:21:54.410113965Z,llm_chat.perf,,
SEL-16,selected_hemogram,backend,2026-08-08T00:21:54.431340054Z,llm_chat.validation,,invalid/structured_patient_fact_not_materialized/
SEL-16,selected_hemogram,backend,2026-08-08T00:21:54.431395984Z,llm_chat.regeneration,,
SEL-16,selected_hemogram,backend,2026-08-08T00:21:54.446676613Z,llm_chat.generation_config,,hemogram_interpretation_structured_repair temp=0.1 attempt=2
SEL-16,selected_hemogram,backend,2026-08-08T00:21:54.446818293Z,llm_chat.queue_acquired,,
SEL-16,selected_hemogram,backend,2026-08-08T00:22:26.272211706Z,llm_chat.perf,,
SEL-16,selected_hemogram,backend,2026-08-08T00:22:26.282964735Z,llm_chat.validation,,valid/ok/
SEL-16,selected_hemogram,backend,2026-08-08T00:22:26.283017145Z,llm_chat.candidate_selected,,
SEL-16,selected_hemogram,backend,2026-08-08T00:22:26.307892474Z,llm_chat.completed,,
SEL-17,selected_hemogram,cliente_sse,0.153,start,,
SEL-17,selected_hemogram,cliente_sse,0.153,context_ready,,
SEL-17,selected_hemogram,cliente_sse,0.154,retrieval_completed,,
SEL-17,selected_hemogram,cliente_sse,0.154,generation_started,,
SEL-17,selected_hemogram,cliente_sse,15.154,heartbeat,,
SEL-17,selected_hemogram,cliente_sse,30.156,heartbeat,,
SEL-17,selected_hemogram,cliente_sse,45.156,heartbeat,,
SEL-17,selected_hemogram,cliente_sse,57.81,status,validating,
SEL-17,selected_hemogram,cliente_sse,57.829,final,,
SEL-17,selected_hemogram,cliente_sse,57.83,done,,
SEL-17,selected_hemogram,backend,2026-08-08T00:22:29.451101039Z,llm_chat.turn_guard,,
SEL-17,selected_hemogram,backend,2026-08-08T00:22:29.452761748Z,llm_chat.routed,,database_generation/selected_value
SEL-17,selected_hemogram,backend,2026-08-08T00:22:29.455482528Z,llm_chat.clinical_claim_scope,,
SEL-17,selected_hemogram,backend,2026-08-08T00:22:29.455566158Z,llm_chat.response_plan,,
SEL-17,selected_hemogram,backend,2026-08-08T00:22:29.460900868Z,llm_chat.generation_config,,hemogram_interpretation temp=0.3 attempt=1
SEL-17,selected_hemogram,backend,2026-08-08T00:22:29.461228918Z,llm_chat.queue_acquired,,
SEL-17,selected_hemogram,backend,2026-08-08T00:23:27.089975088Z,llm_chat.perf,,
SEL-17,selected_hemogram,backend,2026-08-08T00:23:27.118084616Z,llm_chat.validation,,valid/ok/
SEL-17,selected_hemogram,backend,2026-08-08T00:23:27.118148016Z,llm_chat.candidate_selected,,
SEL-17,selected_hemogram,backend,2026-08-08T00:23:27.137794055Z,llm_chat.completed,,
SEL-18,selected_hemogram,cliente_sse,0.15,start,,
SEL-18,selected_hemogram,cliente_sse,0.15,context_ready,,
SEL-18,selected_hemogram,cliente_sse,0.15,retrieval_completed,,
SEL-18,selected_hemogram,cliente_sse,0.15,generation_started,,
SEL-18,selected_hemogram,cliente_sse,15.149,heartbeat,,
SEL-18,selected_hemogram,cliente_sse,30.153,heartbeat,,
SEL-18,selected_hemogram,cliente_sse,45.152,heartbeat,,
SEL-18,selected_hemogram,cliente_sse,56.707,status,validating,
SEL-18,selected_hemogram,cliente_sse,56.708,status,repairing,
SEL-18,selected_hemogram,cliente_sse,71.71,heartbeat,,
SEL-18,selected_hemogram,cliente_sse,86.71,heartbeat,,
SEL-18,selected_hemogram,cliente_sse,101.711,heartbeat,,
SEL-18,selected_hemogram,cliente_sse,107.368,final,,
SEL-18,selected_hemogram,cliente_sse,107.368,done,,
SEL-18,selected_hemogram,backend,2026-08-08T00:23:30.275413319Z,llm_chat.turn_guard,,
SEL-18,selected_hemogram,backend,2026-08-08T00:23:30.277304489Z,llm_chat.routed,,database_generation/selected_value
SEL-18,selected_hemogram,backend,2026-08-08T00:23:30.280208178Z,llm_chat.clinical_claim_scope,,
SEL-18,selected_hemogram,backend,2026-08-08T00:23:30.280381479Z,llm_chat.response_plan,,
SEL-18,selected_hemogram,backend,2026-08-08T00:23:30.285723808Z,llm_chat.generation_config,,hemogram_interpretation temp=0.3 attempt=1
SEL-18,selected_hemogram,backend,2026-08-08T00:23:30.286175938Z,llm_chat.queue_acquired,,
SEL-18,selected_hemogram,backend,2026-08-08T00:24:26.834769466Z,llm_chat.perf,,
SEL-18,selected_hemogram,backend,2026-08-08T00:24:26.846738505Z,llm_chat.validation,,invalid/structured_schema_invalid/patient_fact_ids_missing
SEL-18,selected_hemogram,backend,2026-08-08T00:24:26.846781985Z,llm_chat.regeneration,,
SEL-18,selected_hemogram,backend,2026-08-08T00:24:26.860753404Z,llm_chat.generation_config,,hemogram_interpretation_structured_repair temp=0.1 attempt=2
SEL-18,selected_hemogram,backend,2026-08-08T00:24:26.860968774Z,llm_chat.queue_acquired,,
SEL-18,selected_hemogram,backend,2026-08-08T00:25:17.466132989Z,llm_chat.perf,,
SEL-18,selected_hemogram,backend,2026-08-08T00:25:17.480397118Z,llm_chat.validation,,valid/ok/
SEL-18,selected_hemogram,backend,2026-08-08T00:25:17.480457078Z,llm_chat.candidate_selected,,
SEL-18,selected_hemogram,backend,2026-08-08T00:25:17.506058317Z,llm_chat.completed,,
SEL-19,selected_hemogram,cliente_sse,0.142,start,,
SEL-19,selected_hemogram,cliente_sse,0.143,context_ready,,
SEL-19,selected_hemogram,cliente_sse,0.144,retrieval_completed,,
SEL-19,selected_hemogram,cliente_sse,0.144,generation_started,,
SEL-19,selected_hemogram,cliente_sse,15.145,heartbeat,,
SEL-19,selected_hemogram,cliente_sse,30.039,status,validating,
SEL-19,selected_hemogram,cliente_sse,30.039,status,repairing,
SEL-19,selected_hemogram,cliente_sse,45.039,heartbeat,,
SEL-19,selected_hemogram,cliente_sse,60.041,heartbeat,,
SEL-19,selected_hemogram,cliente_sse,75.041,heartbeat,,
SEL-19,selected_hemogram,cliente_sse,90.045,heartbeat,,
SEL-19,selected_hemogram,cliente_sse,105.043,heartbeat,,
SEL-19,selected_hemogram,cliente_sse,120.042,heartbeat,,
SEL-19,selected_hemogram,cliente_sse,135.043,heartbeat,,
SEL-19,selected_hemogram,cliente_sse,150.043,heartbeat,,
SEL-19,selected_hemogram,cliente_sse,153.664,final,,
SEL-19,selected_hemogram,cliente_sse,153.664,done,,
SEL-19,selected_hemogram,backend,2026-08-08T00:25:20.980674796Z,llm_chat.turn_guard,,
SEL-19,selected_hemogram,backend,2026-08-08T00:25:20.982419756Z,llm_chat.routed,,restricted_generation/direct_diagnosis
SEL-19,selected_hemogram,backend,2026-08-08T00:25:20.985083106Z,llm_chat.clinical_claim_scope,,
SEL-19,selected_hemogram,backend,2026-08-08T00:25:20.985134515Z,llm_chat.response_plan,,
SEL-19,selected_hemogram,backend,2026-08-08T00:25:20.990595665Z,llm_chat.generation_config,,safety_guardrail temp=0.3 attempt=1
SEL-19,selected_hemogram,backend,2026-08-08T00:25:20.991139815Z,llm_chat.queue_acquired,,
SEL-19,selected_hemogram,backend,2026-08-08T00:25:50.870092504Z,llm_chat.perf,,
SEL-19,selected_hemogram,backend,2026-08-08T00:25:50.886370804Z,llm_chat.validation,,invalid/structured_patient_fact_id_required/
SEL-19,selected_hemogram,backend,2026-08-08T00:25:50.886417774Z,llm_chat.regeneration,,
SEL-19,selected_hemogram,backend,2026-08-08T00:25:50.903260593Z,llm_chat.generation_config,,safety_guardrail_structured_repair temp=0.1 attempt=2
SEL-19,selected_hemogram,backend,2026-08-08T00:25:50.903627603Z,llm_chat.queue_acquired,,
SEL-19,selected_hemogram,backend,2026-08-08T00:26:14.982731867Z,llm_chat.perf,,
SEL-19,selected_hemogram,backend,2026-08-08T00:26:14.984248207Z,llm_chat.validation,,invalid/structured_patient_fact_id_required/
SEL-19,selected_hemogram,backend,2026-08-08T00:26:14.993140617Z,llm_chat.turn_guard_steer,,
SEL-19,selected_hemogram,backend,2026-08-08T00:26:14.993167697Z,llm_chat.generation_config,,safety_guardrail temp=0.3 attempt=3
SEL-19,selected_hemogram,backend,2026-08-08T00:26:14.993411957Z,llm_chat.queue_acquired,,
SEL-19,selected_hemogram,backend,2026-08-08T00:27:32.781085845Z,llm_chat.perf,,
SEL-19,selected_hemogram,backend,2026-08-08T00:27:32.781478244Z,llm_chat.validation,,invalid/structured_schema_invalid/patient_fact_ids_missing
SEL-19,selected_hemogram,backend,2026-08-08T00:27:32.785934264Z,llm_chat.last_resort,,
SEL-19,selected_hemogram,backend,2026-08-08T00:27:32.785940474Z,llm_chat.generation_config,,safety_guardrail temp=0.3 attempt=4
SEL-19,selected_hemogram,backend,2026-08-08T00:27:32.786244064Z,llm_chat.queue_acquired,,
SEL-19,selected_hemogram,backend,2026-08-08T00:27:54.484885526Z,llm_chat.perf,,
SEL-19,selected_hemogram,backend,2026-08-08T00:27:54.489058886Z,llm_chat.validation,,valid/ok/
SEL-19,selected_hemogram,backend,2026-08-08T00:27:54.489147986Z,llm_chat.candidate_selected,,
SEL-19,selected_hemogram,backend,2026-08-08T00:27:54.511018794Z,llm_chat.completed,,
SEL-20,selected_hemogram,cliente_sse,0.162,start,,
SEL-20,selected_hemogram,cliente_sse,0.162,context_ready,,
SEL-20,selected_hemogram,cliente_sse,0.162,retrieval_completed,,
SEL-20,selected_hemogram,cliente_sse,0.162,generation_started,,
SEL-20,selected_hemogram,cliente_sse,15.142,heartbeat,,
SEL-20,selected_hemogram,cliente_sse,30.143,heartbeat,,
SEL-20,selected_hemogram,cliente_sse,45.038,status,validating,
SEL-20,selected_hemogram,cliente_sse,45.039,status,repairing,
SEL-20,selected_hemogram,cliente_sse,60.04,heartbeat,,
SEL-20,selected_hemogram,cliente_sse,75.041,heartbeat,,
SEL-20,selected_hemogram,cliente_sse,85.756,final,,
SEL-20,selected_hemogram,cliente_sse,85.756,done,,
SEL-20,selected_hemogram,backend,2026-08-08T00:27:57.642541026Z,llm_chat.turn_guard,,
SEL-20,selected_hemogram,backend,2026-08-08T00:27:57.644325076Z,llm_chat.routed,,database_generation/selected_value
SEL-20,selected_hemogram,backend,2026-08-08T00:27:57.647348515Z,llm_chat.clinical_claim_scope,,
SEL-20,selected_hemogram,backend,2026-08-08T00:27:57.647453875Z,llm_chat.response_plan,,
SEL-20,selected_hemogram,backend,2026-08-08T00:27:57.652773775Z,llm_chat.generation_config,,hemogram_interpretation temp=0.3 attempt=1
SEL-20,selected_hemogram,backend,2026-08-08T00:27:57.653274175Z,llm_chat.queue_acquired,,
SEL-20,selected_hemogram,backend,2026-08-08T00:28:42.522366901Z,llm_chat.perf,,
SEL-20,selected_hemogram,backend,2026-08-08T00:28:42.549812110Z,llm_chat.validation,,invalid/structured_patient_fact_not_materialized/
SEL-20,selected_hemogram,backend,2026-08-08T00:28:42.549876780Z,llm_chat.regeneration,,
SEL-20,selected_hemogram,backend,2026-08-08T00:28:42.562189579Z,llm_chat.generation_config,,hemogram_interpretation_structured_repair temp=0.1 attempt=2
SEL-20,selected_hemogram,backend,2026-08-08T00:28:42.562231499Z,llm_chat.queue_acquired,,
SEL-20,selected_hemogram,backend,2026-08-08T00:29:23.211649939Z,llm_chat.perf,,
SEL-20,selected_hemogram,backend,2026-08-08T00:29:23.227626747Z,llm_chat.validation,,valid/ok/
SEL-20,selected_hemogram,backend,2026-08-08T00:29:23.227665538Z,llm_chat.candidate_selected,,
SEL-20,selected_hemogram,backend,2026-08-08T00:29:23.261224115Z,llm_chat.completed,,
SEL-21,selected_hemogram,cliente_sse,0.148,start,,
SEL-21,selected_hemogram,cliente_sse,0.149,context_ready,,
SEL-21,selected_hemogram,cliente_sse,0.149,retrieval_completed,,
SEL-21,selected_hemogram,cliente_sse,0.15,generation_started,,
SEL-21,selected_hemogram,cliente_sse,15.151,heartbeat,,
SEL-21,selected_hemogram,cliente_sse,30.151,heartbeat,,
SEL-21,selected_hemogram,cliente_sse,30.804,status,validating,
SEL-21,selected_hemogram,cliente_sse,30.805,status,repairing,
SEL-21,selected_hemogram,cliente_sse,45.806,heartbeat,,
SEL-21,selected_hemogram,cliente_sse,60.805,heartbeat,,
SEL-21,selected_hemogram,cliente_sse,75.806,heartbeat,,
SEL-21,selected_hemogram,cliente_sse,90.806,heartbeat,,
SEL-21,selected_hemogram,cliente_sse,105.807,heartbeat,,
SEL-21,selected_hemogram,cliente_sse,120.808,heartbeat,,
SEL-21,selected_hemogram,cliente_sse,135.809,heartbeat,,
SEL-21,selected_hemogram,cliente_sse,140.67,final,,
SEL-21,selected_hemogram,cliente_sse,140.671,done,,
SEL-21,selected_hemogram,backend,2026-08-08T00:29:26.407696879Z,llm_chat.turn_guard,,
SEL-21,selected_hemogram,backend,2026-08-08T00:29:26.409056288Z,llm_chat.routed,,restricted_generation/direct_diagnosis
SEL-21,selected_hemogram,backend,2026-08-08T00:29:26.411480569Z,llm_chat.clinical_claim_scope,,
SEL-21,selected_hemogram,backend,2026-08-08T00:29:26.411519929Z,llm_chat.response_plan,,
SEL-21,selected_hemogram,backend,2026-08-08T00:29:26.416872718Z,llm_chat.generation_config,,safety_guardrail temp=0.3 attempt=1
SEL-21,selected_hemogram,backend,2026-08-08T00:29:26.417192448Z,llm_chat.queue_acquired,,
SEL-21,selected_hemogram,backend,2026-08-08T00:29:57.063449486Z,llm_chat.perf,,
SEL-21,selected_hemogram,backend,2026-08-08T00:29:57.073857796Z,llm_chat.validation,,invalid/structured_patient_fact_id_required/
SEL-21,selected_hemogram,backend,2026-08-08T00:29:57.073891416Z,llm_chat.regeneration,,
SEL-21,selected_hemogram,backend,2026-08-08T00:29:57.087954895Z,llm_chat.generation_config,,safety_guardrail_structured_repair temp=0.1 attempt=2
SEL-21,selected_hemogram,backend,2026-08-08T00:29:57.088136815Z,llm_chat.queue_acquired,,
SEL-21,selected_hemogram,backend,2026-08-08T00:30:17.783646815Z,llm_chat.perf,,
SEL-21,selected_hemogram,backend,2026-08-08T00:30:17.784886125Z,llm_chat.validation,,invalid/structured_patient_fact_id_required/
SEL-21,selected_hemogram,backend,2026-08-08T00:30:17.793524434Z,llm_chat.turn_guard_steer,,
SEL-21,selected_hemogram,backend,2026-08-08T00:30:17.793746844Z,llm_chat.generation_config,,safety_guardrail temp=0.3 attempt=3
SEL-21,selected_hemogram,backend,2026-08-08T00:30:17.793893424Z,llm_chat.queue_acquired,,
SEL-21,selected_hemogram,backend,2026-08-08T00:31:25.492036774Z,llm_chat.perf,,
SEL-21,selected_hemogram,backend,2026-08-08T00:31:25.533193011Z,llm_chat.validation,,invalid/ambiguous_parameter_claim/ambiguous_parameter_claim:neu
SEL-21,selected_hemogram,backend,2026-08-08T00:31:25.537323361Z,llm_chat.last_resort,,
SEL-21,selected_hemogram,backend,2026-08-08T00:31:25.537492141Z,llm_chat.generation_config,,safety_guardrail temp=0.3 attempt=4
SEL-21,selected_hemogram,backend,2026-08-08T00:31:25.537548341Z,llm_chat.queue_acquired,,
SEL-21,selected_hemogram,backend,2026-08-08T00:31:46.913308333Z,llm_chat.perf,,
SEL-21,selected_hemogram,backend,2026-08-08T00:31:46.917503332Z,llm_chat.validation,,valid/ok/
SEL-21,selected_hemogram,backend,2026-08-08T00:31:46.917545512Z,llm_chat.candidate_selected,,
SEL-21,selected_hemogram,backend,2026-08-08T00:31:46.937748161Z,llm_chat.completed,,
SEL-22,selected_hemogram,cliente_sse,0.152,start,,
SEL-22,selected_hemogram,cliente_sse,0.152,context_ready,,
SEL-22,selected_hemogram,cliente_sse,0.152,retrieval_completed,,
SEL-22,selected_hemogram,cliente_sse,0.152,generation_started,,
SEL-22,selected_hemogram,cliente_sse,15.151,heartbeat,,
SEL-22,selected_hemogram,cliente_sse,28.459,status,validating,
SEL-22,selected_hemogram,cliente_sse,28.462,status,repairing,
SEL-22,selected_hemogram,cliente_sse,43.46,heartbeat,,
SEL-22,selected_hemogram,cliente_sse,58.461,heartbeat,,
SEL-22,selected_hemogram,cliente_sse,68.483,error,,
SEL-22,selected_hemogram,backend,2026-08-08T00:31:50.080438140Z,llm_chat.turn_guard,,
SEL-22,selected_hemogram,backend,2026-08-08T00:31:50.081176990Z,llm_chat.routed,,restricted_generation/dosage_request_disallowed
SEL-22,selected_hemogram,backend,2026-08-08T00:31:50.083291000Z,llm_chat.clinical_claim_scope,,
SEL-22,selected_hemogram,backend,2026-08-08T00:31:50.083415910Z,llm_chat.response_plan,,
SEL-22,selected_hemogram,backend,2026-08-08T00:31:50.088702499Z,llm_chat.generation_config,,safety_guardrail temp=0.3 attempt=1
SEL-22,selected_hemogram,backend,2026-08-08T00:31:50.089195239Z,llm_chat.queue_acquired,,
SEL-22,selected_hemogram,backend,2026-08-08T00:32:18.383813906Z,llm_chat.perf,,
SEL-22,selected_hemogram,backend,2026-08-08T00:32:18.398017675Z,llm_chat.validation,,invalid/structured_patient_fact_id_required/
SEL-22,selected_hemogram,backend,2026-08-08T00:32:18.398073265Z,llm_chat.regeneration,,
SEL-22,selected_hemogram,backend,2026-08-08T00:32:18.409790294Z,llm_chat.generation_config,,safety_guardrail_structured_repair temp=0.1 attempt=2
SEL-22,selected_hemogram,backend,2026-08-08T00:32:18.409874644Z,llm_chat.queue_acquired,,
SEL-22,selected_hemogram,backend,2026-08-08T00:32:38.106421342Z,llm_chat.perf,,
SEL-22,selected_hemogram,backend,2026-08-08T00:32:38.107566171Z,llm_chat.validation,,invalid/structured_patient_fact_id_required/
SEL-22,selected_hemogram,backend,2026-08-08T00:32:38.111688201Z,llm_chat.last_resort,,
SEL-22,selected_hemogram,backend,2026-08-08T00:32:38.111718371Z,llm_chat.generation_config,,safety_guardrail temp=0.3 attempt=3
SEL-22,selected_hemogram,backend,2026-08-08T00:32:38.111859991Z,llm_chat.queue_acquired,,
SEL-22,selected_hemogram,backend,2026-08-08T00:32:58.398730235Z,llm_chat.perf,,
SEL-22,selected_hemogram,backend,2026-08-08T00:32:58.399802965Z,llm_chat.validation,,invalid/medical_refusal_contract/
SEL-22,selected_hemogram,backend,2026-08-08T00:32:58.423097024Z,llm_chat.terminal_error,,generation_repair_failed
SEL-23,selected_hemogram,cliente_sse,0.161,start,,
SEL-23,selected_hemogram,cliente_sse,0.162,context_ready,,
SEL-23,selected_hemogram,cliente_sse,0.162,retrieval_completed,,
SEL-23,selected_hemogram,cliente_sse,0.162,generation_started,,
SEL-23,selected_hemogram,cliente_sse,15.162,heartbeat,,
SEL-23,selected_hemogram,cliente_sse,30.165,heartbeat,,
SEL-23,selected_hemogram,cliente_sse,35.733,status,validating,
SEL-23,selected_hemogram,cliente_sse,35.733,status,repairing,
SEL-23,selected_hemogram,cliente_sse,50.736,heartbeat,,
SEL-23,selected_hemogram,cliente_sse,65.736,heartbeat,,
SEL-23,selected_hemogram,cliente_sse,80.737,heartbeat,,
SEL-23,selected_hemogram,cliente_sse,90.501,error,,
SEL-23,selected_hemogram,backend,2026-08-08T00:33:01.568934268Z,llm_chat.turn_guard,,
SEL-23,selected_hemogram,backend,2026-08-08T00:33:01.571323468Z,llm_chat.routed,,database_generation/selected_value
SEL-23,selected_hemogram,backend,2026-08-08T00:33:01.574693098Z,llm_chat.clinical_claim_scope,,
SEL-23,selected_hemogram,backend,2026-08-08T00:33:01.574743578Z,llm_chat.response_plan,,
SEL-23,selected_hemogram,backend,2026-08-08T00:33:01.580586167Z,llm_chat.generation_config,,hemogram_interpretation temp=0.3 attempt=1
SEL-23,selected_hemogram,backend,2026-08-08T00:33:01.581520458Z,llm_chat.queue_acquired,,
SEL-23,selected_hemogram,backend,2026-08-08T00:33:37.145484440Z,llm_chat.perf,,
SEL-23,selected_hemogram,backend,2026-08-08T00:33:37.156469030Z,llm_chat.validation,,invalid/limitation_claim_invalid/
SEL-23,selected_hemogram,backend,2026-08-08T00:33:37.156504470Z,llm_chat.regeneration,,
SEL-23,selected_hemogram,backend,2026-08-08T00:33:37.172260049Z,llm_chat.generation_config,,hemogram_interpretation_structured_repair temp=0.1 attempt=2
SEL-23,selected_hemogram,backend,2026-08-08T00:33:37.172416479Z,llm_chat.queue_acquired,,
SEL-23,selected_hemogram,backend,2026-08-08T00:34:02.058940465Z,llm_chat.perf,,
SEL-23,selected_hemogram,backend,2026-08-08T00:34:02.059761755Z,llm_chat.validation,,invalid/limitation_claim_invalid/
SEL-23,selected_hemogram,backend,2026-08-08T00:34:02.064189325Z,llm_chat.last_resort,,
SEL-23,selected_hemogram,backend,2026-08-08T00:34:02.064339055Z,llm_chat.generation_config,,hemogram_interpretation temp=0.3 attempt=3
SEL-23,selected_hemogram,backend,2026-08-08T00:34:02.064463265Z,llm_chat.queue_acquired,,
SEL-23,selected_hemogram,backend,2026-08-08T00:34:31.898152221Z,llm_chat.perf,,
SEL-23,selected_hemogram,backend,2026-08-08T00:34:31.898662081Z,llm_chat.validation,,invalid/structured_schema_invalid/policy_rule_id_missing
SEL-23,selected_hemogram,backend,2026-08-08T00:34:31.923950919Z,llm_chat.terminal_error,,generation_repair_failed
SEL-24,selected_hemogram,cliente_sse,0.146,start,,
SEL-24,selected_hemogram,cliente_sse,0.152,context_ready,,
SEL-24,selected_hemogram,cliente_sse,0.152,retrieval_completed,,
SEL-24,selected_hemogram,cliente_sse,0.152,generation_started,,
SEL-24,selected_hemogram,cliente_sse,15.149,heartbeat,,
SEL-24,selected_hemogram,cliente_sse,30.149,heartbeat,,
SEL-24,selected_hemogram,cliente_sse,45.15,heartbeat,,
SEL-24,selected_hemogram,cliente_sse,60.159,heartbeat,,
SEL-24,selected_hemogram,cliente_sse,63.263,status,validating,
SEL-24,selected_hemogram,cliente_sse,63.263,status,repairing,
SEL-24,selected_hemogram,cliente_sse,78.263,heartbeat,,
SEL-24,selected_hemogram,cliente_sse,93.266,heartbeat,,
SEL-24,selected_hemogram,cliente_sse,108.301,heartbeat,,
SEL-24,selected_hemogram,cliente_sse,123.267,heartbeat,,
SEL-24,selected_hemogram,cliente_sse,134.473,error,,
SEL-24,selected_hemogram,backend,2026-08-08T00:34:35.060285713Z,llm_chat.turn_guard,,
SEL-24,selected_hemogram,backend,2026-08-08T00:34:35.062064582Z,llm_chat.routed,,database_generation/selected_value
SEL-24,selected_hemogram,backend,2026-08-08T00:34:35.064846532Z,llm_chat.clinical_claim_scope,,
SEL-24,selected_hemogram,backend,2026-08-08T00:34:35.064924642Z,llm_chat.response_plan,,
SEL-24,selected_hemogram,backend,2026-08-08T00:34:35.070155422Z,llm_chat.generation_config,,hemogram_interpretation temp=0.3 attempt=1
SEL-24,selected_hemogram,backend,2026-08-08T00:34:35.070539362Z,llm_chat.queue_acquired,,
SEL-24,selected_hemogram,backend,2026-08-08T00:35:38.152375237Z,llm_chat.perf,,
SEL-24,selected_hemogram,backend,2026-08-08T00:35:38.186750694Z,llm_chat.validation,,invalid/ambiguous_parameter_claim/ambiguous_parameter_claim:neu
SEL-24,selected_hemogram,backend,2026-08-08T00:35:38.186802134Z,llm_chat.regeneration,,
SEL-24,selected_hemogram,backend,2026-08-08T00:35:38.202548113Z,llm_chat.generation_config,,hemogram_interpretation_structured_repair temp=0.1 attempt=2
SEL-24,selected_hemogram,backend,2026-08-08T00:35:38.202743903Z,llm_chat.queue_acquired,,
SEL-24,selected_hemogram,backend,2026-08-08T00:36:21.463511738Z,llm_chat.perf,,
SEL-24,selected_hemogram,backend,2026-08-08T00:36:21.487698407Z,llm_chat.validation,,invalid/ambiguous_parameter_claim/ambiguous_parameter_claim:neu
SEL-24,selected_hemogram,backend,2026-08-08T00:36:21.492426327Z,llm_chat.last_resort,,
SEL-24,selected_hemogram,backend,2026-08-08T00:36:21.492459917Z,llm_chat.generation_config,,hemogram_interpretation temp=0.3 attempt=3
SEL-24,selected_hemogram,backend,2026-08-08T00:36:21.492899597Z,llm_chat.queue_acquired,,
SEL-24,selected_hemogram,backend,2026-08-08T00:36:49.369558500Z,llm_chat.perf,,
SEL-24,selected_hemogram,backend,2026-08-08T00:36:49.371471569Z,llm_chat.validation,,invalid/definitive_diagnosis/
SEL-24,selected_hemogram,backend,2026-08-08T00:36:49.396908438Z,llm_chat.terminal_error,,generation_repair_failed
HIS-01,hemogram_history,cliente_sse,0.162,start,,
HIS-01,hemogram_history,cliente_sse,0.162,context_ready,,
HIS-01,hemogram_history,cliente_sse,0.162,retrieval_completed,,
HIS-01,hemogram_history,cliente_sse,0.163,generation_started,,
HIS-01,hemogram_history,cliente_sse,15.164,heartbeat,,
HIS-01,hemogram_history,cliente_sse,30.164,heartbeat,,
HIS-01,hemogram_history,cliente_sse,42.001,status,validating,
HIS-01,hemogram_history,cliente_sse,42.03,final,,
HIS-01,hemogram_history,cliente_sse,42.031,done,,
HIS-01,hemogram_history,backend,2026-08-08T00:36:52.545067884Z,llm_chat.turn_guard,,
HIS-01,hemogram_history,backend,2026-08-08T00:36:52.547035564Z,llm_chat.routed,,database_generation/history_comparison
HIS-01,hemogram_history,backend,2026-08-08T00:36:52.552157753Z,llm_chat.clinical_claim_scope,,
HIS-01,hemogram_history,backend,2026-08-08T00:36:52.552221293Z,llm_chat.response_plan,,
HIS-01,hemogram_history,backend,2026-08-08T00:36:52.558559413Z,llm_chat.generation_config,,history_comparison temp=0.3 attempt=1
HIS-01,hemogram_history,backend,2026-08-08T00:36:52.558980172Z,llm_chat.queue_acquired,,
HIS-01,hemogram_history,backend,2026-08-08T00:37:34.380547113Z,llm_chat.perf,,
HIS-01,hemogram_history,backend,2026-08-08T00:37:34.397732942Z,llm_chat.validation,,valid/ok/
HIS-01,hemogram_history,backend,2026-08-08T00:37:34.397787262Z,llm_chat.candidate_selected,,
HIS-01,hemogram_history,backend,2026-08-08T00:37:34.427850050Z,llm_chat.completed,,
HIS-02,hemogram_history,cliente_sse,0.155,start,,
HIS-02,hemogram_history,cliente_sse,0.156,context_ready,,
HIS-02,hemogram_history,cliente_sse,0.156,retrieval_completed,,
HIS-02,hemogram_history,cliente_sse,0.156,generation_started,,
HIS-02,hemogram_history,cliente_sse,15.157,heartbeat,,
HIS-02,hemogram_history,cliente_sse,30.158,heartbeat,,
HIS-02,hemogram_history,cliente_sse,45.159,heartbeat,,
HIS-02,hemogram_history,cliente_sse,60.159,heartbeat,,
HIS-02,hemogram_history,cliente_sse,75.16,heartbeat,,
HIS-02,hemogram_history,cliente_sse,90.16,heartbeat,,
HIS-02,hemogram_history,cliente_sse,105.161,heartbeat,,
HIS-02,hemogram_history,cliente_sse,106.488,status,validating,
HIS-02,hemogram_history,cliente_sse,106.488,status,repairing,
HIS-02,hemogram_history,cliente_sse,121.49,heartbeat,,
HIS-02,hemogram_history,cliente_sse,136.49,heartbeat,,
HIS-02,hemogram_history,cliente_sse,151.49,heartbeat,,
HIS-02,hemogram_history,cliente_sse,166.49,heartbeat,,
HIS-02,hemogram_history,cliente_sse,181.494,heartbeat,,
HIS-02,hemogram_history,cliente_sse,196.492,heartbeat,,
HIS-02,hemogram_history,cliente_sse,211.492,heartbeat,,
HIS-02,hemogram_history,cliente_sse,212.315,error,,
HIS-02,hemogram_history,backend,2026-08-08T00:37:37.572541346Z,llm_chat.turn_guard,,
HIS-02,hemogram_history,backend,2026-08-08T00:37:37.573937825Z,llm_chat.routed,,database_generation/history_comparison
HIS-02,hemogram_history,backend,2026-08-08T00:37:37.577766705Z,llm_chat.clinical_claim_scope,,
HIS-02,hemogram_history,backend,2026-08-08T00:37:37.577956795Z,llm_chat.response_plan,,
HIS-02,hemogram_history,backend,2026-08-08T00:37:37.584201895Z,llm_chat.generation_config,,history_comparison temp=0.3 attempt=1
HIS-02,hemogram_history,backend,2026-08-08T00:37:37.584418744Z,llm_chat.queue_acquired,,
HIS-02,hemogram_history,backend,2026-08-08T00:39:23.902885998Z,llm_chat.perf,,
HIS-02,hemogram_history,backend,2026-08-08T00:39:23.917385138Z,llm_chat.validation,,invalid/structured_json_invalid/
HIS-02,hemogram_history,backend,2026-08-08T00:39:23.917425078Z,llm_chat.regeneration,,
HIS-02,hemogram_history,backend,2026-08-08T00:39:23.932030556Z,llm_chat.generation_config,,history_comparison_structured_repair temp=0.1 attempt=2
HIS-02,hemogram_history,backend,2026-08-08T00:39:23.932168556Z,llm_chat.queue_acquired,,
HIS-02,hemogram_history,backend,2026-08-08T00:40:41.834569905Z,llm_chat.perf,,
HIS-02,hemogram_history,backend,2026-08-08T00:40:41.835051424Z,llm_chat.validation,,invalid/structured_schema_invalid/patient_fact_ids_missing
HIS-02,hemogram_history,backend,2026-08-08T00:40:41.839316864Z,llm_chat.last_resort,,
HIS-02,hemogram_history,backend,2026-08-08T00:40:41.839503964Z,llm_chat.generation_config,,history_comparison temp=0.3 attempt=3
HIS-02,hemogram_history,backend,2026-08-08T00:40:41.839519374Z,llm_chat.queue_acquired,,
HIS-02,hemogram_history,backend,2026-08-08T00:41:09.721877148Z,llm_chat.perf,,
HIS-02,hemogram_history,backend,2026-08-08T00:41:09.722288918Z,llm_chat.validation,,invalid/structured_schema_invalid/policy_rule_id_missing
HIS-02,hemogram_history,backend,2026-08-08T00:41:09.745040937Z,llm_chat.terminal_error,,generation_repair_failed
HIS-03,hemogram_history,cliente_sse,0.187,start,,
HIS-03,hemogram_history,cliente_sse,0.187,context_ready,,
HIS-03,hemogram_history,cliente_sse,0.188,retrieval_completed,,
HIS-03,hemogram_history,cliente_sse,0.188,generation_started,,
HIS-03,hemogram_history,cliente_sse,15.189,heartbeat,,
HIS-03,hemogram_history,cliente_sse,30.188,heartbeat,,
HIS-03,hemogram_history,cliente_sse,45.192,heartbeat,,
HIS-03,hemogram_history,cliente_sse,60.19,heartbeat,,
HIS-03,hemogram_history,cliente_sse,75.191,heartbeat,,
HIS-03,hemogram_history,cliente_sse,88.984,status,validating,
HIS-03,hemogram_history,cliente_sse,89.013,final,,
HIS-03,hemogram_history,cliente_sse,89.014,done,,
HIS-03,hemogram_history,backend,2026-08-08T00:41:12.919581670Z,llm_chat.turn_guard,,
HIS-03,hemogram_history,backend,2026-08-08T00:41:12.921381880Z,llm_chat.routed,,database_generation/history_comparison
HIS-03,hemogram_history,backend,2026-08-08T00:41:12.925258049Z,llm_chat.clinical_claim_scope,,
HIS-03,hemogram_history,backend,2026-08-08T00:41:12.925384589Z,llm_chat.response_plan,,
HIS-03,hemogram_history,backend,2026-08-08T00:41:12.931920289Z,llm_chat.generation_config,,history_comparison temp=0.3 attempt=1
HIS-03,hemogram_history,backend,2026-08-08T00:41:12.932389029Z,llm_chat.queue_acquired,,
HIS-03,hemogram_history,backend,2026-08-08T00:42:41.684201996Z,llm_chat.perf,,
HIS-03,hemogram_history,backend,2026-08-08T00:42:41.731246992Z,llm_chat.validation,,valid/ok/
HIS-03,hemogram_history,backend,2026-08-08T00:42:41.731294272Z,llm_chat.candidate_selected,,
HIS-03,hemogram_history,backend,2026-08-08T00:42:41.760524580Z,llm_chat.completed,,
HIS-04,hemogram_history,cliente_sse,0.156,start,,
HIS-04,hemogram_history,cliente_sse,0.157,context_ready,,
HIS-04,hemogram_history,cliente_sse,0.157,retrieval_completed,,
HIS-04,hemogram_history,cliente_sse,0.157,generation_started,,
HIS-04,hemogram_history,cliente_sse,15.157,heartbeat,,
HIS-04,hemogram_history,cliente_sse,24.842,status,validating,
HIS-04,hemogram_history,cliente_sse,24.871,final,,
HIS-04,hemogram_history,cliente_sse,24.871,done,,
HIS-04,hemogram_history,backend,2026-08-08T00:42:44.907900675Z,llm_chat.turn_guard,,
HIS-04,hemogram_history,backend,2026-08-08T00:42:44.909298915Z,llm_chat.routed,,restricted_generation/ambiguous_but_possibly_cbc
HIS-04,hemogram_history,backend,2026-08-08T00:42:44.913040664Z,llm_chat.clinical_claim_scope,,
HIS-04,hemogram_history,backend,2026-08-08T00:42:44.913219344Z,llm_chat.response_plan,,
HIS-04,hemogram_history,backend,2026-08-08T00:42:44.918220614Z,llm_chat.generation_config,,history_comparison temp=0.3 attempt=1
HIS-04,hemogram_history,backend,2026-08-08T00:42:44.918597074Z,llm_chat.queue_acquired,,
HIS-04,hemogram_history,backend,2026-08-08T00:43:09.588690128Z,llm_chat.perf,,
HIS-04,hemogram_history,backend,2026-08-08T00:43:09.603935557Z,llm_chat.validation,,valid/ok/
HIS-04,hemogram_history,backend,2026-08-08T00:43:09.603975977Z,llm_chat.candidate_selected,,
HIS-04,hemogram_history,backend,2026-08-08T00:43:09.631197565Z,llm_chat.completed,,
HIS-05,hemogram_history,cliente_sse,0.149,start,,
HIS-05,hemogram_history,cliente_sse,0.15,context_ready,,
HIS-05,hemogram_history,cliente_sse,0.151,retrieval_completed,,
HIS-05,hemogram_history,cliente_sse,0.151,generation_started,,
HIS-05,hemogram_history,cliente_sse,15.15,heartbeat,,
HIS-05,hemogram_history,cliente_sse,30.151,heartbeat,,
HIS-05,hemogram_history,cliente_sse,37.45,status,validating,
HIS-05,hemogram_history,cliente_sse,37.451,status,repairing,
HIS-05,hemogram_history,cliente_sse,52.452,heartbeat,,
HIS-05,hemogram_history,cliente_sse,67.453,heartbeat,,
HIS-05,hemogram_history,cliente_sse,82.453,heartbeat,,
HIS-05,hemogram_history,cliente_sse,90.55,final,,
HIS-05,hemogram_history,cliente_sse,90.551,done,,
HIS-05,hemogram_history,backend,2026-08-08T00:43:12.772858900Z,llm_chat.turn_guard,,
HIS-05,hemogram_history,backend,2026-08-08T00:43:12.774536490Z,llm_chat.routed,,database_generation/history_comparison
HIS-05,hemogram_history,backend,2026-08-08T00:43:12.777951480Z,llm_chat.clinical_claim_scope,,
HIS-05,hemogram_history,backend,2026-08-08T00:43:12.777984860Z,llm_chat.response_plan,,
HIS-05,hemogram_history,backend,2026-08-08T00:43:12.783488860Z,llm_chat.generation_config,,history_comparison temp=0.3 attempt=1
HIS-05,hemogram_history,backend,2026-08-08T00:43:12.783933660Z,llm_chat.queue_acquired,,
HIS-05,hemogram_history,backend,2026-08-08T00:43:50.062867206Z,llm_chat.perf,,
HIS-05,hemogram_history,backend,2026-08-08T00:43:50.085991894Z,llm_chat.validation,,"repairable/missing_required_clinical_facts/PLT:value,PLT:unit,PLT:value,PLT:unit"
HIS-05,hemogram_history,backend,2026-08-08T00:43:50.086051814Z,llm_chat.regeneration,,
HIS-05,hemogram_history,backend,2026-08-08T00:43:50.100939323Z,llm_chat.generation_config,,history_comparison_structured_repair temp=0.1 attempt=2
HIS-05,hemogram_history,backend,2026-08-08T00:43:50.100991863Z,llm_chat.queue_acquired,,
HIS-05,hemogram_history,backend,2026-08-08T00:44:22.229281572Z,llm_chat.perf,,
HIS-05,hemogram_history,backend,2026-08-08T00:44:22.237414482Z,llm_chat.validation,,"repairable/missing_required_clinical_facts/PLT:value,PLT:unit,PLT:value,PLT:unit"
HIS-05,hemogram_history,backend,2026-08-08T00:44:22.241624912Z,llm_chat.last_resort,,
HIS-05,hemogram_history,backend,2026-08-08T00:44:22.241631602Z,llm_chat.generation_config,,history_comparison temp=0.3 attempt=3
HIS-05,hemogram_history,backend,2026-08-08T00:44:22.241970002Z,llm_chat.queue_acquired,,
HIS-05,hemogram_history,backend,2026-08-08T00:44:43.152715639Z,llm_chat.perf,,
HIS-05,hemogram_history,backend,2026-08-08T00:44:43.158322439Z,llm_chat.validation,,valid/ok/
HIS-05,hemogram_history,backend,2026-08-08T00:44:43.158604398Z,llm_chat.candidate_selected,,
HIS-05,hemogram_history,backend,2026-08-08T00:44:43.185531387Z,llm_chat.completed,,
HIS-06,hemogram_history,cliente_sse,0.15,start,,
HIS-06,hemogram_history,cliente_sse,0.152,context_ready,,
HIS-06,hemogram_history,cliente_sse,0.152,retrieval_completed,,
HIS-06,hemogram_history,cliente_sse,0.152,generation_started,,
HIS-06,hemogram_history,cliente_sse,15.152,heartbeat,,
HIS-06,hemogram_history,cliente_sse,30.152,heartbeat,,
HIS-06,hemogram_history,cliente_sse,35.589,status,validating,
HIS-06,hemogram_history,cliente_sse,35.589,status,repairing,
HIS-06,hemogram_history,cliente_sse,50.589,heartbeat,,
HIS-06,hemogram_history,cliente_sse,65.589,heartbeat,,
HIS-06,hemogram_history,cliente_sse,80.59,heartbeat,,
HIS-06,hemogram_history,cliente_sse,95.359,error,,
HIS-06,hemogram_history,backend,2026-08-08T00:44:46.328741302Z,llm_chat.turn_guard,,
HIS-06,hemogram_history,backend,2026-08-08T00:44:46.330109992Z,llm_chat.routed,,database_generation/history_comparison
HIS-06,hemogram_history,backend,2026-08-08T00:44:46.333186272Z,llm_chat.clinical_claim_scope,,
HIS-06,hemogram_history,backend,2026-08-08T00:44:46.333276832Z,llm_chat.response_plan,,
HIS-06,hemogram_history,backend,2026-08-08T00:44:46.338260451Z,llm_chat.generation_config,,history_comparison temp=0.3 attempt=1
HIS-06,hemogram_history,backend,2026-08-08T00:44:46.338476681Z,llm_chat.queue_acquired,,
HIS-06,hemogram_history,backend,2026-08-08T00:45:21.761051024Z,llm_chat.perf,,
HIS-06,hemogram_history,backend,2026-08-08T00:45:21.778622303Z,llm_chat.validation,,invalid/structured_patient_fact_not_materialized/
HIS-06,hemogram_history,backend,2026-08-08T00:45:21.778665793Z,llm_chat.regeneration,,
HIS-06,hemogram_history,backend,2026-08-08T00:45:21.791197162Z,llm_chat.generation_config,,history_comparison_structured_repair temp=0.1 attempt=2
HIS-06,hemogram_history,backend,2026-08-08T00:45:21.791328142Z,llm_chat.queue_acquired,,
HIS-06,hemogram_history,backend,2026-08-08T00:45:54.966088579Z,llm_chat.perf,,
HIS-06,hemogram_history,backend,2026-08-08T00:45:54.971083299Z,llm_chat.validation,,invalid/structured_patient_fact_not_materialized/
HIS-06,hemogram_history,backend,2026-08-08T00:45:54.975476669Z,llm_chat.last_resort,,
HIS-06,hemogram_history,backend,2026-08-08T00:45:54.975486479Z,llm_chat.generation_config,,history_comparison temp=0.3 attempt=3
HIS-06,hemogram_history,backend,2026-08-08T00:45:54.975674459Z,llm_chat.queue_acquired,,
HIS-06,hemogram_history,backend,2026-08-08T00:46:21.528673101Z,llm_chat.perf,,
HIS-06,hemogram_history,backend,2026-08-08T00:46:21.529230581Z,llm_chat.validation,,invalid/structured_schema_invalid/policy_rule_id_missing
HIS-06,hemogram_history,backend,2026-08-08T00:46:21.549980390Z,llm_chat.terminal_error,,generation_repair_failed
HIS-07,hemogram_history,cliente_sse,0.157,start,,
HIS-07,hemogram_history,cliente_sse,0.158,context_ready,,
HIS-07,hemogram_history,cliente_sse,0.158,retrieval_completed,,
HIS-07,hemogram_history,cliente_sse,0.158,generation_started,,
HIS-07,hemogram_history,cliente_sse,15.159,heartbeat,,
HIS-07,hemogram_history,cliente_sse,30.161,heartbeat,,
HIS-07,hemogram_history,cliente_sse,35.497,status,validating,
HIS-07,hemogram_history,cliente_sse,35.497,status,repairing,
HIS-07,hemogram_history,cliente_sse,50.481,heartbeat,,
HIS-07,hemogram_history,cliente_sse,65.482,heartbeat,,
HIS-07,hemogram_history,cliente_sse,80.482,heartbeat,,
HIS-07,hemogram_history,cliente_sse,95.495,heartbeat,,
HIS-07,hemogram_history,cliente_sse,98.796,error,,
HIS-07,hemogram_history,backend,2026-08-08T00:46:24.697332850Z,llm_chat.turn_guard,,
HIS-07,hemogram_history,backend,2026-08-08T00:46:24.698643249Z,llm_chat.routed,,database_generation/history_comparison
HIS-07,hemogram_history,backend,2026-08-08T00:46:24.701847409Z,llm_chat.clinical_claim_scope,,
HIS-07,hemogram_history,backend,2026-08-08T00:46:24.702089959Z,llm_chat.response_plan,,
HIS-07,hemogram_history,backend,2026-08-08T00:46:24.706915979Z,llm_chat.generation_config,,history_comparison temp=0.3 attempt=1
HIS-07,hemogram_history,backend,2026-08-08T00:46:24.707305149Z,llm_chat.queue_acquired,,
HIS-07,hemogram_history,backend,2026-08-08T00:47:00.015316219Z,llm_chat.perf,,
HIS-07,hemogram_history,backend,2026-08-08T00:47:00.031466057Z,llm_chat.validation,,"repairable/missing_required_clinical_facts/MCHC:value,MCHC:unit,MCHC:value,MCHC:unit"
HIS-07,hemogram_history,backend,2026-08-08T00:47:00.031508067Z,llm_chat.regeneration,,
HIS-07,hemogram_history,backend,2026-08-08T00:47:00.043342706Z,llm_chat.generation_config,,history_comparison_structured_repair temp=0.1 attempt=2
HIS-07,hemogram_history,backend,2026-08-08T00:47:00.043525066Z,llm_chat.queue_acquired,,
HIS-07,hemogram_history,backend,2026-08-08T00:47:37.572154456Z,llm_chat.perf,,
HIS-07,hemogram_history,backend,2026-08-08T00:47:37.577967446Z,llm_chat.validation,,"repairable/missing_required_clinical_facts/MCHC:value,MCHC:unit,MCHC:value,MCHC:unit"
HIS-07,hemogram_history,backend,2026-08-08T00:47:37.581756276Z,llm_chat.last_resort,,
HIS-07,hemogram_history,backend,2026-08-08T00:47:37.581881866Z,llm_chat.generation_config,,history_comparison temp=0.3 attempt=3
HIS-07,hemogram_history,backend,2026-08-08T00:47:37.582034716Z,llm_chat.queue_acquired,,
HIS-07,hemogram_history,backend,2026-08-08T00:48:03.324211913Z,llm_chat.perf,,
HIS-07,hemogram_history,backend,2026-08-08T00:48:03.324649623Z,llm_chat.validation,,invalid/structured_schema_invalid/policy_rule_id_missing
HIS-07,hemogram_history,backend,2026-08-08T00:48:03.347601722Z,llm_chat.terminal_error,,generation_repair_failed
HIS-08,hemogram_history,cliente_sse,0.179,start,,
HIS-08,hemogram_history,cliente_sse,0.179,context_ready,,
HIS-08,hemogram_history,cliente_sse,0.179,retrieval_completed,,
HIS-08,hemogram_history,cliente_sse,0.179,generation_started,,
HIS-08,hemogram_history,cliente_sse,15.145,heartbeat,,
HIS-08,hemogram_history,cliente_sse,30.144,heartbeat,,
HIS-08,hemogram_history,cliente_sse,45.148,heartbeat,,
HIS-08,hemogram_history,cliente_sse,47.077,status,validating,
HIS-08,hemogram_history,cliente_sse,47.109,final,,
HIS-08,hemogram_history,cliente_sse,47.109,done,,
HIS-08,hemogram_history,backend,2026-08-08T00:48:06.479524067Z,llm_chat.turn_guard,,
HIS-08,hemogram_history,backend,2026-08-08T00:48:06.480978797Z,llm_chat.routed,,database_generation/history_comparison
HIS-08,hemogram_history,backend,2026-08-08T00:48:06.484513387Z,llm_chat.clinical_claim_scope,,
HIS-08,hemogram_history,backend,2026-08-08T00:48:06.484745367Z,llm_chat.response_plan,,
HIS-08,hemogram_history,backend,2026-08-08T00:48:06.490568956Z,llm_chat.generation_config,,history_comparison temp=0.3 attempt=1
HIS-08,hemogram_history,backend,2026-08-08T00:48:06.491033417Z,llm_chat.queue_acquired,,
HIS-08,hemogram_history,backend,2026-08-08T00:48:53.380087556Z,llm_chat.perf,,
HIS-08,hemogram_history,backend,2026-08-08T00:48:53.423781692Z,llm_chat.validation,,valid/ok/
HIS-08,hemogram_history,backend,2026-08-08T00:48:53.423837903Z,llm_chat.candidate_selected,,
HIS-08,hemogram_history,backend,2026-08-08T00:48:53.456303980Z,llm_chat.completed,,
HIS-09,hemogram_history,cliente_sse,0.16,start,,
HIS-09,hemogram_history,cliente_sse,0.161,context_ready,,
HIS-09,hemogram_history,cliente_sse,0.162,retrieval_completed,,
HIS-09,hemogram_history,cliente_sse,0.162,generation_started,,
HIS-09,hemogram_history,cliente_sse,15.164,heartbeat,,
HIS-09,hemogram_history,cliente_sse,30.163,heartbeat,,
HIS-09,hemogram_history,cliente_sse,45.169,heartbeat,,
HIS-09,hemogram_history,cliente_sse,46.024,status,validating,
HIS-09,hemogram_history,cliente_sse,46.064,final,,
HIS-09,hemogram_history,cliente_sse,46.064,done,,
HIS-09,hemogram_history,backend,2026-08-08T00:48:56.606864524Z,llm_chat.turn_guard,,
HIS-09,hemogram_history,backend,2026-08-08T00:48:56.608364744Z,llm_chat.routed,,database_generation/history_comparison
HIS-09,hemogram_history,backend,2026-08-08T00:48:56.612236914Z,llm_chat.clinical_claim_scope,,
HIS-09,hemogram_history,backend,2026-08-08T00:48:56.612296193Z,llm_chat.response_plan,,
HIS-09,hemogram_history,backend,2026-08-08T00:48:56.619273623Z,llm_chat.generation_config,,history_comparison temp=0.3 attempt=1
HIS-09,hemogram_history,backend,2026-08-08T00:48:56.619533053Z,llm_chat.queue_acquired,,
HIS-09,hemogram_history,backend,2026-08-08T00:49:42.459187495Z,llm_chat.perf,,
HIS-09,hemogram_history,backend,2026-08-08T00:49:42.483427644Z,llm_chat.validation,,valid/ok/
HIS-09,hemogram_history,backend,2026-08-08T00:49:42.483468774Z,llm_chat.candidate_selected,,
HIS-09,hemogram_history,backend,2026-08-08T00:49:42.515381793Z,llm_chat.completed,,
HIS-10,hemogram_history,cliente_sse,0.158,start,,
HIS-10,hemogram_history,cliente_sse,0.158,context_ready,,
HIS-10,hemogram_history,cliente_sse,0.158,retrieval_completed,,
HIS-10,hemogram_history,cliente_sse,0.159,generation_started,,
HIS-10,hemogram_history,cliente_sse,15.158,heartbeat,,
HIS-10,hemogram_history,cliente_sse,30.157,heartbeat,,
HIS-10,hemogram_history,cliente_sse,34.511,status,validating,
HIS-10,hemogram_history,cliente_sse,34.534,final,,
HIS-10,hemogram_history,cliente_sse,34.534,done,,
HIS-10,hemogram_history,backend,2026-08-08T00:49:45.666583377Z,llm_chat.turn_guard,,
HIS-10,hemogram_history,backend,2026-08-08T00:49:45.668115487Z,llm_chat.routed,,database_generation/history_comparison
HIS-10,hemogram_history,backend,2026-08-08T00:49:45.671911627Z,llm_chat.clinical_claim_scope,,
HIS-10,hemogram_history,backend,2026-08-08T00:49:45.671957847Z,llm_chat.response_plan,,
HIS-10,hemogram_history,backend,2026-08-08T00:49:45.678522316Z,llm_chat.generation_config,,history_comparison temp=0.3 attempt=1
HIS-10,hemogram_history,backend,2026-08-08T00:49:45.678914336Z,llm_chat.queue_acquired,,
HIS-10,hemogram_history,backend,2026-08-08T00:50:20.016254144Z,llm_chat.perf,,
HIS-10,hemogram_history,backend,2026-08-08T00:50:20.035624393Z,llm_chat.validation,,valid/ok/
HIS-10,hemogram_history,backend,2026-08-08T00:50:20.035698643Z,llm_chat.candidate_selected,,
HIS-10,hemogram_history,backend,2026-08-08T00:50:20.058115962Z,llm_chat.completed,,
HIS-F01,hemogram_history,cliente_sse,0.17,start,,
HIS-F01,hemogram_history,cliente_sse,0.17,context_ready,,
HIS-F01,hemogram_history,cliente_sse,0.171,retrieval_completed,,
HIS-F01,hemogram_history,cliente_sse,0.171,generation_started,,
HIS-F01,hemogram_history,cliente_sse,15.172,heartbeat,,
HIS-F01,hemogram_history,cliente_sse,30.173,heartbeat,,
HIS-F01,hemogram_history,cliente_sse,45.173,heartbeat,,
HIS-F01,hemogram_history,cliente_sse,59.504,status,validating,
HIS-F01,hemogram_history,cliente_sse,59.539,final,,
HIS-F01,hemogram_history,cliente_sse,59.543,done,,
HIS-F01,hemogram_history,backend,2026-08-08T00:50:23.217575415Z,llm_chat.turn_guard,,
HIS-F01,hemogram_history,backend,2026-08-08T00:50:23.219084555Z,llm_chat.routed,,database_generation/history_comparison
HIS-F01,hemogram_history,backend,2026-08-08T00:50:23.223058574Z,llm_chat.clinical_claim_scope,,
HIS-F01,hemogram_history,backend,2026-08-08T00:50:23.223101565Z,llm_chat.response_plan,,
HIS-F01,hemogram_history,backend,2026-08-08T00:50:23.229314284Z,llm_chat.generation_config,,history_comparison temp=0.3 attempt=1
HIS-F01,hemogram_history,backend,2026-08-08T00:50:23.229700934Z,llm_chat.queue_acquired,,
HIS-F01,hemogram_history,backend,2026-08-08T00:51:22.537246273Z,llm_chat.perf,,
HIS-F01,hemogram_history,backend,2026-08-08T00:51:22.563487091Z,llm_chat.validation,,valid/ok/
HIS-F01,hemogram_history,backend,2026-08-08T00:51:22.563551882Z,llm_chat.candidate_selected,,
HIS-F01,hemogram_history,backend,2026-08-08T00:51:22.599128309Z,llm_chat.completed,,
HIS-F02,hemogram_history,cliente_sse,0.188,start,,
HIS-F02,hemogram_history,cliente_sse,0.188,context_ready,,
HIS-F02,hemogram_history,cliente_sse,0.188,retrieval_completed,,
HIS-F02,hemogram_history,cliente_sse,0.188,generation_started,,
HIS-F02,hemogram_history,cliente_sse,15.162,heartbeat,,
HIS-F02,hemogram_history,cliente_sse,30.163,heartbeat,,
HIS-F02,hemogram_history,cliente_sse,45.162,heartbeat,,
HIS-F02,hemogram_history,cliente_sse,60.163,heartbeat,,
HIS-F02,hemogram_history,cliente_sse,68.623,status,validating,
HIS-F02,hemogram_history,cliente_sse,68.623,status,repairing,
HIS-F02,hemogram_history,cliente_sse,83.624,heartbeat,,
HIS-F02,hemogram_history,cliente_sse,98.624,heartbeat,,
HIS-F02,hemogram_history,cliente_sse,112.667,final,,
HIS-F02,hemogram_history,cliente_sse,112.667,done,,
HIS-F02,hemogram_history,backend,2026-08-08T00:51:25.751377392Z,llm_chat.turn_guard,,
HIS-F02,hemogram_history,backend,2026-08-08T00:51:25.752702892Z,llm_chat.routed,,database_generation/history_comparison
HIS-F02,hemogram_history,backend,2026-08-08T00:51:25.756870142Z,llm_chat.clinical_claim_scope,,
HIS-F02,hemogram_history,backend,2026-08-08T00:51:25.756928902Z,llm_chat.response_plan,,
HIS-F02,hemogram_history,backend,2026-08-08T00:51:25.763572641Z,llm_chat.generation_config,,history_comparison temp=0.3 attempt=1
HIS-F02,hemogram_history,backend,2026-08-08T00:51:25.764007881Z,llm_chat.queue_acquired,,
HIS-F02,hemogram_history,backend,2026-08-08T00:52:34.200292094Z,llm_chat.perf,,
HIS-F02,hemogram_history,backend,2026-08-08T00:52:34.228450183Z,llm_chat.validation,,invalid/unsupported_numeric_claim/unsupported_numeric_claim:claim
HIS-F02,hemogram_history,backend,2026-08-08T00:52:34.228499383Z,llm_chat.regeneration,,
HIS-F02,hemogram_history,backend,2026-08-08T00:52:34.244157162Z,llm_chat.generation_config,,history_comparison_structured_repair temp=0.1 attempt=2
HIS-F02,hemogram_history,backend,2026-08-08T00:52:34.244258952Z,llm_chat.queue_acquired,,
HIS-F02,hemogram_history,backend,2026-08-08T00:53:18.232295852Z,llm_chat.perf,,
HIS-F02,hemogram_history,backend,2026-08-08T00:53:18.245935661Z,llm_chat.validation,,valid/ok/
HIS-F02,hemogram_history,backend,2026-08-08T00:53:18.246005641Z,llm_chat.candidate_selected,,
HIS-F02,hemogram_history,backend,2026-08-08T00:53:18.272103459Z,llm_chat.completed,,
HIS-F03,hemogram_history,cliente_sse,0.174,start,,
HIS-F03,hemogram_history,cliente_sse,0.174,context_ready,,
HIS-F03,hemogram_history,cliente_sse,0.175,retrieval_completed,,
HIS-F03,hemogram_history,cliente_sse,0.175,generation_started,,
HIS-F03,hemogram_history,cliente_sse,15.175,heartbeat,,
HIS-F03,hemogram_history,cliente_sse,30.176,heartbeat,,
HIS-F03,hemogram_history,cliente_sse,35.612,status,validating,
HIS-F03,hemogram_history,cliente_sse,35.612,status,repairing,
HIS-F03,hemogram_history,cliente_sse,50.613,heartbeat,,
HIS-F03,hemogram_history,cliente_sse,65.612,heartbeat,,
HIS-F03,hemogram_history,cliente_sse,80.613,heartbeat,,
HIS-F03,hemogram_history,cliente_sse,95.613,heartbeat,,
HIS-F03,hemogram_history,cliente_sse,95.963,final,,
HIS-F03,hemogram_history,cliente_sse,95.963,done,,
HIS-F03,hemogram_history,backend,2026-08-08T00:53:21.436397903Z,llm_chat.turn_guard,,
HIS-F03,hemogram_history,backend,2026-08-08T00:53:21.437885832Z,llm_chat.routed,,database_generation/history_comparison
HIS-F03,hemogram_history,backend,2026-08-08T00:53:21.441433342Z,llm_chat.clinical_claim_scope,,
HIS-F03,hemogram_history,backend,2026-08-08T00:53:21.441468332Z,llm_chat.response_plan,,
HIS-F03,hemogram_history,backend,2026-08-08T00:53:21.447148741Z,llm_chat.generation_config,,history_comparison temp=0.3 attempt=1
HIS-F03,hemogram_history,backend,2026-08-08T00:53:21.447618261Z,llm_chat.queue_acquired,,
HIS-F03,hemogram_history,backend,2026-08-08T00:53:56.864073131Z,llm_chat.perf,,
HIS-F03,hemogram_history,backend,2026-08-08T00:53:56.886018110Z,llm_chat.validation,,"repairable/missing_required_clinical_facts/NEU:value,NEU:unit,NEU:value,NEU:unit"
HIS-F03,hemogram_history,backend,2026-08-08T00:53:56.886057760Z,llm_chat.regeneration,,
HIS-F03,hemogram_history,backend,2026-08-08T00:53:56.898120679Z,llm_chat.generation_config,,history_comparison_structured_repair temp=0.1 attempt=2
HIS-F03,hemogram_history,backend,2026-08-08T00:53:56.898240649Z,llm_chat.queue_acquired,,
HIS-F03,hemogram_history,backend,2026-08-08T00:54:34.718451560Z,llm_chat.perf,,
HIS-F03,hemogram_history,backend,2026-08-08T00:54:34.725175640Z,llm_chat.validation,,"repairable/missing_required_clinical_facts/NEU:value,NEU:unit,NEU:value,NEU:unit"
HIS-F03,hemogram_history,backend,2026-08-08T00:54:34.729898499Z,llm_chat.last_resort,,
HIS-F03,hemogram_history,backend,2026-08-08T00:54:34.729946059Z,llm_chat.generation_config,,history_comparison temp=0.3 attempt=3
HIS-F03,hemogram_history,backend,2026-08-08T00:54:34.730211149Z,llm_chat.queue_acquired,,
HIS-F03,hemogram_history,backend,2026-08-08T00:54:57.200641004Z,llm_chat.perf,,
HIS-F03,hemogram_history,backend,2026-08-08T00:54:57.207093844Z,llm_chat.validation,,valid/ok/
HIS-F03,hemogram_history,backend,2026-08-08T00:54:57.207137624Z,llm_chat.candidate_selected,,
HIS-F03,hemogram_history,backend,2026-08-08T00:54:57.235671671Z,llm_chat.completed,,
HIS-F04,hemogram_history,cliente_sse,0.162,start,,
HIS-F04,hemogram_history,cliente_sse,0.163,context_ready,,
HIS-F04,hemogram_history,cliente_sse,0.163,retrieval_completed,,
HIS-F04,hemogram_history,cliente_sse,0.163,generation_started,,
HIS-F04,hemogram_history,cliente_sse,15.167,heartbeat,,
HIS-F04,hemogram_history,cliente_sse,30.163,heartbeat,,
HIS-F04,hemogram_history,cliente_sse,45.164,heartbeat,,
HIS-F04,hemogram_history,cliente_sse,46.444,status,validating,
HIS-F04,hemogram_history,cliente_sse,46.472,final,,
HIS-F04,hemogram_history,cliente_sse,46.472,done,,
HIS-F04,hemogram_history,backend,2026-08-08T00:55:00.384363315Z,llm_chat.turn_guard,,
HIS-F04,hemogram_history,backend,2026-08-08T00:55:00.386020205Z,llm_chat.routed,,database_generation/history_comparison
HIS-F04,hemogram_history,backend,2026-08-08T00:55:00.389979925Z,llm_chat.clinical_claim_scope,,
HIS-F04,hemogram_history,backend,2026-08-08T00:55:00.390224075Z,llm_chat.response_plan,,
HIS-F04,hemogram_history,backend,2026-08-08T00:55:00.398064554Z,llm_chat.generation_config,,history_comparison temp=0.3 attempt=1
HIS-F04,hemogram_history,backend,2026-08-08T00:55:00.398670874Z,llm_chat.queue_acquired,,
HIS-F04,hemogram_history,backend,2026-08-08T00:55:46.657401130Z,llm_chat.perf,,
HIS-F04,hemogram_history,backend,2026-08-08T00:55:46.682499068Z,llm_chat.validation,,valid/ok/
HIS-F04,hemogram_history,backend,2026-08-08T00:55:46.682547018Z,llm_chat.candidate_selected,,
HIS-F04,hemogram_history,backend,2026-08-08T00:55:46.710624756Z,llm_chat.completed,,
HIS-F05,hemogram_history,cliente_sse,0.151,start,,
HIS-F05,hemogram_history,cliente_sse,0.152,context_ready,,
HIS-F05,hemogram_history,cliente_sse,0.152,retrieval_completed,,
HIS-F05,hemogram_history,cliente_sse,0.153,generation_started,,
HIS-F05,hemogram_history,cliente_sse,15.154,heartbeat,,
HIS-F05,hemogram_history,cliente_sse,30.156,heartbeat,,
HIS-F05,hemogram_history,cliente_sse,33.391,status,validating,
HIS-F05,hemogram_history,cliente_sse,33.392,status,repairing,
HIS-F05,hemogram_history,cliente_sse,48.394,heartbeat,,
HIS-F05,hemogram_history,cliente_sse,63.392,heartbeat,,
HIS-F05,hemogram_history,cliente_sse,78.396,heartbeat,,
HIS-F05,hemogram_history,cliente_sse,93.394,heartbeat,,
HIS-F05,hemogram_history,cliente_sse,94.871,error,,
HIS-F05,hemogram_history,backend,2026-08-08T00:55:49.852818980Z,llm_chat.turn_guard,,
HIS-F05,hemogram_history,backend,2026-08-08T00:55:49.854280570Z,llm_chat.routed,,database_generation/history_comparison
HIS-F05,hemogram_history,backend,2026-08-08T00:55:49.857635610Z,llm_chat.clinical_claim_scope,,
HIS-F05,hemogram_history,backend,2026-08-08T00:55:49.857720680Z,llm_chat.response_plan,,
HIS-F05,hemogram_history,backend,2026-08-08T00:55:49.862971640Z,llm_chat.generation_config,,history_comparison temp=0.3 attempt=1
HIS-F05,hemogram_history,backend,2026-08-08T00:55:49.863343249Z,llm_chat.queue_acquired,,
HIS-F05,hemogram_history,backend,2026-08-08T00:56:23.084044629Z,llm_chat.perf,,
HIS-F05,hemogram_history,backend,2026-08-08T00:56:23.103740347Z,llm_chat.validation,,"repairable/missing_required_clinical_facts/HCT:value,HCT:unit,HCT:value,HCT:unit"
HIS-F05,hemogram_history,backend,2026-08-08T00:56:23.103789637Z,llm_chat.regeneration,,
HIS-F05,hemogram_history,backend,2026-08-08T00:56:23.118368617Z,llm_chat.generation_config,,history_comparison_structured_repair temp=0.1 attempt=2
HIS-F05,hemogram_history,backend,2026-08-08T00:56:23.118410497Z,llm_chat.queue_acquired,,
HIS-F05,hemogram_history,backend,2026-08-08T00:57:01.468803202Z,llm_chat.perf,,
HIS-F05,hemogram_history,backend,2026-08-08T00:57:01.469877052Z,llm_chat.validation,,invalid/structured_schema_invalid/patient_fact_ids_missing
HIS-F05,hemogram_history,backend,2026-08-08T00:57:01.474346532Z,llm_chat.last_resort,,
HIS-F05,hemogram_history,backend,2026-08-08T00:57:01.474350882Z,llm_chat.generation_config,,history_comparison temp=0.3 attempt=3
HIS-F05,hemogram_history,backend,2026-08-08T00:57:01.474594932Z,llm_chat.queue_acquired,,
HIS-F05,hemogram_history,backend,2026-08-08T00:57:24.554474817Z,llm_chat.perf,,
HIS-F05,hemogram_history,backend,2026-08-08T00:57:24.554963007Z,llm_chat.validation,,invalid/structured_schema_invalid/policy_rule_id_missing
HIS-F05,hemogram_history,backend,2026-08-08T00:57:24.582712284Z,llm_chat.terminal_error,,generation_repair_failed
HIS-F06,hemogram_history,cliente_sse,0.149,start,,
HIS-F06,hemogram_history,cliente_sse,0.15,context_ready,,
HIS-F06,hemogram_history,cliente_sse,0.151,retrieval_completed,,
HIS-F06,hemogram_history,cliente_sse,0.151,generation_started,,
HIS-F06,hemogram_history,cliente_sse,15.151,heartbeat,,
HIS-F06,hemogram_history,cliente_sse,30.151,heartbeat,,
HIS-F06,hemogram_history,cliente_sse,39.222,status,validating,
HIS-F06,hemogram_history,cliente_sse,39.248,final,,
HIS-F06,hemogram_history,cliente_sse,39.249,done,,
HIS-F06,hemogram_history,backend,2026-08-08T00:57:27.720569349Z,llm_chat.turn_guard,,
HIS-F06,hemogram_history,backend,2026-08-08T00:57:27.722331529Z,llm_chat.routed,,database_generation/history_comparison
HIS-F06,hemogram_history,backend,2026-08-08T00:57:27.726530909Z,llm_chat.clinical_claim_scope,,
HIS-F06,hemogram_history,backend,2026-08-08T00:57:27.726646869Z,llm_chat.response_plan,,
HIS-F06,hemogram_history,backend,2026-08-08T00:57:27.732877078Z,llm_chat.generation_config,,history_comparison temp=0.3 attempt=1
HIS-F06,hemogram_history,backend,2026-08-08T00:57:27.733265369Z,llm_chat.queue_acquired,,
HIS-F06,hemogram_history,backend,2026-08-08T00:58:06.784286836Z,llm_chat.perf,,
HIS-F06,hemogram_history,backend,2026-08-08T00:58:06.804387584Z,llm_chat.validation,,valid/ok/
HIS-F06,hemogram_history,backend,2026-08-08T00:58:06.804432835Z,llm_chat.candidate_selected,,
HIS-F06,hemogram_history,backend,2026-08-08T00:58:06.831893792Z,llm_chat.completed,,
HIS-F07,hemogram_history,cliente_sse,0.15,start,,
HIS-F07,hemogram_history,cliente_sse,0.15,context_ready,,
HIS-F07,hemogram_history,cliente_sse,0.151,retrieval_completed,,
HIS-F07,hemogram_history,cliente_sse,0.151,generation_started,,
HIS-F07,hemogram_history,cliente_sse,15.152,heartbeat,,
HIS-F07,hemogram_history,cliente_sse,30.152,heartbeat,,
HIS-F07,hemogram_history,cliente_sse,37.625,status,validating,
HIS-F07,hemogram_history,cliente_sse,37.625,status,repairing,
HIS-F07,hemogram_history,cliente_sse,52.626,heartbeat,,
HIS-F07,hemogram_history,cliente_sse,67.626,heartbeat,,
HIS-F07,hemogram_history,cliente_sse,82.627,heartbeat,,
HIS-F07,hemogram_history,cliente_sse,97.628,heartbeat,,
HIS-F07,hemogram_history,cliente_sse,101.971,error,,
HIS-F07,hemogram_history,backend,2026-08-08T00:58:09.973261087Z,llm_chat.turn_guard,,
HIS-F07,hemogram_history,backend,2026-08-08T00:58:09.975132216Z,llm_chat.routed,,database_generation/history_comparison
HIS-F07,hemogram_history,backend,2026-08-08T00:58:09.978709866Z,llm_chat.clinical_claim_scope,,
HIS-F07,hemogram_history,backend,2026-08-08T00:58:09.978728646Z,llm_chat.response_plan,,
HIS-F07,hemogram_history,backend,2026-08-08T00:58:09.983532726Z,llm_chat.generation_config,,history_comparison temp=0.3 attempt=1
HIS-F07,hemogram_history,backend,2026-08-08T00:58:09.983940786Z,llm_chat.queue_acquired,,
HIS-F07,hemogram_history,backend,2026-08-08T00:58:47.439529574Z,llm_chat.perf,,
HIS-F07,hemogram_history,backend,2026-08-08T00:58:47.459164333Z,llm_chat.validation,,"repairable/missing_required_clinical_facts/EOS:value,EOS:unit,EOS:reference_min,EOS:reference_max"
HIS-F07,hemogram_history,backend,2026-08-08T00:58:47.459204373Z,llm_chat.regeneration,,
HIS-F07,hemogram_history,backend,2026-08-08T00:58:47.473408832Z,llm_chat.generation_config,,history_comparison_structured_repair temp=0.1 attempt=2
HIS-F07,hemogram_history,backend,2026-08-08T00:58:47.473453142Z,llm_chat.queue_acquired,,
HIS-F07,hemogram_history,backend,2026-08-08T00:59:24.441750133Z,llm_chat.perf,,
HIS-F07,hemogram_history,backend,2026-08-08T00:59:24.448889413Z,llm_chat.validation,,"repairable/missing_required_clinical_facts/EOS:value,EOS:unit,EOS:reference_min,EOS:reference_max"
HIS-F07,hemogram_history,backend,2026-08-08T00:59:24.452819542Z,llm_chat.last_resort,,
HIS-F07,hemogram_history,backend,2026-08-08T00:59:24.452989762Z,llm_chat.generation_config,,history_comparison temp=0.3 attempt=3
HIS-F07,hemogram_history,backend,2026-08-08T00:59:24.453241372Z,llm_chat.queue_acquired,,
HIS-F07,hemogram_history,backend,2026-08-08T00:59:51.783007126Z,llm_chat.perf,,
HIS-F07,hemogram_history,backend,2026-08-08T00:59:51.783396656Z,llm_chat.validation,,invalid/structured_schema_invalid/policy_rule_id_missing
HIS-F07,hemogram_history,backend,2026-08-08T00:59:51.805857564Z,llm_chat.terminal_error,,generation_repair_failed
HIS-F08,hemogram_history,cliente_sse,0.15,start,,
HIS-F08,hemogram_history,cliente_sse,0.151,context_ready,,
HIS-F08,hemogram_history,cliente_sse,0.151,retrieval_completed,,
HIS-F08,hemogram_history,cliente_sse,0.151,generation_started,,
HIS-F08,hemogram_history,cliente_sse,15.152,heartbeat,,
HIS-F08,hemogram_history,cliente_sse,30.154,heartbeat,,
HIS-F08,hemogram_history,cliente_sse,45.156,heartbeat,,
HIS-F08,hemogram_history,cliente_sse,60.155,heartbeat,,
HIS-F08,hemogram_history,cliente_sse,75.155,heartbeat,,
HIS-F08,hemogram_history,cliente_sse,90.155,heartbeat,,
HIS-F08,hemogram_history,cliente_sse,105.155,heartbeat,,
HIS-F08,hemogram_history,cliente_sse,107.65,status,validating,
HIS-F08,hemogram_history,cliente_sse,107.651,status,repairing,
HIS-F08,hemogram_history,cliente_sse,122.653,heartbeat,,
HIS-F08,hemogram_history,cliente_sse,137.653,heartbeat,,
HIS-F08,hemogram_history,cliente_sse,152.286,final,,
HIS-F08,hemogram_history,cliente_sse,152.286,done,,
HIS-F08,hemogram_history,backend,2026-08-08T00:59:54.943441004Z,llm_chat.turn_guard,,
HIS-F08,hemogram_history,backend,2026-08-08T00:59:54.945156615Z,llm_chat.routed,,database_generation/history_comparison
HIS-F08,hemogram_history,backend,2026-08-08T00:59:54.949094224Z,llm_chat.clinical_claim_scope,,
HIS-F08,hemogram_history,backend,2026-08-08T00:59:54.949184034Z,llm_chat.response_plan,,
HIS-F08,hemogram_history,backend,2026-08-08T00:59:54.955250334Z,llm_chat.generation_config,,history_comparison temp=0.3 attempt=1
HIS-F08,hemogram_history,backend,2026-08-08T00:59:54.955662314Z,llm_chat.queue_acquired,,
HIS-F08,hemogram_history,backend,2026-08-08T01:01:42.444018624Z,llm_chat.perf,,
HIS-F08,hemogram_history,backend,2026-08-08T01:01:42.457996442Z,llm_chat.validation,,invalid/structured_json_invalid/
HIS-F08,hemogram_history,backend,2026-08-08T01:01:42.458039122Z,llm_chat.regeneration,,
HIS-F08,hemogram_history,backend,2026-08-08T01:01:42.472864541Z,llm_chat.generation_config,,history_comparison_structured_repair temp=0.1 attempt=2
HIS-F08,hemogram_history,backend,2026-08-08T01:01:42.472912891Z,llm_chat.queue_acquired,,
HIS-F08,hemogram_history,backend,2026-08-08T01:02:27.052034936Z,llm_chat.perf,,
HIS-F08,hemogram_history,backend,2026-08-08T01:02:27.063855045Z,llm_chat.validation,,valid/ok/
HIS-F08,hemogram_history,backend,2026-08-08T01:02:27.063895035Z,llm_chat.candidate_selected,,
HIS-F08,hemogram_history,backend,2026-08-08T01:02:27.093141633Z,llm_chat.completed,,
MT-A-1,selected_hemogram,cliente_sse,0.157,start,,
MT-A-1,selected_hemogram,cliente_sse,0.158,context_ready,,
MT-A-1,selected_hemogram,cliente_sse,0.158,retrieval_completed,,
MT-A-1,selected_hemogram,cliente_sse,0.158,generation_started,,
MT-A-1,selected_hemogram,cliente_sse,15.197,heartbeat,,
MT-A-1,selected_hemogram,cliente_sse,30.16,heartbeat,,
MT-A-1,selected_hemogram,cliente_sse,30.749,status,validating,
MT-A-1,selected_hemogram,cliente_sse,30.767,final,,
MT-A-1,selected_hemogram,cliente_sse,30.768,done,,
MT-A-1,selected_hemogram,backend,2026-08-08T01:02:30.583942018Z,llm_chat.turn_guard,,
MT-A-1,selected_hemogram,backend,2026-08-08T01:02:30.585372158Z,llm_chat.routed,,database_generation/selected_value
MT-A-1,selected_hemogram,backend,2026-08-08T01:02:30.587945228Z,llm_chat.clinical_claim_scope,,
MT-A-1,selected_hemogram,backend,2026-08-08T01:02:30.588159078Z,llm_chat.response_plan,,
MT-A-1,selected_hemogram,backend,2026-08-08T01:02:30.595054788Z,llm_chat.generation_config,,hemogram_interpretation temp=0.3 attempt=1
MT-A-1,selected_hemogram,backend,2026-08-08T01:02:30.595763668Z,llm_chat.queue_acquired,,
MT-A-1,selected_hemogram,backend,2026-08-08T01:03:01.164292604Z,llm_chat.perf,,
MT-A-1,selected_hemogram,backend,2026-08-08T01:03:01.183369433Z,llm_chat.validation,,valid/ok/
MT-A-1,selected_hemogram,backend,2026-08-08T01:03:01.183408363Z,llm_chat.candidate_selected,,
MT-A-1,selected_hemogram,backend,2026-08-08T01:03:01.206121051Z,llm_chat.completed,,
MT-A-2,selected_hemogram,cliente_sse,0.155,start,,
MT-A-2,selected_hemogram,cliente_sse,0.156,context_ready,,
MT-A-2,selected_hemogram,cliente_sse,0.156,retrieval_completed,,
MT-A-2,selected_hemogram,cliente_sse,0.157,generation_started,,
MT-A-2,selected_hemogram,cliente_sse,15.157,heartbeat,,
MT-A-2,selected_hemogram,cliente_sse,30.158,heartbeat,,
MT-A-2,selected_hemogram,cliente_sse,32.079,status,validating,
MT-A-2,selected_hemogram,cliente_sse,32.104,final,,
MT-A-2,selected_hemogram,cliente_sse,32.104,done,,
MT-A-2,selected_hemogram,backend,2026-08-08T01:03:04.352036235Z,llm_chat.turn_guard,,
MT-A-2,selected_hemogram,backend,2026-08-08T01:03:04.353273414Z,llm_chat.routed,,database_generation/selected_value
MT-A-2,selected_hemogram,backend,2026-08-08T01:03:04.355973054Z,llm_chat.clinical_claim_scope,,
MT-A-2,selected_hemogram,backend,2026-08-08T01:03:04.356022504Z,llm_chat.response_plan,,
MT-A-2,selected_hemogram,backend,2026-08-08T01:03:04.362064304Z,llm_chat.generation_config,,hemogram_interpretation temp=0.3 attempt=1
MT-A-2,selected_hemogram,backend,2026-08-08T01:03:04.362449694Z,llm_chat.queue_acquired,,
MT-A-2,selected_hemogram,backend,2026-08-08T01:03:36.264791528Z,llm_chat.perf,,
MT-A-2,selected_hemogram,backend,2026-08-08T01:03:36.282062137Z,llm_chat.validation,,valid/ok/
MT-A-2,selected_hemogram,backend,2026-08-08T01:03:36.282107937Z,llm_chat.candidate_selected,,
MT-A-2,selected_hemogram,backend,2026-08-08T01:03:36.308685315Z,llm_chat.completed,,
MT-A-3,selected_hemogram,cliente_sse,0.151,start,,
MT-A-3,selected_hemogram,cliente_sse,0.151,context_ready,,
MT-A-3,selected_hemogram,cliente_sse,0.151,status,retrieving,
MT-A-3,selected_hemogram,cliente_sse,0.812,retrieval_completed,,
MT-A-3,selected_hemogram,cliente_sse,0.812,generation_started,,
MT-A-3,selected_hemogram,cliente_sse,15.814,heartbeat,,
MT-A-3,selected_hemogram,cliente_sse,30.813,heartbeat,,
MT-A-3,selected_hemogram,cliente_sse,45.814,heartbeat,,
MT-A-3,selected_hemogram,cliente_sse,48.855,status,validating,
MT-A-3,selected_hemogram,cliente_sse,48.856,status,repairing,
MT-A-3,selected_hemogram,cliente_sse,63.856,heartbeat,,
MT-A-3,selected_hemogram,cliente_sse,78.857,heartbeat,,
MT-A-3,selected_hemogram,cliente_sse,93.857,heartbeat,,
MT-A-3,selected_hemogram,cliente_sse,105.478,final,,
MT-A-3,selected_hemogram,cliente_sse,105.478,done,,
MT-A-3,selected_hemogram,backend,2026-08-08T01:03:39.456699519Z,llm_chat.turn_guard,,
MT-A-3,selected_hemogram,backend,2026-08-08T01:03:39.458410339Z,llm_chat.routed,,database_rag_generation/follow_up
MT-A-3,selected_hemogram,backend,2026-08-08T01:03:39.460987259Z,llm_chat.clinical_claim_scope,,
MT-A-3,selected_hemogram,backend,2026-08-08T01:03:39.461208589Z,llm_chat.response_plan,,
MT-A-3,selected_hemogram,backend,2026-08-08T01:03:40.123010825Z,llm_chat.generation_config,,hemogram_interpretation temp=0.3 attempt=1
MT-A-3,selected_hemogram,backend,2026-08-08T01:03:40.123580315Z,llm_chat.queue_acquired,,
MT-A-3,selected_hemogram,backend,2026-08-08T01:04:28.151791019Z,llm_chat.perf,,
MT-A-3,selected_hemogram,backend,2026-08-08T01:04:28.168257808Z,llm_chat.validation,,invalid/evidence_span_not_found/
MT-A-3,selected_hemogram,backend,2026-08-08T01:04:28.168305298Z,llm_chat.regeneration,,
MT-A-3,selected_hemogram,backend,2026-08-08T01:04:28.181169027Z,llm_chat.generation_config,,hemogram_interpretation_structured_repair temp=0.1 attempt=2
MT-A-3,selected_hemogram,backend,2026-08-08T01:04:28.181304107Z,llm_chat.queue_acquired,,
MT-A-3,selected_hemogram,backend,2026-08-08T01:05:03.021933635Z,llm_chat.perf,,
MT-A-3,selected_hemogram,backend,2026-08-08T01:05:03.023953345Z,llm_chat.validation,,invalid/evidence_claim_mismatch/proposition_2:overlap_0:required_4:tokens_6:contexts_1
MT-A-3,selected_hemogram,backend,2026-08-08T01:05:03.028495165Z,llm_chat.last_resort,,
MT-A-3,selected_hemogram,backend,2026-08-08T01:05:03.028626815Z,llm_chat.generation_config,,hemogram_interpretation temp=0.3 attempt=3
MT-A-3,selected_hemogram,backend,2026-08-08T01:05:03.028794345Z,llm_chat.queue_acquired,,
MT-A-3,selected_hemogram,backend,2026-08-08T01:05:24.760572507Z,llm_chat.perf,,
MT-A-3,selected_hemogram,backend,2026-08-08T01:05:24.766001147Z,llm_chat.validation,,valid/ok/
MT-A-3,selected_hemogram,backend,2026-08-08T01:05:24.766145577Z,llm_chat.candidate_selected,,
MT-A-3,selected_hemogram,backend,2026-08-08T01:05:24.789970606Z,llm_chat.completed,,
MT-A-4,selected_hemogram,cliente_sse,0.15,start,,
MT-A-4,selected_hemogram,cliente_sse,0.15,context_ready,,
MT-A-4,selected_hemogram,cliente_sse,0.151,retrieval_completed,,
MT-A-4,selected_hemogram,cliente_sse,0.151,generation_started,,
MT-A-4,selected_hemogram,cliente_sse,15.158,heartbeat,,
MT-A-4,selected_hemogram,cliente_sse,30.152,heartbeat,,
MT-A-4,selected_hemogram,cliente_sse,40.893,status,validating,
MT-A-4,selected_hemogram,cliente_sse,40.916,final,,
MT-A-4,selected_hemogram,cliente_sse,40.916,done,,
MT-A-4,selected_hemogram,backend,2026-08-08T01:05:27.930766485Z,llm_chat.turn_guard,,
MT-A-4,selected_hemogram,backend,2026-08-08T01:05:27.932471475Z,llm_chat.routed,,database_generation/selected_value
MT-A-4,selected_hemogram,backend,2026-08-08T01:05:27.935158205Z,llm_chat.clinical_claim_scope,,
MT-A-4,selected_hemogram,backend,2026-08-08T01:05:27.935304005Z,llm_chat.response_plan,,
MT-A-4,selected_hemogram,backend,2026-08-08T01:05:27.940888624Z,llm_chat.generation_config,,hemogram_interpretation temp=0.3 attempt=1
MT-A-4,selected_hemogram,backend,2026-08-08T01:05:27.941365834Z,llm_chat.queue_acquired,,
MT-A-4,selected_hemogram,backend,2026-08-08T01:06:08.662613980Z,llm_chat.perf,,
MT-A-4,selected_hemogram,backend,2026-08-08T01:06:08.682416469Z,llm_chat.validation,,valid/ok/
MT-A-4,selected_hemogram,backend,2026-08-08T01:06:08.682469869Z,llm_chat.candidate_selected,,
MT-A-4,selected_hemogram,backend,2026-08-08T01:06:08.706471847Z,llm_chat.completed,,
MT-B-1,selected_hemogram,cliente_sse,0.151,start,,
MT-B-1,selected_hemogram,cliente_sse,0.151,context_ready,,
MT-B-1,selected_hemogram,cliente_sse,0.151,retrieval_completed,,
MT-B-1,selected_hemogram,cliente_sse,0.151,generation_started,,
MT-B-1,selected_hemogram,cliente_sse,15.151,heartbeat,,
MT-B-1,selected_hemogram,cliente_sse,28.46,status,validating,
MT-B-1,selected_hemogram,cliente_sse,28.483,final,,
MT-B-1,selected_hemogram,cliente_sse,28.483,done,,
MT-B-1,selected_hemogram,backend,2026-08-08T01:06:11.847955166Z,llm_chat.turn_guard,,
MT-B-1,selected_hemogram,backend,2026-08-08T01:06:11.849284966Z,llm_chat.routed,,database_generation/selected_value
MT-B-1,selected_hemogram,backend,2026-08-08T01:06:11.851615636Z,llm_chat.clinical_claim_scope,,
MT-B-1,selected_hemogram,backend,2026-08-08T01:06:11.851740676Z,llm_chat.response_plan,,
MT-B-1,selected_hemogram,backend,2026-08-08T01:06:11.856584695Z,llm_chat.generation_config,,hemogram_interpretation temp=0.3 attempt=1
MT-B-1,selected_hemogram,backend,2026-08-08T01:06:11.856938645Z,llm_chat.queue_acquired,,
MT-B-1,selected_hemogram,backend,2026-08-08T01:06:40.148461105Z,llm_chat.perf,,
MT-B-1,selected_hemogram,backend,2026-08-08T01:06:40.167318083Z,llm_chat.validation,,valid/ok/
MT-B-1,selected_hemogram,backend,2026-08-08T01:06:40.167379603Z,llm_chat.candidate_selected,,
MT-B-1,selected_hemogram,backend,2026-08-08T01:06:40.191067301Z,llm_chat.completed,,
MT-B-2,selected_hemogram,cliente_sse,0.136,start,,
MT-B-2,selected_hemogram,cliente_sse,0.137,context_ready,,
MT-B-2,selected_hemogram,cliente_sse,0.137,retrieval_completed,,
MT-B-2,selected_hemogram,cliente_sse,0.137,generation_started,,
MT-B-2,selected_hemogram,cliente_sse,15.146,heartbeat,,
MT-B-2,selected_hemogram,cliente_sse,30.138,heartbeat,,
MT-B-2,selected_hemogram,cliente_sse,38.489,status,validating,
MT-B-2,selected_hemogram,cliente_sse,38.509,final,,
MT-B-2,selected_hemogram,cliente_sse,38.51,done,,
MT-B-2,selected_hemogram,backend,2026-08-08T01:06:43.318177410Z,llm_chat.turn_guard,,
MT-B-2,selected_hemogram,backend,2026-08-08T01:06:43.319814460Z,llm_chat.routed,,database_generation/selected_value
MT-B-2,selected_hemogram,backend,2026-08-08T01:06:43.322297420Z,llm_chat.clinical_claim_scope,,
MT-B-2,selected_hemogram,backend,2026-08-08T01:06:43.322490350Z,llm_chat.response_plan,,
MT-B-2,selected_hemogram,backend,2026-08-08T01:06:43.328052520Z,llm_chat.generation_config,,hemogram_interpretation temp=0.3 attempt=1
MT-B-2,selected_hemogram,backend,2026-08-08T01:06:43.328427040Z,llm_chat.queue_acquired,,
MT-B-2,selected_hemogram,backend,2026-08-08T01:07:21.662179692Z,llm_chat.perf,,
MT-B-2,selected_hemogram,backend,2026-08-08T01:07:21.680892011Z,llm_chat.validation,,valid/ok/
MT-B-2,selected_hemogram,backend,2026-08-08T01:07:21.680940060Z,llm_chat.candidate_selected,,
MT-B-2,selected_hemogram,backend,2026-08-08T01:07:21.701217299Z,llm_chat.completed,,
MT-B-3,selected_hemogram,cliente_sse,0.146,start,,
MT-B-3,selected_hemogram,cliente_sse,0.147,context_ready,,
MT-B-3,selected_hemogram,cliente_sse,0.147,retrieval_completed,,
MT-B-3,selected_hemogram,cliente_sse,0.147,generation_started,,
MT-B-3,selected_hemogram,cliente_sse,15.147,heartbeat,,
MT-B-3,selected_hemogram,cliente_sse,30.148,heartbeat,,
MT-B-3,selected_hemogram,cliente_sse,30.185,status,validating,
MT-B-3,selected_hemogram,cliente_sse,30.186,status,repairing,
MT-B-3,selected_hemogram,cliente_sse,45.202,heartbeat,,
MT-B-3,selected_hemogram,cliente_sse,60.187,heartbeat,,
MT-B-3,selected_hemogram,cliente_sse,75.189,heartbeat,,
MT-B-3,selected_hemogram,cliente_sse,90.19,heartbeat,,
MT-B-3,selected_hemogram,cliente_sse,105.19,heartbeat,,
MT-B-3,selected_hemogram,cliente_sse,120.195,heartbeat,,
MT-B-3,selected_hemogram,cliente_sse,135.191,heartbeat,,
MT-B-3,selected_hemogram,cliente_sse,150.191,heartbeat,,
MT-B-3,selected_hemogram,cliente_sse,150.883,final,,
MT-B-3,selected_hemogram,cliente_sse,150.883,done,,
MT-B-3,selected_hemogram,backend,2026-08-08T01:07:24.838261698Z,llm_chat.turn_guard,,
MT-B-3,selected_hemogram,backend,2026-08-08T01:07:24.839915708Z,llm_chat.routed,,restricted_generation/direct_diagnosis
MT-B-3,selected_hemogram,backend,2026-08-08T01:07:24.842397187Z,llm_chat.clinical_claim_scope,,
MT-B-3,selected_hemogram,backend,2026-08-08T01:07:24.842487477Z,llm_chat.response_plan,,
MT-B-3,selected_hemogram,backend,2026-08-08T01:07:24.848477997Z,llm_chat.generation_config,,safety_guardrail temp=0.3 attempt=1
MT-B-3,selected_hemogram,backend,2026-08-08T01:07:24.848875007Z,llm_chat.queue_acquired,,
MT-B-3,selected_hemogram,backend,2026-08-08T01:07:54.876525568Z,llm_chat.perf,,
MT-B-3,selected_hemogram,backend,2026-08-08T01:07:54.888722557Z,llm_chat.validation,,invalid/structured_patient_fact_id_required/
MT-B-3,selected_hemogram,backend,2026-08-08T01:07:54.888769337Z,llm_chat.regeneration,,
MT-B-3,selected_hemogram,backend,2026-08-08T01:07:54.901047036Z,llm_chat.generation_config,,safety_guardrail_structured_repair temp=0.1 attempt=2
MT-B-3,selected_hemogram,backend,2026-08-08T01:07:54.901115866Z,llm_chat.queue_acquired,,
MT-B-3,selected_hemogram,backend,2026-08-08T01:08:16.172658775Z,llm_chat.perf,,
MT-B-3,selected_hemogram,backend,2026-08-08T01:08:16.174015915Z,llm_chat.validation,,invalid/structured_patient_fact_id_required/
MT-B-3,selected_hemogram,backend,2026-08-08T01:08:16.182284024Z,llm_chat.turn_guard_steer,,
MT-B-3,selected_hemogram,backend,2026-08-08T01:08:16.182301304Z,llm_chat.generation_config,,safety_guardrail temp=0.3 attempt=3
MT-B-3,selected_hemogram,backend,2026-08-08T01:08:16.182625944Z,llm_chat.queue_acquired,,
MT-B-3,selected_hemogram,backend,2026-08-08T01:09:33.687096915Z,llm_chat.perf,,
MT-B-3,selected_hemogram,backend,2026-08-08T01:09:33.714396853Z,llm_chat.validation,,invalid/structured_patient_fact_not_materialized/
MT-B-3,selected_hemogram,backend,2026-08-08T01:09:33.718651773Z,llm_chat.last_resort,,
MT-B-3,selected_hemogram,backend,2026-08-08T01:09:33.718794553Z,llm_chat.generation_config,,safety_guardrail temp=0.3 attempt=4
MT-B-3,selected_hemogram,backend,2026-08-08T01:09:33.718920553Z,llm_chat.queue_acquired,,
MT-B-3,selected_hemogram,backend,2026-08-08T01:09:55.550260211Z,llm_chat.perf,,
MT-B-3,selected_hemogram,backend,2026-08-08T01:09:55.553986911Z,llm_chat.validation,,valid/ok/
MT-B-3,selected_hemogram,backend,2026-08-08T01:09:55.554031901Z,llm_chat.candidate_selected,,
MT-B-3,selected_hemogram,backend,2026-08-08T01:09:55.585072908Z,llm_chat.completed,,
MT-B-4,selected_hemogram,cliente_sse,0.14,start,,
MT-B-4,selected_hemogram,cliente_sse,0.14,context_ready,,
MT-B-4,selected_hemogram,cliente_sse,0.141,retrieval_completed,,
MT-B-4,selected_hemogram,cliente_sse,0.141,generation_started,,
MT-B-4,selected_hemogram,cliente_sse,15.142,heartbeat,,
MT-B-4,selected_hemogram,cliente_sse,30.143,heartbeat,,
MT-B-4,selected_hemogram,cliente_sse,39.987,status,validating,
MT-B-4,selected_hemogram,cliente_sse,40.011,final,,
MT-B-4,selected_hemogram,cliente_sse,40.011,done,,
MT-B-4,selected_hemogram,backend,2026-08-08T01:09:58.716468149Z,llm_chat.turn_guard,,
MT-B-4,selected_hemogram,backend,2026-08-08T01:09:58.718044179Z,llm_chat.routed,,database_generation/selected_value
MT-B-4,selected_hemogram,backend,2026-08-08T01:09:58.720624709Z,llm_chat.clinical_claim_scope,,
MT-B-4,selected_hemogram,backend,2026-08-08T01:09:58.720673718Z,llm_chat.response_plan,,
MT-B-4,selected_hemogram,backend,2026-08-08T01:09:58.726291298Z,llm_chat.generation_config,,hemogram_interpretation temp=0.3 attempt=1
MT-B-4,selected_hemogram,backend,2026-08-08T01:09:58.726589408Z,llm_chat.queue_acquired,,
MT-B-4,selected_hemogram,backend,2026-08-08T01:10:38.555476886Z,llm_chat.perf,,
MT-B-4,selected_hemogram,backend,2026-08-08T01:10:38.572768715Z,llm_chat.validation,,valid/ok/
MT-B-4,selected_hemogram,backend,2026-08-08T01:10:38.572876825Z,llm_chat.candidate_selected,,
MT-B-4,selected_hemogram,backend,2026-08-08T01:10:38.597132483Z,llm_chat.completed,,
MT-H-1,hemogram_history,cliente_sse,0.147,start,,
MT-H-1,hemogram_history,cliente_sse,0.148,context_ready,,
MT-H-1,hemogram_history,cliente_sse,0.148,retrieval_completed,,
MT-H-1,hemogram_history,cliente_sse,0.148,generation_started,,
MT-H-1,hemogram_history,cliente_sse,15.15,heartbeat,,
MT-H-1,hemogram_history,cliente_sse,30.148,heartbeat,,
MT-H-1,hemogram_history,cliente_sse,44.171,status,validating,
MT-H-1,hemogram_history,cliente_sse,44.172,status,repairing,
MT-H-1,hemogram_history,cliente_sse,59.173,heartbeat,,
MT-H-1,hemogram_history,cliente_sse,74.173,heartbeat,,
MT-H-1,hemogram_history,cliente_sse,89.178,heartbeat,,
MT-H-1,hemogram_history,cliente_sse,104.175,heartbeat,,
MT-H-1,hemogram_history,cliente_sse,106.59,error,,
MT-H-1,hemogram_history,backend,2026-08-08T01:10:41.734780831Z,llm_chat.turn_guard,,
MT-H-1,hemogram_history,backend,2026-08-08T01:10:41.736276941Z,llm_chat.routed,,database_generation/history_comparison
MT-H-1,hemogram_history,backend,2026-08-08T01:10:41.739550381Z,llm_chat.clinical_claim_scope,,
MT-H-1,hemogram_history,backend,2026-08-08T01:10:41.739859150Z,llm_chat.response_plan,,
MT-H-1,hemogram_history,backend,2026-08-08T01:10:41.745098030Z,llm_chat.generation_config,,history_comparison temp=0.3 attempt=1
MT-H-1,hemogram_history,backend,2026-08-08T01:10:41.745505090Z,llm_chat.queue_acquired,,
MT-H-1,hemogram_history,backend,2026-08-08T01:11:25.750730197Z,llm_chat.perf,,
MT-H-1,hemogram_history,backend,2026-08-08T01:11:25.770465826Z,llm_chat.validation,,"repairable/missing_required_clinical_facts/WBC:value,WBC:unit,WBC:value,WBC:unit"
MT-H-1,hemogram_history,backend,2026-08-08T01:11:25.770512606Z,llm_chat.regeneration,,
MT-H-1,hemogram_history,backend,2026-08-08T01:11:25.783865175Z,llm_chat.generation_config,,history_comparison_structured_repair temp=0.1 attempt=2
MT-H-1,hemogram_history,backend,2026-08-08T01:11:25.784119075Z,llm_chat.queue_acquired,,
MT-H-1,hemogram_history,backend,2026-08-08T01:12:07.300048923Z,llm_chat.perf,,
MT-H-1,hemogram_history,backend,2026-08-08T01:12:07.307971443Z,llm_chat.validation,,"repairable/missing_required_clinical_facts/WBC:value,WBC:unit,WBC:value,WBC:unit"
MT-H-1,hemogram_history,backend,2026-08-08T01:12:07.311947663Z,llm_chat.last_resort,,
MT-H-1,hemogram_history,backend,2026-08-08T01:12:07.312087712Z,llm_chat.generation_config,,history_comparison temp=0.3 attempt=3
MT-H-1,hemogram_history,backend,2026-08-08T01:12:07.312305532Z,llm_chat.queue_acquired,,
MT-H-1,hemogram_history,backend,2026-08-08T01:12:28.161695093Z,llm_chat.perf,,
MT-H-1,hemogram_history,backend,2026-08-08T01:12:28.162306653Z,llm_chat.validation,,invalid/structured_policy_claim_type_invalid/
MT-H-1,hemogram_history,backend,2026-08-08T01:12:28.184611741Z,llm_chat.terminal_error,,generation_repair_failed
MT-H-2,hemogram_history,cliente_sse,0.152,start,,
MT-H-2,hemogram_history,cliente_sse,0.153,context_ready,,
MT-H-2,hemogram_history,cliente_sse,0.153,retrieval_completed,,
MT-H-2,hemogram_history,cliente_sse,0.153,generation_started,,
MT-H-2,hemogram_history,cliente_sse,15.154,heartbeat,,
MT-H-2,hemogram_history,cliente_sse,30.154,heartbeat,,
MT-H-2,hemogram_history,cliente_sse,43.394,status,validating,
MT-H-2,hemogram_history,cliente_sse,43.394,status,repairing,
MT-H-2,hemogram_history,cliente_sse,58.358,heartbeat,,
MT-H-2,hemogram_history,cliente_sse,73.357,heartbeat,,
MT-H-2,hemogram_history,cliente_sse,88.358,heartbeat,,
MT-H-2,hemogram_history,cliente_sse,97.499,error,,
MT-H-2,hemogram_history,backend,2026-08-08T01:12:31.329241280Z,llm_chat.turn_guard,,
MT-H-2,hemogram_history,backend,2026-08-08T01:12:31.330684870Z,llm_chat.routed,,database_generation/history_comparison
MT-H-2,hemogram_history,backend,2026-08-08T01:12:31.334573689Z,llm_chat.clinical_claim_scope,,
MT-H-2,hemogram_history,backend,2026-08-08T01:12:31.334762549Z,llm_chat.response_plan,,
MT-H-2,hemogram_history,backend,2026-08-08T01:12:31.341219969Z,llm_chat.generation_config,,history_comparison temp=0.3 attempt=1
MT-H-2,hemogram_history,backend,2026-08-08T01:12:31.341650979Z,llm_chat.queue_acquired,,
MT-H-2,hemogram_history,backend,2026-08-08T01:13:14.527550418Z,llm_chat.perf,,
MT-H-2,hemogram_history,backend,2026-08-08T01:13:14.547005775Z,llm_chat.validation,,"repairable/missing_required_clinical_facts/PLT:value,PLT:unit"
MT-H-2,hemogram_history,backend,2026-08-08T01:13:14.547050786Z,llm_chat.regeneration,,
MT-H-2,hemogram_history,backend,2026-08-08T01:13:14.560037474Z,llm_chat.generation_config,,history_comparison_structured_repair temp=0.1 attempt=2
MT-H-2,hemogram_history,backend,2026-08-08T01:13:14.560357325Z,llm_chat.queue_acquired,,
MT-H-2,hemogram_history,backend,2026-08-08T01:13:43.334621503Z,llm_chat.perf,,
MT-H-2,hemogram_history,backend,2026-08-08T01:13:43.341690932Z,llm_chat.validation,,"repairable/missing_required_clinical_facts/PLT:value,PLT:unit"
MT-H-2,hemogram_history,backend,2026-08-08T01:13:43.345636942Z,llm_chat.last_resort,,
MT-H-2,hemogram_history,backend,2026-08-08T01:13:43.345657062Z,llm_chat.generation_config,,history_comparison temp=0.3 attempt=3
MT-H-2,hemogram_history,backend,2026-08-08T01:13:43.345968452Z,llm_chat.queue_acquired,,
MT-H-2,hemogram_history,backend,2026-08-08T01:14:08.664127196Z,llm_chat.perf,,
MT-H-2,hemogram_history,backend,2026-08-08T01:14:08.664476626Z,llm_chat.validation,,invalid/structured_schema_invalid/policy_rule_id_missing
MT-H-2,hemogram_history,backend,2026-08-08T01:14:08.689308204Z,llm_chat.terminal_error,,generation_repair_failed
MT-H-3,hemogram_history,cliente_sse,0.15,start,,
MT-H-3,hemogram_history,cliente_sse,0.15,context_ready,,
MT-H-3,hemogram_history,cliente_sse,0.151,retrieval_completed,,
MT-H-3,hemogram_history,cliente_sse,0.151,generation_started,,
MT-H-3,hemogram_history,cliente_sse,15.19,heartbeat,,
MT-H-3,hemogram_history,cliente_sse,30.153,heartbeat,,
MT-H-3,hemogram_history,cliente_sse,45.155,heartbeat,,
MT-H-3,hemogram_history,cliente_sse,49.822,status,validating,
MT-H-3,hemogram_history,cliente_sse,49.852,final,,
MT-H-3,hemogram_history,cliente_sse,49.882,done,,
MT-H-3,hemogram_history,backend,2026-08-08T01:14:11.828125921Z,llm_chat.turn_guard,,
MT-H-3,hemogram_history,backend,2026-08-08T01:14:11.829517641Z,llm_chat.routed,,database_generation/history_comparison
MT-H-3,hemogram_history,backend,2026-08-08T01:14:11.832986671Z,llm_chat.clinical_claim_scope,,
MT-H-3,hemogram_history,backend,2026-08-08T01:14:11.833014201Z,llm_chat.response_plan,,
MT-H-3,hemogram_history,backend,2026-08-08T01:14:11.839185310Z,llm_chat.generation_config,,history_comparison temp=0.3 attempt=1
MT-H-3,hemogram_history,backend,2026-08-08T01:14:11.839534350Z,llm_chat.queue_acquired,,
MT-H-3,hemogram_history,backend,2026-08-08T01:15:01.475326705Z,llm_chat.perf,,
MT-H-3,hemogram_history,backend,2026-08-08T01:15:01.510019752Z,llm_chat.validation,,valid/ok/
MT-H-3,hemogram_history,backend,2026-08-08T01:15:01.510066522Z,llm_chat.candidate_selected,,
MT-H-3,hemogram_history,backend,2026-08-08T01:15:01.540558110Z,llm_chat.completed,,
